solid exported
	facet normal 0.9986294993761515 0.05233663129909066 0
		outer loop
			vertex 16.875566482543945 1.773693561553955 0
			vertex 16.968523025512695 -4.156089551964103e-15 0
			vertex 16.968523025512695 -4.156089551964103e-15 -10
		endloop
	endfacet
	facet normal 0.9986294993761515 0.05233663129909066 0
		outer loop
			vertex 16.875566482543945 1.773693561553955 0
			vertex 16.968523025512695 -4.156089551964103e-15 -10
			vertex 16.875566482543945 1.773693561553955 -10
		endloop
	endfacet
	facet normal 0.9876883685660549 0.156434288438708 0
		outer loop
			vertex 16.597719192504883 3.527954339981079 0
			vertex 16.875566482543945 1.773693561553955 0
			vertex 16.875566482543945 1.773693561553955 -10
		endloop
	endfacet
	facet normal 0.9876883685660549 0.156434288438708 0
		outer loop
			vertex 16.597719192504883 3.527954339981079 0
			vertex 16.875566482543945 1.773693561553955 -10
			vertex 16.597719192504883 3.527954339981079 -10
		endloop
	endfacet
	facet normal 0.9659257985011588 0.2588191488083887 0
		outer loop
			vertex 16.138023376464844 5.243561744689941 0
			vertex 16.597719192504883 3.527954339981079 0
			vertex 16.597719192504883 3.527954339981079 -10
		endloop
	endfacet
	facet normal 0.9659257985011588 0.2588191488083887 0
		outer loop
			vertex 16.138023376464844 5.243561744689941 0
			vertex 16.597719192504883 3.527954339981079 -10
			vertex 16.138023376464844 5.243561744689941 -10
		endloop
	endfacet
	facet normal 0.9335804834500695 0.3583678011779722 0
		outer loop
			vertex 15.501516342163086 6.90172004699707 0
			vertex 16.138023376464844 5.243561744689941 0
			vertex 16.138023376464844 5.243561744689941 -10
		endloop
	endfacet
	facet normal 0.9335804834500695 0.3583678011779722 0
		outer loop
			vertex 15.501516342163086 6.90172004699707 0
			vertex 16.138023376464844 5.243561744689941 -10
			vertex 15.501516342163086 6.90172004699707 -10
		endloop
	endfacet
	facet normal 0.8910065619312707 0.4539904256649219 0
		outer loop
			vertex 14.695171356201172 8.484261512756348 0
			vertex 15.501516342163086 6.90172004699707 0
			vertex 15.501516342163086 6.90172004699707 -10
		endloop
	endfacet
	facet normal 0.8910065619312707 0.4539904256649219 0
		outer loop
			vertex 14.695171356201172 8.484261512756348 0
			vertex 15.501516342163086 6.90172004699707 -10
			vertex 14.695171356201172 8.484261512756348 -10
		endloop
	endfacet
	facet normal 0.8386706399902726 0.544638924075673 0
		outer loop
			vertex 14.695171356201172 8.484261512756348 0
			vertex 14.695171356201172 8.484261512756348 -10
			vertex 13.727823257446289 9.973847389221191 -10
		endloop
	endfacet
	facet normal 0.8386706399902726 0.544638924075673 0
		outer loop
			vertex 13.727823257446289 9.973847389221191 0
			vertex 14.695171356201172 8.484261512756348 0
			vertex 13.727823257446289 9.973847389221191 -10
		endloop
	endfacet
	facet normal 0.7771459662587079 0.629320385120186 0
		outer loop
			vertex 12.61007022857666 11.354157447814941 0
			vertex 13.727823257446289 9.973847389221191 0
			vertex 13.727823257446289 9.973847389221191 -10
		endloop
	endfacet
	facet normal 0.7771459662587079 0.629320385120186 0
		outer loop
			vertex 12.61007022857666 11.354157447814941 0
			vertex 13.727823257446289 9.973847389221191 -10
			vertex 12.61007022857666 11.354157447814941 -10
		endloop
	endfacet
	facet normal 0.7071067811865476 0.7071067811865476 0
		outer loop
			vertex 12.61007022857666 11.354157447814941 0
			vertex 12.61007022857666 11.354157447814941 -10
			vertex 11.354157447814941 12.61007022857666 -10
		endloop
	endfacet
	facet normal 0.7071067811865476 0.7071067811865476 0
		outer loop
			vertex 11.354157447814941 12.61007022857666 0
			vertex 12.61007022857666 11.354157447814941 0
			vertex 11.354157447814941 12.61007022857666 -10
		endloop
	endfacet
	facet normal 0.629320385120186 0.7771459662587079 0
		outer loop
			vertex 9.973847389221191 13.727823257446289 0
			vertex 11.354157447814941 12.61007022857666 0
			vertex 11.354157447814941 12.61007022857666 -10
		endloop
	endfacet
	facet normal 0.629320385120186 0.7771459662587079 0
		outer loop
			vertex 9.973847389221191 13.727823257446289 0
			vertex 11.354157447814941 12.61007022857666 -10
			vertex 9.973847389221191 13.727823257446289 -10
		endloop
	endfacet
	facet normal 0.544638924075673 0.8386706399902726 0
		outer loop
			vertex 8.484261512756348 14.695171356201172 0
			vertex 9.973847389221191 13.727823257446289 0
			vertex 9.973847389221191 13.727823257446289 -10
		endloop
	endfacet
	facet normal 0.544638924075673 0.8386706399902726 0
		outer loop
			vertex 8.484261512756348 14.695171356201172 0
			vertex 9.973847389221191 13.727823257446289 -10
			vertex 8.484261512756348 14.695171356201172 -10
		endloop
	endfacet
	facet normal 0.4539904256649219 0.8910065619312707 0
		outer loop
			vertex 6.90172004699707 15.501516342163086 0
			vertex 8.484261512756348 14.695171356201172 0
			vertex 8.484261512756348 14.695171356201172 -10
		endloop
	endfacet
	facet normal 0.4539904256649219 0.8910065619312707 0
		outer loop
			vertex 6.90172004699707 15.501516342163086 0
			vertex 8.484261512756348 14.695171356201172 -10
			vertex 6.90172004699707 15.501516342163086 -10
		endloop
	endfacet
	facet normal 0.3583678011779722 0.9335804834500695 0
		outer loop
			vertex 5.243561744689941 16.138023376464844 0
			vertex 6.90172004699707 15.501516342163086 -10
			vertex 5.243561744689941 16.138023376464844 -10
		endloop
	endfacet
	facet normal 0.3583678011779722 0.9335804834500695 0
		outer loop
			vertex 5.243561744689941 16.138023376464844 0
			vertex 6.90172004699707 15.501516342163086 0
			vertex 6.90172004699707 15.501516342163086 -10
		endloop
	endfacet
	facet normal 0.2588191488083887 0.9659257985011588 0
		outer loop
			vertex 3.527954339981079 16.597719192504883 0
			vertex 5.243561744689941 16.138023376464844 -10
			vertex 3.527954339981079 16.597719192504883 -10
		endloop
	endfacet
	facet normal 0.2588191488083887 0.9659257985011588 0
		outer loop
			vertex 3.527954339981079 16.597719192504883 0
			vertex 5.243561744689941 16.138023376464844 0
			vertex 5.243561744689941 16.138023376464844 -10
		endloop
	endfacet
	facet normal 0.156434288438708 0.9876883685660549 0
		outer loop
			vertex 3.527954339981079 16.597719192504883 0
			vertex 3.527954339981079 16.597719192504883 -10
			vertex 1.773693561553955 16.875566482543945 -10
		endloop
	endfacet
	facet normal 0.156434288438708 0.9876883685660549 0
		outer loop
			vertex 1.773693561553955 16.875566482543945 0
			vertex 3.527954339981079 16.597719192504883 0
			vertex 1.773693561553955 16.875566482543945 -10
		endloop
	endfacet
	facet normal 0.05233663129909093 0.9986294993761515 0
		outer loop
			vertex 4.806791273473171e-15 16.968523025512695 0
			vertex 1.773693561553955 16.875566482543945 -10
			vertex 4.806791273473171e-15 16.968523025512695 -10
		endloop
	endfacet
	facet normal 0.05233663129909093 0.9986294993761515 0
		outer loop
			vertex 4.806791273473171e-15 16.968523025512695 0
			vertex 1.773693561553955 16.875566482543945 0
			vertex 1.773693561553955 16.875566482543945 -10
		endloop
	endfacet
	facet normal -0.05233663129909064 0.9986294993761515 0
		outer loop
			vertex -1.773693561553955 16.875566482543945 0
			vertex 4.806791273473171e-15 16.968523025512695 -10
			vertex -1.773693561553955 16.875566482543945 -10
		endloop
	endfacet
	facet normal -0.05233663129909064 0.9986294993761515 0
		outer loop
			vertex -1.773693561553955 16.875566482543945 0
			vertex 4.806791273473171e-15 16.968523025512695 0
			vertex 4.806791273473171e-15 16.968523025512695 -10
		endloop
	endfacet
	facet normal -0.156434288438708 0.9876883685660549 0
		outer loop
			vertex -3.527954339981079 16.597719192504883 0
			vertex -1.773693561553955 16.875566482543945 -10
			vertex -3.527954339981079 16.597719192504883 -10
		endloop
	endfacet
	facet normal -0.156434288438708 0.9876883685660549 0
		outer loop
			vertex -3.527954339981079 16.597719192504883 0
			vertex -1.773693561553955 16.875566482543945 0
			vertex -1.773693561553955 16.875566482543945 -10
		endloop
	endfacet
	facet normal -0.2588191488083887 0.9659257985011588 0
		outer loop
			vertex -5.243561744689941 16.138023376464844 0
			vertex -3.527954339981079 16.597719192504883 -10
			vertex -5.243561744689941 16.138023376464844 -10
		endloop
	endfacet
	facet normal -0.2588191488083887 0.9659257985011588 0
		outer loop
			vertex -5.243561744689941 16.138023376464844 0
			vertex -3.527954339981079 16.597719192504883 0
			vertex -3.527954339981079 16.597719192504883 -10
		endloop
	endfacet
	facet normal -0.3583678011779722 0.9335804834500695 0
		outer loop
			vertex -6.90172004699707 15.501516342163086 0
			vertex -5.243561744689941 16.138023376464844 -10
			vertex -6.90172004699707 15.501516342163086 -10
		endloop
	endfacet
	facet normal -0.3583678011779722 0.9335804834500695 0
		outer loop
			vertex -6.90172004699707 15.501516342163086 0
			vertex -5.243561744689941 16.138023376464844 0
			vertex -5.243561744689941 16.138023376464844 -10
		endloop
	endfacet
	facet normal -0.4539904256649219 0.8910065619312707 0
		outer loop
			vertex -8.484261512756348 14.695171356201172 0
			vertex -6.90172004699707 15.501516342163086 0
			vertex -6.90172004699707 15.501516342163086 -10
		endloop
	endfacet
	facet normal -0.4539904256649219 0.8910065619312707 0
		outer loop
			vertex -8.484261512756348 14.695171356201172 0
			vertex -6.90172004699707 15.501516342163086 -10
			vertex -8.484261512756348 14.695171356201172 -10
		endloop
	endfacet
	facet normal -0.544638924075673 0.8386706399902726 0
		outer loop
			vertex -9.973847389221191 13.727823257446289 0
			vertex -8.484261512756348 14.695171356201172 0
			vertex -8.484261512756348 14.695171356201172 -10
		endloop
	endfacet
	facet normal -0.544638924075673 0.8386706399902726 0
		outer loop
			vertex -9.973847389221191 13.727823257446289 0
			vertex -8.484261512756348 14.695171356201172 -10
			vertex -9.973847389221191 13.727823257446289 -10
		endloop
	endfacet
	facet normal -0.629320385120186 0.7771459662587079 0
		outer loop
			vertex -11.354157447814941 12.61007022857666 0
			vertex -9.973847389221191 13.727823257446289 0
			vertex -9.973847389221191 13.727823257446289 -10
		endloop
	endfacet
	facet normal -0.629320385120186 0.7771459662587079 0
		outer loop
			vertex -11.354157447814941 12.61007022857666 0
			vertex -9.973847389221191 13.727823257446289 -10
			vertex -11.354157447814941 12.61007022857666 -10
		endloop
	endfacet
	facet normal -0.7071067811865476 0.7071067811865476 0
		outer loop
			vertex -12.61007022857666 11.354157447814941 0
			vertex -11.354157447814941 12.61007022857666 0
			vertex -11.354157447814941 12.61007022857666 -10
		endloop
	endfacet
	facet normal -0.7071067811865476 0.7071067811865476 0
		outer loop
			vertex -12.61007022857666 11.354157447814941 0
			vertex -11.354157447814941 12.61007022857666 -10
			vertex -12.61007022857666 11.354157447814941 -10
		endloop
	endfacet
	facet normal -0.7771459662587079 0.629320385120186 0
		outer loop
			vertex -13.727823257446289 9.973847389221191 0
			vertex -12.61007022857666 11.354157447814941 0
			vertex -12.61007022857666 11.354157447814941 -10
		endloop
	endfacet
	facet normal -0.7771459662587079 0.629320385120186 0
		outer loop
			vertex -13.727823257446289 9.973847389221191 0
			vertex -12.61007022857666 11.354157447814941 -10
			vertex -13.727823257446289 9.973847389221191 -10
		endloop
	endfacet
	facet normal -0.8386706399902726 0.544638924075673 0
		outer loop
			vertex -14.695171356201172 8.484261512756348 0
			vertex -13.727823257446289 9.973847389221191 0
			vertex -13.727823257446289 9.973847389221191 -10
		endloop
	endfacet
	facet normal -0.8386706399902726 0.544638924075673 0
		outer loop
			vertex -14.695171356201172 8.484261512756348 0
			vertex -13.727823257446289 9.973847389221191 -10
			vertex -14.695171356201172 8.484261512756348 -10
		endloop
	endfacet
	facet normal -0.8910065619312707 0.4539904256649219 0
		outer loop
			vertex -15.501516342163086 6.90172004699707 0
			vertex -14.695171356201172 8.484261512756348 0
			vertex -14.695171356201172 8.484261512756348 -10
		endloop
	endfacet
	facet normal -0.8910065619312707 0.4539904256649219 0
		outer loop
			vertex -15.501516342163086 6.90172004699707 0
			vertex -14.695171356201172 8.484261512756348 -10
			vertex -15.501516342163086 6.90172004699707 -10
		endloop
	endfacet
	facet normal -0.9335804834500695 0.3583678011779722 0
		outer loop
			vertex -16.138023376464844 5.243561744689941 0
			vertex -15.501516342163086 6.90172004699707 0
			vertex -15.501516342163086 6.90172004699707 -10
		endloop
	endfacet
	facet normal -0.9335804834500695 0.3583678011779722 0
		outer loop
			vertex -16.138023376464844 5.243561744689941 0
			vertex -15.501516342163086 6.90172004699707 -10
			vertex -16.138023376464844 5.243561744689941 -10
		endloop
	endfacet
	facet normal -0.9659257985011588 0.2588191488083887 0
		outer loop
			vertex -16.597719192504883 3.527954339981079 0
			vertex -16.138023376464844 5.243561744689941 0
			vertex -16.138023376464844 5.243561744689941 -10
		endloop
	endfacet
	facet normal -0.9659257985011588 0.2588191488083887 0
		outer loop
			vertex -16.597719192504883 3.527954339981079 0
			vertex -16.138023376464844 5.243561744689941 -10
			vertex -16.597719192504883 3.527954339981079 -10
		endloop
	endfacet
	facet normal -0.9876883685660549 0.156434288438708 0
		outer loop
			vertex -16.875566482543945 1.773693561553955 0
			vertex -16.597719192504883 3.527954339981079 0
			vertex -16.597719192504883 3.527954339981079 -10
		endloop
	endfacet
	facet normal -0.9876883685660549 0.156434288438708 0
		outer loop
			vertex -16.875566482543945 1.773693561553955 0
			vertex -16.597719192504883 3.527954339981079 -10
			vertex -16.875566482543945 1.773693561553955 -10
		endloop
	endfacet
	facet normal -0.9986294993761515 0.05233663129909039 0
		outer loop
			vertex -16.968523025512695 -1.2993030554188292e-14 0
			vertex -16.875566482543945 1.773693561553955 0
			vertex -16.875566482543945 1.773693561553955 -10
		endloop
	endfacet
	facet normal -0.9986294993761515 0.05233663129909039 0
		outer loop
			vertex -16.968523025512695 -1.2993030554188292e-14 0
			vertex -16.875566482543945 1.773693561553955 -10
			vertex -16.968523025512695 -1.2993030554188292e-14 -10
		endloop
	endfacet
	facet normal -0.9986294993761516 -0.05233663129909118 0
		outer loop
			vertex -16.875566482543945 -1.773693561553955 0
			vertex -16.968523025512695 -1.2993030554188292e-14 0
			vertex -16.968523025512695 -1.2993030554188292e-14 -10
		endloop
	endfacet
	facet normal -0.9986294993761516 -0.05233663129909118 0
		outer loop
			vertex -16.875566482543945 -1.773693561553955 0
			vertex -16.968523025512695 -1.2993030554188292e-14 -10
			vertex -16.875566482543945 -1.773693561553955 -10
		endloop
	endfacet
	facet normal -0.9876883685660549 -0.156434288438708 0
		outer loop
			vertex -16.875566482543945 -1.773693561553955 0
			vertex -16.875566482543945 -1.773693561553955 -10
			vertex -16.597719192504883 -3.527954339981079 -10
		endloop
	endfacet
	facet normal -0.9876883685660549 -0.156434288438708 0
		outer loop
			vertex -16.597719192504883 -3.527954339981079 0
			vertex -16.875566482543945 -1.773693561553955 0
			vertex -16.597719192504883 -3.527954339981079 -10
		endloop
	endfacet
	facet normal -0.9659257985011588 -0.2588191488083887 0
		outer loop
			vertex -16.138023376464844 -5.243561744689941 0
			vertex -16.597719192504883 -3.527954339981079 0
			vertex -16.597719192504883 -3.527954339981079 -10
		endloop
	endfacet
	facet normal -0.9659257985011588 -0.2588191488083887 0
		outer loop
			vertex -16.138023376464844 -5.243561744689941 0
			vertex -16.597719192504883 -3.527954339981079 -10
			vertex -16.138023376464844 -5.243561744689941 -10
		endloop
	endfacet
	facet normal -0.9335804834500695 -0.3583678011779722 0
		outer loop
			vertex -15.501516342163086 -6.90172004699707 0
			vertex -16.138023376464844 -5.243561744689941 0
			vertex -16.138023376464844 -5.243561744689941 -10
		endloop
	endfacet
	facet normal -0.9335804834500695 -0.3583678011779722 0
		outer loop
			vertex -15.501516342163086 -6.90172004699707 0
			vertex -16.138023376464844 -5.243561744689941 -10
			vertex -15.501516342163086 -6.90172004699707 -10
		endloop
	endfacet
	facet normal -0.8910065619312707 -0.4539904256649219 0
		outer loop
			vertex -15.501516342163086 -6.90172004699707 0
			vertex -15.501516342163086 -6.90172004699707 -10
			vertex -14.695171356201172 -8.484261512756348 -10
		endloop
	endfacet
	facet normal -0.8910065619312707 -0.4539904256649219 0
		outer loop
			vertex -14.695171356201172 -8.484261512756348 0
			vertex -15.501516342163086 -6.90172004699707 0
			vertex -14.695171356201172 -8.484261512756348 -10
		endloop
	endfacet
	facet normal -0.8386706399902726 -0.544638924075673 0
		outer loop
			vertex -13.727823257446289 -9.973847389221191 0
			vertex -14.695171356201172 -8.484261512756348 0
			vertex -14.695171356201172 -8.484261512756348 -10
		endloop
	endfacet
	facet normal -0.8386706399902726 -0.544638924075673 0
		outer loop
			vertex -13.727823257446289 -9.973847389221191 0
			vertex -14.695171356201172 -8.484261512756348 -10
			vertex -13.727823257446289 -9.973847389221191 -10
		endloop
	endfacet
	facet normal -0.7771459662587079 -0.629320385120186 0
		outer loop
			vertex -13.727823257446289 -9.973847389221191 0
			vertex -13.727823257446289 -9.973847389221191 -10
			vertex -12.61007022857666 -11.354157447814941 -10
		endloop
	endfacet
	facet normal -0.7771459662587079 -0.629320385120186 0
		outer loop
			vertex -12.61007022857666 -11.354157447814941 0
			vertex -13.727823257446289 -9.973847389221191 0
			vertex -12.61007022857666 -11.354157447814941 -10
		endloop
	endfacet
	facet normal -0.7071067811865476 -0.7071067811865476 0
		outer loop
			vertex -11.354157447814941 -12.61007022857666 0
			vertex -12.61007022857666 -11.354157447814941 0
			vertex -12.61007022857666 -11.354157447814941 -10
		endloop
	endfacet
	facet normal -0.7071067811865476 -0.7071067811865476 0
		outer loop
			vertex -11.354157447814941 -12.61007022857666 0
			vertex -12.61007022857666 -11.354157447814941 -10
			vertex -11.354157447814941 -12.61007022857666 -10
		endloop
	endfacet
	facet normal -0.629320385120186 -0.7771459662587079 0
		outer loop
			vertex -11.354157447814941 -12.61007022857666 0
			vertex -11.354157447814941 -12.61007022857666 -10
			vertex -9.973847389221191 -13.727823257446289 -10
		endloop
	endfacet
	facet normal -0.629320385120186 -0.7771459662587079 0
		outer loop
			vertex -9.973847389221191 -13.727823257446289 0
			vertex -11.354157447814941 -12.61007022857666 0
			vertex -9.973847389221191 -13.727823257446289 -10
		endloop
	endfacet
	facet normal -0.544638924075673 -0.8386706399902726 0
		outer loop
			vertex -8.484261512756348 -14.695171356201172 0
			vertex -9.973847389221191 -13.727823257446289 -10
			vertex -8.484261512756348 -14.695171356201172 -10
		endloop
	endfacet
	facet normal -0.4539904256649219 -0.8910065619312707 0
		outer loop
			vertex -8.484261512756348 -14.695171356201172 0
			vertex -8.484261512756348 -14.695171356201172 -10
			vertex -6.90172004699707 -15.501516342163086 -10
		endloop
	endfacet
	facet normal -0.544638924075673 -0.8386706399902726 0
		outer loop
			vertex -8.484261512756348 -14.695171356201172 0
			vertex -9.973847389221191 -13.727823257446289 0
			vertex -9.973847389221191 -13.727823257446289 -10
		endloop
	endfacet
	facet normal -0.4539904256649219 -0.8910065619312707 0
		outer loop
			vertex -6.90172004699707 -15.501516342163086 0
			vertex -8.484261512756348 -14.695171356201172 0
			vertex -6.90172004699707 -15.501516342163086 -10
		endloop
	endfacet
	facet normal -0.3583678011779722 -0.9335804834500695 0
		outer loop
			vertex -5.243561744689941 -16.138023376464844 0
			vertex -6.90172004699707 -15.501516342163086 -10
			vertex -5.243561744689941 -16.138023376464844 -10
		endloop
	endfacet
	facet normal -0.2588191488083887 -0.9659257985011588 0
		outer loop
			vertex -5.243561744689941 -16.138023376464844 0
			vertex -5.243561744689941 -16.138023376464844 -10
			vertex -3.527954339981079 -16.597719192504883 -10
		endloop
	endfacet
	facet normal -0.3583678011779722 -0.9335804834500695 0
		outer loop
			vertex -5.243561744689941 -16.138023376464844 0
			vertex -6.90172004699707 -15.501516342163086 0
			vertex -6.90172004699707 -15.501516342163086 -10
		endloop
	endfacet
	facet normal -0.2588191488083887 -0.9659257985011588 0
		outer loop
			vertex -3.527954339981079 -16.597719192504883 0
			vertex -5.243561744689941 -16.138023376464844 0
			vertex -3.527954339981079 -16.597719192504883 -10
		endloop
	endfacet
	facet normal -0.156434288438708 -0.9876883685660549 0
		outer loop
			vertex -1.773693561553955 -16.875566482543945 0
			vertex -3.527954339981079 -16.597719192504883 -10
			vertex -1.773693561553955 -16.875566482543945 -10
		endloop
	endfacet
	facet normal -0.05233663129909088 -0.9986294993761515 0
		outer loop
			vertex -1.773693561553955 -16.875566482543945 0
			vertex -1.773693561553955 -16.875566482543945 -10
			vertex -3.1170670580939587e-15 -16.968523025512695 -10
		endloop
	endfacet
	facet normal -0.156434288438708 -0.9876883685660549 0
		outer loop
			vertex -1.773693561553955 -16.875566482543945 0
			vertex -3.527954339981079 -16.597719192504883 0
			vertex -3.527954339981079 -16.597719192504883 -10
		endloop
	endfacet
	facet normal -0.05233663129909088 -0.9986294993761515 0
		outer loop
			vertex -3.1170670580939587e-15 -16.968523025512695 0
			vertex -1.773693561553955 -16.875566482543945 0
			vertex -3.1170670580939587e-15 -16.968523025512695 -10
		endloop
	endfacet
	facet normal 0.05233663129909069 -0.9986294993761515 0
		outer loop
			vertex -3.1170670580939587e-15 -16.968523025512695 0
			vertex -3.1170670580939587e-15 -16.968523025512695 -10
			vertex 1.773693561553955 -16.875566482543945 -10
		endloop
	endfacet
	facet normal 0.05233663129909069 -0.9986294993761515 0
		outer loop
			vertex 1.773693561553955 -16.875566482543945 0
			vertex -3.1170670580939587e-15 -16.968523025512695 0
			vertex 1.773693561553955 -16.875566482543945 -10
		endloop
	endfacet
	facet normal 0.156434288438708 -0.9876883685660549 0
		outer loop
			vertex 3.527954339981079 -16.597719192504883 0
			vertex 1.773693561553955 -16.875566482543945 -10
			vertex 3.527954339981079 -16.597719192504883 -10
		endloop
	endfacet
	facet normal 0.156434288438708 -0.9876883685660549 0
		outer loop
			vertex 3.527954339981079 -16.597719192504883 0
			vertex 1.773693561553955 -16.875566482543945 0
			vertex 1.773693561553955 -16.875566482543945 -10
		endloop
	endfacet
	facet normal 0.2588191488083887 -0.9659257985011588 0
		outer loop
			vertex 5.243561744689941 -16.138023376464844 0
			vertex 3.527954339981079 -16.597719192504883 -10
			vertex 5.243561744689941 -16.138023376464844 -10
		endloop
	endfacet
	facet normal 0.3583678011779722 -0.9335804834500695 0
		outer loop
			vertex 5.243561744689941 -16.138023376464844 0
			vertex 5.243561744689941 -16.138023376464844 -10
			vertex 6.90172004699707 -15.501516342163086 -10
		endloop
	endfacet
	facet normal 0.2588191488083887 -0.9659257985011588 0
		outer loop
			vertex 5.243561744689941 -16.138023376464844 0
			vertex 3.527954339981079 -16.597719192504883 0
			vertex 3.527954339981079 -16.597719192504883 -10
		endloop
	endfacet
	facet normal 0.3583678011779722 -0.9335804834500695 0
		outer loop
			vertex 6.90172004699707 -15.501516342163086 0
			vertex 5.243561744689941 -16.138023376464844 0
			vertex 6.90172004699707 -15.501516342163086 -10
		endloop
	endfacet
	facet normal 0.4539904256649219 -0.8910065619312707 0
		outer loop
			vertex 8.484261512756348 -14.695171356201172 0
			vertex 6.90172004699707 -15.501516342163086 -10
			vertex 8.484261512756348 -14.695171356201172 -10
		endloop
	endfacet
	facet normal 0.4539904256649219 -0.8910065619312707 0
		outer loop
			vertex 8.484261512756348 -14.695171356201172 0
			vertex 6.90172004699707 -15.501516342163086 0
			vertex 6.90172004699707 -15.501516342163086 -10
		endloop
	endfacet
	facet normal 0.544638924075673 -0.8386706399902726 0
		outer loop
			vertex 9.973847389221191 -13.727823257446289 0
			vertex 8.484261512756348 -14.695171356201172 -10
			vertex 9.973847389221191 -13.727823257446289 -10
		endloop
	endfacet
	facet normal 0.629320385120186 -0.7771459662587079 0
		outer loop
			vertex 9.973847389221191 -13.727823257446289 0
			vertex 9.973847389221191 -13.727823257446289 -10
			vertex 11.354157447814941 -12.61007022857666 -10
		endloop
	endfacet
	facet normal 0.544638924075673 -0.8386706399902726 0
		outer loop
			vertex 9.973847389221191 -13.727823257446289 0
			vertex 8.484261512756348 -14.695171356201172 0
			vertex 8.484261512756348 -14.695171356201172 -10
		endloop
	endfacet
	facet normal 0.629320385120186 -0.7771459662587079 0
		outer loop
			vertex 11.354157447814941 -12.61007022857666 0
			vertex 9.973847389221191 -13.727823257446289 0
			vertex 11.354157447814941 -12.61007022857666 -10
		endloop
	endfacet
	facet normal 0.7071067811865476 -0.7071067811865476 0
		outer loop
			vertex 12.61007022857666 -11.354157447814941 0
			vertex 11.354157447814941 -12.61007022857666 -10
			vertex 12.61007022857666 -11.354157447814941 -10
		endloop
	endfacet
	facet normal 0.7071067811865476 -0.7071067811865476 0
		outer loop
			vertex 12.61007022857666 -11.354157447814941 0
			vertex 11.354157447814941 -12.61007022857666 0
			vertex 11.354157447814941 -12.61007022857666 -10
		endloop
	endfacet
	facet normal 0.7771459662587079 -0.629320385120186 0
		outer loop
			vertex 13.727823257446289 -9.973847389221191 0
			vertex 12.61007022857666 -11.354157447814941 -10
			vertex 13.727823257446289 -9.973847389221191 -10
		endloop
	endfacet
	facet normal 0.7771459662587079 -0.629320385120186 0
		outer loop
			vertex 13.727823257446289 -9.973847389221191 0
			vertex 12.61007022857666 -11.354157447814941 0
			vertex 12.61007022857666 -11.354157447814941 -10
		endloop
	endfacet
	facet normal 0.8386706399902726 -0.544638924075673 0
		outer loop
			vertex 14.695171356201172 -8.484261512756348 0
			vertex 13.727823257446289 -9.973847389221191 -10
			vertex 14.695171356201172 -8.484261512756348 -10
		endloop
	endfacet
	facet normal 0.8910065619312707 -0.4539904256649219 0
		outer loop
			vertex 14.695171356201172 -8.484261512756348 0
			vertex 14.695171356201172 -8.484261512756348 -10
			vertex 15.501516342163086 -6.90172004699707 -10
		endloop
	endfacet
	facet normal 0.8386706399902726 -0.544638924075673 0
		outer loop
			vertex 14.695171356201172 -8.484261512756348 0
			vertex 13.727823257446289 -9.973847389221191 0
			vertex 13.727823257446289 -9.973847389221191 -10
		endloop
	endfacet
	facet normal 0.8910065619312707 -0.4539904256649219 0
		outer loop
			vertex 15.501516342163086 -6.90172004699707 0
			vertex 14.695171356201172 -8.484261512756348 0
			vertex 15.501516342163086 -6.90172004699707 -10
		endloop
	endfacet
	facet normal 0.9335804834500695 -0.3583678011779722 0
		outer loop
			vertex 16.138023376464844 -5.243561744689941 0
			vertex 15.501516342163086 -6.90172004699707 -10
			vertex 16.138023376464844 -5.243561744689941 -10
		endloop
	endfacet
	facet normal 0.9659257985011588 -0.2588191488083887 0
		outer loop
			vertex 16.138023376464844 -5.243561744689941 0
			vertex 16.138023376464844 -5.243561744689941 -10
			vertex 16.597719192504883 -3.527954339981079 -10
		endloop
	endfacet
	facet normal 0.9335804834500695 -0.3583678011779722 0
		outer loop
			vertex 16.138023376464844 -5.243561744689941 0
			vertex 15.501516342163086 -6.90172004699707 0
			vertex 15.501516342163086 -6.90172004699707 -10
		endloop
	endfacet
	facet normal 0.9659257985011588 -0.2588191488083887 0
		outer loop
			vertex 16.597719192504883 -3.527954339981079 0
			vertex 16.138023376464844 -5.243561744689941 0
			vertex 16.597719192504883 -3.527954339981079 -10
		endloop
	endfacet
	facet normal 0.9876883685660549 -0.156434288438708 0
		outer loop
			vertex 16.875566482543945 -1.773693561553955 0
			vertex 16.597719192504883 -3.527954339981079 -10
			vertex 16.875566482543945 -1.773693561553955 -10
		endloop
	endfacet
	facet normal 0.9876883685660549 -0.156434288438708 0
		outer loop
			vertex 16.875566482543945 -1.773693561553955 0
			vertex 16.597719192504883 -3.527954339981079 0
			vertex 16.597719192504883 -3.527954339981079 -10
		endloop
	endfacet
	facet normal 0.9986294993761515 -0.05233663129909091 0
		outer loop
			vertex 16.968523025512695 -4.156089551964103e-15 0
			vertex 16.875566482543945 -1.773693561553955 -10
			vertex 16.968523025512695 -4.156089551964103e-15 -10
		endloop
	endfacet
	facet normal 0.9986294993761515 -0.05233663129909091 0
		outer loop
			vertex 16.968523025512695 -4.156089551964103e-15 0
			vertex 16.875566482543945 -1.773693561553955 0
			vertex 16.875566482543945 -1.773693561553955 -10
		endloop
	endfacet
	facet normal 0 0 -1
		outer loop
			vertex -12.61007022857666 -11.354157447814941 0
			vertex -14.961012840270996 -14.961012840270996 0
			vertex -16.142778396606445 -13.677517890930176 0
		endloop
	endfacet
	facet normal 0 0 -1
		outer loop
			vertex -11.354157447814941 -12.61007022857666 0
			vertex -13.677517890930176 -16.142778396606445 0
			vertex -14.961012840270996 -14.961012840270996 0
		endloop
	endfacet
	facet normal 0 0 -1
		outer loop
			vertex -11.354157447814941 -12.61007022857666 0
			vertex -14.961012840270996 -14.961012840270996 0
			vertex -12.61007022857666 -11.354157447814941 0
		endloop
	endfacet
	facet normal 0 0 -1
		outer loop
			vertex -13.727823257446289 -9.973847389221191 0
			vertex -17.29860496520996 -11.448601722717285 0
			vertex -17.560558319091797 -10.633111000061035 0
		endloop
	endfacet
	facet normal 0 0 -1
		outer loop
			vertex -13.727823257446289 -9.973847389221191 0
			vertex -17.214780807495117 -12.301021575927734 0
			vertex -17.29860496520996 -11.448601722717285 0
		endloop
	endfacet
	facet normal 0 0 -1
		outer loop
			vertex -13.727823257446289 -9.973847389221191 0
			vertex -16.142778396606445 -13.677517890930176 0
			vertex -17.214780807495117 -12.301021575927734 0
		endloop
	endfacet
	facet normal 0 0 -1
		outer loop
			vertex -13.727823257446289 -9.973847389221191 0
			vertex -12.61007022857666 -11.354157447814941 0
			vertex -16.142778396606445 -13.677517890930176 0
		endloop
	endfacet
	facet normal 0 0 -1
		outer loop
			vertex -9.973847389221191 -13.727823257446289 0
			vertex -13.677517890930176 -16.142778396606445 0
			vertex -11.354157447814941 -12.61007022857666 0
		endloop
	endfacet
	facet normal 0 0 -1
		outer loop
			vertex -9.973847389221191 -13.727823257446289 0
			vertex -12.301021575927734 -17.214780807495117 0
			vertex -13.677517890930176 -16.142778396606445 0
		endloop
	endfacet
	facet normal 0 0 -1
		outer loop
			vertex -9.973847389221191 -13.727823257446289 0
			vertex -11.448601722717285 -17.29860496520996 0
			vertex -12.301021575927734 -17.214780807495117 0
		endloop
	endfacet
	facet normal 0 0 -1
		outer loop
			vertex -9.973847389221191 -13.727823257446289 0
			vertex -10.633111000061035 -17.560558319091797 0
			vertex -11.448601722717285 -17.29860496520996 0
		endloop
	endfacet
	facet normal 0 0 -1
		outer loop
			vertex -14.695171356201172 -8.484261512756348 0
			vertex -17.560558319091797 -10.633111000061035 0
			vertex -17.98882293701172 -9.89133358001709 0
		endloop
	endfacet
	facet normal 0 0 -1
		outer loop
			vertex -14.695171356201172 -8.484261512756348 0
			vertex -13.727823257446289 -9.973847389221191 0
			vertex -17.560558319091797 -10.633111000061035 0
		endloop
	endfacet
	facet normal 0 0 -1
		outer loop
			vertex -8.484261512756348 -14.695171356201172 0
			vertex -9.89133358001709 -17.98882293701172 0
			vertex -10.633111000061035 -17.560558319091797 0
		endloop
	endfacet
	facet normal 0 0 -1
		outer loop
			vertex -8.484261512756348 -14.695171356201172 0
			vertex -10.633111000061035 -17.560558319091797 0
			vertex -9.973847389221191 -13.727823257446289 0
		endloop
	endfacet
	facet normal 0 0 -1
		outer loop
			vertex -15.501516342163086 -6.90172004699707 0
			vertex -14.695171356201172 -8.484261512756348 0
			vertex -17.98882293701172 -9.89133358001709 0
		endloop
	endfacet
	facet normal 0 0 -1
		outer loop
			vertex -15.501516342163086 -6.90172004699707 0
			vertex -19.260387420654297 -8.757926940917969 0
			vertex -19.916467666625977 -7.141297340393066 0
		endloop
	endfacet
	facet normal 0 0 -1
		outer loop
			vertex -15.501516342163086 -6.90172004699707 0
			vertex -18.564083099365234 -9.256730079650879 0
			vertex -19.260387420654297 -8.757926940917969 0
		endloop
	endfacet
	facet normal 0 0 -1
		outer loop
			vertex -15.501516342163086 -6.90172004699707 0
			vertex -17.98882293701172 -9.89133358001709 0
			vertex -18.564083099365234 -9.256730079650879 0
		endloop
	endfacet
	facet normal 0 0 -1
		outer loop
			vertex -6.90172004699707 -15.501516342163086 0
			vertex -9.89133358001709 -17.98882293701172 0
			vertex -8.484261512756348 -14.695171356201172 0
		endloop
	endfacet
	facet normal 0 0 -1
		outer loop
			vertex -6.90172004699707 -15.501516342163086 0
			vertex -9.256730079650879 -18.564083099365234 0
			vertex -9.89133358001709 -17.98882293701172 0
		endloop
	endfacet
	facet normal 0 0 -1
		outer loop
			vertex -6.90172004699707 -15.501516342163086 0
			vertex -8.757926940917969 -19.260387420654297 0
			vertex -9.256730079650879 -18.564083099365234 0
		endloop
	endfacet
	facet normal 0 0 -1
		outer loop
			vertex -6.90172004699707 -15.501516342163086 0
			vertex -7.141297340393066 -19.916467666625977 0
			vertex -8.757926940917969 -19.260387420654297 0
		endloop
	endfacet
	facet normal 0 0 -1
		outer loop
			vertex -16.138023376464844 -5.243561744689941 0
			vertex -19.916467666625977 -7.141297340393066 0
			vertex -20.437122344970703 -5.476110458374023 0
		endloop
	endfacet
	facet normal 0 0 -1
		outer loop
			vertex -16.138023376464844 -5.243561744689941 0
			vertex -15.501516342163086 -6.90172004699707 0
			vertex -19.916467666625977 -7.141297340393066 0
		endloop
	endfacet
	facet normal 0 0 -1
		outer loop
			vertex -5.243561744689941 -16.138023376464844 0
			vertex -7.141297340393066 -19.916467666625977 0
			vertex -6.90172004699707 -15.501516342163086 0
		endloop
	endfacet
	facet normal 0 0 -1
		outer loop
			vertex -5.243561744689941 -16.138023376464844 0
			vertex -5.476110458374023 -20.437122344970703 0
			vertex -7.141297340393066 -19.916467666625977 0
		endloop
	endfacet
	facet normal 0 0 -1
		outer loop
			vertex -16.597719192504883 -3.527954339981079 0
			vertex -16.138023376464844 -5.243561744689941 0
			vertex -20.437122344970703 -5.476110458374023 0
		endloop
	endfacet
	facet normal 0 0 -1
		outer loop
			vertex -16.597719192504883 -3.527954339981079 0
			vertex -20.437122344970703 -5.476110458374023 0
			vertex -20.818815231323242 -3.773688316345215 0
		endloop
	endfacet
	facet normal 0 0 -1
		outer loop
			vertex -3.527954339981079 -16.597719192504883 0
			vertex -5.476110458374023 -20.437122344970703 0
			vertex -5.243561744689941 -16.138023376464844 0
		endloop
	endfacet
	facet normal 0 0 -1
		outer loop
			vertex -3.527954339981079 -16.597719192504883 0
			vertex -3.773688316345215 -20.818815231323242 0
			vertex -5.476110458374023 -20.437122344970703 0
		endloop
	endfacet
	facet normal 0 0 -1
		outer loop
			vertex -16.875566482543945 -1.773693561553955 0
			vertex -16.597719192504883 -3.527954339981079 0
			vertex -20.818815231323242 -3.773688316345215 0
		endloop
	endfacet
	facet normal 0 0 -1
		outer loop
			vertex -16.875566482543945 -1.773693561553955 0
			vertex -20.705331802368164 -1.2654777765274048 0
			vertex -20.524444580078125 -0.42826536297798157 0
		endloop
	endfacet
	facet normal 0 0 -1
		outer loop
			vertex -16.875566482543945 -1.773693561553955 0
			vertex -21.058948516845703 -2.0456066131591797 0
			vertex -20.705331802368164 -1.2654777765274048 0
		endloop
	endfacet
	facet normal 0 0 -1
		outer loop
			vertex -16.875566482543945 -1.773693561553955 0
			vertex -20.818815231323242 -3.773688316345215 0
			vertex -21.058948516845703 -2.0456066131591797 0
		endloop
	endfacet
	facet normal 0 0 -1
		outer loop
			vertex -1.773693561553955 -16.875566482543945 0
			vertex -3.773688316345215 -20.818815231323242 0
			vertex -3.527954339981079 -16.597719192504883 0
		endloop
	endfacet
	facet normal 0 0 -1
		outer loop
			vertex -1.773693561553955 -16.875566482543945 0
			vertex -2.0456066131591797 -21.058948516845703 0
			vertex -3.773688316345215 -20.818815231323242 0
		endloop
	endfacet
	facet normal 0 0 -1
		outer loop
			vertex -1.773693561553955 -16.875566482543945 0
			vertex -1.2654777765274048 -20.705331802368164 0
			vertex -2.0456066131591797 -21.058948516845703 0
		endloop
	endfacet
	facet normal 0 0 -1
		outer loop
			vertex -1.773693561553955 -16.875566482543945 0
			vertex -0.42826536297798157 -20.524444580078125 0
			vertex -1.2654777765274048 -20.705331802368164 0
		endloop
	endfacet
	facet normal 0 0 -1
		outer loop
			vertex -16.968523025512695 -1.2993030554188292e-14 0
			vertex -16.875566482543945 -1.773693561553955 0
			vertex -20.524444580078125 -0.42826536297798157 0
		endloop
	endfacet
	facet normal 0 0 -1
		outer loop
			vertex -16.968523025512695 -1.2993030554188292e-14 0
			vertex -20.524444580078125 -0.42826536297798157 0
			vertex -20.524444580078125 0.42826536297798157 0
		endloop
	endfacet
	facet normal 0 0 -1
		outer loop
			vertex -3.1170670580939587e-15 -16.968523025512695 0
			vertex -0.42826536297798157 -20.524444580078125 0
			vertex -1.773693561553955 -16.875566482543945 0
		endloop
	endfacet
	facet normal 0 0 -1
		outer loop
			vertex -3.1170670580939587e-15 -16.968523025512695 0
			vertex 0.42826536297798157 -20.524444580078125 0
			vertex -0.42826536297798157 -20.524444580078125 0
		endloop
	endfacet
	facet normal 0 0 -1
		outer loop
			vertex 1.773693561553955 -16.875566482543945 0
			vertex 0.42826536297798157 -20.524444580078125 0
			vertex -3.1170670580939587e-15 -16.968523025512695 0
		endloop
	endfacet
	facet normal 0 0 -1
		outer loop
			vertex 1.773693561553955 -16.875566482543945 0
			vertex 1.2654777765274048 -20.705331802368164 0
			vertex 0.42826536297798157 -20.524444580078125 0
		endloop
	endfacet
	facet normal 0 0 -1
		outer loop
			vertex 1.773693561553955 -16.875566482543945 0
			vertex 2.0456066131591797 -21.058948516845703 0
			vertex 1.2654777765274048 -20.705331802368164 0
		endloop
	endfacet
	facet normal 0 0 -1
		outer loop
			vertex 1.773693561553955 -16.875566482543945 0
			vertex 3.773688316345215 -20.818815231323242 0
			vertex 2.0456066131591797 -21.058948516845703 0
		endloop
	endfacet
	facet normal 0 0 -1
		outer loop
			vertex -16.875566482543945 1.773693561553955 0
			vertex -21.058948516845703 2.0456066131591797 0
			vertex -20.818815231323242 3.773688316345215 0
		endloop
	endfacet
	facet normal 0 0 -1
		outer loop
			vertex -16.875566482543945 1.773693561553955 0
			vertex -20.705331802368164 1.2654777765274048 0
			vertex -21.058948516845703 2.0456066131591797 0
		endloop
	endfacet
	facet normal 0 0 -1
		outer loop
			vertex -16.875566482543945 1.773693561553955 0
			vertex -20.524444580078125 0.42826536297798157 0
			vertex -20.705331802368164 1.2654777765274048 0
		endloop
	endfacet
	facet normal 0 0 -1
		outer loop
			vertex -16.875566482543945 1.773693561553955 0
			vertex -16.968523025512695 -1.2993030554188292e-14 0
			vertex -20.524444580078125 0.42826536297798157 0
		endloop
	endfacet
	facet normal 0 0 -1
		outer loop
			vertex 3.527954339981079 -16.597719192504883 0
			vertex 3.773688316345215 -20.818815231323242 0
			vertex 1.773693561553955 -16.875566482543945 0
		endloop
	endfacet
	facet normal 0 0 -1
		outer loop
			vertex 3.527954339981079 -16.597719192504883 0
			vertex 5.476110458374023 -20.437122344970703 0
			vertex 3.773688316345215 -20.818815231323242 0
		endloop
	endfacet
	facet normal 0 0 -1
		outer loop
			vertex -16.597719192504883 3.527954339981079 0
			vertex -16.875566482543945 1.773693561553955 0
			vertex -20.818815231323242 3.773688316345215 0
		endloop
	endfacet
	facet normal 0 0 -1
		outer loop
			vertex -16.597719192504883 3.527954339981079 0
			vertex -20.818815231323242 3.773688316345215 0
			vertex -20.437122344970703 5.476110458374023 0
		endloop
	endfacet
	facet normal 0 0 -1
		outer loop
			vertex 5.243561744689941 -16.138023376464844 0
			vertex 5.476110458374023 -20.437122344970703 0
			vertex 3.527954339981079 -16.597719192504883 0
		endloop
	endfacet
	facet normal 0 0 -1
		outer loop
			vertex 5.243561744689941 -16.138023376464844 0
			vertex 7.141297340393066 -19.916467666625977 0
			vertex 5.476110458374023 -20.437122344970703 0
		endloop
	endfacet
	facet normal 0 0 -1
		outer loop
			vertex -16.138023376464844 5.243561744689941 0
			vertex -20.437122344970703 5.476110458374023 0
			vertex -19.916467666625977 7.141297340393066 0
		endloop
	endfacet
	facet normal 0 0 -1
		outer loop
			vertex -16.138023376464844 5.243561744689941 0
			vertex -16.597719192504883 3.527954339981079 0
			vertex -20.437122344970703 5.476110458374023 0
		endloop
	endfacet
	facet normal 0 0 -1
		outer loop
			vertex 6.90172004699707 -15.501516342163086 0
			vertex 7.141297340393066 -19.916467666625977 0
			vertex 5.243561744689941 -16.138023376464844 0
		endloop
	endfacet
	facet normal 0 0 -1
		outer loop
			vertex 6.90172004699707 -15.501516342163086 0
			vertex 8.757926940917969 -19.260387420654297 0
			vertex 7.141297340393066 -19.916467666625977 0
		endloop
	endfacet
	facet normal 0 0 -1
		outer loop
			vertex 6.90172004699707 -15.501516342163086 0
			vertex 9.256730079650879 -18.564083099365234 0
			vertex 8.757926940917969 -19.260387420654297 0
		endloop
	endfacet
	facet normal 0 0 -1
		outer loop
			vertex -15.501516342163086 6.90172004699707 0
			vertex -19.260387420654297 8.757926940917969 0
			vertex -18.564083099365234 9.256730079650879 0
		endloop
	endfacet
	facet normal 0 0 -1
		outer loop
			vertex -15.501516342163086 6.90172004699707 0
			vertex -19.916467666625977 7.141297340393066 0
			vertex -19.260387420654297 8.757926940917969 0
		endloop
	endfacet
	facet normal 0 0 -1
		outer loop
			vertex -15.501516342163086 6.90172004699707 0
			vertex -16.138023376464844 5.243561744689941 0
			vertex -19.916467666625977 7.141297340393066 0
		endloop
	endfacet
	facet normal 0 0 -1
		outer loop
			vertex -17.98882293701172 9.89133358001709 0
			vertex -15.501516342163086 6.90172004699707 0
			vertex -18.564083099365234 9.256730079650879 0
		endloop
	endfacet
	facet normal 0 0 -1
		outer loop
			vertex 9.89133358001709 -17.98882293701172 0
			vertex 9.256730079650879 -18.564083099365234 0
			vertex 6.90172004699707 -15.501516342163086 0
		endloop
	endfacet
	facet normal 0 0 -1
		outer loop
			vertex 8.484261512756348 -14.695171356201172 0
			vertex 10.633111000061035 -17.560558319091797 0
			vertex 9.89133358001709 -17.98882293701172 0
		endloop
	endfacet
	facet normal 0 0 -1
		outer loop
			vertex 8.484261512756348 -14.695171356201172 0
			vertex 9.89133358001709 -17.98882293701172 0
			vertex 6.90172004699707 -15.501516342163086 0
		endloop
	endfacet
	facet normal 0 0 -1
		outer loop
			vertex -14.695171356201172 8.484261512756348 0
			vertex -17.98882293701172 9.89133358001709 0
			vertex -17.560558319091797 10.633111000061035 0
		endloop
	endfacet
	facet normal 0 0 -1
		outer loop
			vertex -14.695171356201172 8.484261512756348 0
			vertex -15.501516342163086 6.90172004699707 0
			vertex -17.98882293701172 9.89133358001709 0
		endloop
	endfacet
	facet normal 0 0 -1
		outer loop
			vertex 9.973847389221191 -13.727823257446289 0
			vertex 10.633111000061035 -17.560558319091797 0
			vertex 8.484261512756348 -14.695171356201172 0
		endloop
	endfacet
	facet normal 0 0 -1
		outer loop
			vertex 9.973847389221191 -13.727823257446289 0
			vertex 11.448601722717285 -17.29860496520996 0
			vertex 10.633111000061035 -17.560558319091797 0
		endloop
	endfacet
	facet normal 0 0 -1
		outer loop
			vertex 9.973847389221191 -13.727823257446289 0
			vertex 12.301021575927734 -17.214780807495117 0
			vertex 11.448601722717285 -17.29860496520996 0
		endloop
	endfacet
	facet normal 0 0 -1
		outer loop
			vertex -13.727823257446289 9.973847389221191 0
			vertex -17.29860496520996 11.448601722717285 0
			vertex -17.214780807495117 12.301021575927734 0
		endloop
	endfacet
	facet normal 0 0 -1
		outer loop
			vertex -13.727823257446289 9.973847389221191 0
			vertex -17.560558319091797 10.633111000061035 0
			vertex -17.29860496520996 11.448601722717285 0
		endloop
	endfacet
	facet normal 0 0 -1
		outer loop
			vertex -13.727823257446289 9.973847389221191 0
			vertex -14.695171356201172 8.484261512756348 0
			vertex -17.560558319091797 10.633111000061035 0
		endloop
	endfacet
	facet normal 0 0 -1
		outer loop
			vertex 13.677517890930176 -16.142778396606445 0
			vertex 12.301021575927734 -17.214780807495117 0
			vertex 9.973847389221191 -13.727823257446289 0
		endloop
	endfacet
	facet normal 0 0 -1
		outer loop
			vertex -16.142778396606445 13.677517890930176 0
			vertex -13.727823257446289 9.973847389221191 0
			vertex -17.214780807495117 12.301021575927734 0
		endloop
	endfacet
	facet normal 0 0 -1
		outer loop
			vertex 11.354157447814941 -12.61007022857666 0
			vertex 13.677517890930176 -16.142778396606445 0
			vertex 9.973847389221191 -13.727823257446289 0
		endloop
	endfacet
	facet normal 0 0 -1
		outer loop
			vertex -12.61007022857666 11.354157447814941 0
			vertex -13.727823257446289 9.973847389221191 0
			vertex -16.142778396606445 13.677517890930176 0
		endloop
	endfacet
	facet normal 0 0 -1
		outer loop
			vertex 14.961012840270996 -14.961012840270996 0
			vertex 13.677517890930176 -16.142778396606445 0
			vertex 11.354157447814941 -12.61007022857666 0
		endloop
	endfacet
	facet normal 0 0 -1
		outer loop
			vertex -14.961012840270996 14.961012840270996 0
			vertex -12.61007022857666 11.354157447814941 0
			vertex -16.142778396606445 13.677517890930176 0
		endloop
	endfacet
	facet normal 0 0 -1
		outer loop
			vertex 12.61007022857666 -11.354157447814941 0
			vertex 14.961012840270996 -14.961012840270996 0
			vertex 11.354157447814941 -12.61007022857666 0
		endloop
	endfacet
	facet normal 0 0 -1
		outer loop
			vertex -11.354157447814941 12.61007022857666 0
			vertex -12.61007022857666 11.354157447814941 0
			vertex -14.961012840270996 14.961012840270996 0
		endloop
	endfacet
	facet normal 0 0 -1
		outer loop
			vertex 16.142778396606445 -13.677517890930176 0
			vertex 14.961012840270996 -14.961012840270996 0
			vertex 12.61007022857666 -11.354157447814941 0
		endloop
	endfacet
	facet normal 0 0 -1
		outer loop
			vertex -13.677517890930176 16.142778396606445 0
			vertex -11.354157447814941 12.61007022857666 0
			vertex -14.961012840270996 14.961012840270996 0
		endloop
	endfacet
	facet normal 0 0 -1
		outer loop
			vertex 13.727823257446289 -9.973847389221191 0
			vertex 16.142778396606445 -13.677517890930176 0
			vertex 12.61007022857666 -11.354157447814941 0
		endloop
	endfacet
	facet normal 0 0 -1
		outer loop
			vertex -9.973847389221191 13.727823257446289 0
			vertex -11.354157447814941 12.61007022857666 0
			vertex -13.677517890930176 16.142778396606445 0
		endloop
	endfacet
	facet normal 0 0 -1
		outer loop
			vertex 17.214780807495117 -12.301021575927734 0
			vertex 16.142778396606445 -13.677517890930176 0
			vertex 13.727823257446289 -9.973847389221191 0
		endloop
	endfacet
	facet normal 0 0 -1
		outer loop
			vertex -12.301021575927734 17.214780807495117 0
			vertex -9.973847389221191 13.727823257446289 0
			vertex -13.677517890930176 16.142778396606445 0
		endloop
	endfacet
	facet normal 0 0 -1
		outer loop
			vertex 17.29860496520996 -11.448601722717285 0
			vertex 17.214780807495117 -12.301021575927734 0
			vertex 13.727823257446289 -9.973847389221191 0
		endloop
	endfacet
	facet normal 0 0 -1
		outer loop
			vertex -11.448601722717285 17.29860496520996 0
			vertex -9.973847389221191 13.727823257446289 0
			vertex -12.301021575927734 17.214780807495117 0
		endloop
	endfacet
	facet normal 0 0 -1
		outer loop
			vertex 17.560558319091797 -10.633111000061035 0
			vertex 17.29860496520996 -11.448601722717285 0
			vertex 13.727823257446289 -9.973847389221191 0
		endloop
	endfacet
	facet normal 0 0 -1
		outer loop
			vertex 17.560558319091797 -10.633111000061035 0
			vertex 13.727823257446289 -9.973847389221191 0
			vertex 14.695171356201172 -8.484261512756348 0
		endloop
	endfacet
	facet normal 0 0 -1
		outer loop
			vertex -10.633111000061035 17.560558319091797 0
			vertex -8.484261512756348 14.695171356201172 0
			vertex -9.973847389221191 13.727823257446289 0
		endloop
	endfacet
	facet normal 0 0 -1
		outer loop
			vertex -10.633111000061035 17.560558319091797 0
			vertex -9.973847389221191 13.727823257446289 0
			vertex -11.448601722717285 17.29860496520996 0
		endloop
	endfacet
	facet normal 0 0 -1
		outer loop
			vertex 17.98882293701172 -9.89133358001709 0
			vertex 17.560558319091797 -10.633111000061035 0
			vertex 14.695171356201172 -8.484261512756348 0
		endloop
	endfacet
	facet normal 0 0 -1
		outer loop
			vertex -9.89133358001709 17.98882293701172 0
			vertex -8.484261512756348 14.695171356201172 0
			vertex -10.633111000061035 17.560558319091797 0
		endloop
	endfacet
	facet normal 0 0 -1
		outer loop
			vertex 15.501516342163086 -6.90172004699707 0
			vertex 17.98882293701172 -9.89133358001709 0
			vertex 14.695171356201172 -8.484261512756348 0
		endloop
	endfacet
	facet normal 0 0 -1
		outer loop
			vertex -6.90172004699707 15.501516342163086 0
			vertex -8.484261512756348 14.695171356201172 0
			vertex -9.89133358001709 17.98882293701172 0
		endloop
	endfacet
	facet normal 0 0 -1
		outer loop
			vertex 18.564083099365234 -9.256730079650879 0
			vertex 17.98882293701172 -9.89133358001709 0
			vertex 15.501516342163086 -6.90172004699707 0
		endloop
	endfacet
	facet normal 0 0 -1
		outer loop
			vertex -9.256730079650879 18.564083099365234 0
			vertex -6.90172004699707 15.501516342163086 0
			vertex -9.89133358001709 17.98882293701172 0
		endloop
	endfacet
	facet normal 0 0 -1
		outer loop
			vertex -8.757926940917969 19.260387420654297 0
			vertex -6.90172004699707 15.501516342163086 0
			vertex -9.256730079650879 18.564083099365234 0
		endloop
	endfacet
	facet normal 0 0 -1
		outer loop
			vertex 19.260387420654297 -8.757926940917969 0
			vertex 18.564083099365234 -9.256730079650879 0
			vertex 15.501516342163086 -6.90172004699707 0
		endloop
	endfacet
	facet normal 0 0 -1
		outer loop
			vertex 19.916467666625977 -7.141297340393066 0
			vertex 15.501516342163086 -6.90172004699707 0
			vertex 16.138023376464844 -5.243561744689941 0
		endloop
	endfacet
	facet normal 0 0 -1
		outer loop
			vertex 19.916467666625977 -7.141297340393066 0
			vertex 19.260387420654297 -8.757926940917969 0
			vertex 15.501516342163086 -6.90172004699707 0
		endloop
	endfacet
	facet normal 0 0 -1
		outer loop
			vertex -7.141297340393066 19.916467666625977 0
			vertex -5.243561744689941 16.138023376464844 0
			vertex -6.90172004699707 15.501516342163086 0
		endloop
	endfacet
	facet normal 0 0 -1
		outer loop
			vertex -7.141297340393066 19.916467666625977 0
			vertex -6.90172004699707 15.501516342163086 0
			vertex -8.757926940917969 19.260387420654297 0
		endloop
	endfacet
	facet normal 0 0 -1
		outer loop
			vertex 20.437122344970703 -5.476110458374023 0
			vertex 19.916467666625977 -7.141297340393066 0
			vertex 16.138023376464844 -5.243561744689941 0
		endloop
	endfacet
	facet normal 0 0 -1
		outer loop
			vertex 20.437122344970703 -5.476110458374023 0
			vertex 16.138023376464844 -5.243561744689941 0
			vertex 16.597719192504883 -3.527954339981079 0
		endloop
	endfacet
	facet normal 0 0 -1
		outer loop
			vertex -5.476110458374023 20.437122344970703 0
			vertex -3.527954339981079 16.597719192504883 0
			vertex -5.243561744689941 16.138023376464844 0
		endloop
	endfacet
	facet normal 0 0 -1
		outer loop
			vertex -5.476110458374023 20.437122344970703 0
			vertex -5.243561744689941 16.138023376464844 0
			vertex -7.141297340393066 19.916467666625977 0
		endloop
	endfacet
	facet normal 0 0 -1
		outer loop
			vertex -3.773688316345215 20.818815231323242 0
			vertex -1.773693561553955 16.875566482543945 0
			vertex -3.527954339981079 16.597719192504883 0
		endloop
	endfacet
	facet normal 0 0 -1
		outer loop
			vertex -3.773688316345215 20.818815231323242 0
			vertex -3.527954339981079 16.597719192504883 0
			vertex -5.476110458374023 20.437122344970703 0
		endloop
	endfacet
	facet normal 0 0 -1
		outer loop
			vertex 20.818815231323242 -3.773688316345215 0
			vertex 20.437122344970703 -5.476110458374023 0
			vertex 16.597719192504883 -3.527954339981079 0
		endloop
	endfacet
	facet normal 0 0 -1
		outer loop
			vertex 20.818815231323242 -3.773688316345215 0
			vertex 16.597719192504883 -3.527954339981079 0
			vertex 16.875566482543945 -1.773693561553955 0
		endloop
	endfacet
	facet normal 0 0 -1
		outer loop
			vertex 21.058948516845703 -2.0456066131591797 0
			vertex 20.818815231323242 -3.773688316345215 0
			vertex 16.875566482543945 -1.773693561553955 0
		endloop
	endfacet
	facet normal 0 0 -1
		outer loop
			vertex -2.0456066131591797 21.058948516845703 0
			vertex -1.773693561553955 16.875566482543945 0
			vertex -3.773688316345215 20.818815231323242 0
		endloop
	endfacet
	facet normal 0 0 -1
		outer loop
			vertex 20.705331802368164 -1.2654777765274048 0
			vertex 21.058948516845703 -2.0456066131591797 0
			vertex 16.875566482543945 -1.773693561553955 0
		endloop
	endfacet
	facet normal 0 0 -1
		outer loop
			vertex -1.2654777765274048 20.705331802368164 0
			vertex -1.773693561553955 16.875566482543945 0
			vertex -2.0456066131591797 21.058948516845703 0
		endloop
	endfacet
	facet normal 0 0 -1
		outer loop
			vertex 20.524444580078125 -0.42826536297798157 0
			vertex 16.875566482543945 -1.773693561553955 0
			vertex 16.968523025512695 -4.156089551964103e-15 0
		endloop
	endfacet
	facet normal 0 0 -1
		outer loop
			vertex 20.524444580078125 -0.42826536297798157 0
			vertex 20.705331802368164 -1.2654777765274048 0
			vertex 16.875566482543945 -1.773693561553955 0
		endloop
	endfacet
	facet normal 0 0 -1
		outer loop
			vertex -0.42826536297798157 20.524444580078125 0
			vertex -1.773693561553955 16.875566482543945 0
			vertex -1.2654777765274048 20.705331802368164 0
		endloop
	endfacet
	facet normal 0 0 -1
		outer loop
			vertex -0.42826536297798157 20.524444580078125 0
			vertex 4.806791273473171e-15 16.968523025512695 0
			vertex -1.773693561553955 16.875566482543945 0
		endloop
	endfacet
	facet normal 0 0 -1
		outer loop
			vertex 20.524444580078125 0.42826536297798157 0
			vertex 16.968523025512695 -4.156089551964103e-15 0
			vertex 16.875566482543945 1.773693561553955 0
		endloop
	endfacet
	facet normal 0 0 -1
		outer loop
			vertex 20.524444580078125 0.42826536297798157 0
			vertex 20.524444580078125 -0.42826536297798157 0
			vertex 16.968523025512695 -4.156089551964103e-15 0
		endloop
	endfacet
	facet normal 0 0 -1
		outer loop
			vertex 0.42826536297798157 20.524444580078125 0
			vertex 1.773693561553955 16.875566482543945 0
			vertex 4.806791273473171e-15 16.968523025512695 0
		endloop
	endfacet
	facet normal 0 0 -1
		outer loop
			vertex 0.42826536297798157 20.524444580078125 0
			vertex 4.806791273473171e-15 16.968523025512695 0
			vertex -0.42826536297798157 20.524444580078125 0
		endloop
	endfacet
	facet normal 0 0 -1
		outer loop
			vertex 20.705331802368164 1.2654777765274048 0
			vertex 20.524444580078125 0.42826536297798157 0
			vertex 16.875566482543945 1.773693561553955 0
		endloop
	endfacet
	facet normal 0 0 -1
		outer loop
			vertex 1.2654777765274048 20.705331802368164 0
			vertex 1.773693561553955 16.875566482543945 0
			vertex 0.42826536297798157 20.524444580078125 0
		endloop
	endfacet
	facet normal 0 0 -1
		outer loop
			vertex 21.058948516845703 2.0456066131591797 0
			vertex 20.705331802368164 1.2654777765274048 0
			vertex 16.875566482543945 1.773693561553955 0
		endloop
	endfacet
	facet normal 0 0 -1
		outer loop
			vertex 2.0456066131591797 21.058948516845703 0
			vertex 1.773693561553955 16.875566482543945 0
			vertex 1.2654777765274048 20.705331802368164 0
		endloop
	endfacet
	facet normal 0 0 -1
		outer loop
			vertex 20.818815231323242 3.773688316345215 0
			vertex 16.875566482543945 1.773693561553955 0
			vertex 16.597719192504883 3.527954339981079 0
		endloop
	endfacet
	facet normal 0 0 -1
		outer loop
			vertex 20.818815231323242 3.773688316345215 0
			vertex 21.058948516845703 2.0456066131591797 0
			vertex 16.875566482543945 1.773693561553955 0
		endloop
	endfacet
	facet normal 0 0 -1
		outer loop
			vertex 3.773688316345215 20.818815231323242 0
			vertex 1.773693561553955 16.875566482543945 0
			vertex 2.0456066131591797 21.058948516845703 0
		endloop
	endfacet
	facet normal 0 0 -1
		outer loop
			vertex 3.773688316345215 20.818815231323242 0
			vertex 3.527954339981079 16.597719192504883 0
			vertex 1.773693561553955 16.875566482543945 0
		endloop
	endfacet
	facet normal 0 0 -1
		outer loop
			vertex 5.476110458374023 20.437122344970703 0
			vertex 5.243561744689941 16.138023376464844 0
			vertex 3.527954339981079 16.597719192504883 0
		endloop
	endfacet
	facet normal 0 0 -1
		outer loop
			vertex 5.476110458374023 20.437122344970703 0
			vertex 3.527954339981079 16.597719192504883 0
			vertex 3.773688316345215 20.818815231323242 0
		endloop
	endfacet
	facet normal 0 0 -1
		outer loop
			vertex 20.437122344970703 5.476110458374023 0
			vertex 16.597719192504883 3.527954339981079 0
			vertex 16.138023376464844 5.243561744689941 0
		endloop
	endfacet
	facet normal 0 0 -1
		outer loop
			vertex 20.437122344970703 5.476110458374023 0
			vertex 20.818815231323242 3.773688316345215 0
			vertex 16.597719192504883 3.527954339981079 0
		endloop
	endfacet
	facet normal 0 0 -1
		outer loop
			vertex 7.141297340393066 19.916467666625977 0
			vertex 6.90172004699707 15.501516342163086 0
			vertex 5.243561744689941 16.138023376464844 0
		endloop
	endfacet
	facet normal 0 0 -1
		outer loop
			vertex 7.141297340393066 19.916467666625977 0
			vertex 5.243561744689941 16.138023376464844 0
			vertex 5.476110458374023 20.437122344970703 0
		endloop
	endfacet
	facet normal 0 0 -1
		outer loop
			vertex 19.916467666625977 7.141297340393066 0
			vertex 16.138023376464844 5.243561744689941 0
			vertex 15.501516342163086 6.90172004699707 0
		endloop
	endfacet
	facet normal 0 0 -1
		outer loop
			vertex 19.916467666625977 7.141297340393066 0
			vertex 20.437122344970703 5.476110458374023 0
			vertex 16.138023376464844 5.243561744689941 0
		endloop
	endfacet
	facet normal 0 0 -1
		outer loop
			vertex 9.89133358001709 17.98882293701172 0
			vertex 8.484261512756348 14.695171356201172 0
			vertex 6.90172004699707 15.501516342163086 0
		endloop
	endfacet
	facet normal 0 0 -1
		outer loop
			vertex 9.89133358001709 17.98882293701172 0
			vertex 6.90172004699707 15.501516342163086 0
			vertex 9.256730079650879 18.564083099365234 0
		endloop
	endfacet
	facet normal 0 0 -1
		outer loop
			vertex 17.98882293701172 9.89133358001709 0
			vertex 15.501516342163086 6.90172004699707 0
			vertex 14.695171356201172 8.484261512756348 0
		endloop
	endfacet
	facet normal 0 0 -1
		outer loop
			vertex 17.98882293701172 9.89133358001709 0
			vertex 18.564083099365234 9.256730079650879 0
			vertex 15.501516342163086 6.90172004699707 0
		endloop
	endfacet
	facet normal 0 0 -1
		outer loop
			vertex 19.260387420654297 8.757926940917969 0
			vertex 15.501516342163086 6.90172004699707 0
			vertex 18.564083099365234 9.256730079650879 0
		endloop
	endfacet
	facet normal 0 0 -1
		outer loop
			vertex 19.260387420654297 8.757926940917969 0
			vertex 19.916467666625977 7.141297340393066 0
			vertex 15.501516342163086 6.90172004699707 0
		endloop
	endfacet
	facet normal 0 0 -1
		outer loop
			vertex 8.757926940917969 19.260387420654297 0
			vertex 6.90172004699707 15.501516342163086 0
			vertex 7.141297340393066 19.916467666625977 0
		endloop
	endfacet
	facet normal 0 0 -1
		outer loop
			vertex 8.757926940917969 19.260387420654297 0
			vertex 9.256730079650879 18.564083099365234 0
			vertex 6.90172004699707 15.501516342163086 0
		endloop
	endfacet
	facet normal 0 0 -1
		outer loop
			vertex 10.633111000061035 17.560558319091797 0
			vertex 9.973847389221191 13.727823257446289 0
			vertex 8.484261512756348 14.695171356201172 0
		endloop
	endfacet
	facet normal 0 0 -1
		outer loop
			vertex 10.633111000061035 17.560558319091797 0
			vertex 8.484261512756348 14.695171356201172 0
			vertex 9.89133358001709 17.98882293701172 0
		endloop
	endfacet
	facet normal 0 0 -1
		outer loop
			vertex 17.560558319091797 10.633111000061035 0
			vertex 14.695171356201172 8.484261512756348 0
			vertex 13.727823257446289 9.973847389221191 0
		endloop
	endfacet
	facet normal 0 0 -1
		outer loop
			vertex 17.560558319091797 10.633111000061035 0
			vertex 17.98882293701172 9.89133358001709 0
			vertex 14.695171356201172 8.484261512756348 0
		endloop
	endfacet
	facet normal 0 0 -1
		outer loop
			vertex 11.448601722717285 17.29860496520996 0
			vertex 9.973847389221191 13.727823257446289 0
			vertex 10.633111000061035 17.560558319091797 0
		endloop
	endfacet
	facet normal 0 0 -1
		outer loop
			vertex 17.29860496520996 11.448601722717285 0
			vertex 17.560558319091797 10.633111000061035 0
			vertex 13.727823257446289 9.973847389221191 0
		endloop
	endfacet
	facet normal 0 0 -1
		outer loop
			vertex 12.301021575927734 17.214780807495117 0
			vertex 9.973847389221191 13.727823257446289 0
			vertex 11.448601722717285 17.29860496520996 0
		endloop
	endfacet
	facet normal 0 0 -1
		outer loop
			vertex 17.214780807495117 12.301021575927734 0
			vertex 17.29860496520996 11.448601722717285 0
			vertex 13.727823257446289 9.973847389221191 0
		endloop
	endfacet
	facet normal 0 0 -1
		outer loop
			vertex 13.677517890930176 16.142778396606445 0
			vertex 11.354157447814941 12.61007022857666 0
			vertex 9.973847389221191 13.727823257446289 0
		endloop
	endfacet
	facet normal 0 0 -1
		outer loop
			vertex 13.677517890930176 16.142778396606445 0
			vertex 9.973847389221191 13.727823257446289 0
			vertex 12.301021575927734 17.214780807495117 0
		endloop
	endfacet
	facet normal 0 0 -1
		outer loop
			vertex 16.142778396606445 13.677517890930176 0
			vertex 13.727823257446289 9.973847389221191 0
			vertex 12.61007022857666 11.354157447814941 0
		endloop
	endfacet
	facet normal 0 0 -1
		outer loop
			vertex 16.142778396606445 13.677517890930176 0
			vertex 17.214780807495117 12.301021575927734 0
			vertex 13.727823257446289 9.973847389221191 0
		endloop
	endfacet
	facet normal 0 0 -1
		outer loop
			vertex 14.961012840270996 14.961012840270996 0
			vertex 12.61007022857666 11.354157447814941 0
			vertex 11.354157447814941 12.61007022857666 0
		endloop
	endfacet
	facet normal 0 0 -1
		outer loop
			vertex 14.961012840270996 14.961012840270996 0
			vertex 11.354157447814941 12.61007022857666 0
			vertex 13.677517890930176 16.142778396606445 0
		endloop
	endfacet
	facet normal 0 0 -1
		outer loop
			vertex 14.961012840270996 14.961012840270996 0
			vertex 16.142778396606445 13.677517890930176 0
			vertex 12.61007022857666 11.354157447814941 0
		endloop
	endfacet
	facet normal 0 0 -1
		outer loop
			vertex -1.87127685546875 -1.657806634902954 -10
			vertex -12.61007022857666 -11.354157447814941 -10
			vertex -13.727823257446289 -9.973847389221191 -10
		endloop
	endfacet
	facet normal 0 0 -1
		outer loop
			vertex -1.87127685546875 -1.657806634902954 -10
			vertex -11.354157447814941 -12.61007022857666 -10
			vertex -12.61007022857666 -11.354157447814941 -10
		endloop
	endfacet
	facet normal 0 0 -1
		outer loop
			vertex -1.4201618432998657 -2.057459592819214 -10
			vertex -11.354157447814941 -12.61007022857666 -10
			vertex -1.87127685546875 -1.657806634902954 -10
		endloop
	endfacet
	facet normal 0 0 -1
		outer loop
			vertex -1.4201618432998657 -2.057459592819214 -10
			vertex -9.973847389221191 -13.727823257446289 -10
			vertex -11.354157447814941 -12.61007022857666 -10
		endloop
	endfacet
	facet normal 0 0 -1
		outer loop
			vertex -1.4201618432998657 -2.057459592819214 -10
			vertex -8.484261512756348 -14.695171356201172 -10
			vertex -9.973847389221191 -13.727823257446289 -10
		endloop
	endfacet
	facet normal 0 0 -1
		outer loop
			vertex -2.213639974594116 -1.161807894706726 -10
			vertex -1.87127685546875 -1.657806634902954 -10
			vertex -13.727823257446289 -9.973847389221191 -10
		endloop
	endfacet
	facet normal 0 0 -1
		outer loop
			vertex -2.213639974594116 -1.161807894706726 -10
			vertex -15.501516342163086 -6.90172004699707 -10
			vertex -16.138023376464844 -5.243561744689941 -10
		endloop
	endfacet
	facet normal 0 0 -1
		outer loop
			vertex -2.213639974594116 -1.161807894706726 -10
			vertex -14.695171356201172 -8.484261512756348 -10
			vertex -15.501516342163086 -6.90172004699707 -10
		endloop
	endfacet
	facet normal 0 0 -1
		outer loop
			vertex -2.213639974594116 -1.161807894706726 -10
			vertex -13.727823257446289 -9.973847389221191 -10
			vertex -14.695171356201172 -8.484261512756348 -10
		endloop
	endfacet
	facet normal 0 0 -1
		outer loop
			vertex -0.8865122199058533 -2.337540626525879 -10
			vertex -6.90172004699707 -15.501516342163086 -10
			vertex -8.484261512756348 -14.695171356201172 -10
		endloop
	endfacet
	facet normal 0 0 -1
		outer loop
			vertex -0.8865122199058533 -2.337540626525879 -10
			vertex -5.243561744689941 -16.138023376464844 -10
			vertex -6.90172004699707 -15.501516342163086 -10
		endloop
	endfacet
	facet normal 0 0 -1
		outer loop
			vertex -0.8865122199058533 -2.337540626525879 -10
			vertex -3.527954339981079 -16.597719192504883 -10
			vertex -5.243561744689941 -16.138023376464844 -10
		endloop
	endfacet
	facet normal 0 0 -1
		outer loop
			vertex -0.8865122199058533 -2.337540626525879 -10
			vertex -8.484261512756348 -14.695171356201172 -10
			vertex -1.4201618432998657 -2.057459592819214 -10
		endloop
	endfacet
	facet normal 0 0 -1
		outer loop
			vertex -2.427354574203491 -0.5982891321182251 -10
			vertex -2.213639974594116 -1.161807894706726 -10
			vertex -16.138023376464844 -5.243561744689941 -10
		endloop
	endfacet
	facet normal 0 0 -1
		outer loop
			vertex -2.427354574203491 -0.5982891321182251 -10
			vertex -16.597719192504883 -3.527954339981079 -10
			vertex -16.875566482543945 -1.773693561553955 -10
		endloop
	endfacet
	facet normal 0 0 -1
		outer loop
			vertex -2.427354574203491 -0.5982891321182251 -10
			vertex -16.138023376464844 -5.243561744689941 -10
			vertex -16.597719192504883 -3.527954339981079 -10
		endloop
	endfacet
	facet normal 0 0 -1
		outer loop
			vertex -0.301341712474823 -2.4817721843719482 -10
			vertex -3.527954339981079 -16.597719192504883 -10
			vertex -0.8865122199058533 -2.337540626525879 -10
		endloop
	endfacet
	facet normal 0 0 -1
		outer loop
			vertex -0.301341712474823 -2.4817721843719482 -10
			vertex -1.773693561553955 -16.875566482543945 -10
			vertex -3.527954339981079 -16.597719192504883 -10
		endloop
	endfacet
	facet normal 0 0 -1
		outer loop
			vertex -0.301341712474823 -2.4817721843719482 -10
			vertex -3.1170670580939587e-15 -16.968523025512695 -10
			vertex -1.773693561553955 -16.875566482543945 -10
		endloop
	endfacet
	facet normal 0 0 -1
		outer loop
			vertex -2.5 2.5266078021012744e-15 -10
			vertex -16.968523025512695 -1.2993030554188292e-14 -10
			vertex -16.875566482543945 1.773693561553955 -10
		endloop
	endfacet
	facet normal 0 0 -1
		outer loop
			vertex -2.5 2.5266078021012744e-15 -10
			vertex -16.875566482543945 -1.773693561553955 -10
			vertex -16.968523025512695 -1.2993030554188292e-14 -10
		endloop
	endfacet
	facet normal 0 0 -1
		outer loop
			vertex -2.5 2.5266078021012744e-15 -10
			vertex -2.427354574203491 -0.5982891321182251 -10
			vertex -16.875566482543945 -1.773693561553955 -10
		endloop
	endfacet
	facet normal 0 0 -1
		outer loop
			vertex 0.301341712474823 -2.4817721843719482 -10
			vertex 1.773693561553955 -16.875566482543945 -10
			vertex -3.1170670580939587e-15 -16.968523025512695 -10
		endloop
	endfacet
	facet normal 0 0 -1
		outer loop
			vertex 0.301341712474823 -2.4817721843719482 -10
			vertex 3.527954339981079 -16.597719192504883 -10
			vertex 1.773693561553955 -16.875566482543945 -10
		endloop
	endfacet
	facet normal 0 0 -1
		outer loop
			vertex 0.301341712474823 -2.4817721843719482 -10
			vertex -3.1170670580939587e-15 -16.968523025512695 -10
			vertex -0.301341712474823 -2.4817721843719482 -10
		endloop
	endfacet
	facet normal 0 0 -1
		outer loop
			vertex -2.427354574203491 0.5982891321182251 -10
			vertex -16.597719192504883 3.527954339981079 -10
			vertex -16.138023376464844 5.243561744689941 -10
		endloop
	endfacet
	facet normal 0 0 -1
		outer loop
			vertex -2.427354574203491 0.5982891321182251 -10
			vertex -16.875566482543945 1.773693561553955 -10
			vertex -16.597719192504883 3.527954339981079 -10
		endloop
	endfacet
	facet normal 0 0 -1
		outer loop
			vertex -2.427354574203491 0.5982891321182251 -10
			vertex -2.5 2.5266078021012744e-15 -10
			vertex -16.875566482543945 1.773693561553955 -10
		endloop
	endfacet
	facet normal 0 0 -1
		outer loop
			vertex 0.8865122199058533 -2.337540626525879 -10
			vertex 3.527954339981079 -16.597719192504883 -10
			vertex 0.301341712474823 -2.4817721843719482 -10
		endloop
	endfacet
	facet normal 0 0 -1
		outer loop
			vertex 0.8865122199058533 -2.337540626525879 -10
			vertex 5.243561744689941 -16.138023376464844 -10
			vertex 3.527954339981079 -16.597719192504883 -10
		endloop
	endfacet
	facet normal 0 0 -1
		outer loop
			vertex 0.8865122199058533 -2.337540626525879 -10
			vertex 6.90172004699707 -15.501516342163086 -10
			vertex 5.243561744689941 -16.138023376464844 -10
		endloop
	endfacet
	facet normal 0 0 -1
		outer loop
			vertex 0.8865122199058533 -2.337540626525879 -10
			vertex 8.484261512756348 -14.695171356201172 -10
			vertex 6.90172004699707 -15.501516342163086 -10
		endloop
	endfacet
	facet normal 0 0 -1
		outer loop
			vertex -2.213639974594116 1.161807894706726 -10
			vertex -14.695171356201172 8.484261512756348 -10
			vertex -13.727823257446289 9.973847389221191 -10
		endloop
	endfacet
	facet normal 0 0 -1
		outer loop
			vertex -2.213639974594116 1.161807894706726 -10
			vertex -15.501516342163086 6.90172004699707 -10
			vertex -14.695171356201172 8.484261512756348 -10
		endloop
	endfacet
	facet normal 0 0 -1
		outer loop
			vertex -2.213639974594116 1.161807894706726 -10
			vertex -16.138023376464844 5.243561744689941 -10
			vertex -15.501516342163086 6.90172004699707 -10
		endloop
	endfacet
	facet normal 0 0 -1
		outer loop
			vertex -2.213639974594116 1.161807894706726 -10
			vertex -2.427354574203491 0.5982891321182251 -10
			vertex -16.138023376464844 5.243561744689941 -10
		endloop
	endfacet
	facet normal 0 0 -1
		outer loop
			vertex 1.4201618432998657 -2.057459592819214 -10
			vertex 9.973847389221191 -13.727823257446289 -10
			vertex 8.484261512756348 -14.695171356201172 -10
		endloop
	endfacet
	facet normal 0 0 -1
		outer loop
			vertex 1.4201618432998657 -2.057459592819214 -10
			vertex 11.354157447814941 -12.61007022857666 -10
			vertex 9.973847389221191 -13.727823257446289 -10
		endloop
	endfacet
	facet normal 0 0 -1
		outer loop
			vertex 1.4201618432998657 -2.057459592819214 -10
			vertex 8.484261512756348 -14.695171356201172 -10
			vertex 0.8865122199058533 -2.337540626525879 -10
		endloop
	endfacet
	facet normal 0 0 -1
		outer loop
			vertex -1.87127685546875 1.657806634902954 -10
			vertex -13.727823257446289 9.973847389221191 -10
			vertex -12.61007022857666 11.354157447814941 -10
		endloop
	endfacet
	facet normal 0 0 -1
		outer loop
			vertex -1.87127685546875 1.657806634902954 -10
			vertex -2.213639974594116 1.161807894706726 -10
			vertex -13.727823257446289 9.973847389221191 -10
		endloop
	endfacet
	facet normal 0 0 -1
		outer loop
			vertex 1.87127685546875 -1.657806634902954 -10
			vertex 11.354157447814941 -12.61007022857666 -10
			vertex 1.4201618432998657 -2.057459592819214 -10
		endloop
	endfacet
	facet normal 0 0 -1
		outer loop
			vertex 12.61007022857666 -11.354157447814941 -10
			vertex 11.354157447814941 -12.61007022857666 -10
			vertex 1.87127685546875 -1.657806634902954 -10
		endloop
	endfacet
	facet normal 0 0 -1
		outer loop
			vertex -11.354157447814941 12.61007022857666 -10
			vertex -1.4201618432998657 2.057459592819214 -10
			vertex -1.87127685546875 1.657806634902954 -10
		endloop
	endfacet
	facet normal 0 0 -1
		outer loop
			vertex -11.354157447814941 12.61007022857666 -10
			vertex -1.87127685546875 1.657806634902954 -10
			vertex -12.61007022857666 11.354157447814941 -10
		endloop
	endfacet
	facet normal 0 0 -1
		outer loop
			vertex 13.727823257446289 -9.973847389221191 -10
			vertex 12.61007022857666 -11.354157447814941 -10
			vertex 1.87127685546875 -1.657806634902954 -10
		endloop
	endfacet
	facet normal 0 0 -1
		outer loop
			vertex 13.727823257446289 -9.973847389221191 -10
			vertex 1.87127685546875 -1.657806634902954 -10
			vertex 2.213639974594116 -1.161807894706726 -10
		endloop
	endfacet
	facet normal 0 0 -1
		outer loop
			vertex -9.973847389221191 13.727823257446289 -10
			vertex -1.4201618432998657 2.057459592819214 -10
			vertex -11.354157447814941 12.61007022857666 -10
		endloop
	endfacet
	facet normal 0 0 -1
		outer loop
			vertex 14.695171356201172 -8.484261512756348 -10
			vertex 13.727823257446289 -9.973847389221191 -10
			vertex 2.213639974594116 -1.161807894706726 -10
		endloop
	endfacet
	facet normal 0 0 -1
		outer loop
			vertex -8.484261512756348 14.695171356201172 -10
			vertex -1.4201618432998657 2.057459592819214 -10
			vertex -9.973847389221191 13.727823257446289 -10
		endloop
	endfacet
	facet normal 0 0 -1
		outer loop
			vertex -8.484261512756348 14.695171356201172 -10
			vertex -0.8865122199058533 2.337540626525879 -10
			vertex -1.4201618432998657 2.057459592819214 -10
		endloop
	endfacet
	facet normal 0 0 -1
		outer loop
			vertex 15.501516342163086 -6.90172004699707 -10
			vertex 14.695171356201172 -8.484261512756348 -10
			vertex 2.213639974594116 -1.161807894706726 -10
		endloop
	endfacet
	facet normal 0 0 -1
		outer loop
			vertex -6.90172004699707 15.501516342163086 -10
			vertex -0.8865122199058533 2.337540626525879 -10
			vertex -8.484261512756348 14.695171356201172 -10
		endloop
	endfacet
	facet normal 0 0 -1
		outer loop
			vertex 16.138023376464844 -5.243561744689941 -10
			vertex 15.501516342163086 -6.90172004699707 -10
			vertex 2.213639974594116 -1.161807894706726 -10
		endloop
	endfacet
	facet normal 0 0 -1
		outer loop
			vertex 16.138023376464844 -5.243561744689941 -10
			vertex 2.213639974594116 -1.161807894706726 -10
			vertex 2.427354574203491 -0.5982891321182251 -10
		endloop
	endfacet
	facet normal 0 0 -1
		outer loop
			vertex -5.243561744689941 16.138023376464844 -10
			vertex -0.8865122199058533 2.337540626525879 -10
			vertex -6.90172004699707 15.501516342163086 -10
		endloop
	endfacet
	facet normal 0 0 -1
		outer loop
			vertex 16.597719192504883 -3.527954339981079 -10
			vertex 16.138023376464844 -5.243561744689941 -10
			vertex 2.427354574203491 -0.5982891321182251 -10
		endloop
	endfacet
	facet normal 0 0 -1
		outer loop
			vertex -3.527954339981079 16.597719192504883 -10
			vertex -0.8865122199058533 2.337540626525879 -10
			vertex -5.243561744689941 16.138023376464844 -10
		endloop
	endfacet
	facet normal 0 0 -1
		outer loop
			vertex -3.527954339981079 16.597719192504883 -10
			vertex -0.301341712474823 2.4817721843719482 -10
			vertex -0.8865122199058533 2.337540626525879 -10
		endloop
	endfacet
	facet normal 0 0 -1
		outer loop
			vertex 16.875566482543945 -1.773693561553955 -10
			vertex 16.597719192504883 -3.527954339981079 -10
			vertex 2.427354574203491 -0.5982891321182251 -10
		endloop
	endfacet
	facet normal 0 0 -1
		outer loop
			vertex 16.875566482543945 -1.773693561553955 -10
			vertex 2.427354574203491 -0.5982891321182251 -10
			vertex 2.5 -6.123233998228043e-16 -10
		endloop
	endfacet
	facet normal 0 0 -1
		outer loop
			vertex -1.773693561553955 16.875566482543945 -10
			vertex -0.301341712474823 2.4817721843719482 -10
			vertex -3.527954339981079 16.597719192504883 -10
		endloop
	endfacet
	facet normal 0 0 -1
		outer loop
			vertex 16.968523025512695 -4.156089551964103e-15 -10
			vertex 16.875566482543945 -1.773693561553955 -10
			vertex 2.5 -6.123233998228043e-16 -10
		endloop
	endfacet
	facet normal 0 0 -1
		outer loop
			vertex 4.806791273473171e-15 16.968523025512695 -10
			vertex -0.301341712474823 2.4817721843719482 -10
			vertex -1.773693561553955 16.875566482543945 -10
		endloop
	endfacet
	facet normal 0 0 -1
		outer loop
			vertex 4.806791273473171e-15 16.968523025512695 -10
			vertex 0.301341712474823 2.4817721843719482 -10
			vertex -0.301341712474823 2.4817721843719482 -10
		endloop
	endfacet
	facet normal 0 0 -1
		outer loop
			vertex 16.875566482543945 1.773693561553955 -10
			vertex 16.968523025512695 -4.156089551964103e-15 -10
			vertex 2.5 -6.123233998228043e-16 -10
		endloop
	endfacet
	facet normal 0 0 -1
		outer loop
			vertex 16.875566482543945 1.773693561553955 -10
			vertex 2.5 -6.123233998228043e-16 -10
			vertex 2.427354574203491 0.5982891321182251 -10
		endloop
	endfacet
	facet normal 0 0 -1
		outer loop
			vertex 1.773693561553955 16.875566482543945 -10
			vertex 0.301341712474823 2.4817721843719482 -10
			vertex 4.806791273473171e-15 16.968523025512695 -10
		endloop
	endfacet
	facet normal 0 0 -1
		outer loop
			vertex 16.597719192504883 3.527954339981079 -10
			vertex 16.875566482543945 1.773693561553955 -10
			vertex 2.427354574203491 0.5982891321182251 -10
		endloop
	endfacet
	facet normal 0 0 -1
		outer loop
			vertex 3.527954339981079 16.597719192504883 -10
			vertex 0.301341712474823 2.4817721843719482 -10
			vertex 1.773693561553955 16.875566482543945 -10
		endloop
	endfacet
	facet normal 0 0 -1
		outer loop
			vertex 3.527954339981079 16.597719192504883 -10
			vertex 0.8865122199058533 2.337540626525879 -10
			vertex 0.301341712474823 2.4817721843719482 -10
		endloop
	endfacet
	facet normal 0 0 -1
		outer loop
			vertex 5.243561744689941 16.138023376464844 -10
			vertex 0.8865122199058533 2.337540626525879 -10
			vertex 3.527954339981079 16.597719192504883 -10
		endloop
	endfacet
	facet normal 0 0 -1
		outer loop
			vertex 16.138023376464844 5.243561744689941 -10
			vertex 16.597719192504883 3.527954339981079 -10
			vertex 2.427354574203491 0.5982891321182251 -10
		endloop
	endfacet
	facet normal 0 0 -1
		outer loop
			vertex 16.138023376464844 5.243561744689941 -10
			vertex 2.427354574203491 0.5982891321182251 -10
			vertex 2.213639974594116 1.161807894706726 -10
		endloop
	endfacet
	facet normal 0 0 -1
		outer loop
			vertex 6.90172004699707 15.501516342163086 -10
			vertex 0.8865122199058533 2.337540626525879 -10
			vertex 5.243561744689941 16.138023376464844 -10
		endloop
	endfacet
	facet normal 0 0 -1
		outer loop
			vertex 15.501516342163086 6.90172004699707 -10
			vertex 16.138023376464844 5.243561744689941 -10
			vertex 2.213639974594116 1.161807894706726 -10
		endloop
	endfacet
	facet normal 0 0 -1
		outer loop
			vertex 14.695171356201172 8.484261512756348 -10
			vertex 15.501516342163086 6.90172004699707 -10
			vertex 2.213639974594116 1.161807894706726 -10
		endloop
	endfacet
	facet normal 0 0 -1
		outer loop
			vertex 8.484261512756348 14.695171356201172 -10
			vertex 0.8865122199058533 2.337540626525879 -10
			vertex 6.90172004699707 15.501516342163086 -10
		endloop
	endfacet
	facet normal 0 0 -1
		outer loop
			vertex 8.484261512756348 14.695171356201172 -10
			vertex 1.4201618432998657 2.057459592819214 -10
			vertex 0.8865122199058533 2.337540626525879 -10
		endloop
	endfacet
	facet normal 0 0 -1
		outer loop
			vertex 13.727823257446289 9.973847389221191 -10
			vertex 14.695171356201172 8.484261512756348 -10
			vertex 2.213639974594116 1.161807894706726 -10
		endloop
	endfacet
	facet normal 0 0 -1
		outer loop
			vertex 13.727823257446289 9.973847389221191 -10
			vertex 2.213639974594116 1.161807894706726 -10
			vertex 1.87127685546875 1.657806634902954 -10
		endloop
	endfacet
	facet normal 0 0 -1
		outer loop
			vertex 9.973847389221191 13.727823257446289 -10
			vertex 1.4201618432998657 2.057459592819214 -10
			vertex 8.484261512756348 14.695171356201172 -10
		endloop
	endfacet
	facet normal 0 0 -1
		outer loop
			vertex 11.354157447814941 12.61007022857666 -10
			vertex 1.4201618432998657 2.057459592819214 -10
			vertex 9.973847389221191 13.727823257446289 -10
		endloop
	endfacet
	facet normal 0 0 -1
		outer loop
			vertex 11.354157447814941 12.61007022857666 -10
			vertex 1.87127685546875 1.657806634902954 -10
			vertex 1.4201618432998657 2.057459592819214 -10
		endloop
	endfacet
	facet normal 0 0 -1
		outer loop
			vertex 12.61007022857666 11.354157447814941 -10
			vertex 13.727823257446289 9.973847389221191 -10
			vertex 1.87127685546875 1.657806634902954 -10
		endloop
	endfacet
	facet normal 0 0 -1
		outer loop
			vertex 12.61007022857666 11.354157447814941 -10
			vertex 1.87127685546875 1.657806634902954 -10
			vertex 11.354157447814941 12.61007022857666 -10
		endloop
	endfacet
	facet normal 0.0008283283246655048 -0.00033616225436884325 -0.999999600433483
		outer loop
			vertex 19.916467666625977 -7.141297340393066 0
			vertex 19.261783599853516 -8.757136344909668 8.907265964808175e-7
			vertex 19.260387420654297 -8.757926940917969 0
		endloop
	endfacet
	facet normal 0.000901684973658452 -0.00036588392161876644 -0.9999995265464701
		outer loop
			vertex 19.917573928833008 -7.141005516052246 8.907265964808175e-7
			vertex 19.261783599853516 -8.757136344909668 8.907265964808175e-7
			vertex 19.916467666625977 -7.141297340393066 0
		endloop
	endfacet
	facet normal 0.0008775477619317784 -0.0002743832254832162 -0.9999995773117962
		outer loop
			vertex 20.437122344970703 -5.476110458374023 0
			vertex 19.917573928833008 -7.141005516052246 8.907265964808175e-7
			vertex 19.916467666625977 -7.141297340393066 0
		endloop
	endfacet
	facet normal 0.0009013683402792639 -0.00028181669324091693 -0.999999554057134
		outer loop
			vertex 20.438034057617188 -5.476355075836182 8.907265964808175e-7
			vertex 19.917573928833008 -7.141005516052246 8.907265964808175e-7
			vertex 20.437122344970703 -5.476110458374023 0
		endloop
	endfacet
	facet normal 0.0008966727871313627 -0.00020103922275474848 -0.9999995777804829
		outer loop
			vertex 20.81962776184082 -3.7744948863983154 8.907265964808175e-7
			vertex 20.437122344970703 -5.476110458374023 0
			vertex 20.818815231323242 -3.773688316345215 0
		endloop
	endfacet
	facet normal 0.0009215414873969241 -0.0002066294469745496 -0.9999995540326799
		outer loop
			vertex 20.81962776184082 -3.7744948863983154 8.907265964808175e-7
			vertex 20.438034057617188 -5.476355075836182 8.907265964808175e-7
			vertex 20.437122344970703 -5.476110458374023 0
		endloop
	endfacet
	facet normal 0.0009633133730516254 -0.0001339061141673441 -0.9999995270481372
		outer loop
			vertex 21.05976104736328 -2.0469889640808105 8.907265964808175e-7
			vertex 20.81962776184082 -3.7744948863983154 8.907265964808175e-7
			vertex 20.818815231323242 -3.773688316345215 0
		endloop
	endfacet
	facet normal 0.0008866289116544698 -0.00012320546719651892 -0.9999995993547128
		outer loop
			vertex 21.058948516845703 -2.0456066131591797 0
			vertex 21.05976104736328 -2.0469889640808105 8.907265964808175e-7
			vertex 20.818815231323242 -3.773688316345215 0
		endloop
	endfacet
	facet normal 0.9547770939599978 0.2973225535496789 0
		outer loop
			vertex 17.344751358032227 -13.283390045166016 0.018840324133634567
			vertex 17.45785140991211 -13.64658260345459 7.161045551300049
			vertex 17.45785140991211 -13.64658260345459 0.03895439952611923
		endloop
	endfacet
	facet normal 0.962802025189713 0.2702036119174228 -0.0015061199707612758
		outer loop
			vertex 17.344751358032227 -13.283390045166016 0.018840324133634567
			vertex 17.29343605041504 -13.060572624206543 7.189311504364014
			vertex 17.45785140991211 -13.64658260345459 7.161045551300049
		endloop
	endfacet
	facet normal 0.988662761401642 0.15015186135917144 -0.000602285693026115
		outer loop
			vertex 17.266263961791992 -12.910470962524414 0.006693144794553518
			vertex 17.236183166503906 -12.683563232421875 7.197393417358398
			vertex 17.29343605041504 -13.060572624206543 7.189311504364014
		endloop
	endfacet
	facet normal 0.9785572267822253 0.20597424811928552 0.0006025147099478736
		outer loop
			vertex 17.266263961791992 -12.910470962524414 0.006693144794553518
			vertex 17.29343605041504 -13.060572624206543 7.189311504364014
			vertex 17.344751358032227 -13.283390045166016 0.018840324133634567
		endloop
	endfacet
	facet normal 0.9984274000915923 0.056060028062282455 0
		outer loop
			vertex 17.214794158935547 -12.30262565612793 8.907265964808175e-7
			vertex 17.214794158935547 -12.30262565612793 7.1999993324279785
			vertex 17.236183166503906 -12.683563232421875 7.197393417358398
		endloop
	endfacet
	facet normal 0.9964316435896781 0.08439024539218229 0.001505368998059523
		outer loop
			vertex 17.214794158935547 -12.30262565612793 8.907265964808175e-7
			vertex 17.236183166503906 -12.683563232421875 7.197393417358398
			vertex 17.266263961791992 -12.910470962524414 0.006693144794553518
		endloop
	endfacet
	facet normal 0.9999653621021001 0.008323136188721403 0
		outer loop
			vertex 17.214780807495117 -12.301021575927734 0
			vertex 17.214780807495117 -12.301021575927734 7.199999809265137
			vertex 17.214794158935547 -12.30262565612793 7.1999993324279785
		endloop
	endfacet
	facet normal 0.9999653621021001 0.008323136188721403 0
		outer loop
			vertex 17.214780807495117 -12.301021575927734 0
			vertex 17.214794158935547 -12.30262565612793 7.1999993324279785
			vertex 17.214794158935547 -12.30262565612793 8.907265964808175e-7
		endloop
	endfacet
	facet normal 0.9951997328501968 -0.09786466029623284 0
		outer loop
			vertex 17.29860496520996 -11.448601722717285 0
			vertex 17.29860496520996 -11.448601722717285 7.199999809265137
			vertex 17.214780807495117 -12.301021575927734 7.199999809265137
		endloop
	endfacet
	facet normal 0.9951997328501968 -0.09786466029623284 0
		outer loop
			vertex 17.29860496520996 -11.448601722717285 0
			vertex 17.214780807495117 -12.301021575927734 7.199999809265137
			vertex 17.214780807495117 -12.301021575927734 0
		endloop
	endfacet
	facet normal 0.9520859118332621 -0.30583069906179455 0
		outer loop
			vertex 17.560558319091797 -10.633111000061035 0
			vertex 17.560558319091797 -10.633111000061035 7.199999809265137
			vertex 17.29860496520996 -11.448601722717285 7.199999809265137
		endloop
	endfacet
	facet normal 0.9520859118332621 -0.30583069906179455 0
		outer loop
			vertex 17.560558319091797 -10.633111000061035 0
			vertex 17.29860496520996 -11.448601722717285 7.199999809265137
			vertex 17.29860496520996 -11.448601722717285 0
		endloop
	endfacet
	facet normal 0.86602579569162 -0.4999993211962361 0
		outer loop
			vertex 17.98882293701172 -9.89133358001709 0
			vertex 17.98882293701172 -9.89133358001709 7.199999809265137
			vertex 17.560558319091797 -10.633111000061035 7.199999809265137
		endloop
	endfacet
	facet normal 0.7408993752385324 -0.6716160478808947 0
		outer loop
			vertex 17.98882293701172 -9.89133358001709 0
			vertex 18.564083099365234 -9.256730079650879 7.199999809265137
			vertex 17.98882293701172 -9.89133358001709 7.199999809265137
		endloop
	endfacet
	facet normal 0.86602579569162 -0.4999993211962361 0
		outer loop
			vertex 17.98882293701172 -9.89133358001709 0
			vertex 17.560558319091797 -10.633111000061035 7.199999809265137
			vertex 17.560558319091797 -10.633111000061035 0
		endloop
	endfacet
	facet normal 0.582353124575388 -0.8129359373882316 0
		outer loop
			vertex 18.564083099365234 -9.256730079650879 0
			vertex 19.260387420654297 -8.757926940917969 7.199999809265137
			vertex 18.564083099365234 -9.256730079650879 7.199999809265137
		endloop
	endfacet
	facet normal 0.7408993752385324 -0.6716160478808947 0
		outer loop
			vertex 18.564083099365234 -9.256730079650879 0
			vertex 18.564083099365234 -9.256730079650879 7.199999809265137
			vertex 17.98882293701172 -9.89133358001709 0
		endloop
	endfacet
	facet normal 0.582353124575388 -0.8129359373882316 0
		outer loop
			vertex 19.260387420654297 -8.757926940917969 0
			vertex 19.260387420654297 -8.757926940917969 7.199999809265137
			vertex 18.564083099365234 -9.256730079650879 0
		endloop
	endfacet
	facet normal 0.4927426018824904 -0.8701751135777636 0
		outer loop
			vertex 19.261783599853516 -8.757136344909668 8.907265964808175e-7
			vertex 19.261783599853516 -8.757136344909668 7.1999993324279785
			vertex 19.260387420654297 -8.757926940917969 7.199999809265137
		endloop
	endfacet
	facet normal 0.4506636579253166 -0.8926938262502846 0
		outer loop
			vertex 19.261783599853516 -8.757136344909668 8.907265964808175e-7
			vertex 19.602378845214844 -8.58519172668457 7.197393417358398
			vertex 19.261783599853516 -8.757136344909668 7.1999993324279785
		endloop
	endfacet
	facet normal 0.49274260188249036 -0.8701751135777634 0
		outer loop
			vertex 19.261783599853516 -8.757136344909668 8.907265964808175e-7
			vertex 19.260387420654297 -8.757926940917969 7.199999809265137
			vertex 19.260387420654297 -8.757926940917969 0
		endloop
	endfacet
	facet normal 0.3642960169709738 -0.931283012338466 -0.0006024523853213402
		outer loop
			vertex 19.813926696777344 -8.497787475585938 0.006693144794553518
			vertex 19.95750617980957 -8.446269035339355 7.189311504364014
			vertex 19.602378845214844 -8.58519172668457 7.197393417358398
		endloop
	endfacet
	facet normal 0.42513303586829176 -0.9051296238854795 0.0015052502583901503
		outer loop
			vertex 19.813926696777344 -8.497787475585938 0.006693144794553518
			vertex 19.602378845214844 -8.58519172668457 7.197393417358398
			vertex 19.261783599853516 -8.757136344909668 8.907265964808175e-7
		endloop
	endfacet
	facet normal 0.24739887993109186 -0.9689125479537531 -0.0015061960719839574
		outer loop
			vertex 20.176128387451172 -8.379300117492676 0.018840324133634567
			vertex 20.547212600708008 -8.29565143585205 7.161045551300049
			vertex 19.95750617980957 -8.446269035339355 7.189311504364014
		endloop
	endfacet
	facet normal 0.3108989791663829 -0.9504427715019079 0.0006023728688990189
		outer loop
			vertex 20.176128387451172 -8.379300117492676 0.018840324133634567
			vertex 19.95750617980957 -8.446269035339355 7.189311504364014
			vertex 19.813926696777344 -8.497787475585938 0.006693144794553518
		endloop
	endfacet
	facet normal 0.2198993480184428 -0.9755225659824913 0
		outer loop
			vertex 20.547212600708008 -8.29565143585205 0.03895439952611923
			vertex 20.547212600708008 -8.29565143585205 7.161045551300049
			vertex 20.176128387451172 -8.379300117492676 0.018840324133634567
		endloop
	endfacet
	facet normal 0.6782010400994832 0.7348764176431158 0
		outer loop
			vertex 21.662691116333008 -2.8313775062561035 0.018840324133634567
			vertex 21.94223403930664 -3.0893614292144775 7.161045551300049
			vertex 21.94223403930664 -3.0893614292144775 0.03895439952611923
		endloop
	endfacet
	facet normal 0.6987095484071293 0.7154038710675282 -0.0015060631795896665
		outer loop
			vertex 21.662691116333008 -2.8313775062561035 0.018840324133634567
			vertex 21.5068416595459 -2.664069652557373 7.189311504364014
			vertex 21.94223403930664 -3.0893614292144775 7.161045551300049
		endloop
	endfacet
	facet normal 0.7811324274137914 0.6243650918494071 -0.0006024305100551221
		outer loop
			vertex 21.40825843811035 -2.547664165496826 0.006693144794553518
			vertex 21.268754959106445 -2.3661956787109375 7.197393417358398
			vertex 21.5068416595459 -2.664069652557373 7.189311504364014
		endloop
	endfacet
	facet normal 0.7444664931412321 0.6676595521797414 0.000602472524752334
		outer loop
			vertex 21.40825843811035 -2.547664165496826 0.006693144794553518
			vertex 21.5068416595459 -2.664069652557373 7.189311504364014
			vertex 21.662691116333008 -2.8313775062561035 0.018840324133634567
		endloop
	endfacet
	facet normal 0.8366311222439498 0.5477667069956235 0
		outer loop
			vertex 21.05976104736328 -2.0469889640808105 8.907265964808175e-7
			vertex 21.05976104736328 -2.0469889640808105 7.1999993324279785
			vertex 21.268754959106445 -2.3661956787109375 7.197393417358398
		endloop
	endfacet
	facet normal 0.8207398839127024 0.5713000765512376 0.0015051536513021302
		outer loop
			vertex 21.05976104736328 -2.0469889640808105 8.907265964808175e-7
			vertex 21.268754959106445 -2.3661956787109375 7.197393417358398
			vertex 21.40825843811035 -2.547664165496826 0.006693144794553518
		endloop
	endfacet
	facet normal 0.8621023513569334 0.5067341865168038 0
		outer loop
			vertex 21.058948516845703 -2.0456066131591797 0
			vertex 21.058948516845703 -2.0456066131591797 7.199999809265137
			vertex 21.05976104736328 -2.0469889640808105 7.1999993324279785
		endloop
	endfacet
	facet normal 0.9108002031276171 0.4128474173138198 0
		outer loop
			vertex 21.058948516845703 -2.0456066131591797 0
			vertex 20.705331802368164 -1.2654777765274048 7.199999809265137
			vertex 21.058948516845703 -2.0456066131591797 7.199999809265137
		endloop
	endfacet
	facet normal 0.8621023513569334 0.5067341865168038 0
		outer loop
			vertex 21.058948516845703 -2.0456066131591797 0
			vertex 21.05976104736328 -2.0469889640808105 7.1999993324279785
			vertex 21.05976104736328 -2.0469889640808105 8.907265964808175e-7
		endloop
	endfacet
	facet normal 0.9108002031276171 0.4128474173138198 0
		outer loop
			vertex 20.705331802368164 -1.2654777765274048 0
			vertex 20.705331802368164 -1.2654777765274048 7.199999809265137
			vertex 21.058948516845703 -2.0456066131591797 0
		endloop
	endfacet
	facet normal 0.9774459096608226 0.21118592208603124 0
		outer loop
			vertex 20.524444580078125 -0.42826536297798157 0
			vertex 20.524444580078125 -0.42826536297798157 7.199999809265137
			vertex 20.705331802368164 -1.2654777765274048 7.199999809265137
		endloop
	endfacet
	facet normal 0.9774459096608226 0.21118592208603124 0
		outer loop
			vertex 20.524444580078125 -0.42826536297798157 0
			vertex 20.705331802368164 -1.2654777765274048 7.199999809265137
			vertex 20.705331802368164 -1.2654777765274048 0
		endloop
	endfacet
	facet normal 1 0 0
		outer loop
			vertex 20.524444580078125 0.42826536297798157 0
			vertex 20.524444580078125 0.42826536297798157 7.199999809265137
			vertex 20.524444580078125 -0.42826536297798157 7.199999809265137
		endloop
	endfacet
	facet normal 0.9774459096608226 -0.21118592208603124 0
		outer loop
			vertex 20.524444580078125 0.42826536297798157 0
			vertex 20.705331802368164 1.2654777765274048 7.199999809265137
			vertex 20.524444580078125 0.42826536297798157 7.199999809265137
		endloop
	endfacet
	facet normal 1 0 0
		outer loop
			vertex 20.524444580078125 0.42826536297798157 0
			vertex 20.524444580078125 -0.42826536297798157 7.199999809265137
			vertex 20.524444580078125 -0.42826536297798157 0
		endloop
	endfacet
	facet normal 0.9774459096608226 -0.21118592208603124 0
		outer loop
			vertex 20.705331802368164 1.2654777765274048 0
			vertex 20.705331802368164 1.2654777765274048 7.199999809265137
			vertex 20.524444580078125 0.42826536297798157 0
		endloop
	endfacet
	facet normal 0.9108002031276171 -0.4128474173138198 0
		outer loop
			vertex 21.058948516845703 2.0456066131591797 0
			vertex 21.058948516845703 2.0456066131591797 7.199999809265137
			vertex 20.705331802368164 1.2654777765274048 7.199999809265137
		endloop
	endfacet
	facet normal 0.9108002031276171 -0.4128474173138198 0
		outer loop
			vertex 21.058948516845703 2.0456066131591797 0
			vertex 20.705331802368164 1.2654777765274048 7.199999809265137
			vertex 20.705331802368164 1.2654777765274048 0
		endloop
	endfacet
	facet normal 0.8621023513569334 -0.5067341865168038 0
		outer loop
			vertex 21.05976104736328 2.0469889640808105 8.907265964808175e-7
			vertex 21.05976104736328 2.0469889640808105 7.1999993324279785
			vertex 21.058948516845703 2.0456066131591797 7.199999809265137
		endloop
	endfacet
	facet normal 0.8366311222439498 -0.5477667069956235 0
		outer loop
			vertex 21.05976104736328 2.0469889640808105 8.907265964808175e-7
			vertex 21.268754959106445 2.3661956787109375 7.197393417358398
			vertex 21.05976104736328 2.0469889640808105 7.1999993324279785
		endloop
	endfacet
	facet normal 0.8621023513569334 -0.5067341865168038 0
		outer loop
			vertex 21.05976104736328 2.0469889640808105 8.907265964808175e-7
			vertex 21.058948516845703 2.0456066131591797 7.199999809265137
			vertex 21.058948516845703 2.0456066131591797 0
		endloop
	endfacet
	facet normal 0.7811324274137914 -0.6243650918494071 -0.0006024305100551221
		outer loop
			vertex 21.40825843811035 2.547664165496826 0.006693144794553518
			vertex 21.5068416595459 2.664069652557373 7.189311504364014
			vertex 21.268754959106445 2.3661956787109375 7.197393417358398
		endloop
	endfacet
	facet normal 0.8207398839127024 -0.5713000765512376 0.0015051536513021302
		outer loop
			vertex 21.40825843811035 2.547664165496826 0.006693144794553518
			vertex 21.268754959106445 2.3661956787109375 7.197393417358398
			vertex 21.05976104736328 2.0469889640808105 8.907265964808175e-7
		endloop
	endfacet
	facet normal 0.6987095484071293 -0.7154038710675282 -0.0015060631795896665
		outer loop
			vertex 21.662691116333008 2.8313775062561035 0.018840324133634567
			vertex 21.94223403930664 3.0893614292144775 7.161045551300049
			vertex 21.5068416595459 2.664069652557373 7.189311504364014
		endloop
	endfacet
	facet normal 0.7444664931412321 -0.6676595521797414 0.000602472524752334
		outer loop
			vertex 21.662691116333008 2.8313775062561035 0.018840324133634567
			vertex 21.5068416595459 2.664069652557373 7.189311504364014
			vertex 21.40825843811035 2.547664165496826 0.006693144794553518
		endloop
	endfacet
	facet normal 0.6782010400994832 -0.7348764176431158 0
		outer loop
			vertex 21.94223403930664 3.0893614292144775 0.03895439952611923
			vertex 21.94223403930664 3.0893614292144775 7.161045551300049
			vertex 21.662691116333008 2.8313775062561035 0.018840324133634567
		endloop
	endfacet
	facet normal 0.00054941589398063 -0.0007054731834429132 -0.9999996002248015
		outer loop
			vertex 13.677517890930176 -16.142778396606445 0
			vertex 12.30262565612793 -17.214794158935547 8.907265964808175e-7
			vertex 12.301021575927734 -17.214780807495117 0
		endloop
	endfacet
	facet normal 0.0005972902262133395 -0.0007668734444105097 -0.9999995275746414
		outer loop
			vertex 13.678622245788574 -16.14307975769043 8.907265964808175e-7
			vertex 12.30262565612793 -17.214794158935547 8.907265964808175e-7
			vertex 13.677517890930176 -16.142778396606445 0
		endloop
	endfacet
	facet normal 0.0006221641619055082 -0.0006757216396988253 -0.9999995781559217
		outer loop
			vertex 14.961012840270996 -14.961012840270996 0
			vertex 13.678622245788574 -16.14307975769043 8.907265964808175e-7
			vertex 13.677517890930176 -16.142778396606445 0
		endloop
	endfacet
	facet normal 0.0006405347633160261 -0.0006956513797957399 -0.9999995528920874
		outer loop
			vertex 14.961679458618164 -14.961679458618164 8.907265964808175e-7
			vertex 13.678622245788574 -16.14307975769043 8.907265964808175e-7
			vertex 14.961012840270996 -14.961012840270996 0
		endloop
	endfacet
	facet normal 0.0006757216396988253 -0.0006221641619055082 -0.9999995781559217
		outer loop
			vertex 16.14307975769043 -13.678622245788574 8.907265964808175e-7
			vertex 14.961012840270996 -14.961012840270996 0
			vertex 16.142778396606445 -13.677517890930176 0
		endloop
	endfacet
	facet normal 0.0006956513797957399 -0.0006405347633160261 -0.9999995528920874
		outer loop
			vertex 16.14307975769043 -13.678622245788574 8.907265964808175e-7
			vertex 14.961679458618164 -14.961679458618164 8.907265964808175e-7
			vertex 14.961012840270996 -14.961012840270996 0
		endloop
	endfacet
	facet normal 0.0007668734444105097 -0.0005972902262133395 -0.9999995275746414
		outer loop
			vertex 17.214794158935547 -12.30262565612793 8.907265964808175e-7
			vertex 16.14307975769043 -13.678622245788574 8.907265964808175e-7
			vertex 16.142778396606445 -13.677517890930176 0
		endloop
	endfacet
	facet normal 0.0007054731834429132 -0.00054941589398063 -0.9999996002248015
		outer loop
			vertex 17.214780807495117 -12.301021575927734 0
			vertex 17.214794158935547 -12.30262565612793 8.907265964808175e-7
			vertex 16.142778396606445 -13.677517890930176 0
		endloop
	endfacet
	facet normal 0.0008866289116544698 0.00012320546719651892 -0.9999995993547128
		outer loop
			vertex 20.818815231323242 3.773688316345215 0
			vertex 21.05976104736328 2.0469889640808105 8.907265964808175e-7
			vertex 21.058948516845703 2.0456066131591797 0
		endloop
	endfacet
	facet normal 0.0009633133730516254 0.0001339061141673441 -0.9999995270481372
		outer loop
			vertex 20.81962776184082 3.7744948863983154 8.907265964808175e-7
			vertex 21.05976104736328 2.0469889640808105 8.907265964808175e-7
			vertex 20.818815231323242 3.773688316345215 0
		endloop
	endfacet
	facet normal 0.0008966727871313627 0.00020103922275474848 -0.9999995777804829
		outer loop
			vertex 20.437122344970703 5.476110458374023 0
			vertex 20.81962776184082 3.7744948863983154 8.907265964808175e-7
			vertex 20.818815231323242 3.773688316345215 0
		endloop
	endfacet
	facet normal 0.0009215414873969241 0.0002066294469745496 -0.9999995540326799
		outer loop
			vertex 20.438034057617188 5.476355075836182 8.907265964808175e-7
			vertex 20.81962776184082 3.7744948863983154 8.907265964808175e-7
			vertex 20.437122344970703 5.476110458374023 0
		endloop
	endfacet
	facet normal 0.0008775477619317784 0.0002743832254832162 -0.9999995773117962
		outer loop
			vertex 19.917573928833008 7.141005516052246 8.907265964808175e-7
			vertex 20.437122344970703 5.476110458374023 0
			vertex 19.916467666625977 7.141297340393066 0
		endloop
	endfacet
	facet normal 0.0009013683402792639 0.00028181669324091693 -0.999999554057134
		outer loop
			vertex 19.917573928833008 7.141005516052246 8.907265964808175e-7
			vertex 20.438034057617188 5.476355075836182 8.907265964808175e-7
			vertex 20.437122344970703 5.476110458374023 0
		endloop
	endfacet
	facet normal 0.000901684973658452 0.00036588392161876644 -0.9999995265464701
		outer loop
			vertex 19.261783599853516 8.757136344909668 8.907265964808175e-7
			vertex 19.917573928833008 7.141005516052246 8.907265964808175e-7
			vertex 19.916467666625977 7.141297340393066 0
		endloop
	endfacet
	facet normal 0.0008283283246655048 0.00033616225436884325 -0.999999600433483
		outer loop
			vertex 19.260387420654297 8.757926940917969 0
			vertex 19.261783599853516 8.757136344909668 8.907265964808175e-7
			vertex 19.916467666625977 7.141297340393066 0
		endloop
	endfacet
	facet normal 0.9755225659824913 -0.2198993480184428 0
		outer loop
			vertex 8.379300117492676 -20.176128387451172 0.018840324133634567
			vertex 8.29565143585205 -20.547212600708008 7.161045551300049
			vertex 8.29565143585205 -20.547212600708008 0.03895439952611923
		endloop
	endfacet
	facet normal 0.9689125479537531 -0.24739887993109186 -0.0015061960719839574
		outer loop
			vertex 8.379300117492676 -20.176128387451172 0.018840324133634567
			vertex 8.446269035339355 -19.95750617980957 7.189311504364014
			vertex 8.29565143585205 -20.547212600708008 7.161045551300049
		endloop
	endfacet
	facet normal 0.931283012338466 -0.3642960169709738 -0.0006024523853213402
		outer loop
			vertex 8.497787475585938 -19.813926696777344 0.006693144794553518
			vertex 8.58519172668457 -19.602378845214844 7.197393417358398
			vertex 8.446269035339355 -19.95750617980957 7.189311504364014
		endloop
	endfacet
	facet normal 0.9504427715019079 -0.3108989791663829 0.0006023728688990189
		outer loop
			vertex 8.497787475585938 -19.813926696777344 0.006693144794553518
			vertex 8.446269035339355 -19.95750617980957 7.189311504364014
			vertex 8.379300117492676 -20.176128387451172 0.018840324133634567
		endloop
	endfacet
	facet normal 0.8926938262502846 -0.4506636579253166 0
		outer loop
			vertex 8.757136344909668 -19.261783599853516 8.907265964808175e-7
			vertex 8.757136344909668 -19.261783599853516 7.1999993324279785
			vertex 8.58519172668457 -19.602378845214844 7.197393417358398
		endloop
	endfacet
	facet normal 0.9051296238854795 -0.42513303586829176 0.0015052502583901503
		outer loop
			vertex 8.757136344909668 -19.261783599853516 8.907265964808175e-7
			vertex 8.58519172668457 -19.602378845214844 7.197393417358398
			vertex 8.497787475585938 -19.813926696777344 0.006693144794553518
		endloop
	endfacet
	facet normal 0.8701751135777634 -0.49274260188249036 0
		outer loop
			vertex 8.757926940917969 -19.260387420654297 0
			vertex 8.757926940917969 -19.260387420654297 7.199999809265137
			vertex 8.757136344909668 -19.261783599853516 7.1999993324279785
		endloop
	endfacet
	facet normal 0.8701751135777636 -0.4927426018824904 0
		outer loop
			vertex 8.757926940917969 -19.260387420654297 0
			vertex 8.757136344909668 -19.261783599853516 7.1999993324279785
			vertex 8.757136344909668 -19.261783599853516 8.907265964808175e-7
		endloop
	endfacet
	facet normal 0.8129359373882316 -0.582353124575388 0
		outer loop
			vertex 9.256730079650879 -18.564083099365234 0
			vertex 9.256730079650879 -18.564083099365234 7.199999809265137
			vertex 8.757926940917969 -19.260387420654297 7.199999809265137
		endloop
	endfacet
	facet normal 0.8129359373882316 -0.582353124575388 0
		outer loop
			vertex 9.256730079650879 -18.564083099365234 0
			vertex 8.757926940917969 -19.260387420654297 7.199999809265137
			vertex 8.757926940917969 -19.260387420654297 0
		endloop
	endfacet
	facet normal 0.6716160478808947 -0.7408993752385324 0
		outer loop
			vertex 9.89133358001709 -17.98882293701172 0
			vertex 9.89133358001709 -17.98882293701172 7.199999809265137
			vertex 9.256730079650879 -18.564083099365234 7.199999809265137
		endloop
	endfacet
	facet normal 0.6716160478808947 -0.7408993752385324 0
		outer loop
			vertex 9.89133358001709 -17.98882293701172 0
			vertex 9.256730079650879 -18.564083099365234 7.199999809265137
			vertex 9.256730079650879 -18.564083099365234 0
		endloop
	endfacet
	facet normal 0.4999993211962361 -0.86602579569162 0
		outer loop
			vertex 10.633111000061035 -17.560558319091797 0
			vertex 10.633111000061035 -17.560558319091797 7.199999809265137
			vertex 9.89133358001709 -17.98882293701172 7.199999809265137
		endloop
	endfacet
	facet normal 0.4999993211962361 -0.86602579569162 0
		outer loop
			vertex 10.633111000061035 -17.560558319091797 0
			vertex 9.89133358001709 -17.98882293701172 7.199999809265137
			vertex 9.89133358001709 -17.98882293701172 0
		endloop
	endfacet
	facet normal 0.30583069906179455 -0.9520859118332621 0
		outer loop
			vertex 11.448601722717285 -17.29860496520996 0
			vertex 11.448601722717285 -17.29860496520996 7.199999809265137
			vertex 10.633111000061035 -17.560558319091797 7.199999809265137
		endloop
	endfacet
	facet normal 0.30583069906179455 -0.9520859118332621 0
		outer loop
			vertex 11.448601722717285 -17.29860496520996 0
			vertex 10.633111000061035 -17.560558319091797 7.199999809265137
			vertex 10.633111000061035 -17.560558319091797 0
		endloop
	endfacet
	facet normal 0.09786466029623284 -0.9951997328501968 0
		outer loop
			vertex 12.301021575927734 -17.214780807495117 0
			vertex 12.301021575927734 -17.214780807495117 7.199999809265137
			vertex 11.448601722717285 -17.29860496520996 7.199999809265137
		endloop
	endfacet
	facet normal 0.09786466029623284 -0.9951997328501968 0
		outer loop
			vertex 12.301021575927734 -17.214780807495117 0
			vertex 11.448601722717285 -17.29860496520996 7.199999809265137
			vertex 11.448601722717285 -17.29860496520996 0
		endloop
	endfacet
	facet normal -0.008323136188721403 -0.9999653621021001 0
		outer loop
			vertex 12.30262565612793 -17.214794158935547 8.907265964808175e-7
			vertex 12.30262565612793 -17.214794158935547 7.1999993324279785
			vertex 12.301021575927734 -17.214780807495117 7.199999809265137
		endloop
	endfacet
	facet normal -0.056060028062282455 -0.9984274000915923 0
		outer loop
			vertex 12.30262565612793 -17.214794158935547 8.907265964808175e-7
			vertex 12.683563232421875 -17.236183166503906 7.197393417358398
			vertex 12.30262565612793 -17.214794158935547 7.1999993324279785
		endloop
	endfacet
	facet normal -0.008323136188721403 -0.9999653621021001 0
		outer loop
			vertex 12.30262565612793 -17.214794158935547 8.907265964808175e-7
			vertex 12.301021575927734 -17.214780807495117 7.199999809265137
			vertex 12.301021575927734 -17.214780807495117 0
		endloop
	endfacet
	facet normal -0.15015186135917144 -0.988662761401642 -0.000602285693026115
		outer loop
			vertex 12.910470962524414 -17.266263961791992 0.006693144794553518
			vertex 13.060572624206543 -17.29343605041504 7.189311504364014
			vertex 12.683563232421875 -17.236183166503906 7.197393417358398
		endloop
	endfacet
	facet normal -0.08439024539218229 -0.9964316435896781 0.001505368998059523
		outer loop
			vertex 12.910470962524414 -17.266263961791992 0.006693144794553518
			vertex 12.683563232421875 -17.236183166503906 7.197393417358398
			vertex 12.30262565612793 -17.214794158935547 8.907265964808175e-7
		endloop
	endfacet
	facet normal -0.2702036119174228 -0.962802025189713 -0.0015061199707612758
		outer loop
			vertex 13.283390045166016 -17.344751358032227 0.018840324133634567
			vertex 13.64658260345459 -17.45785140991211 7.161045551300049
			vertex 13.060572624206543 -17.29343605041504 7.189311504364014
		endloop
	endfacet
	facet normal -0.20597424811928552 -0.9785572267822253 0.0006025147099478736
		outer loop
			vertex 13.283390045166016 -17.344751358032227 0.018840324133634567
			vertex 13.060572624206543 -17.29343605041504 7.189311504364014
			vertex 12.910470962524414 -17.266263961791992 0.006693144794553518
		endloop
	endfacet
	facet normal -0.2973225535496789 -0.9547770939599978 0
		outer loop
			vertex 13.64658260345459 -17.45785140991211 0.03895439952611923
			vertex 13.64658260345459 -17.45785140991211 7.161045551300049
			vertex 13.283390045166016 -17.344751358032227 0.018840324133634567
		endloop
	endfacet
	facet normal 0.2198993480184428 0.9755225659824913 0
		outer loop
			vertex 20.176128387451172 8.379300117492676 0.018840324133634567
			vertex 20.547212600708008 8.29565143585205 7.161045551300049
			vertex 20.547212600708008 8.29565143585205 0.03895439952611923
		endloop
	endfacet
	facet normal 0.24739887993109186 0.9689125479537531 -0.0015061960719839574
		outer loop
			vertex 20.176128387451172 8.379300117492676 0.018840324133634567
			vertex 19.95750617980957 8.446269035339355 7.189311504364014
			vertex 20.547212600708008 8.29565143585205 7.161045551300049
		endloop
	endfacet
	facet normal 0.3642960169709738 0.931283012338466 -0.0006024523853213402
		outer loop
			vertex 19.813926696777344 8.497787475585938 0.006693144794553518
			vertex 19.602378845214844 8.58519172668457 7.197393417358398
			vertex 19.95750617980957 8.446269035339355 7.189311504364014
		endloop
	endfacet
	facet normal 0.3108989791663829 0.9504427715019079 0.0006023728688990189
		outer loop
			vertex 19.813926696777344 8.497787475585938 0.006693144794553518
			vertex 19.95750617980957 8.446269035339355 7.189311504364014
			vertex 20.176128387451172 8.379300117492676 0.018840324133634567
		endloop
	endfacet
	facet normal 0.4506636579253166 0.8926938262502846 0
		outer loop
			vertex 19.261783599853516 8.757136344909668 8.907265964808175e-7
			vertex 19.261783599853516 8.757136344909668 7.1999993324279785
			vertex 19.602378845214844 8.58519172668457 7.197393417358398
		endloop
	endfacet
	facet normal 0.42513303586829176 0.9051296238854795 0.0015052502583901503
		outer loop
			vertex 19.261783599853516 8.757136344909668 8.907265964808175e-7
			vertex 19.602378845214844 8.58519172668457 7.197393417358398
			vertex 19.813926696777344 8.497787475585938 0.006693144794553518
		endloop
	endfacet
	facet normal 0.49274260188249036 0.8701751135777634 0
		outer loop
			vertex 19.260387420654297 8.757926940917969 0
			vertex 19.260387420654297 8.757926940917969 7.199999809265137
			vertex 19.261783599853516 8.757136344909668 7.1999993324279785
		endloop
	endfacet
	facet normal 0.4927426018824904 0.8701751135777636 0
		outer loop
			vertex 19.260387420654297 8.757926940917969 0
			vertex 19.261783599853516 8.757136344909668 7.1999993324279785
			vertex 19.261783599853516 8.757136344909668 8.907265964808175e-7
		endloop
	endfacet
	facet normal 0.582353124575388 0.8129359373882316 0
		outer loop
			vertex 18.564083099365234 9.256730079650879 0
			vertex 18.564083099365234 9.256730079650879 7.199999809265137
			vertex 19.260387420654297 8.757926940917969 7.199999809265137
		endloop
	endfacet
	facet normal 0.582353124575388 0.8129359373882316 0
		outer loop
			vertex 18.564083099365234 9.256730079650879 0
			vertex 19.260387420654297 8.757926940917969 7.199999809265137
			vertex 19.260387420654297 8.757926940917969 0
		endloop
	endfacet
	facet normal 0.7408993752385324 0.6716160478808947 0
		outer loop
			vertex 17.98882293701172 9.89133358001709 0
			vertex 17.98882293701172 9.89133358001709 7.199999809265137
			vertex 18.564083099365234 9.256730079650879 7.199999809265137
		endloop
	endfacet
	facet normal 0.86602579569162 0.4999993211962361 0
		outer loop
			vertex 17.98882293701172 9.89133358001709 0
			vertex 17.560558319091797 10.633111000061035 7.199999809265137
			vertex 17.98882293701172 9.89133358001709 7.199999809265137
		endloop
	endfacet
	facet normal 0.7408993752385324 0.6716160478808947 0
		outer loop
			vertex 17.98882293701172 9.89133358001709 0
			vertex 18.564083099365234 9.256730079650879 7.199999809265137
			vertex 18.564083099365234 9.256730079650879 0
		endloop
	endfacet
	facet normal 0.86602579569162 0.4999993211962361 0
		outer loop
			vertex 17.560558319091797 10.633111000061035 0
			vertex 17.560558319091797 10.633111000061035 7.199999809265137
			vertex 17.98882293701172 9.89133358001709 0
		endloop
	endfacet
	facet normal 0.9520859118332621 0.30583069906179455 0
		outer loop
			vertex 17.29860496520996 11.448601722717285 0
			vertex 17.29860496520996 11.448601722717285 7.199999809265137
			vertex 17.560558319091797 10.633111000061035 7.199999809265137
		endloop
	endfacet
	facet normal 0.9520859118332621 0.30583069906179455 0
		outer loop
			vertex 17.29860496520996 11.448601722717285 0
			vertex 17.560558319091797 10.633111000061035 7.199999809265137
			vertex 17.560558319091797 10.633111000061035 0
		endloop
	endfacet
	facet normal 0.9951997328501968 0.09786466029623284 0
		outer loop
			vertex 17.214780807495117 12.301021575927734 0
			vertex 17.214780807495117 12.301021575927734 7.199999809265137
			vertex 17.29860496520996 11.448601722717285 7.199999809265137
		endloop
	endfacet
	facet normal 0.9951997328501968 0.09786466029623284 0
		outer loop
			vertex 17.214780807495117 12.301021575927734 0
			vertex 17.29860496520996 11.448601722717285 7.199999809265137
			vertex 17.29860496520996 11.448601722717285 0
		endloop
	endfacet
	facet normal 0.9999653621021001 -0.008323136188721403 0
		outer loop
			vertex 17.214794158935547 12.30262565612793 8.907265964808175e-7
			vertex 17.214794158935547 12.30262565612793 7.1999993324279785
			vertex 17.214780807495117 12.301021575927734 7.199999809265137
		endloop
	endfacet
	facet normal 0.9984274000915923 -0.056060028062282455 0
		outer loop
			vertex 17.214794158935547 12.30262565612793 8.907265964808175e-7
			vertex 17.236183166503906 12.683563232421875 7.197393417358398
			vertex 17.214794158935547 12.30262565612793 7.1999993324279785
		endloop
	endfacet
	facet normal 0.9999653621021001 -0.008323136188721403 0
		outer loop
			vertex 17.214794158935547 12.30262565612793 8.907265964808175e-7
			vertex 17.214780807495117 12.301021575927734 7.199999809265137
			vertex 17.214780807495117 12.301021575927734 0
		endloop
	endfacet
	facet normal 0.988662761401642 -0.15015186135917144 -0.000602285693026115
		outer loop
			vertex 17.266263961791992 12.910470962524414 0.006693144794553518
			vertex 17.29343605041504 13.060572624206543 7.189311504364014
			vertex 17.236183166503906 12.683563232421875 7.197393417358398
		endloop
	endfacet
	facet normal 0.9964316435896781 -0.08439024539218229 0.001505368998059523
		outer loop
			vertex 17.266263961791992 12.910470962524414 0.006693144794553518
			vertex 17.236183166503906 12.683563232421875 7.197393417358398
			vertex 17.214794158935547 12.30262565612793 8.907265964808175e-7
		endloop
	endfacet
	facet normal 0.962802025189713 -0.2702036119174228 -0.0015061199707612758
		outer loop
			vertex 17.344751358032227 13.283390045166016 0.018840324133634567
			vertex 17.45785140991211 13.64658260345459 7.161045551300049
			vertex 17.29343605041504 13.060572624206543 7.189311504364014
		endloop
	endfacet
	facet normal 0.9785572267822253 -0.20597424811928552 0.0006025147099478736
		outer loop
			vertex 17.344751358032227 13.283390045166016 0.018840324133634567
			vertex 17.29343605041504 13.060572624206543 7.189311504364014
			vertex 17.266263961791992 12.910470962524414 0.006693144794553518
		endloop
	endfacet
	facet normal 0.9547770939599978 -0.2973225535496789 0
		outer loop
			vertex 17.45785140991211 13.64658260345459 0.03895439952611923
			vertex 17.45785140991211 13.64658260345459 7.161045551300049
			vertex 17.344751358032227 13.283390045166016 0.018840324133634567
		endloop
	endfacet
	facet normal 0.00012320546719651892 -0.0008866289116544698 -0.9999995993547128
		outer loop
			vertex 3.773688316345215 -20.818815231323242 0
			vertex 2.0469889640808105 -21.05976104736328 8.907265964808175e-7
			vertex 2.0456066131591797 -21.058948516845703 0
		endloop
	endfacet
	facet normal 0.0001339061141673441 -0.0009633133730516254 -0.9999995270481372
		outer loop
			vertex 3.7744948863983154 -20.81962776184082 8.907265964808175e-7
			vertex 2.0469889640808105 -21.05976104736328 8.907265964808175e-7
			vertex 3.773688316345215 -20.818815231323242 0
		endloop
	endfacet
	facet normal 0.00020103922275474848 -0.0008966727871313627 -0.9999995777804829
		outer loop
			vertex 5.476110458374023 -20.437122344970703 0
			vertex 3.7744948863983154 -20.81962776184082 8.907265964808175e-7
			vertex 3.773688316345215 -20.818815231323242 0
		endloop
	endfacet
	facet normal 0.0002066294469745496 -0.0009215414873969241 -0.9999995540326799
		outer loop
			vertex 5.476355075836182 -20.438034057617188 8.907265964808175e-7
			vertex 3.7744948863983154 -20.81962776184082 8.907265964808175e-7
			vertex 5.476110458374023 -20.437122344970703 0
		endloop
	endfacet
	facet normal 0.0002743832254832162 -0.0008775477619317784 -0.9999995773117962
		outer loop
			vertex 7.141005516052246 -19.917573928833008 8.907265964808175e-7
			vertex 5.476110458374023 -20.437122344970703 0
			vertex 7.141297340393066 -19.916467666625977 0
		endloop
	endfacet
	facet normal 0.00028181669324091693 -0.0009013683402792639 -0.999999554057134
		outer loop
			vertex 7.141005516052246 -19.917573928833008 8.907265964808175e-7
			vertex 5.476355075836182 -20.438034057617188 8.907265964808175e-7
			vertex 5.476110458374023 -20.437122344970703 0
		endloop
	endfacet
	facet normal 0.00036588392161876644 -0.000901684973658452 -0.9999995265464701
		outer loop
			vertex 8.757136344909668 -19.261783599853516 8.907265964808175e-7
			vertex 7.141005516052246 -19.917573928833008 8.907265964808175e-7
			vertex 7.141297340393066 -19.916467666625977 0
		endloop
	endfacet
	facet normal 0.00033616225436884325 -0.0008283283246655048 -0.999999600433483
		outer loop
			vertex 8.757926940917969 -19.260387420654297 0
			vertex 8.757136344909668 -19.261783599853516 8.907265964808175e-7
			vertex 7.141297340393066 -19.916467666625977 0
		endloop
	endfacet
	facet normal 0.0007054731834429132 0.00054941589398063 -0.9999996002248015
		outer loop
			vertex 16.142778396606445 13.677517890930176 0
			vertex 17.214794158935547 12.30262565612793 8.907265964808175e-7
			vertex 17.214780807495117 12.301021575927734 0
		endloop
	endfacet
	facet normal 0.0007668734444105097 0.0005972902262133395 -0.9999995275746414
		outer loop
			vertex 16.14307975769043 13.678622245788574 8.907265964808175e-7
			vertex 17.214794158935547 12.30262565612793 8.907265964808175e-7
			vertex 16.142778396606445 13.677517890930176 0
		endloop
	endfacet
	facet normal 0.0006757216396988253 0.0006221641619055082 -0.9999995781559217
		outer loop
			vertex 14.961012840270996 14.961012840270996 0
			vertex 16.14307975769043 13.678622245788574 8.907265964808175e-7
			vertex 16.142778396606445 13.677517890930176 0
		endloop
	endfacet
	facet normal 0.0006956513797957399 0.0006405347633160261 -0.9999995528920874
		outer loop
			vertex 14.961679458618164 14.961679458618164 8.907265964808175e-7
			vertex 16.14307975769043 13.678622245788574 8.907265964808175e-7
			vertex 14.961012840270996 14.961012840270996 0
		endloop
	endfacet
	facet normal 0.0006221641619055082 0.0006757216396988253 -0.9999995781559217
		outer loop
			vertex 13.678622245788574 16.14307975769043 8.907265964808175e-7
			vertex 14.961012840270996 14.961012840270996 0
			vertex 13.677517890930176 16.142778396606445 0
		endloop
	endfacet
	facet normal 0.0006405347633160261 0.0006956513797957399 -0.9999995528920874
		outer loop
			vertex 13.678622245788574 16.14307975769043 8.907265964808175e-7
			vertex 14.961679458618164 14.961679458618164 8.907265964808175e-7
			vertex 14.961012840270996 14.961012840270996 0
		endloop
	endfacet
	facet normal 0.0005972902262133395 0.0007668734444105097 -0.9999995275746414
		outer loop
			vertex 12.30262565612793 17.214794158935547 8.907265964808175e-7
			vertex 13.678622245788574 16.14307975769043 8.907265964808175e-7
			vertex 13.677517890930176 16.142778396606445 0
		endloop
	endfacet
	facet normal 0.00054941589398063 0.0007054731834429132 -0.9999996002248015
		outer loop
			vertex 12.301021575927734 17.214780807495117 0
			vertex 12.30262565612793 17.214794158935547 8.907265964808175e-7
			vertex 13.677517890930176 16.142778396606445 0
		endloop
	endfacet
	facet normal 0.7348764176431158 -0.6782010400994832 0
		outer loop
			vertex -2.8313775062561035 -21.662691116333008 0.018840324133634567
			vertex -3.0893614292144775 -21.94223403930664 7.161045551300049
			vertex -3.0893614292144775 -21.94223403930664 0.03895439952611923
		endloop
	endfacet
	facet normal 0.7154038710675282 -0.6987095484071293 -0.0015060631795896665
		outer loop
			vertex -2.8313775062561035 -21.662691116333008 0.018840324133634567
			vertex -2.664069652557373 -21.5068416595459 7.189311504364014
			vertex -3.0893614292144775 -21.94223403930664 7.161045551300049
		endloop
	endfacet
	facet normal 0.6243650918494071 -0.7811324274137914 -0.0006024305100551221
		outer loop
			vertex -2.547664165496826 -21.40825843811035 0.006693144794553518
			vertex -2.3661956787109375 -21.268754959106445 7.197393417358398
			vertex -2.664069652557373 -21.5068416595459 7.189311504364014
		endloop
	endfacet
	facet normal 0.6676595521797414 -0.7444664931412321 0.000602472524752334
		outer loop
			vertex -2.547664165496826 -21.40825843811035 0.006693144794553518
			vertex -2.664069652557373 -21.5068416595459 7.189311504364014
			vertex -2.8313775062561035 -21.662691116333008 0.018840324133634567
		endloop
	endfacet
	facet normal 0.5477667069956235 -0.8366311222439498 0
		outer loop
			vertex -2.0469889640808105 -21.05976104736328 8.907265964808175e-7
			vertex -2.0469889640808105 -21.05976104736328 7.1999993324279785
			vertex -2.3661956787109375 -21.268754959106445 7.197393417358398
		endloop
	endfacet
	facet normal 0.5713000765512376 -0.8207398839127024 0.0015051536513021302
		outer loop
			vertex -2.0469889640808105 -21.05976104736328 8.907265964808175e-7
			vertex -2.3661956787109375 -21.268754959106445 7.197393417358398
			vertex -2.547664165496826 -21.40825843811035 0.006693144794553518
		endloop
	endfacet
	facet normal 0.5067341865168038 -0.8621023513569334 0
		outer loop
			vertex -2.0456066131591797 -21.058948516845703 0
			vertex -2.0456066131591797 -21.058948516845703 7.199999809265137
			vertex -2.0469889640808105 -21.05976104736328 7.1999993324279785
		endloop
	endfacet
	facet normal 0.5067341865168038 -0.8621023513569334 0
		outer loop
			vertex -2.0456066131591797 -21.058948516845703 0
			vertex -2.0469889640808105 -21.05976104736328 7.1999993324279785
			vertex -2.0469889640808105 -21.05976104736328 8.907265964808175e-7
		endloop
	endfacet
	facet normal 0.4128474173138198 -0.9108002031276171 0
		outer loop
			vertex -1.2654777765274048 -20.705331802368164 0
			vertex -1.2654777765274048 -20.705331802368164 7.199999809265137
			vertex -2.0456066131591797 -21.058948516845703 7.199999809265137
		endloop
	endfacet
	facet normal 0.4128474173138198 -0.9108002031276171 0
		outer loop
			vertex -1.2654777765274048 -20.705331802368164 0
			vertex -2.0456066131591797 -21.058948516845703 7.199999809265137
			vertex -2.0456066131591797 -21.058948516845703 0
		endloop
	endfacet
	facet normal 0.21118592208603124 -0.9774459096608226 0
		outer loop
			vertex -0.42826536297798157 -20.524444580078125 0
			vertex -0.42826536297798157 -20.524444580078125 7.199999809265137
			vertex -1.2654777765274048 -20.705331802368164 7.199999809265137
		endloop
	endfacet
	facet normal 0.21118592208603124 -0.9774459096608226 0
		outer loop
			vertex -0.42826536297798157 -20.524444580078125 0
			vertex -1.2654777765274048 -20.705331802368164 7.199999809265137
			vertex -1.2654777765274048 -20.705331802368164 0
		endloop
	endfacet
	facet normal 0 -1 0
		outer loop
			vertex 0.42826536297798157 -20.524444580078125 0
			vertex 0.42826536297798157 -20.524444580078125 7.199999809265137
			vertex -0.42826536297798157 -20.524444580078125 7.199999809265137
		endloop
	endfacet
	facet normal 0 -1 0
		outer loop
			vertex 0.42826536297798157 -20.524444580078125 0
			vertex -0.42826536297798157 -20.524444580078125 7.199999809265137
			vertex -0.42826536297798157 -20.524444580078125 0
		endloop
	endfacet
	facet normal -0.21118592208603124 -0.9774459096608226 0
		outer loop
			vertex 1.2654777765274048 -20.705331802368164 0
			vertex 1.2654777765274048 -20.705331802368164 7.199999809265137
			vertex 0.42826536297798157 -20.524444580078125 7.199999809265137
		endloop
	endfacet
	facet normal -0.21118592208603124 -0.9774459096608226 0
		outer loop
			vertex 1.2654777765274048 -20.705331802368164 0
			vertex 0.42826536297798157 -20.524444580078125 7.199999809265137
			vertex 0.42826536297798157 -20.524444580078125 0
		endloop
	endfacet
	facet normal -0.4128474173138198 -0.9108002031276171 0
		outer loop
			vertex 2.0456066131591797 -21.058948516845703 0
			vertex 2.0456066131591797 -21.058948516845703 7.199999809265137
			vertex 1.2654777765274048 -20.705331802368164 7.199999809265137
		endloop
	endfacet
	facet normal -0.4128474173138198 -0.9108002031276171 0
		outer loop
			vertex 2.0456066131591797 -21.058948516845703 0
			vertex 1.2654777765274048 -20.705331802368164 7.199999809265137
			vertex 1.2654777765274048 -20.705331802368164 0
		endloop
	endfacet
	facet normal -0.5067341865168038 -0.8621023513569334 0
		outer loop
			vertex 2.0469889640808105 -21.05976104736328 8.907265964808175e-7
			vertex 2.0469889640808105 -21.05976104736328 7.1999993324279785
			vertex 2.0456066131591797 -21.058948516845703 7.199999809265137
		endloop
	endfacet
	facet normal -0.5477667069956235 -0.8366311222439498 0
		outer loop
			vertex 2.0469889640808105 -21.05976104736328 8.907265964808175e-7
			vertex 2.3661956787109375 -21.268754959106445 7.197393417358398
			vertex 2.0469889640808105 -21.05976104736328 7.1999993324279785
		endloop
	endfacet
	facet normal -0.5067341865168038 -0.8621023513569334 0
		outer loop
			vertex 2.0469889640808105 -21.05976104736328 8.907265964808175e-7
			vertex 2.0456066131591797 -21.058948516845703 7.199999809265137
			vertex 2.0456066131591797 -21.058948516845703 0
		endloop
	endfacet
	facet normal -0.6243650918494071 -0.7811324274137914 -0.0006024305100551221
		outer loop
			vertex 2.547664165496826 -21.40825843811035 0.006693144794553518
			vertex 2.664069652557373 -21.5068416595459 7.189311504364014
			vertex 2.3661956787109375 -21.268754959106445 7.197393417358398
		endloop
	endfacet
	facet normal -0.5713000765512376 -0.8207398839127024 0.0015051536513021302
		outer loop
			vertex 2.547664165496826 -21.40825843811035 0.006693144794553518
			vertex 2.3661956787109375 -21.268754959106445 7.197393417358398
			vertex 2.0469889640808105 -21.05976104736328 8.907265964808175e-7
		endloop
	endfacet
	facet normal -0.7154038710675282 -0.6987095484071293 -0.0015060631795896665
		outer loop
			vertex 2.8313775062561035 -21.662691116333008 0.018840324133634567
			vertex 3.0893614292144775 -21.94223403930664 7.161045551300049
			vertex 2.664069652557373 -21.5068416595459 7.189311504364014
		endloop
	endfacet
	facet normal -0.6676595521797414 -0.7444664931412321 0.000602472524752334
		outer loop
			vertex 2.8313775062561035 -21.662691116333008 0.018840324133634567
			vertex 2.664069652557373 -21.5068416595459 7.189311504364014
			vertex 2.547664165496826 -21.40825843811035 0.006693144794553518
		endloop
	endfacet
	facet normal -0.7348764176431158 -0.6782010400994832 0
		outer loop
			vertex 3.0893614292144775 -21.94223403930664 0.03895439952611923
			vertex 3.0893614292144775 -21.94223403930664 7.161045551300049
			vertex 2.8313775062561035 -21.662691116333008 0.018840324133634567
		endloop
	endfacet
	facet normal -0.2973225535496789 0.9547770939599978 0
		outer loop
			vertex 13.283390045166016 17.344751358032227 0.018840324133634567
			vertex 13.64658260345459 17.45785140991211 7.161045551300049
			vertex 13.64658260345459 17.45785140991211 0.03895439952611923
		endloop
	endfacet
	facet normal -0.2702036119174228 0.962802025189713 -0.0015061199707612758
		outer loop
			vertex 13.283390045166016 17.344751358032227 0.018840324133634567
			vertex 13.060572624206543 17.29343605041504 7.189311504364014
			vertex 13.64658260345459 17.45785140991211 7.161045551300049
		endloop
	endfacet
	facet normal -0.15015186135917144 0.988662761401642 -0.000602285693026115
		outer loop
			vertex 12.910470962524414 17.266263961791992 0.006693144794553518
			vertex 12.683563232421875 17.236183166503906 7.197393417358398
			vertex 13.060572624206543 17.29343605041504 7.189311504364014
		endloop
	endfacet
	facet normal -0.20597424811928552 0.9785572267822253 0.0006025147099478736
		outer loop
			vertex 12.910470962524414 17.266263961791992 0.006693144794553518
			vertex 13.060572624206543 17.29343605041504 7.189311504364014
			vertex 13.283390045166016 17.344751358032227 0.018840324133634567
		endloop
	endfacet
	facet normal -0.056060028062282455 0.9984274000915923 0
		outer loop
			vertex 12.30262565612793 17.214794158935547 8.907265964808175e-7
			vertex 12.30262565612793 17.214794158935547 7.1999993324279785
			vertex 12.683563232421875 17.236183166503906 7.197393417358398
		endloop
	endfacet
	facet normal -0.08439024539218229 0.9964316435896781 0.001505368998059523
		outer loop
			vertex 12.30262565612793 17.214794158935547 8.907265964808175e-7
			vertex 12.683563232421875 17.236183166503906 7.197393417358398
			vertex 12.910470962524414 17.266263961791992 0.006693144794553518
		endloop
	endfacet
	facet normal -0.008323136188721403 0.9999653621021001 0
		outer loop
			vertex 12.301021575927734 17.214780807495117 0
			vertex 12.301021575927734 17.214780807495117 7.199999809265137
			vertex 12.30262565612793 17.214794158935547 7.1999993324279785
		endloop
	endfacet
	facet normal -0.008323136188721403 0.9999653621021001 0
		outer loop
			vertex 12.301021575927734 17.214780807495117 0
			vertex 12.30262565612793 17.214794158935547 7.1999993324279785
			vertex 12.30262565612793 17.214794158935547 8.907265964808175e-7
		endloop
	endfacet
	facet normal 0.09786466029623284 0.9951997328501968 0
		outer loop
			vertex 11.448601722717285 17.29860496520996 0
			vertex 11.448601722717285 17.29860496520996 7.199999809265137
			vertex 12.301021575927734 17.214780807495117 7.199999809265137
		endloop
	endfacet
	facet normal 0.09786466029623284 0.9951997328501968 0
		outer loop
			vertex 11.448601722717285 17.29860496520996 0
			vertex 12.301021575927734 17.214780807495117 7.199999809265137
			vertex 12.301021575927734 17.214780807495117 0
		endloop
	endfacet
	facet normal 0.30583069906179455 0.9520859118332621 0
		outer loop
			vertex 10.633111000061035 17.560558319091797 0
			vertex 10.633111000061035 17.560558319091797 7.199999809265137
			vertex 11.448601722717285 17.29860496520996 7.199999809265137
		endloop
	endfacet
	facet normal 0.30583069906179455 0.9520859118332621 0
		outer loop
			vertex 10.633111000061035 17.560558319091797 0
			vertex 11.448601722717285 17.29860496520996 7.199999809265137
			vertex 11.448601722717285 17.29860496520996 0
		endloop
	endfacet
	facet normal 0.4999993211962361 0.86602579569162 0
		outer loop
			vertex 9.89133358001709 17.98882293701172 0
			vertex 9.89133358001709 17.98882293701172 7.199999809265137
			vertex 10.633111000061035 17.560558319091797 7.199999809265137
		endloop
	endfacet
	facet normal 0.4999993211962361 0.86602579569162 0
		outer loop
			vertex 9.89133358001709 17.98882293701172 0
			vertex 10.633111000061035 17.560558319091797 7.199999809265137
			vertex 10.633111000061035 17.560558319091797 0
		endloop
	endfacet
	facet normal 0.6716160478808947 0.7408993752385324 0
		outer loop
			vertex 9.256730079650879 18.564083099365234 0
			vertex 9.256730079650879 18.564083099365234 7.199999809265137
			vertex 9.89133358001709 17.98882293701172 7.199999809265137
		endloop
	endfacet
	facet normal 0.8129359373882316 0.582353124575388 0
		outer loop
			vertex 9.256730079650879 18.564083099365234 0
			vertex 8.757926940917969 19.260387420654297 7.199999809265137
			vertex 9.256730079650879 18.564083099365234 7.199999809265137
		endloop
	endfacet
	facet normal 0.6716160478808947 0.7408993752385324 0
		outer loop
			vertex 9.256730079650879 18.564083099365234 0
			vertex 9.89133358001709 17.98882293701172 7.199999809265137
			vertex 9.89133358001709 17.98882293701172 0
		endloop
	endfacet
	facet normal 0.8129359373882316 0.582353124575388 0
		outer loop
			vertex 8.757926940917969 19.260387420654297 0
			vertex 8.757926940917969 19.260387420654297 7.199999809265137
			vertex 9.256730079650879 18.564083099365234 0
		endloop
	endfacet
	facet normal 0.8701751135777636 0.4927426018824904 0
		outer loop
			vertex 8.757136344909668 19.261783599853516 8.907265964808175e-7
			vertex 8.757136344909668 19.261783599853516 7.1999993324279785
			vertex 8.757926940917969 19.260387420654297 7.199999809265137
		endloop
	endfacet
	facet normal 0.8926938262502846 0.4506636579253166 0
		outer loop
			vertex 8.757136344909668 19.261783599853516 8.907265964808175e-7
			vertex 8.58519172668457 19.602378845214844 7.197393417358398
			vertex 8.757136344909668 19.261783599853516 7.1999993324279785
		endloop
	endfacet
	facet normal 0.8701751135777634 0.49274260188249036 0
		outer loop
			vertex 8.757136344909668 19.261783599853516 8.907265964808175e-7
			vertex 8.757926940917969 19.260387420654297 7.199999809265137
			vertex 8.757926940917969 19.260387420654297 0
		endloop
	endfacet
	facet normal 0.931283012338466 0.3642960169709738 -0.0006024523853213402
		outer loop
			vertex 8.497787475585938 19.813926696777344 0.006693144794553518
			vertex 8.446269035339355 19.95750617980957 7.189311504364014
			vertex 8.58519172668457 19.602378845214844 7.197393417358398
		endloop
	endfacet
	facet normal 0.9051296238854795 0.42513303586829176 0.0015052502583901503
		outer loop
			vertex 8.497787475585938 19.813926696777344 0.006693144794553518
			vertex 8.58519172668457 19.602378845214844 7.197393417358398
			vertex 8.757136344909668 19.261783599853516 8.907265964808175e-7
		endloop
	endfacet
	facet normal 0.9689125479537531 0.24739887993109186 -0.0015061960719839574
		outer loop
			vertex 8.379300117492676 20.176128387451172 0.018840324133634567
			vertex 8.29565143585205 20.547212600708008 7.161045551300049
			vertex 8.446269035339355 19.95750617980957 7.189311504364014
		endloop
	endfacet
	facet normal 0.9504427715019079 0.3108989791663829 0.0006023728688990189
		outer loop
			vertex 8.379300117492676 20.176128387451172 0.018840324133634567
			vertex 8.446269035339355 19.95750617980957 7.189311504364014
			vertex 8.497787475585938 19.813926696777344 0.006693144794553518
		endloop
	endfacet
	facet normal 0.9755225659824913 0.2198993480184428 0
		outer loop
			vertex 8.29565143585205 20.547212600708008 0.03895439952611923
			vertex 8.29565143585205 20.547212600708008 7.161045551300049
			vertex 8.379300117492676 20.176128387451172 0.018840324133634567
		endloop
	endfacet
	facet normal -0.00033616225436884325 -0.0008283283246655048 -0.999999600433483
		outer loop
			vertex -7.141297340393066 -19.916467666625977 0
			vertex -8.757136344909668 -19.261783599853516 8.907265964808175e-7
			vertex -8.757926940917969 -19.260387420654297 0
		endloop
	endfacet
	facet normal -0.00036588392161876644 -0.000901684973658452 -0.9999995265464701
		outer loop
			vertex -7.141005516052246 -19.917573928833008 8.907265964808175e-7
			vertex -8.757136344909668 -19.261783599853516 8.907265964808175e-7
			vertex -7.141297340393066 -19.916467666625977 0
		endloop
	endfacet
	facet normal -0.0002743832254832162 -0.0008775477619317784 -0.9999995773117962
		outer loop
			vertex -5.476110458374023 -20.437122344970703 0
			vertex -7.141005516052246 -19.917573928833008 8.907265964808175e-7
			vertex -7.141297340393066 -19.916467666625977 0
		endloop
	endfacet
	facet normal -0.00028181669324091693 -0.0009013683402792639 -0.999999554057134
		outer loop
			vertex -5.476355075836182 -20.438034057617188 8.907265964808175e-7
			vertex -7.141005516052246 -19.917573928833008 8.907265964808175e-7
			vertex -5.476110458374023 -20.437122344970703 0
		endloop
	endfacet
	facet normal -0.00020103922275474848 -0.0008966727871313627 -0.9999995777804829
		outer loop
			vertex -3.7744948863983154 -20.81962776184082 8.907265964808175e-7
			vertex -5.476110458374023 -20.437122344970703 0
			vertex -3.773688316345215 -20.818815231323242 0
		endloop
	endfacet
	facet normal -0.0002066294469745496 -0.0009215414873969241 -0.9999995540326799
		outer loop
			vertex -3.7744948863983154 -20.81962776184082 8.907265964808175e-7
			vertex -5.476355075836182 -20.438034057617188 8.907265964808175e-7
			vertex -5.476110458374023 -20.437122344970703 0
		endloop
	endfacet
	facet normal -0.0001339061141673441 -0.0009633133730516254 -0.9999995270481372
		outer loop
			vertex -2.0469889640808105 -21.05976104736328 8.907265964808175e-7
			vertex -3.7744948863983154 -20.81962776184082 8.907265964808175e-7
			vertex -3.773688316345215 -20.818815231323242 0
		endloop
	endfacet
	facet normal -0.00012320546719651892 -0.0008866289116544698 -0.9999995993547128
		outer loop
			vertex -2.0456066131591797 -21.058948516845703 0
			vertex -2.0469889640808105 -21.05976104736328 8.907265964808175e-7
			vertex -3.773688316345215 -20.818815231323242 0
		endloop
	endfacet
	facet normal 0.00033616225436884325 0.0008283283246655048 -0.999999600433483
		outer loop
			vertex 7.141297340393066 19.916467666625977 0
			vertex 8.757136344909668 19.261783599853516 8.907265964808175e-7
			vertex 8.757926940917969 19.260387420654297 0
		endloop
	endfacet
	facet normal 0.00036588392161876644 0.000901684973658452 -0.9999995265464701
		outer loop
			vertex 7.141005516052246 19.917573928833008 8.907265964808175e-7
			vertex 8.757136344909668 19.261783599853516 8.907265964808175e-7
			vertex 7.141297340393066 19.916467666625977 0
		endloop
	endfacet
	facet normal 0.0002743832254832162 0.0008775477619317784 -0.9999995773117962
		outer loop
			vertex 5.476110458374023 20.437122344970703 0
			vertex 7.141005516052246 19.917573928833008 8.907265964808175e-7
			vertex 7.141297340393066 19.916467666625977 0
		endloop
	endfacet
	facet normal 0.00028181669324091693 0.0009013683402792639 -0.999999554057134
		outer loop
			vertex 5.476355075836182 20.438034057617188 8.907265964808175e-7
			vertex 7.141005516052246 19.917573928833008 8.907265964808175e-7
			vertex 5.476110458374023 20.437122344970703 0
		endloop
	endfacet
	facet normal 0.00020103922275474848 0.0008966727871313627 -0.9999995777804829
		outer loop
			vertex 3.7744948863983154 20.81962776184082 8.907265964808175e-7
			vertex 5.476110458374023 20.437122344970703 0
			vertex 3.773688316345215 20.818815231323242 0
		endloop
	endfacet
	facet normal 0.0002066294469745496 0.0009215414873969241 -0.9999995540326799
		outer loop
			vertex 3.7744948863983154 20.81962776184082 8.907265964808175e-7
			vertex 5.476355075836182 20.438034057617188 8.907265964808175e-7
			vertex 5.476110458374023 20.437122344970703 0
		endloop
	endfacet
	facet normal 0.0001339061141673441 0.0009633133730516254 -0.9999995270481372
		outer loop
			vertex 2.0469889640808105 21.05976104736328 8.907265964808175e-7
			vertex 3.7744948863983154 20.81962776184082 8.907265964808175e-7
			vertex 3.773688316345215 20.818815231323242 0
		endloop
	endfacet
	facet normal 0.00012320546719651892 0.0008866289116544698 -0.9999995993547128
		outer loop
			vertex 2.0456066131591797 21.058948516845703 0
			vertex 2.0469889640808105 21.05976104736328 8.907265964808175e-7
			vertex 3.773688316345215 20.818815231323242 0
		endloop
	endfacet
	facet normal 0.2973225535496789 -0.9547770939599978 0
		outer loop
			vertex -13.283390045166016 -17.344751358032227 0.018840324133634567
			vertex -13.64658260345459 -17.45785140991211 7.161045551300049
			vertex -13.64658260345459 -17.45785140991211 0.03895439952611923
		endloop
	endfacet
	facet normal 0.2702036119174228 -0.962802025189713 -0.0015061199707612758
		outer loop
			vertex -13.283390045166016 -17.344751358032227 0.018840324133634567
			vertex -13.060572624206543 -17.29343605041504 7.189311504364014
			vertex -13.64658260345459 -17.45785140991211 7.161045551300049
		endloop
	endfacet
	facet normal 0.15015186135917144 -0.988662761401642 -0.000602285693026115
		outer loop
			vertex -12.910470962524414 -17.266263961791992 0.006693144794553518
			vertex -12.683563232421875 -17.236183166503906 7.197393417358398
			vertex -13.060572624206543 -17.29343605041504 7.189311504364014
		endloop
	endfacet
	facet normal 0.20597424811928552 -0.9785572267822253 0.0006025147099478736
		outer loop
			vertex -12.910470962524414 -17.266263961791992 0.006693144794553518
			vertex -13.060572624206543 -17.29343605041504 7.189311504364014
			vertex -13.283390045166016 -17.344751358032227 0.018840324133634567
		endloop
	endfacet
	facet normal 0.056060028062282455 -0.9984274000915923 0
		outer loop
			vertex -12.30262565612793 -17.214794158935547 8.907265964808175e-7
			vertex -12.30262565612793 -17.214794158935547 7.1999993324279785
			vertex -12.683563232421875 -17.236183166503906 7.197393417358398
		endloop
	endfacet
	facet normal 0.08439024539218229 -0.9964316435896781 0.001505368998059523
		outer loop
			vertex -12.30262565612793 -17.214794158935547 8.907265964808175e-7
			vertex -12.683563232421875 -17.236183166503906 7.197393417358398
			vertex -12.910470962524414 -17.266263961791992 0.006693144794553518
		endloop
	endfacet
	facet normal 0.008323136188721403 -0.9999653621021001 0
		outer loop
			vertex -12.301021575927734 -17.214780807495117 0
			vertex -12.301021575927734 -17.214780807495117 7.199999809265137
			vertex -12.30262565612793 -17.214794158935547 7.1999993324279785
		endloop
	endfacet
	facet normal 0.008323136188721403 -0.9999653621021001 0
		outer loop
			vertex -12.301021575927734 -17.214780807495117 0
			vertex -12.30262565612793 -17.214794158935547 7.1999993324279785
			vertex -12.30262565612793 -17.214794158935547 8.907265964808175e-7
		endloop
	endfacet
	facet normal -0.09786466029623284 -0.9951997328501968 0
		outer loop
			vertex -11.448601722717285 -17.29860496520996 0
			vertex -11.448601722717285 -17.29860496520996 7.199999809265137
			vertex -12.301021575927734 -17.214780807495117 7.199999809265137
		endloop
	endfacet
	facet normal -0.09786466029623284 -0.9951997328501968 0
		outer loop
			vertex -11.448601722717285 -17.29860496520996 0
			vertex -12.301021575927734 -17.214780807495117 7.199999809265137
			vertex -12.301021575927734 -17.214780807495117 0
		endloop
	endfacet
	facet normal -0.30583069906179455 -0.9520859118332621 0
		outer loop
			vertex -10.633111000061035 -17.560558319091797 0
			vertex -10.633111000061035 -17.560558319091797 7.199999809265137
			vertex -11.448601722717285 -17.29860496520996 7.199999809265137
		endloop
	endfacet
	facet normal -0.30583069906179455 -0.9520859118332621 0
		outer loop
			vertex -10.633111000061035 -17.560558319091797 0
			vertex -11.448601722717285 -17.29860496520996 7.199999809265137
			vertex -11.448601722717285 -17.29860496520996 0
		endloop
	endfacet
	facet normal -0.4999993211962361 -0.86602579569162 0
		outer loop
			vertex -9.89133358001709 -17.98882293701172 0
			vertex -9.89133358001709 -17.98882293701172 7.199999809265137
			vertex -10.633111000061035 -17.560558319091797 7.199999809265137
		endloop
	endfacet
	facet normal -0.4999993211962361 -0.86602579569162 0
		outer loop
			vertex -9.89133358001709 -17.98882293701172 0
			vertex -10.633111000061035 -17.560558319091797 7.199999809265137
			vertex -10.633111000061035 -17.560558319091797 0
		endloop
	endfacet
	facet normal -0.6716160478808947 -0.7408993752385324 0
		outer loop
			vertex -9.256730079650879 -18.564083099365234 0
			vertex -9.256730079650879 -18.564083099365234 7.199999809265137
			vertex -9.89133358001709 -17.98882293701172 7.199999809265137
		endloop
	endfacet
	facet normal -0.8129359373882316 -0.582353124575388 0
		outer loop
			vertex -9.256730079650879 -18.564083099365234 0
			vertex -8.757926940917969 -19.260387420654297 7.199999809265137
			vertex -9.256730079650879 -18.564083099365234 7.199999809265137
		endloop
	endfacet
	facet normal -0.6716160478808947 -0.7408993752385324 0
		outer loop
			vertex -9.256730079650879 -18.564083099365234 0
			vertex -9.89133358001709 -17.98882293701172 7.199999809265137
			vertex -9.89133358001709 -17.98882293701172 0
		endloop
	endfacet
	facet normal -0.8129359373882316 -0.582353124575388 0
		outer loop
			vertex -8.757926940917969 -19.260387420654297 0
			vertex -8.757926940917969 -19.260387420654297 7.199999809265137
			vertex -9.256730079650879 -18.564083099365234 0
		endloop
	endfacet
	facet normal -0.8701751135777636 -0.4927426018824904 0
		outer loop
			vertex -8.757136344909668 -19.261783599853516 8.907265964808175e-7
			vertex -8.757136344909668 -19.261783599853516 7.1999993324279785
			vertex -8.757926940917969 -19.260387420654297 7.199999809265137
		endloop
	endfacet
	facet normal -0.8926938262502846 -0.4506636579253166 0
		outer loop
			vertex -8.757136344909668 -19.261783599853516 8.907265964808175e-7
			vertex -8.58519172668457 -19.602378845214844 7.197393417358398
			vertex -8.757136344909668 -19.261783599853516 7.1999993324279785
		endloop
	endfacet
	facet normal -0.8701751135777634 -0.49274260188249036 0
		outer loop
			vertex -8.757136344909668 -19.261783599853516 8.907265964808175e-7
			vertex -8.757926940917969 -19.260387420654297 7.199999809265137
			vertex -8.757926940917969 -19.260387420654297 0
		endloop
	endfacet
	facet normal -0.931283012338466 -0.3642960169709738 -0.0006024523853213402
		outer loop
			vertex -8.497787475585938 -19.813926696777344 0.006693144794553518
			vertex -8.446269035339355 -19.95750617980957 7.189311504364014
			vertex -8.58519172668457 -19.602378845214844 7.197393417358398
		endloop
	endfacet
	facet normal -0.9051296238854795 -0.42513303586829176 0.0015052502583901503
		outer loop
			vertex -8.497787475585938 -19.813926696777344 0.006693144794553518
			vertex -8.58519172668457 -19.602378845214844 7.197393417358398
			vertex -8.757136344909668 -19.261783599853516 8.907265964808175e-7
		endloop
	endfacet
	facet normal -0.9689125479537531 -0.24739887993109186 -0.0015061960719839574
		outer loop
			vertex -8.379300117492676 -20.176128387451172 0.018840324133634567
			vertex -8.29565143585205 -20.547212600708008 7.161045551300049
			vertex -8.446269035339355 -19.95750617980957 7.189311504364014
		endloop
	endfacet
	facet normal -0.9504427715019079 -0.3108989791663829 0.0006023728688990189
		outer loop
			vertex -8.379300117492676 -20.176128387451172 0.018840324133634567
			vertex -8.446269035339355 -19.95750617980957 7.189311504364014
			vertex -8.497787475585938 -19.813926696777344 0.006693144794553518
		endloop
	endfacet
	facet normal -0.9755225659824913 -0.2198993480184428 0
		outer loop
			vertex -8.29565143585205 -20.547212600708008 0.03895439952611923
			vertex -8.29565143585205 -20.547212600708008 7.161045551300049
			vertex -8.379300117492676 -20.176128387451172 0.018840324133634567
		endloop
	endfacet
	facet normal -0.7348764176431158 0.6782010400994832 0
		outer loop
			vertex 2.8313775062561035 21.662691116333008 0.018840324133634567
			vertex 3.0893614292144775 21.94223403930664 7.161045551300049
			vertex 3.0893614292144775 21.94223403930664 0.03895439952611923
		endloop
	endfacet
	facet normal -0.7154038710675282 0.6987095484071293 -0.0015060631795896665
		outer loop
			vertex 2.8313775062561035 21.662691116333008 0.018840324133634567
			vertex 2.664069652557373 21.5068416595459 7.189311504364014
			vertex 3.0893614292144775 21.94223403930664 7.161045551300049
		endloop
	endfacet
	facet normal -0.6243650918494071 0.7811324274137914 -0.0006024305100551221
		outer loop
			vertex 2.547664165496826 21.40825843811035 0.006693144794553518
			vertex 2.3661956787109375 21.268754959106445 7.197393417358398
			vertex 2.664069652557373 21.5068416595459 7.189311504364014
		endloop
	endfacet
	facet normal -0.6676595521797414 0.7444664931412321 0.000602472524752334
		outer loop
			vertex 2.547664165496826 21.40825843811035 0.006693144794553518
			vertex 2.664069652557373 21.5068416595459 7.189311504364014
			vertex 2.8313775062561035 21.662691116333008 0.018840324133634567
		endloop
	endfacet
	facet normal -0.5477667069956235 0.8366311222439498 0
		outer loop
			vertex 2.0469889640808105 21.05976104736328 8.907265964808175e-7
			vertex 2.0469889640808105 21.05976104736328 7.1999993324279785
			vertex 2.3661956787109375 21.268754959106445 7.197393417358398
		endloop
	endfacet
	facet normal -0.5713000765512376 0.8207398839127024 0.0015051536513021302
		outer loop
			vertex 2.0469889640808105 21.05976104736328 8.907265964808175e-7
			vertex 2.3661956787109375 21.268754959106445 7.197393417358398
			vertex 2.547664165496826 21.40825843811035 0.006693144794553518
		endloop
	endfacet
	facet normal -0.5067341865168038 0.8621023513569334 0
		outer loop
			vertex 2.0456066131591797 21.058948516845703 0
			vertex 2.0456066131591797 21.058948516845703 7.199999809265137
			vertex 2.0469889640808105 21.05976104736328 7.1999993324279785
		endloop
	endfacet
	facet normal -0.4128474173138198 0.9108002031276171 0
		outer loop
			vertex 2.0456066131591797 21.058948516845703 0
			vertex 1.2654777765274048 20.705331802368164 7.199999809265137
			vertex 2.0456066131591797 21.058948516845703 7.199999809265137
		endloop
	endfacet
	facet normal -0.5067341865168038 0.8621023513569334 0
		outer loop
			vertex 2.0456066131591797 21.058948516845703 0
			vertex 2.0469889640808105 21.05976104736328 7.1999993324279785
			vertex 2.0469889640808105 21.05976104736328 8.907265964808175e-7
		endloop
	endfacet
	facet normal -0.4128474173138198 0.9108002031276171 0
		outer loop
			vertex 1.2654777765274048 20.705331802368164 0
			vertex 1.2654777765274048 20.705331802368164 7.199999809265137
			vertex 2.0456066131591797 21.058948516845703 0
		endloop
	endfacet
	facet normal -0.21118592208603124 0.9774459096608226 0
		outer loop
			vertex 0.42826536297798157 20.524444580078125 0
			vertex 0.42826536297798157 20.524444580078125 7.199999809265137
			vertex 1.2654777765274048 20.705331802368164 7.199999809265137
		endloop
	endfacet
	facet normal -0.21118592208603124 0.9774459096608226 0
		outer loop
			vertex 0.42826536297798157 20.524444580078125 0
			vertex 1.2654777765274048 20.705331802368164 7.199999809265137
			vertex 1.2654777765274048 20.705331802368164 0
		endloop
	endfacet
	facet normal 0 1 0
		outer loop
			vertex -0.42826536297798157 20.524444580078125 0
			vertex -0.42826536297798157 20.524444580078125 7.199999809265137
			vertex 0.42826536297798157 20.524444580078125 7.199999809265137
		endloop
	endfacet
	facet normal 0.21118592208603124 0.9774459096608226 0
		outer loop
			vertex -0.42826536297798157 20.524444580078125 0
			vertex -1.2654777765274048 20.705331802368164 7.199999809265137
			vertex -0.42826536297798157 20.524444580078125 7.199999809265137
		endloop
	endfacet
	facet normal 0 1 0
		outer loop
			vertex -0.42826536297798157 20.524444580078125 0
			vertex 0.42826536297798157 20.524444580078125 7.199999809265137
			vertex 0.42826536297798157 20.524444580078125 0
		endloop
	endfacet
	facet normal 0.21118592208603124 0.9774459096608226 0
		outer loop
			vertex -1.2654777765274048 20.705331802368164 0
			vertex -1.2654777765274048 20.705331802368164 7.199999809265137
			vertex -0.42826536297798157 20.524444580078125 0
		endloop
	endfacet
	facet normal 0.4128474173138198 0.9108002031276171 0
		outer loop
			vertex -2.0456066131591797 21.058948516845703 0
			vertex -2.0456066131591797 21.058948516845703 7.199999809265137
			vertex -1.2654777765274048 20.705331802368164 7.199999809265137
		endloop
	endfacet
	facet normal 0.4128474173138198 0.9108002031276171 0
		outer loop
			vertex -2.0456066131591797 21.058948516845703 0
			vertex -1.2654777765274048 20.705331802368164 7.199999809265137
			vertex -1.2654777765274048 20.705331802368164 0
		endloop
	endfacet
	facet normal 0.5067341865168038 0.8621023513569334 0
		outer loop
			vertex -2.0469889640808105 21.05976104736328 8.907265964808175e-7
			vertex -2.0469889640808105 21.05976104736328 7.1999993324279785
			vertex -2.0456066131591797 21.058948516845703 7.199999809265137
		endloop
	endfacet
	facet normal 0.5477667069956235 0.8366311222439498 0
		outer loop
			vertex -2.0469889640808105 21.05976104736328 8.907265964808175e-7
			vertex -2.3661956787109375 21.268754959106445 7.197393417358398
			vertex -2.0469889640808105 21.05976104736328 7.1999993324279785
		endloop
	endfacet
	facet normal 0.5067341865168038 0.8621023513569334 0
		outer loop
			vertex -2.0469889640808105 21.05976104736328 8.907265964808175e-7
			vertex -2.0456066131591797 21.058948516845703 7.199999809265137
			vertex -2.0456066131591797 21.058948516845703 0
		endloop
	endfacet
	facet normal 0.6243650918494071 0.7811324274137914 -0.0006024305100551221
		outer loop
			vertex -2.547664165496826 21.40825843811035 0.006693144794553518
			vertex -2.664069652557373 21.5068416595459 7.189311504364014
			vertex -2.3661956787109375 21.268754959106445 7.197393417358398
		endloop
	endfacet
	facet normal 0.5713000765512376 0.8207398839127024 0.0015051536513021302
		outer loop
			vertex -2.547664165496826 21.40825843811035 0.006693144794553518
			vertex -2.3661956787109375 21.268754959106445 7.197393417358398
			vertex -2.0469889640808105 21.05976104736328 8.907265964808175e-7
		endloop
	endfacet
	facet normal 0.7154038710675282 0.6987095484071293 -0.0015060631795896665
		outer loop
			vertex -2.8313775062561035 21.662691116333008 0.018840324133634567
			vertex -3.0893614292144775 21.94223403930664 7.161045551300049
			vertex -2.664069652557373 21.5068416595459 7.189311504364014
		endloop
	endfacet
	facet normal 0.6676595521797414 0.7444664931412321 0.000602472524752334
		outer loop
			vertex -2.8313775062561035 21.662691116333008 0.018840324133634567
			vertex -2.664069652557373 21.5068416595459 7.189311504364014
			vertex -2.547664165496826 21.40825843811035 0.006693144794553518
		endloop
	endfacet
	facet normal 0.7348764176431158 0.6782010400994832 0
		outer loop
			vertex -3.0893614292144775 21.94223403930664 0.03895439952611923
			vertex -3.0893614292144775 21.94223403930664 7.161045551300049
			vertex -2.8313775062561035 21.662691116333008 0.018840324133634567
		endloop
	endfacet
	facet normal -0.0007054731834429132 -0.00054941589398063 -0.9999996002248015
		outer loop
			vertex -16.142778396606445 -13.677517890930176 0
			vertex -17.214794158935547 -12.30262565612793 8.907265964808175e-7
			vertex -17.214780807495117 -12.301021575927734 0
		endloop
	endfacet
	facet normal -0.0007668734444105097 -0.0005972902262133395 -0.9999995275746414
		outer loop
			vertex -16.14307975769043 -13.678622245788574 8.907265964808175e-7
			vertex -17.214794158935547 -12.30262565612793 8.907265964808175e-7
			vertex -16.142778396606445 -13.677517890930176 0
		endloop
	endfacet
	facet normal -0.0006757216396988253 -0.0006221641619055082 -0.9999995781559217
		outer loop
			vertex -14.961012840270996 -14.961012840270996 0
			vertex -16.14307975769043 -13.678622245788574 8.907265964808175e-7
			vertex -16.142778396606445 -13.677517890930176 0
		endloop
	endfacet
	facet normal -0.0006956513797957399 -0.0006405347633160261 -0.9999995528920874
		outer loop
			vertex -14.961679458618164 -14.961679458618164 8.907265964808175e-7
			vertex -16.14307975769043 -13.678622245788574 8.907265964808175e-7
			vertex -14.961012840270996 -14.961012840270996 0
		endloop
	endfacet
	facet normal -0.0006221641619055082 -0.0006757216396988253 -0.9999995781559217
		outer loop
			vertex -13.678622245788574 -16.14307975769043 8.907265964808175e-7
			vertex -14.961012840270996 -14.961012840270996 0
			vertex -13.677517890930176 -16.142778396606445 0
		endloop
	endfacet
	facet normal -0.0006405347633160261 -0.0006956513797957399 -0.9999995528920874
		outer loop
			vertex -13.678622245788574 -16.14307975769043 8.907265964808175e-7
			vertex -14.961679458618164 -14.961679458618164 8.907265964808175e-7
			vertex -14.961012840270996 -14.961012840270996 0
		endloop
	endfacet
	facet normal -0.0005972902262133395 -0.0007668734444105097 -0.9999995275746414
		outer loop
			vertex -12.30262565612793 -17.214794158935547 8.907265964808175e-7
			vertex -13.678622245788574 -16.14307975769043 8.907265964808175e-7
			vertex -13.677517890930176 -16.142778396606445 0
		endloop
	endfacet
	facet normal -0.00054941589398063 -0.0007054731834429132 -0.9999996002248015
		outer loop
			vertex -12.301021575927734 -17.214780807495117 0
			vertex -12.30262565612793 -17.214794158935547 8.907265964808175e-7
			vertex -13.677517890930176 -16.142778396606445 0
		endloop
	endfacet
	facet normal -0.00012320546719651892 0.0008866289116544698 -0.9999995993547128
		outer loop
			vertex -3.773688316345215 20.818815231323242 0
			vertex -2.0469889640808105 21.05976104736328 8.907265964808175e-7
			vertex -2.0456066131591797 21.058948516845703 0
		endloop
	endfacet
	facet normal -0.0001339061141673441 0.0009633133730516254 -0.9999995270481372
		outer loop
			vertex -3.7744948863983154 20.81962776184082 8.907265964808175e-7
			vertex -2.0469889640808105 21.05976104736328 8.907265964808175e-7
			vertex -3.773688316345215 20.818815231323242 0
		endloop
	endfacet
	facet normal -0.00020103922275474848 0.0008966727871313627 -0.9999995777804829
		outer loop
			vertex -5.476110458374023 20.437122344970703 0
			vertex -3.7744948863983154 20.81962776184082 8.907265964808175e-7
			vertex -3.773688316345215 20.818815231323242 0
		endloop
	endfacet
	facet normal -0.0002066294469745496 0.0009215414873969241 -0.9999995540326799
		outer loop
			vertex -5.476355075836182 20.438034057617188 8.907265964808175e-7
			vertex -3.7744948863983154 20.81962776184082 8.907265964808175e-7
			vertex -5.476110458374023 20.437122344970703 0
		endloop
	endfacet
	facet normal -0.0002743832254832162 0.0008775477619317784 -0.9999995773117962
		outer loop
			vertex -7.141005516052246 19.917573928833008 8.907265964808175e-7
			vertex -5.476110458374023 20.437122344970703 0
			vertex -7.141297340393066 19.916467666625977 0
		endloop
	endfacet
	facet normal -0.00028181669324091693 0.0009013683402792639 -0.999999554057134
		outer loop
			vertex -7.141005516052246 19.917573928833008 8.907265964808175e-7
			vertex -5.476355075836182 20.438034057617188 8.907265964808175e-7
			vertex -5.476110458374023 20.437122344970703 0
		endloop
	endfacet
	facet normal -0.00036588392161876644 0.000901684973658452 -0.9999995265464701
		outer loop
			vertex -8.757136344909668 19.261783599853516 8.907265964808175e-7
			vertex -7.141005516052246 19.917573928833008 8.907265964808175e-7
			vertex -7.141297340393066 19.916467666625977 0
		endloop
	endfacet
	facet normal -0.00033616225436884325 0.0008283283246655048 -0.999999600433483
		outer loop
			vertex -8.757926940917969 19.260387420654297 0
			vertex -8.757136344909668 19.261783599853516 8.907265964808175e-7
			vertex -7.141297340393066 19.916467666625977 0
		endloop
	endfacet
	facet normal -0.2198993480184428 -0.9755225659824913 0
		outer loop
			vertex -20.176128387451172 -8.379300117492676 0.018840324133634567
			vertex -20.547212600708008 -8.29565143585205 7.161045551300049
			vertex -20.547212600708008 -8.29565143585205 0.03895439952611923
		endloop
	endfacet
	facet normal -0.24739887993109186 -0.9689125479537531 -0.0015061960719839574
		outer loop
			vertex -20.176128387451172 -8.379300117492676 0.018840324133634567
			vertex -19.95750617980957 -8.446269035339355 7.189311504364014
			vertex -20.547212600708008 -8.29565143585205 7.161045551300049
		endloop
	endfacet
	facet normal -0.3642960169709738 -0.931283012338466 -0.0006024523853213402
		outer loop
			vertex -19.813926696777344 -8.497787475585938 0.006693144794553518
			vertex -19.602378845214844 -8.58519172668457 7.197393417358398
			vertex -19.95750617980957 -8.446269035339355 7.189311504364014
		endloop
	endfacet
	facet normal -0.3108989791663829 -0.9504427715019079 0.0006023728688990189
		outer loop
			vertex -19.813926696777344 -8.497787475585938 0.006693144794553518
			vertex -19.95750617980957 -8.446269035339355 7.189311504364014
			vertex -20.176128387451172 -8.379300117492676 0.018840324133634567
		endloop
	endfacet
	facet normal -0.4506636579253166 -0.8926938262502846 0
		outer loop
			vertex -19.261783599853516 -8.757136344909668 8.907265964808175e-7
			vertex -19.261783599853516 -8.757136344909668 7.1999993324279785
			vertex -19.602378845214844 -8.58519172668457 7.197393417358398
		endloop
	endfacet
	facet normal -0.42513303586829176 -0.9051296238854795 0.0015052502583901503
		outer loop
			vertex -19.261783599853516 -8.757136344909668 8.907265964808175e-7
			vertex -19.602378845214844 -8.58519172668457 7.197393417358398
			vertex -19.813926696777344 -8.497787475585938 0.006693144794553518
		endloop
	endfacet
	facet normal -0.49274260188249036 -0.8701751135777634 0
		outer loop
			vertex -19.260387420654297 -8.757926940917969 0
			vertex -19.260387420654297 -8.757926940917969 7.199999809265137
			vertex -19.261783599853516 -8.757136344909668 7.1999993324279785
		endloop
	endfacet
	facet normal -0.4927426018824904 -0.8701751135777636 0
		outer loop
			vertex -19.260387420654297 -8.757926940917969 0
			vertex -19.261783599853516 -8.757136344909668 7.1999993324279785
			vertex -19.261783599853516 -8.757136344909668 8.907265964808175e-7
		endloop
	endfacet
	facet normal -0.582353124575388 -0.8129359373882316 0
		outer loop
			vertex -18.564083099365234 -9.256730079650879 0
			vertex -18.564083099365234 -9.256730079650879 7.199999809265137
			vertex -19.260387420654297 -8.757926940917969 7.199999809265137
		endloop
	endfacet
	facet normal -0.582353124575388 -0.8129359373882316 0
		outer loop
			vertex -18.564083099365234 -9.256730079650879 0
			vertex -19.260387420654297 -8.757926940917969 7.199999809265137
			vertex -19.260387420654297 -8.757926940917969 0
		endloop
	endfacet
	facet normal -0.7408993752385324 -0.6716160478808947 0
		outer loop
			vertex -17.98882293701172 -9.89133358001709 0
			vertex -17.98882293701172 -9.89133358001709 7.199999809265137
			vertex -18.564083099365234 -9.256730079650879 7.199999809265137
		endloop
	endfacet
	facet normal -0.86602579569162 -0.4999993211962361 0
		outer loop
			vertex -17.98882293701172 -9.89133358001709 0
			vertex -17.560558319091797 -10.633111000061035 7.199999809265137
			vertex -17.98882293701172 -9.89133358001709 7.199999809265137
		endloop
	endfacet
	facet normal -0.7408993752385324 -0.6716160478808947 0
		outer loop
			vertex -17.98882293701172 -9.89133358001709 0
			vertex -18.564083099365234 -9.256730079650879 7.199999809265137
			vertex -18.564083099365234 -9.256730079650879 0
		endloop
	endfacet
	facet normal -0.86602579569162 -0.4999993211962361 0
		outer loop
			vertex -17.560558319091797 -10.633111000061035 0
			vertex -17.560558319091797 -10.633111000061035 7.199999809265137
			vertex -17.98882293701172 -9.89133358001709 0
		endloop
	endfacet
	facet normal -0.9520859118332621 -0.30583069906179455 0
		outer loop
			vertex -17.29860496520996 -11.448601722717285 0
			vertex -17.29860496520996 -11.448601722717285 7.199999809265137
			vertex -17.560558319091797 -10.633111000061035 7.199999809265137
		endloop
	endfacet
	facet normal -0.9520859118332621 -0.30583069906179455 0
		outer loop
			vertex -17.29860496520996 -11.448601722717285 0
			vertex -17.560558319091797 -10.633111000061035 7.199999809265137
			vertex -17.560558319091797 -10.633111000061035 0
		endloop
	endfacet
	facet normal -0.9951997328501968 -0.09786466029623284 0
		outer loop
			vertex -17.214780807495117 -12.301021575927734 0
			vertex -17.214780807495117 -12.301021575927734 7.199999809265137
			vertex -17.29860496520996 -11.448601722717285 7.199999809265137
		endloop
	endfacet
	facet normal -0.9951997328501968 -0.09786466029623284 0
		outer loop
			vertex -17.214780807495117 -12.301021575927734 0
			vertex -17.29860496520996 -11.448601722717285 7.199999809265137
			vertex -17.29860496520996 -11.448601722717285 0
		endloop
	endfacet
	facet normal -0.9999653621021001 0.008323136188721403 0
		outer loop
			vertex -17.214794158935547 -12.30262565612793 8.907265964808175e-7
			vertex -17.214794158935547 -12.30262565612793 7.1999993324279785
			vertex -17.214780807495117 -12.301021575927734 7.199999809265137
		endloop
	endfacet
	facet normal -0.9984274000915923 0.056060028062282455 0
		outer loop
			vertex -17.214794158935547 -12.30262565612793 8.907265964808175e-7
			vertex -17.236183166503906 -12.683563232421875 7.197393417358398
			vertex -17.214794158935547 -12.30262565612793 7.1999993324279785
		endloop
	endfacet
	facet normal -0.9999653621021001 0.008323136188721403 0
		outer loop
			vertex -17.214794158935547 -12.30262565612793 8.907265964808175e-7
			vertex -17.214780807495117 -12.301021575927734 7.199999809265137
			vertex -17.214780807495117 -12.301021575927734 0
		endloop
	endfacet
	facet normal -0.988662761401642 0.15015186135917144 -0.000602285693026115
		outer loop
			vertex -17.266263961791992 -12.910470962524414 0.006693144794553518
			vertex -17.29343605041504 -13.060572624206543 7.189311504364014
			vertex -17.236183166503906 -12.683563232421875 7.197393417358398
		endloop
	endfacet
	facet normal -0.9964316435896781 0.08439024539218229 0.001505368998059523
		outer loop
			vertex -17.266263961791992 -12.910470962524414 0.006693144794553518
			vertex -17.236183166503906 -12.683563232421875 7.197393417358398
			vertex -17.214794158935547 -12.30262565612793 8.907265964808175e-7
		endloop
	endfacet
	facet normal -0.962802025189713 0.2702036119174228 -0.0015061199707612758
		outer loop
			vertex -17.344751358032227 -13.283390045166016 0.018840324133634567
			vertex -17.45785140991211 -13.64658260345459 7.161045551300049
			vertex -17.29343605041504 -13.060572624206543 7.189311504364014
		endloop
	endfacet
	facet normal -0.9785572267822253 0.20597424811928552 0.0006025147099478736
		outer loop
			vertex -17.344751358032227 -13.283390045166016 0.018840324133634567
			vertex -17.29343605041504 -13.060572624206543 7.189311504364014
			vertex -17.266263961791992 -12.910470962524414 0.006693144794553518
		endloop
	endfacet
	facet normal -0.9547770939599978 0.2973225535496789 0
		outer loop
			vertex -17.45785140991211 -13.64658260345459 0.03895439952611923
			vertex -17.45785140991211 -13.64658260345459 7.161045551300049
			vertex -17.344751358032227 -13.283390045166016 0.018840324133634567
		endloop
	endfacet
	facet normal -0.9755225659824913 0.2198993480184428 0
		outer loop
			vertex -8.379300117492676 20.176128387451172 0.018840324133634567
			vertex -8.29565143585205 20.547212600708008 7.161045551300049
			vertex -8.29565143585205 20.547212600708008 0.03895439952611923
		endloop
	endfacet
	facet normal -0.9689125479537531 0.24739887993109186 -0.0015061960719839574
		outer loop
			vertex -8.379300117492676 20.176128387451172 0.018840324133634567
			vertex -8.446269035339355 19.95750617980957 7.189311504364014
			vertex -8.29565143585205 20.547212600708008 7.161045551300049
		endloop
	endfacet
	facet normal -0.931283012338466 0.3642960169709738 -0.0006024523853213402
		outer loop
			vertex -8.497787475585938 19.813926696777344 0.006693144794553518
			vertex -8.58519172668457 19.602378845214844 7.197393417358398
			vertex -8.446269035339355 19.95750617980957 7.189311504364014
		endloop
	endfacet
	facet normal -0.9504427715019079 0.3108989791663829 0.0006023728688990189
		outer loop
			vertex -8.497787475585938 19.813926696777344 0.006693144794553518
			vertex -8.446269035339355 19.95750617980957 7.189311504364014
			vertex -8.379300117492676 20.176128387451172 0.018840324133634567
		endloop
	endfacet
	facet normal -0.8926938262502846 0.4506636579253166 0
		outer loop
			vertex -8.757136344909668 19.261783599853516 8.907265964808175e-7
			vertex -8.757136344909668 19.261783599853516 7.1999993324279785
			vertex -8.58519172668457 19.602378845214844 7.197393417358398
		endloop
	endfacet
	facet normal -0.9051296238854795 0.42513303586829176 0.0015052502583901503
		outer loop
			vertex -8.757136344909668 19.261783599853516 8.907265964808175e-7
			vertex -8.58519172668457 19.602378845214844 7.197393417358398
			vertex -8.497787475585938 19.813926696777344 0.006693144794553518
		endloop
	endfacet
	facet normal -0.8701751135777634 0.49274260188249036 0
		outer loop
			vertex -8.757926940917969 19.260387420654297 0
			vertex -8.757926940917969 19.260387420654297 7.199999809265137
			vertex -8.757136344909668 19.261783599853516 7.1999993324279785
		endloop
	endfacet
	facet normal -0.8701751135777636 0.4927426018824904 0
		outer loop
			vertex -8.757926940917969 19.260387420654297 0
			vertex -8.757136344909668 19.261783599853516 7.1999993324279785
			vertex -8.757136344909668 19.261783599853516 8.907265964808175e-7
		endloop
	endfacet
	facet normal -0.8129359373882316 0.582353124575388 0
		outer loop
			vertex -9.256730079650879 18.564083099365234 0
			vertex -9.256730079650879 18.564083099365234 7.199999809265137
			vertex -8.757926940917969 19.260387420654297 7.199999809265137
		endloop
	endfacet
	facet normal -0.8129359373882316 0.582353124575388 0
		outer loop
			vertex -9.256730079650879 18.564083099365234 0
			vertex -8.757926940917969 19.260387420654297 7.199999809265137
			vertex -8.757926940917969 19.260387420654297 0
		endloop
	endfacet
	facet normal -0.6716160478808947 0.7408993752385324 0
		outer loop
			vertex -9.89133358001709 17.98882293701172 0
			vertex -9.89133358001709 17.98882293701172 7.199999809265137
			vertex -9.256730079650879 18.564083099365234 7.199999809265137
		endloop
	endfacet
	facet normal -0.4999993211962361 0.86602579569162 0
		outer loop
			vertex -9.89133358001709 17.98882293701172 0
			vertex -10.633111000061035 17.560558319091797 7.199999809265137
			vertex -9.89133358001709 17.98882293701172 7.199999809265137
		endloop
	endfacet
	facet normal -0.6716160478808947 0.7408993752385324 0
		outer loop
			vertex -9.89133358001709 17.98882293701172 0
			vertex -9.256730079650879 18.564083099365234 7.199999809265137
			vertex -9.256730079650879 18.564083099365234 0
		endloop
	endfacet
	facet normal -0.4999993211962361 0.86602579569162 0
		outer loop
			vertex -10.633111000061035 17.560558319091797 0
			vertex -10.633111000061035 17.560558319091797 7.199999809265137
			vertex -9.89133358001709 17.98882293701172 0
		endloop
	endfacet
	facet normal -0.30583069906179455 0.9520859118332621 0
		outer loop
			vertex -11.448601722717285 17.29860496520996 0
			vertex -11.448601722717285 17.29860496520996 7.199999809265137
			vertex -10.633111000061035 17.560558319091797 7.199999809265137
		endloop
	endfacet
	facet normal -0.30583069906179455 0.9520859118332621 0
		outer loop
			vertex -11.448601722717285 17.29860496520996 0
			vertex -10.633111000061035 17.560558319091797 7.199999809265137
			vertex -10.633111000061035 17.560558319091797 0
		endloop
	endfacet
	facet normal -0.09786466029623284 0.9951997328501968 0
		outer loop
			vertex -12.301021575927734 17.214780807495117 0
			vertex -12.301021575927734 17.214780807495117 7.199999809265137
			vertex -11.448601722717285 17.29860496520996 7.199999809265137
		endloop
	endfacet
	facet normal -0.09786466029623284 0.9951997328501968 0
		outer loop
			vertex -12.301021575927734 17.214780807495117 0
			vertex -11.448601722717285 17.29860496520996 7.199999809265137
			vertex -11.448601722717285 17.29860496520996 0
		endloop
	endfacet
	facet normal 0.008323136188721403 0.9999653621021001 0
		outer loop
			vertex -12.30262565612793 17.214794158935547 8.907265964808175e-7
			vertex -12.30262565612793 17.214794158935547 7.1999993324279785
			vertex -12.301021575927734 17.214780807495117 7.199999809265137
		endloop
	endfacet
	facet normal 0.056060028062282455 0.9984274000915923 0
		outer loop
			vertex -12.30262565612793 17.214794158935547 8.907265964808175e-7
			vertex -12.683563232421875 17.236183166503906 7.197393417358398
			vertex -12.30262565612793 17.214794158935547 7.1999993324279785
		endloop
	endfacet
	facet normal 0.008323136188721403 0.9999653621021001 0
		outer loop
			vertex -12.30262565612793 17.214794158935547 8.907265964808175e-7
			vertex -12.301021575927734 17.214780807495117 7.199999809265137
			vertex -12.301021575927734 17.214780807495117 0
		endloop
	endfacet
	facet normal 0.15015186135917144 0.988662761401642 -0.000602285693026115
		outer loop
			vertex -12.910470962524414 17.266263961791992 0.006693144794553518
			vertex -13.060572624206543 17.29343605041504 7.189311504364014
			vertex -12.683563232421875 17.236183166503906 7.197393417358398
		endloop
	endfacet
	facet normal 0.08439024539218229 0.9964316435896781 0.001505368998059523
		outer loop
			vertex -12.910470962524414 17.266263961791992 0.006693144794553518
			vertex -12.683563232421875 17.236183166503906 7.197393417358398
			vertex -12.30262565612793 17.214794158935547 8.907265964808175e-7
		endloop
	endfacet
	facet normal 0.2702036119174228 0.962802025189713 -0.0015061199707612758
		outer loop
			vertex -13.283390045166016 17.344751358032227 0.018840324133634567
			vertex -13.64658260345459 17.45785140991211 7.161045551300049
			vertex -13.060572624206543 17.29343605041504 7.189311504364014
		endloop
	endfacet
	facet normal 0.20597424811928552 0.9785572267822253 0.0006025147099478736
		outer loop
			vertex -13.283390045166016 17.344751358032227 0.018840324133634567
			vertex -13.060572624206543 17.29343605041504 7.189311504364014
			vertex -12.910470962524414 17.266263961791992 0.006693144794553518
		endloop
	endfacet
	facet normal 0.2973225535496789 0.9547770939599978 0
		outer loop
			vertex -13.64658260345459 17.45785140991211 0.03895439952611923
			vertex -13.64658260345459 17.45785140991211 7.161045551300049
			vertex -13.283390045166016 17.344751358032227 0.018840324133634567
		endloop
	endfacet
	facet normal -0.0008866289116544698 -0.00012320546719651892 -0.9999995993547128
		outer loop
			vertex -20.818815231323242 -3.773688316345215 0
			vertex -21.05976104736328 -2.0469889640808105 8.907265964808175e-7
			vertex -21.058948516845703 -2.0456066131591797 0
		endloop
	endfacet
	facet normal -0.0009633133730516254 -0.0001339061141673441 -0.9999995270481372
		outer loop
			vertex -20.81962776184082 -3.7744948863983154 8.907265964808175e-7
			vertex -21.05976104736328 -2.0469889640808105 8.907265964808175e-7
			vertex -20.818815231323242 -3.773688316345215 0
		endloop
	endfacet
	facet normal -0.0008966727871313627 -0.00020103922275474848 -0.9999995777804829
		outer loop
			vertex -20.437122344970703 -5.476110458374023 0
			vertex -20.81962776184082 -3.7744948863983154 8.907265964808175e-7
			vertex -20.818815231323242 -3.773688316345215 0
		endloop
	endfacet
	facet normal -0.0009215414873969241 -0.0002066294469745496 -0.9999995540326799
		outer loop
			vertex -20.438034057617188 -5.476355075836182 8.907265964808175e-7
			vertex -20.81962776184082 -3.7744948863983154 8.907265964808175e-7
			vertex -20.437122344970703 -5.476110458374023 0
		endloop
	endfacet
	facet normal -0.0008775477619317784 -0.0002743832254832162 -0.9999995773117962
		outer loop
			vertex -19.917573928833008 -7.141005516052246 8.907265964808175e-7
			vertex -20.437122344970703 -5.476110458374023 0
			vertex -19.916467666625977 -7.141297340393066 0
		endloop
	endfacet
	facet normal -0.0009013683402792639 -0.00028181669324091693 -0.999999554057134
		outer loop
			vertex -19.917573928833008 -7.141005516052246 8.907265964808175e-7
			vertex -20.438034057617188 -5.476355075836182 8.907265964808175e-7
			vertex -20.437122344970703 -5.476110458374023 0
		endloop
	endfacet
	facet normal -0.000901684973658452 -0.00036588392161876644 -0.9999995265464701
		outer loop
			vertex -19.261783599853516 -8.757136344909668 8.907265964808175e-7
			vertex -19.917573928833008 -7.141005516052246 8.907265964808175e-7
			vertex -19.916467666625977 -7.141297340393066 0
		endloop
	endfacet
	facet normal -0.0008283283246655048 -0.00033616225436884325 -0.999999600433483
		outer loop
			vertex -19.260387420654297 -8.757926940917969 0
			vertex -19.261783599853516 -8.757136344909668 8.907265964808175e-7
			vertex -19.916467666625977 -7.141297340393066 0
		endloop
	endfacet
	facet normal -0.00054941589398063 0.0007054731834429132 -0.9999996002248015
		outer loop
			vertex -13.677517890930176 16.142778396606445 0
			vertex -12.30262565612793 17.214794158935547 8.907265964808175e-7
			vertex -12.301021575927734 17.214780807495117 0
		endloop
	endfacet
	facet normal -0.0005972902262133395 0.0007668734444105097 -0.9999995275746414
		outer loop
			vertex -13.678622245788574 16.14307975769043 8.907265964808175e-7
			vertex -12.30262565612793 17.214794158935547 8.907265964808175e-7
			vertex -13.677517890930176 16.142778396606445 0
		endloop
	endfacet
	facet normal -0.0006221641619055082 0.0006757216396988253 -0.9999995781559217
		outer loop
			vertex -14.961012840270996 14.961012840270996 0
			vertex -13.678622245788574 16.14307975769043 8.907265964808175e-7
			vertex -13.677517890930176 16.142778396606445 0
		endloop
	endfacet
	facet normal -0.0006405347633160261 0.0006956513797957399 -0.9999995528920874
		outer loop
			vertex -14.961679458618164 14.961679458618164 8.907265964808175e-7
			vertex -13.678622245788574 16.14307975769043 8.907265964808175e-7
			vertex -14.961012840270996 14.961012840270996 0
		endloop
	endfacet
	facet normal -0.0006757216396988253 0.0006221641619055082 -0.9999995781559217
		outer loop
			vertex -16.14307975769043 13.678622245788574 8.907265964808175e-7
			vertex -14.961012840270996 14.961012840270996 0
			vertex -16.142778396606445 13.677517890930176 0
		endloop
	endfacet
	facet normal -0.0006956513797957399 0.0006405347633160261 -0.9999995528920874
		outer loop
			vertex -16.14307975769043 13.678622245788574 8.907265964808175e-7
			vertex -14.961679458618164 14.961679458618164 8.907265964808175e-7
			vertex -14.961012840270996 14.961012840270996 0
		endloop
	endfacet
	facet normal -0.0007668734444105097 0.0005972902262133395 -0.9999995275746414
		outer loop
			vertex -17.214794158935547 12.30262565612793 8.907265964808175e-7
			vertex -16.14307975769043 13.678622245788574 8.907265964808175e-7
			vertex -16.142778396606445 13.677517890930176 0
		endloop
	endfacet
	facet normal -0.0007054731834429132 0.00054941589398063 -0.9999996002248015
		outer loop
			vertex -17.214780807495117 12.301021575927734 0
			vertex -17.214794158935547 12.30262565612793 8.907265964808175e-7
			vertex -16.142778396606445 13.677517890930176 0
		endloop
	endfacet
	facet normal -0.6782010400994832 -0.7348764176431158 0
		outer loop
			vertex -21.662691116333008 2.8313775062561035 0.018840324133634567
			vertex -21.94223403930664 3.0893614292144775 7.161045551300049
			vertex -21.94223403930664 3.0893614292144775 0.03895439952611923
		endloop
	endfacet
	facet normal -0.6987095484071293 -0.7154038710675282 -0.0015060631795896665
		outer loop
			vertex -21.662691116333008 2.8313775062561035 0.018840324133634567
			vertex -21.5068416595459 2.664069652557373 7.189311504364014
			vertex -21.94223403930664 3.0893614292144775 7.161045551300049
		endloop
	endfacet
	facet normal -0.7811324274137914 -0.6243650918494071 -0.0006024305100551221
		outer loop
			vertex -21.40825843811035 2.547664165496826 0.006693144794553518
			vertex -21.268754959106445 2.3661956787109375 7.197393417358398
			vertex -21.5068416595459 2.664069652557373 7.189311504364014
		endloop
	endfacet
	facet normal -0.7444664931412321 -0.6676595521797414 0.000602472524752334
		outer loop
			vertex -21.40825843811035 2.547664165496826 0.006693144794553518
			vertex -21.5068416595459 2.664069652557373 7.189311504364014
			vertex -21.662691116333008 2.8313775062561035 0.018840324133634567
		endloop
	endfacet
	facet normal -0.8366311222439498 -0.5477667069956235 0
		outer loop
			vertex -21.05976104736328 2.0469889640808105 8.907265964808175e-7
			vertex -21.05976104736328 2.0469889640808105 7.1999993324279785
			vertex -21.268754959106445 2.3661956787109375 7.197393417358398
		endloop
	endfacet
	facet normal -0.8207398839127024 -0.5713000765512376 0.0015051536513021302
		outer loop
			vertex -21.05976104736328 2.0469889640808105 8.907265964808175e-7
			vertex -21.268754959106445 2.3661956787109375 7.197393417358398
			vertex -21.40825843811035 2.547664165496826 0.006693144794553518
		endloop
	endfacet
	facet normal -0.8621023513569334 -0.5067341865168038 0
		outer loop
			vertex -21.058948516845703 2.0456066131591797 0
			vertex -21.058948516845703 2.0456066131591797 7.199999809265137
			vertex -21.05976104736328 2.0469889640808105 7.1999993324279785
		endloop
	endfacet
	facet normal -0.8621023513569334 -0.5067341865168038 0
		outer loop
			vertex -21.058948516845703 2.0456066131591797 0
			vertex -21.05976104736328 2.0469889640808105 7.1999993324279785
			vertex -21.05976104736328 2.0469889640808105 8.907265964808175e-7
		endloop
	endfacet
	facet normal -0.9108002031276171 -0.4128474173138198 0
		outer loop
			vertex -20.705331802368164 1.2654777765274048 0
			vertex -20.705331802368164 1.2654777765274048 7.199999809265137
			vertex -21.058948516845703 2.0456066131591797 7.199999809265137
		endloop
	endfacet
	facet normal -0.9108002031276171 -0.4128474173138198 0
		outer loop
			vertex -20.705331802368164 1.2654777765274048 0
			vertex -21.058948516845703 2.0456066131591797 7.199999809265137
			vertex -21.058948516845703 2.0456066131591797 0
		endloop
	endfacet
	facet normal -0.9774459096608226 -0.21118592208603124 0
		outer loop
			vertex -20.524444580078125 0.42826536297798157 0
			vertex -20.524444580078125 0.42826536297798157 7.199999809265137
			vertex -20.705331802368164 1.2654777765274048 7.199999809265137
		endloop
	endfacet
	facet normal -1 0 0
		outer loop
			vertex -20.524444580078125 0.42826536297798157 0
			vertex -20.524444580078125 -0.42826536297798157 7.199999809265137
			vertex -20.524444580078125 0.42826536297798157 7.199999809265137
		endloop
	endfacet
	facet normal -0.9774459096608226 -0.21118592208603124 0
		outer loop
			vertex -20.524444580078125 0.42826536297798157 0
			vertex -20.705331802368164 1.2654777765274048 7.199999809265137
			vertex -20.705331802368164 1.2654777765274048 0
		endloop
	endfacet
	facet normal -1 0 0
		outer loop
			vertex -20.524444580078125 -0.42826536297798157 0
			vertex -20.524444580078125 -0.42826536297798157 7.199999809265137
			vertex -20.524444580078125 0.42826536297798157 0
		endloop
	endfacet
	facet normal -0.9774459096608226 0.21118592208603124 0
		outer loop
			vertex -20.705331802368164 -1.2654777765274048 0
			vertex -20.705331802368164 -1.2654777765274048 7.199999809265137
			vertex -20.524444580078125 -0.42826536297798157 7.199999809265137
		endloop
	endfacet
	facet normal -0.9774459096608226 0.21118592208603124 0
		outer loop
			vertex -20.705331802368164 -1.2654777765274048 0
			vertex -20.524444580078125 -0.42826536297798157 7.199999809265137
			vertex -20.524444580078125 -0.42826536297798157 0
		endloop
	endfacet
	facet normal -0.9108002031276171 0.4128474173138198 0
		outer loop
			vertex -21.058948516845703 -2.0456066131591797 0
			vertex -21.058948516845703 -2.0456066131591797 7.199999809265137
			vertex -20.705331802368164 -1.2654777765274048 7.199999809265137
		endloop
	endfacet
	facet normal -0.9108002031276171 0.4128474173138198 0
		outer loop
			vertex -21.058948516845703 -2.0456066131591797 0
			vertex -20.705331802368164 -1.2654777765274048 7.199999809265137
			vertex -20.705331802368164 -1.2654777765274048 0
		endloop
	endfacet
	facet normal -0.8621023513569334 0.5067341865168038 0
		outer loop
			vertex -21.05976104736328 -2.0469889640808105 8.907265964808175e-7
			vertex -21.05976104736328 -2.0469889640808105 7.1999993324279785
			vertex -21.058948516845703 -2.0456066131591797 7.199999809265137
		endloop
	endfacet
	facet normal -0.8366311222439498 0.5477667069956235 0
		outer loop
			vertex -21.05976104736328 -2.0469889640808105 8.907265964808175e-7
			vertex -21.268754959106445 -2.3661956787109375 7.197393417358398
			vertex -21.05976104736328 -2.0469889640808105 7.1999993324279785
		endloop
	endfacet
	facet normal -0.8621023513569334 0.5067341865168038 0
		outer loop
			vertex -21.05976104736328 -2.0469889640808105 8.907265964808175e-7
			vertex -21.058948516845703 -2.0456066131591797 7.199999809265137
			vertex -21.058948516845703 -2.0456066131591797 0
		endloop
	endfacet
	facet normal -0.7811324274137914 0.6243650918494071 -0.0006024305100551221
		outer loop
			vertex -21.40825843811035 -2.547664165496826 0.006693144794553518
			vertex -21.5068416595459 -2.664069652557373 7.189311504364014
			vertex -21.268754959106445 -2.3661956787109375 7.197393417358398
		endloop
	endfacet
	facet normal -0.8207398839127024 0.5713000765512376 0.0015051536513021302
		outer loop
			vertex -21.40825843811035 -2.547664165496826 0.006693144794553518
			vertex -21.268754959106445 -2.3661956787109375 7.197393417358398
			vertex -21.05976104736328 -2.0469889640808105 8.907265964808175e-7
		endloop
	endfacet
	facet normal -0.6987095484071293 0.7154038710675282 -0.0015060631795896665
		outer loop
			vertex -21.662691116333008 -2.8313775062561035 0.018840324133634567
			vertex -21.94223403930664 -3.0893614292144775 7.161045551300049
			vertex -21.5068416595459 -2.664069652557373 7.189311504364014
		endloop
	endfacet
	facet normal -0.7444664931412321 0.6676595521797414 0.000602472524752334
		outer loop
			vertex -21.662691116333008 -2.8313775062561035 0.018840324133634567
			vertex -21.5068416595459 -2.664069652557373 7.189311504364014
			vertex -21.40825843811035 -2.547664165496826 0.006693144794553518
		endloop
	endfacet
	facet normal -0.6782010400994832 0.7348764176431158 0
		outer loop
			vertex -21.94223403930664 -3.0893614292144775 0.03895439952611923
			vertex -21.94223403930664 -3.0893614292144775 7.161045551300049
			vertex -21.662691116333008 -2.8313775062561035 0.018840324133634567
		endloop
	endfacet
	facet normal -0.9547770939599978 -0.2973225535496789 0
		outer loop
			vertex -17.344751358032227 13.283390045166016 0.018840324133634567
			vertex -17.45785140991211 13.64658260345459 7.161045551300049
			vertex -17.45785140991211 13.64658260345459 0.03895439952611923
		endloop
	endfacet
	facet normal -0.962802025189713 -0.2702036119174228 -0.0015061199707612758
		outer loop
			vertex -17.344751358032227 13.283390045166016 0.018840324133634567
			vertex -17.29343605041504 13.060572624206543 7.189311504364014
			vertex -17.45785140991211 13.64658260345459 7.161045551300049
		endloop
	endfacet
	facet normal -0.988662761401642 -0.15015186135917144 -0.000602285693026115
		outer loop
			vertex -17.266263961791992 12.910470962524414 0.006693144794553518
			vertex -17.236183166503906 12.683563232421875 7.197393417358398
			vertex -17.29343605041504 13.060572624206543 7.189311504364014
		endloop
	endfacet
	facet normal -0.9785572267822253 -0.20597424811928552 0.0006025147099478736
		outer loop
			vertex -17.266263961791992 12.910470962524414 0.006693144794553518
			vertex -17.29343605041504 13.060572624206543 7.189311504364014
			vertex -17.344751358032227 13.283390045166016 0.018840324133634567
		endloop
	endfacet
	facet normal -0.9984274000915923 -0.056060028062282455 0
		outer loop
			vertex -17.214794158935547 12.30262565612793 8.907265964808175e-7
			vertex -17.214794158935547 12.30262565612793 7.1999993324279785
			vertex -17.236183166503906 12.683563232421875 7.197393417358398
		endloop
	endfacet
	facet normal -0.9964316435896781 -0.08439024539218229 0.001505368998059523
		outer loop
			vertex -17.214794158935547 12.30262565612793 8.907265964808175e-7
			vertex -17.236183166503906 12.683563232421875 7.197393417358398
			vertex -17.266263961791992 12.910470962524414 0.006693144794553518
		endloop
	endfacet
	facet normal -0.9999653621021001 -0.008323136188721403 0
		outer loop
			vertex -17.214780807495117 12.301021575927734 0
			vertex -17.214780807495117 12.301021575927734 7.199999809265137
			vertex -17.214794158935547 12.30262565612793 7.1999993324279785
		endloop
	endfacet
	facet normal -0.9999653621021001 -0.008323136188721403 0
		outer loop
			vertex -17.214780807495117 12.301021575927734 0
			vertex -17.214794158935547 12.30262565612793 7.1999993324279785
			vertex -17.214794158935547 12.30262565612793 8.907265964808175e-7
		endloop
	endfacet
	facet normal -0.9951997328501968 0.09786466029623284 0
		outer loop
			vertex -17.29860496520996 11.448601722717285 0
			vertex -17.29860496520996 11.448601722717285 7.199999809265137
			vertex -17.214780807495117 12.301021575927734 7.199999809265137
		endloop
	endfacet
	facet normal -0.9951997328501968 0.09786466029623284 0
		outer loop
			vertex -17.29860496520996 11.448601722717285 0
			vertex -17.214780807495117 12.301021575927734 7.199999809265137
			vertex -17.214780807495117 12.301021575927734 0
		endloop
	endfacet
	facet normal -0.9520859118332621 0.30583069906179455 0
		outer loop
			vertex -17.560558319091797 10.633111000061035 0
			vertex -17.560558319091797 10.633111000061035 7.199999809265137
			vertex -17.29860496520996 11.448601722717285 7.199999809265137
		endloop
	endfacet
	facet normal -0.86602579569162 0.4999993211962361 0
		outer loop
			vertex -17.560558319091797 10.633111000061035 0
			vertex -17.98882293701172 9.89133358001709 7.199999809265137
			vertex -17.560558319091797 10.633111000061035 7.199999809265137
		endloop
	endfacet
	facet normal -0.9520859118332621 0.30583069906179455 0
		outer loop
			vertex -17.560558319091797 10.633111000061035 0
			vertex -17.29860496520996 11.448601722717285 7.199999809265137
			vertex -17.29860496520996 11.448601722717285 0
		endloop
	endfacet
	facet normal -0.86602579569162 0.4999993211962361 0
		outer loop
			vertex -17.98882293701172 9.89133358001709 0
			vertex -17.98882293701172 9.89133358001709 7.199999809265137
			vertex -17.560558319091797 10.633111000061035 0
		endloop
	endfacet
	facet normal -0.7408993752385324 0.6716160478808947 0
		outer loop
			vertex -18.564083099365234 9.256730079650879 0
			vertex -18.564083099365234 9.256730079650879 7.199999809265137
			vertex -17.98882293701172 9.89133358001709 7.199999809265137
		endloop
	endfacet
	facet normal -0.582353124575388 0.8129359373882316 0
		outer loop
			vertex -18.564083099365234 9.256730079650879 0
			vertex -19.260387420654297 8.757926940917969 7.199999809265137
			vertex -18.564083099365234 9.256730079650879 7.199999809265137
		endloop
	endfacet
	facet normal -0.7408993752385324 0.6716160478808947 0
		outer loop
			vertex -18.564083099365234 9.256730079650879 0
			vertex -17.98882293701172 9.89133358001709 7.199999809265137
			vertex -17.98882293701172 9.89133358001709 0
		endloop
	endfacet
	facet normal -0.582353124575388 0.8129359373882316 0
		outer loop
			vertex -19.260387420654297 8.757926940917969 0
			vertex -19.260387420654297 8.757926940917969 7.199999809265137
			vertex -18.564083099365234 9.256730079650879 0
		endloop
	endfacet
	facet normal -0.4927426018824904 0.8701751135777636 0
		outer loop
			vertex -19.261783599853516 8.757136344909668 8.907265964808175e-7
			vertex -19.261783599853516 8.757136344909668 7.1999993324279785
			vertex -19.260387420654297 8.757926940917969 7.199999809265137
		endloop
	endfacet
	facet normal -0.4506636579253166 0.8926938262502846 0
		outer loop
			vertex -19.261783599853516 8.757136344909668 8.907265964808175e-7
			vertex -19.602378845214844 8.58519172668457 7.197393417358398
			vertex -19.261783599853516 8.757136344909668 7.1999993324279785
		endloop
	endfacet
	facet normal -0.49274260188249036 0.8701751135777634 0
		outer loop
			vertex -19.261783599853516 8.757136344909668 8.907265964808175e-7
			vertex -19.260387420654297 8.757926940917969 7.199999809265137
			vertex -19.260387420654297 8.757926940917969 0
		endloop
	endfacet
	facet normal -0.3642960169709738 0.931283012338466 -0.0006024523853213402
		outer loop
			vertex -19.813926696777344 8.497787475585938 0.006693144794553518
			vertex -19.95750617980957 8.446269035339355 7.189311504364014
			vertex -19.602378845214844 8.58519172668457 7.197393417358398
		endloop
	endfacet
	facet normal -0.42513303586829176 0.9051296238854795 0.0015052502583901503
		outer loop
			vertex -19.813926696777344 8.497787475585938 0.006693144794553518
			vertex -19.602378845214844 8.58519172668457 7.197393417358398
			vertex -19.261783599853516 8.757136344909668 8.907265964808175e-7
		endloop
	endfacet
	facet normal -0.24739887993109186 0.9689125479537531 -0.0015061960719839574
		outer loop
			vertex -20.176128387451172 8.379300117492676 0.018840324133634567
			vertex -20.547212600708008 8.29565143585205 7.161045551300049
			vertex -19.95750617980957 8.446269035339355 7.189311504364014
		endloop
	endfacet
	facet normal -0.3108989791663829 0.9504427715019079 0.0006023728688990189
		outer loop
			vertex -20.176128387451172 8.379300117492676 0.018840324133634567
			vertex -19.95750617980957 8.446269035339355 7.189311504364014
			vertex -19.813926696777344 8.497787475585938 0.006693144794553518
		endloop
	endfacet
	facet normal -0.2198993480184428 0.9755225659824913 0
		outer loop
			vertex -20.547212600708008 8.29565143585205 0.03895439952611923
			vertex -20.547212600708008 8.29565143585205 7.161045551300049
			vertex -20.176128387451172 8.379300117492676 0.018840324133634567
		endloop
	endfacet
	facet normal -0.0008283283246655048 0.00033616225436884325 -0.999999600433483
		outer loop
			vertex -19.916467666625977 7.141297340393066 0
			vertex -19.261783599853516 8.757136344909668 8.907265964808175e-7
			vertex -19.260387420654297 8.757926940917969 0
		endloop
	endfacet
	facet normal -0.000901684973658452 0.00036588392161876644 -0.9999995265464701
		outer loop
			vertex -19.917573928833008 7.141005516052246 8.907265964808175e-7
			vertex -19.261783599853516 8.757136344909668 8.907265964808175e-7
			vertex -19.916467666625977 7.141297340393066 0
		endloop
	endfacet
	facet normal -0.0008775477619317784 0.0002743832254832162 -0.9999995773117962
		outer loop
			vertex -20.437122344970703 5.476110458374023 0
			vertex -19.917573928833008 7.141005516052246 8.907265964808175e-7
			vertex -19.916467666625977 7.141297340393066 0
		endloop
	endfacet
	facet normal -0.0009013683402792639 0.00028181669324091693 -0.999999554057134
		outer loop
			vertex -20.438034057617188 5.476355075836182 8.907265964808175e-7
			vertex -19.917573928833008 7.141005516052246 8.907265964808175e-7
			vertex -20.437122344970703 5.476110458374023 0
		endloop
	endfacet
	facet normal -0.0008966727871313627 0.00020103922275474848 -0.9999995777804829
		outer loop
			vertex -20.81962776184082 3.7744948863983154 8.907265964808175e-7
			vertex -20.437122344970703 5.476110458374023 0
			vertex -20.818815231323242 3.773688316345215 0
		endloop
	endfacet
	facet normal -0.0009215414873969241 0.0002066294469745496 -0.9999995540326799
		outer loop
			vertex -20.81962776184082 3.7744948863983154 8.907265964808175e-7
			vertex -20.438034057617188 5.476355075836182 8.907265964808175e-7
			vertex -20.437122344970703 5.476110458374023 0
		endloop
	endfacet
	facet normal -0.0009633133730516254 0.0001339061141673441 -0.9999995270481372
		outer loop
			vertex -21.05976104736328 2.0469889640808105 8.907265964808175e-7
			vertex -20.81962776184082 3.7744948863983154 8.907265964808175e-7
			vertex -20.818815231323242 3.773688316345215 0
		endloop
	endfacet
	facet normal -0.0008866289116544698 0.00012320546719651892 -0.9999995993547128
		outer loop
			vertex -21.058948516845703 2.0456066131591797 0
			vertex -21.05976104736328 2.0469889640808105 8.907265964808175e-7
			vertex -20.818815231323242 3.773688316345215 0
		endloop
	endfacet
	facet normal -0.9927088794915621 -0.12053663583578046 7.380740265816837e-18
		outer loop
			vertex 2.427354574203491 0.5982891321182251 0
			vertex 2.5 -6.123233998228043e-16 -10
			vertex 2.5 0 0
		endloop
	endfacet
	facet normal -0.9927088794915622 -0.12053663583578035 0
		outer loop
			vertex 2.427354574203491 0.5982891321182251 0
			vertex 2.427354574203491 0.5982891321182251 -10
			vertex 2.5 -6.123233998228043e-16 -10
		endloop
	endfacet
	facet normal -0.9350161751516798 -0.35460506511430945 0
		outer loop
			vertex 2.213639974594116 1.161807894706726 0
			vertex 2.213639974594116 1.161807894706726 -10
			vertex 2.427354574203491 0.5982891321182251 -10
		endloop
	endfacet
	facet normal -0.9350161751516798 -0.35460506511430945 0
		outer loop
			vertex 2.213639974594116 1.161807894706726 0
			vertex 2.427354574203491 0.5982891321182251 -10
			vertex 2.427354574203491 0.5982891321182251 0
		endloop
	endfacet
	facet normal -0.8229839369732985 -0.5680646437545025 0
		outer loop
			vertex 1.87127685546875 1.657806634902954 0
			vertex 1.87127685546875 1.657806634902954 -10
			vertex 2.213639974594116 1.161807894706726 -10
		endloop
	endfacet
	facet normal -0.6631225942758643 -0.7485108048390802 0
		outer loop
			vertex 1.87127685546875 1.657806634902954 0
			vertex 1.4201618432998657 2.057459592819214 -10
			vertex 1.87127685546875 1.657806634902954 -10
		endloop
	endfacet
	facet normal -0.8229839369732985 -0.5680646437545025 0
		outer loop
			vertex 1.87127685546875 1.657806634902954 0
			vertex 2.213639974594116 1.161807894706726 -10
			vertex 2.213639974594116 1.161807894706726 0
		endloop
	endfacet
	facet normal -0.6631225942758643 -0.7485108048390802 0
		outer loop
			vertex 1.4201618432998657 2.057459592819214 0
			vertex 1.4201618432998657 2.057459592819214 -10
			vertex 1.87127685546875 1.657806634902954 0
		endloop
	endfacet
	facet normal -0.46472330900616987 -0.885455953769783 0
		outer loop
			vertex 0.8865122199058533 2.337540626525879 0
			vertex 0.8865122199058533 2.337540626525879 -10
			vertex 1.4201618432998657 2.057459592819214 -10
		endloop
	endfacet
	facet normal -0.46472330900616987 -0.885455953769783 0
		outer loop
			vertex 0.8865122199058533 2.337540626525879 0
			vertex 1.4201618432998657 2.057459592819214 -10
			vertex 1.4201618432998657 2.057459592819214 0
		endloop
	endfacet
	facet normal -0.23931563560783145 -0.9709418244949692 0
		outer loop
			vertex 0.301341712474823 2.4817721843719482 0
			vertex 0.301341712474823 2.4817721843719482 -10
			vertex 0.8865122199058533 2.337540626525879 -10
		endloop
	endfacet
	facet normal 0 -1 0
		outer loop
			vertex 0.301341712474823 2.4817721843719482 0
			vertex -0.301341712474823 2.4817721843719482 -10
			vertex 0.301341712474823 2.4817721843719482 -10
		endloop
	endfacet
	facet normal -0.23931563560783145 -0.9709418244949692 0
		outer loop
			vertex 0.301341712474823 2.4817721843719482 0
			vertex 0.8865122199058533 2.337540626525879 -10
			vertex 0.8865122199058533 2.337540626525879 0
		endloop
	endfacet
	facet normal 0.23931563560783145 -0.9709418244949692 0
		outer loop
			vertex -0.301341712474823 2.4817721843719482 0
			vertex -0.8865122199058533 2.337540626525879 -10
			vertex -0.301341712474823 2.4817721843719482 -10
		endloop
	endfacet
	facet normal 0 -1 0
		outer loop
			vertex -0.301341712474823 2.4817721843719482 0
			vertex -0.301341712474823 2.4817721843719482 -10
			vertex 0.301341712474823 2.4817721843719482 0
		endloop
	endfacet
	facet normal 0.23931563560783145 -0.9709418244949692 0
		outer loop
			vertex -0.8865122199058533 2.337540626525879 0
			vertex -0.8865122199058533 2.337540626525879 -10
			vertex -0.301341712474823 2.4817721843719482 0
		endloop
	endfacet
	facet normal 0.46472330900616987 -0.885455953769783 0
		outer loop
			vertex -1.4201618432998657 2.057459592819214 0
			vertex -1.4201618432998657 2.057459592819214 -10
			vertex -0.8865122199058533 2.337540626525879 -10
		endloop
	endfacet
	facet normal 0.46472330900616987 -0.885455953769783 0
		outer loop
			vertex -1.4201618432998657 2.057459592819214 0
			vertex -0.8865122199058533 2.337540626525879 -10
			vertex -0.8865122199058533 2.337540626525879 0
		endloop
	endfacet
	facet normal 0.6631225942758643 -0.7485108048390802 0
		outer loop
			vertex -1.87127685546875 1.657806634902954 0
			vertex -1.87127685546875 1.657806634902954 -10
			vertex -1.4201618432998657 2.057459592819214 -10
		endloop
	endfacet
	facet normal 0.6631225942758643 -0.7485108048390802 0
		outer loop
			vertex -1.87127685546875 1.657806634902954 0
			vertex -1.4201618432998657 2.057459592819214 -10
			vertex -1.4201618432998657 2.057459592819214 0
		endloop
	endfacet
	facet normal 0.8229839369732985 -0.5680646437545025 0
		outer loop
			vertex -2.213639974594116 1.161807894706726 0
			vertex -1.87127685546875 1.657806634902954 -10
			vertex -1.87127685546875 1.657806634902954 0
		endloop
	endfacet
	facet normal 0.8229839369732985 -0.5680646437545025 0
		outer loop
			vertex -2.213639974594116 1.161807894706726 0
			vertex -2.213639974594116 1.161807894706726 -10
			vertex -1.87127685546875 1.657806634902954 -10
		endloop
	endfacet
	facet normal 0.9350161751516798 -0.35460506511430945 0
		outer loop
			vertex -2.427354574203491 0.5982891321182251 0
			vertex -2.213639974594116 1.161807894706726 -10
			vertex -2.213639974594116 1.161807894706726 0
		endloop
	endfacet
	facet normal 0.9350161751516798 -0.35460506511430945 0
		outer loop
			vertex -2.427354574203491 0.5982891321182251 0
			vertex -2.427354574203491 0.5982891321182251 -10
			vertex -2.213639974594116 1.161807894706726 -10
		endloop
	endfacet
	facet normal 0.992708879491562 -0.120536635835781 0
		outer loop
			vertex -2.5 2.5266078021012744e-15 0
			vertex -2.427354574203491 0.5982891321182251 -10
			vertex -2.427354574203491 0.5982891321182251 0
		endloop
	endfacet
	facet normal 0.992708879491562 -0.120536635835781 0
		outer loop
			vertex -2.5 2.5266078021012744e-15 0
			vertex -2.5 2.5266078021012744e-15 -10
			vertex -2.427354574203491 0.5982891321182251 -10
		endloop
	endfacet
	facet normal 0.9927088794915621 0.12053663583577996 0
		outer loop
			vertex -2.427354574203491 -0.5982891321182251 0
			vertex -2.5 2.5266078021012744e-15 -10
			vertex -2.5 2.5266078021012744e-15 0
		endloop
	endfacet
	facet normal 0.9927088794915621 0.12053663583577996 0
		outer loop
			vertex -2.427354574203491 -0.5982891321182251 0
			vertex -2.427354574203491 -0.5982891321182251 -10
			vertex -2.5 2.5266078021012744e-15 -10
		endloop
	endfacet
	facet normal 0.9350161751516798 0.35460506511430945 0
		outer loop
			vertex -2.213639974594116 -1.161807894706726 0
			vertex -2.427354574203491 -0.5982891321182251 -10
			vertex -2.427354574203491 -0.5982891321182251 0
		endloop
	endfacet
	facet normal 0.9350161751516798 0.35460506511430945 0
		outer loop
			vertex -2.213639974594116 -1.161807894706726 0
			vertex -2.213639974594116 -1.161807894706726 -10
			vertex -2.427354574203491 -0.5982891321182251 -10
		endloop
	endfacet
	facet normal 0.8229839369732985 0.5680646437545025 0
		outer loop
			vertex -1.87127685546875 -1.657806634902954 0
			vertex -2.213639974594116 -1.161807894706726 -10
			vertex -2.213639974594116 -1.161807894706726 0
		endloop
	endfacet
	facet normal 0.8229839369732985 0.5680646437545025 0
		outer loop
			vertex -1.87127685546875 -1.657806634902954 0
			vertex -1.87127685546875 -1.657806634902954 -10
			vertex -2.213639974594116 -1.161807894706726 -10
		endloop
	endfacet
	facet normal 0.6631225942758643 0.7485108048390802 0
		outer loop
			vertex -1.4201618432998657 -2.057459592819214 0
			vertex -1.87127685546875 -1.657806634902954 -10
			vertex -1.87127685546875 -1.657806634902954 0
		endloop
	endfacet
	facet normal 0.6631225942758643 0.7485108048390802 0
		outer loop
			vertex -1.4201618432998657 -2.057459592819214 0
			vertex -1.4201618432998657 -2.057459592819214 -10
			vertex -1.87127685546875 -1.657806634902954 -10
		endloop
	endfacet
	facet normal 0.46472330900616987 0.885455953769783 0
		outer loop
			vertex -1.4201618432998657 -2.057459592819214 0
			vertex -0.8865122199058533 -2.337540626525879 -10
			vertex -1.4201618432998657 -2.057459592819214 -10
		endloop
	endfacet
	facet normal 0.46472330900616987 0.885455953769783 0
		outer loop
			vertex -0.8865122199058533 -2.337540626525879 0
			vertex -0.8865122199058533 -2.337540626525879 -10
			vertex -1.4201618432998657 -2.057459592819214 0
		endloop
	endfacet
	facet normal 0.23931563560783145 0.9709418244949692 0
		outer loop
			vertex -0.301341712474823 -2.4817721843719482 0
			vertex -0.8865122199058533 -2.337540626525879 -10
			vertex -0.8865122199058533 -2.337540626525879 0
		endloop
	endfacet
	facet normal 0.23931563560783145 0.9709418244949692 0
		outer loop
			vertex -0.301341712474823 -2.4817721843719482 0
			vertex -0.301341712474823 -2.4817721843719482 -10
			vertex -0.8865122199058533 -2.337540626525879 -10
		endloop
	endfacet
	facet normal 0 1 0
		outer loop
			vertex 0.301341712474823 -2.4817721843719482 0
			vertex -0.301341712474823 -2.4817721843719482 -10
			vertex -0.301341712474823 -2.4817721843719482 0
		endloop
	endfacet
	facet normal 0 1 0
		outer loop
			vertex 0.301341712474823 -2.4817721843719482 0
			vertex 0.301341712474823 -2.4817721843719482 -10
			vertex -0.301341712474823 -2.4817721843719482 -10
		endloop
	endfacet
	facet normal -0.23931563560783145 0.9709418244949692 0
		outer loop
			vertex 0.8865122199058533 -2.337540626525879 0
			vertex 0.301341712474823 -2.4817721843719482 -10
			vertex 0.301341712474823 -2.4817721843719482 0
		endloop
	endfacet
	facet normal -0.23931563560783145 0.9709418244949692 0
		outer loop
			vertex 0.8865122199058533 -2.337540626525879 0
			vertex 0.8865122199058533 -2.337540626525879 -10
			vertex 0.301341712474823 -2.4817721843719482 -10
		endloop
	endfacet
	facet normal -0.46472330900616987 0.885455953769783 0
		outer loop
			vertex 0.8865122199058533 -2.337540626525879 0
			vertex 1.4201618432998657 -2.057459592819214 -10
			vertex 0.8865122199058533 -2.337540626525879 -10
		endloop
	endfacet
	facet normal -0.46472330900616987 0.885455953769783 0
		outer loop
			vertex 1.4201618432998657 -2.057459592819214 0
			vertex 1.4201618432998657 -2.057459592819214 -10
			vertex 0.8865122199058533 -2.337540626525879 0
		endloop
	endfacet
	facet normal -0.6631225942758643 0.7485108048390802 0
		outer loop
			vertex 1.87127685546875 -1.657806634902954 0
			vertex 1.4201618432998657 -2.057459592819214 -10
			vertex 1.4201618432998657 -2.057459592819214 0
		endloop
	endfacet
	facet normal -0.6631225942758643 0.7485108048390802 0
		outer loop
			vertex 1.87127685546875 -1.657806634902954 0
			vertex 1.87127685546875 -1.657806634902954 -10
			vertex 1.4201618432998657 -2.057459592819214 -10
		endloop
	endfacet
	facet normal -0.8229839369732985 0.5680646437545025 0
		outer loop
			vertex 2.213639974594116 -1.161807894706726 0
			vertex 1.87127685546875 -1.657806634902954 -10
			vertex 1.87127685546875 -1.657806634902954 0
		endloop
	endfacet
	facet normal -0.8229839369732985 0.5680646437545025 0
		outer loop
			vertex 2.213639974594116 -1.161807894706726 0
			vertex 2.213639974594116 -1.161807894706726 -10
			vertex 1.87127685546875 -1.657806634902954 -10
		endloop
	endfacet
	facet normal -0.9350161751516798 0.35460506511430945 0
		outer loop
			vertex 2.427354574203491 -0.5982891321182251 0
			vertex 2.427354574203491 -0.5982891321182251 -10
			vertex 2.213639974594116 -1.161807894706726 -10
		endloop
	endfacet
	facet normal -0.9350161751516798 0.35460506511430945 0
		outer loop
			vertex 2.427354574203491 -0.5982891321182251 0
			vertex 2.213639974594116 -1.161807894706726 -10
			vertex 2.213639974594116 -1.161807894706726 0
		endloop
	endfacet
	facet normal -0.9927088794915621 0.12053663583578063 -7.380740265816846e-18
		outer loop
			vertex 2.5 0 0
			vertex 2.5 -6.123233998228043e-16 -10
			vertex 2.427354574203491 -0.5982891321182251 -10
		endloop
	endfacet
	facet normal -0.9927088794915621 0.12053663583578049 0
		outer loop
			vertex 2.5 0 0
			vertex 2.427354574203491 -0.5982891321182251 -10
			vertex 2.427354574203491 -0.5982891321182251 0
		endloop
	endfacet
	facet normal 0.014972712025555234 -0.006075597080154648 -0.9998694439849232
		outer loop
			vertex 19.917573928833008 -7.141005516052246 8.907265964808175e-7
			vertex 19.813926696777344 -8.497787475585938 0.006693144794553518
			vertex 19.261783599853516 -8.757136344909668 8.907265964808175e-7
		endloop
	endfacet
	facet normal 0.0360270799798688 -0.00768127777407962 -0.999321293418629
		outer loop
			vertex 19.917573928833008 -7.141005516052246 8.907265964808175e-7
			vertex 20.176128387451172 -8.379300117492676 0.018840324133634567
			vertex 19.813926696777344 -8.497787475585938 0.006693144794553518
		endloop
	endfacet
	facet normal 0.0549587922608387 -0.0037155850494547836 -0.9984817101885094
		outer loop
			vertex 20.547212600708008 -8.29565143585205 0.03895439952611923
			vertex 20.176128387451172 -8.379300117492676 0.018840324133634567
			vertex 19.917573928833008 -7.141005516052246 8.907265964808175e-7
		endloop
	endfacet
	facet normal 0.03504095688553742 -0.011361363804442757 -0.9993212950563244
		outer loop
			vertex 21.662691116333008 -2.8313775062561035 0.018840324133634567
			vertex 20.81962776184082 -3.7744948863983154 8.907265964808175e-7
			vertex 21.40825843811035 -2.547664165496826 0.006693144794553518
		endloop
	endfacet
	facet normal 0.049453576701221864 -0.024261740044943126 -0.9984817032482107
		outer loop
			vertex 21.94223403930664 -3.0893614292144775 0.03895439952611923
			vertex 20.81962776184082 -3.7744948863983154 8.907265964808175e-7
			vertex 21.662691116333008 -2.8313775062561035 0.018840324133634567
		endloop
	endfacet
	facet normal 0.01600448287540321 -0.0022247154156222783 -0.9998694450623095
		outer loop
			vertex 21.05976104736328 -2.0469889640808105 8.907265964808175e-7
			vertex 21.40825843811035 -2.547664165496826 0.006693144794553518
			vertex 20.81962776184082 -3.7744948863983154 8.907265964808175e-7
		endloop
	endfacet
	facet normal 0.10357326775021242 -0.038109741689940094 -0.9938914557414551
		outer loop
			vertex 21.760507583618164 -7.801748752593994 0.14645348489284515
			vertex 21.627573013305664 -8.163033485412598 0.14645348489284515
			vertex 20.547212600708008 -8.29565143585205 0.03895439952611923
		endloop
	endfacet
	facet normal 0.159265471489324 -0.058601665375882746 -0.9854949793918063
		outer loop
			vertex 21.760507583618164 -7.801748752593994 0.14645348489284515
			vertex 22.297569274902344 -8.13790225982666 0.25323691964149475
			vertex 21.627573013305664 -8.163033485412598 0.14645348489284515
		endloop
	endfacet
	facet normal 0.0834464150820083 0.011887802659000773 -0.9964413560054108
		outer loop
			vertex 21.760507583618164 -7.801748752593994 0.14645348489284515
			vertex 20.547212600708008 -8.29565143585205 0.03895439952611923
			vertex 19.917573928833008 -7.141005516052246 8.907265964808175e-7
		endloop
	endfacet
	facet normal 0.07051494744984564 -0.02435155510326388 -0.9972134395154321
		outer loop
			vertex 21.937633514404297 -7.288844108581543 0.14645348489284515
			vertex 21.760507583618164 -7.801748752593994 0.14645348489284515
			vertex 19.917573928833008 -7.141005516052246 8.907265964808175e-7
		endloop
	endfacet
	facet normal 0.16109825668481864 -0.055633496394369056 -0.9853691012874568
		outer loop
			vertex 21.937633514404297 -7.288844108581543 0.14645348489284515
			vertex 22.297569274902344 -8.13790225982666 0.25323691964149475
			vertex 21.760507583618164 -7.801748752593994 0.14645348489284515
		endloop
	endfacet
	facet normal 0.07064052234260723 -0.022086063516760353 -0.9972572999991013
		outer loop
			vertex 22.16181182861328 -6.5757975578308105 0.14645348489284515
			vertex 19.917573928833008 -7.141005516052246 8.907265964808175e-7
			vertex 20.438034057617188 -5.476355075836182 8.907265964808175e-7
		endloop
	endfacet
	facet normal 0.07067377759118317 -0.022219486655522345 -0.9972519799798629
		outer loop
			vertex 22.16181182861328 -6.5757975578308105 0.14645348489284515
			vertex 21.937633514404297 -7.288844108581543 0.14645348489284515
			vertex 19.917573928833008 -7.141005516052246 8.907265964808175e-7
		endloop
	endfacet
	facet normal 0.20337867954747849 -0.06990400369755657 -0.9766015272221196
		outer loop
			vertex 23.119112014770508 -7.681393623352051 0.3916480243206024
			vertex 22.956209182739258 -8.155343055725098 0.3916480243206024
			vertex 22.297569274902344 -8.13790225982666 0.25323691964149475
		endloop
	endfacet
	facet normal 0.252259780953006 -0.08670509956953042 -0.9637672066542727
		outer loop
			vertex 23.119112014770508 -7.681393623352051 0.3916480243206024
			vertex 23.738845825195312 -8.200926780700684 0.6005989909172058
			vertex 22.956209182739258 -8.155343055725098 0.3916480243206024
		endloop
	endfacet
	facet normal 0.1892488344960184 -0.04314788757488518 -0.9809807023788611
		outer loop
			vertex 23.119112014770508 -7.681393623352051 0.3916480243206024
			vertex 22.297569274902344 -8.13790225982666 0.25323691964149475
			vertex 21.937633514404297 -7.288844108581543 0.14645348489284515
		endloop
	endfacet
	facet normal 0.07179709535312967 -0.02026685609992909 -0.997213333065036
		outer loop
			vertex 22.329126358032227 -5.983071327209473 0.14645348489284515
			vertex 22.16181182861328 -6.5757975578308105 0.14645348489284515
			vertex 20.438034057617188 -5.476355075836182 8.907265964808175e-7
		endloop
	endfacet
	facet normal 0.18436137019860588 -0.05796230433043647 -0.981147927916682
		outer loop
			vertex 23.355363845825195 -6.929945468902588 0.3916480243206024
			vertex 21.937633514404297 -7.288844108581543 0.14645348489284515
			vertex 22.16181182861328 -6.5757975578308105 0.14645348489284515
		endloop
	endfacet
	facet normal 0.25697146755909606 -0.08079064321360256 -0.9630361035961513
		outer loop
			vertex 23.355363845825195 -6.929945468902588 0.3916480243206024
			vertex 23.738845825195312 -8.200926780700684 0.6005989909172058
			vertex 23.119112014770508 -7.681393623352051 0.3916480243206024
		endloop
	endfacet
	facet normal 0.18436138530203228 -0.05796236852200977 -0.9811479212865074
		outer loop
			vertex 23.355363845825195 -6.929945468902588 0.3916480243206024
			vertex 23.119112014770508 -7.681393623352051 0.3916480243206024
			vertex 21.937633514404297 -7.288844108581543 0.14645348489284515
		endloop
	endfacet
	facet normal 0.18598270734956224 -0.052499126160881614 -0.9811494658405879
		outer loop
			vertex 23.355363845825195 -6.929945468902588 0.3916480243206024
			vertex 22.16181182861328 -6.5757975578308105 0.14645348489284515
			vertex 22.329126358032227 -5.983071327209473 0.14645348489284515
		endloop
	endfacet
	facet normal 0.07231153817141572 -0.0183469278425562 -0.9972133330867695
		outer loop
			vertex 22.4805908203125 -5.3860979080200195 0.14645348489284515
			vertex 22.329126358032227 -5.983071327209473 0.14645348489284515
			vertex 20.438034057617188 -5.476355075836182 8.907265964808175e-7
		endloop
	endfacet
	facet normal 0.07213352196754888 -0.01617388902867847 -0.9972638368667769
		outer loop
			vertex 22.570890426635742 -4.994184970855713 0.14645348489284515
			vertex 20.438034057617188 -5.476355075836182 8.907265964808175e-7
			vertex 20.81962776184082 -3.7744948863983154 8.907265964808175e-7
		endloop
	endfacet
	facet normal 0.07223882383274968 -0.016644353209030616 -0.9972484734696334
		outer loop
			vertex 22.570890426635742 -4.994184970855713 0.14645348489284515
			vertex 22.4805908203125 -5.3860979080200195 0.14645348489284515
			vertex 20.438034057617188 -5.476355075836182 8.907265964808175e-7
		endloop
	endfacet
	facet normal 0.18598285856296953 -0.052498957192127584 -0.9811494462183046
		outer loop
			vertex 23.531688690185547 -6.305296897888184 0.3916480243206024
			vertex 23.355363845825195 -6.929945468902588 0.3916480243206024
			vertex 22.329126358032227 -5.983071327209473 0.14645348489284515
		endloop
	endfacet
	facet normal 0.07287556395194535 -0.01510398256715151 -0.9972266652518359
		outer loop
			vertex 22.69655990600586 -4.387839317321777 0.14645348489284515
			vertex 22.570890426635742 -4.994184970855713 0.14645348489284515
			vertex 20.81962776184082 -3.7744948863983154 8.907265964808175e-7
		endloop
	endfacet
	facet normal 0.1873153400601242 -0.047525763035773244 -0.9811494612066133
		outer loop
			vertex 23.69131088256836 -5.676173210144043 0.3916480243206024
			vertex 22.329126358032227 -5.983071327209473 0.14645348489284515
			vertex 22.4805908203125 -5.3860979080200195 0.14645348489284515
		endloop
	endfacet
	facet normal 0.18731537589237343 -0.047525934167513384 -0.9811494460762867
		outer loop
			vertex 23.69131088256836 -5.676173210144043 0.3916480243206024
			vertex 23.531688690185547 -6.305296897888184 0.3916480243206024
			vertex 22.329126358032227 -5.983071327209473 0.14645348489284515
		endloop
	endfacet
	facet normal 0.18830723289988655 -0.0433873633305195 -0.981151325097619
		outer loop
			vertex 23.69131088256836 -5.676173210144043 0.3916480243206024
			vertex 22.4805908203125 -5.3860979080200195 0.14645348489284515
			vertex 22.570890426635742 -4.994184970855713 0.14645348489284515
		endloop
	endfacet
	facet normal 0.10896275296736356 -0.01849998442940521 -0.9938736685524399
		outer loop
			vertex 22.769142150878906 -3.9941365718841553 0.14645348489284515
			vertex 21.94223403930664 -3.0893614292144775 0.03895439952611923
			vertex 22.81154441833496 -3.744392156600952 0.14645348489284515
		endloop
	endfacet
	facet normal 0.16750148379337143 -0.028438844996948483 -0.9854615593833475
		outer loop
			vertex 22.769142150878906 -3.9941365718841553 0.14645348489284515
			vertex 22.81154441833496 -3.744392156600952 0.14645348489284515
			vertex 23.37921142578125 -4.101154327392578 0.25323691964149475
		endloop
	endfacet
	facet normal 0.06855419179209896 -0.05569440981073149 -0.9960915899170951
		outer loop
			vertex 22.769142150878906 -3.9941365718841553 0.14645348489284515
			vertex 20.81962776184082 -3.7744948863983154 8.907265964808175e-7
			vertex 21.94223403930664 -3.0893614292144775 0.03895439952611923
		endloop
	endfacet
	facet normal 0.07338879874960166 -0.013529811065608395 -0.9972116267024865
		outer loop
			vertex 22.769142150878906 -3.9941365718841553 0.14645348489284515
			vertex 22.69655990600586 -4.387839317321777 0.14645348489284515
			vertex 20.81962776184082 -3.7744948863983154 8.907265964808175e-7
		endloop
	endfacet
	facet normal 0.16708652501395274 -0.03080373508716277 -0.985460919094939
		outer loop
			vertex 22.769142150878906 -3.9941365718841553 0.14645348489284515
			vertex 23.37921142578125 -4.101154327392578 0.25323691964149475
			vertex 22.69655990600586 -4.387839317321777 0.14645348489284515
		endloop
	endfacet
	facet normal 0.3100244423783158 -0.09747019706229289 -0.9457189888189051
		outer loop
			vertex 24.906455993652344 -7.390181541442871 0.8998043537139893
			vertex 24.65451431274414 -8.191534996032715 0.8998043537139893
			vertex 23.738845825195312 -8.200926780700684 0.6005989909172058
		endloop
	endfacet
	facet normal 0.3695213121198515 -0.11617572741922022 -0.9219312340125148
		outer loop
			vertex 24.906455993652344 -7.390181541442871 0.8998043537139893
			vertex 25.53534507751465 -8.062719345092773 1.2366195917129517
			vertex 24.65451431274414 -8.191534996032715 0.8998043537139893
		endloop
	endfacet
	facet normal 0.2884003198411515 -0.0814092017002213 -0.9540428697883834
		outer loop
			vertex 24.906455993652344 -7.390181541442871 0.8998043537139893
			vertex 23.355363845825195 -6.929945468902588 0.3916480243206024
			vertex 23.531688690185547 -6.305296897888184 0.3916480243206024
		endloop
	endfacet
	facet normal 0.2921329252939211 -0.0686810828494861 -0.9539084142714324
		outer loop
			vertex 24.906455993652344 -7.390181541442871 0.8998043537139893
			vertex 23.738845825195312 -8.200926780700684 0.6005989909172058
			vertex 23.355363845825195 -6.929945468902588 0.3916480243206024
		endloop
	endfacet
	facet normal 0.2651989499372112 -0.061104089558894153 -0.9622555830918205
		outer loop
			vertex 23.786474227905273 -5.263153076171875 0.3916480243206024
			vertex 24.658906936645508 -4.767212390899658 0.6005989909172058
			vertex 23.69131088256836 -5.676173210144043 0.3916480243206024
		endloop
	endfacet
	facet normal 0.18830711709395276 -0.04338755847340387 -0.981151338694231
		outer loop
			vertex 23.786474227905273 -5.263153076171875 0.3916480243206024
			vertex 23.69131088256836 -5.676173210144043 0.3916480243206024
			vertex 22.570890426635742 -4.994184970855713 0.14645348489284515
		endloop
	endfacet
	facet normal 0.406939731469213 -0.13129807564896367 -0.9039695073854229
		outer loop
			vertex 25.09449005126953 -6.724048614501953 0.8998043537139893
			vertex 26.145618438720703 -5.785152912139893 1.2366195917129517
			vertex 26.751432418823242 -6.409343719482422 1.600000023841858
		endloop
	endfacet
	facet normal 0.40435256480921666 -0.10834615380663865 -0.9081630438899815
		outer loop
			vertex 25.09449005126953 -6.724048614501953 0.8998043537139893
			vertex 26.751432418823242 -6.409343719482422 1.600000023841858
			vertex 26.37209129333496 -7.825061321258545 1.600000023841858
		endloop
	endfacet
	facet normal 0.4180690477958424 -0.08976282788925499 -0.9039695271436985
		outer loop
			vertex 25.09449005126953 -6.724048614501953 0.8998043537139893
			vertex 26.37209129333496 -7.825061321258545 1.600000023841858
			vertex 25.53534507751465 -8.062719345092773 1.2366195917129517
		endloop
	endfacet
	facet normal 0.3782759275313389 -0.10677862431942434 -0.9195138106840791
		outer loop
			vertex 25.09449005126953 -6.724048614501953 0.8998043537139893
			vertex 25.53534507751465 -8.062719345092773 1.2366195917129517
			vertex 24.906455993652344 -7.390181541442871 0.8998043537139893
		endloop
	endfacet
	facet normal 0.2884005651161045 -0.0814088694382778 -0.9540428239955968
		outer loop
			vertex 25.09449005126953 -6.724048614501953 0.8998043537139893
			vertex 24.906455993652344 -7.390181541442871 0.8998043537139893
			vertex 23.531688690185547 -6.305296897888184 0.3916480243206024
		endloop
	endfacet
	facet normal 0.21170262667130788 -0.039970566821508104 -0.9765164369576358
		outer loop
			vertex 23.918912887573242 -4.624151706695557 0.3916480243206024
			vertex 23.37921142578125 -4.101154327392578 0.25323691964149475
			vertex 23.958332061767578 -4.415369510650635 0.3916480243206024
		endloop
	endfacet
	facet normal 0.2625225456975189 -0.04956563421032527 -0.9636519915954217
		outer loop
			vertex 23.918912887573242 -4.624151706695557 0.3916480243206024
			vertex 23.958332061767578 -4.415369510650635 0.3916480243206024
			vertex 24.658906936645508 -4.767212390899658 0.6005989909172058
		endloop
	endfacet
	facet normal 0.26162056258064426 -0.05422316493336492 -0.9636464754356736
		outer loop
			vertex 23.918912887573242 -4.624151706695557 0.3916480243206024
			vertex 24.658906936645508 -4.767212390899658 0.6005989909172058
			vertex 23.786474227905273 -5.263153076171875 0.3916480243206024
		endloop
	endfacet
	facet normal 0.18922892804677088 -0.03921905060390136 -0.9811494681545717
		outer loop
			vertex 23.918912887573242 -4.624151706695557 0.3916480243206024
			vertex 22.570890426635742 -4.994184970855713 0.14645348489284515
			vertex 22.69655990600586 -4.387839317321777 0.14645348489284515
		endloop
	endfacet
	facet normal 0.18304142187046613 -0.07061878588489659 -0.980565563825174
		outer loop
			vertex 23.918912887573242 -4.624151706695557 0.3916480243206024
			vertex 22.69655990600586 -4.387839317321777 0.14645348489284515
			vertex 23.37921142578125 -4.101154327392578 0.25323691964149475
		endloop
	endfacet
	facet normal 0.1892290128035903 -0.03921937889826256 -0.9811494386851645
		outer loop
			vertex 23.918912887573242 -4.624151706695557 0.3916480243206024
			vertex 23.786474227905273 -5.263153076171875 0.3916480243206024
			vertex 22.570890426635742 -4.994184970855713 0.14645348489284515
		endloop
	endfacet
	facet normal 0.2873351863152516 -0.08658714118086205 -0.9539083591662803
		outer loop
			vertex 25.264713287353516 -6.053142547607422 0.8998043537139893
			vertex 23.69131088256836 -5.676173210144043 0.3916480243206024
			vertex 24.658906936645508 -4.767212390899658 0.6005989909172058
		endloop
	endfacet
	facet normal 0.3809847218135546 -0.09666398240493902 -0.9195143915405927
		outer loop
			vertex 25.264713287353516 -6.053142547607422 0.8998043537139893
			vertex 26.145618438720703 -5.785152912139893 1.2366195917129517
			vertex 25.09449005126953 -6.724048614501953 0.8998043537139893
		endloop
	endfacet
	facet normal 0.29046678516311913 -0.07369766226475437 -0.95404281942359
		outer loop
			vertex 25.264713287353516 -6.053142547607422 0.8998043537139893
			vertex 23.531688690185547 -6.305296897888184 0.3916480243206024
			vertex 23.69131088256836 -5.676173210144043 0.3916480243206024
		endloop
	endfacet
	facet normal 0.29046678298540846 -0.07369764295551293 -0.9540428215782086
		outer loop
			vertex 25.264713287353516 -6.053142547607422 0.8998043537139893
			vertex 25.09449005126953 -6.724048614501953 0.8998043537139893
			vertex 23.531688690185547 -6.305296897888184 0.3916480243206024
		endloop
	endfacet
	facet normal 0.3186447444110446 -0.06801286241162291 -0.9454310008698668
		outer loop
			vertex 25.36619758605957 -5.6126933097839355 0.8998043537139893
			vertex 24.658906936645508 -4.767212390899658 0.6005989909172058
			vertex 25.447202682495117 -5.233179092407227 0.8998043537139893
		endloop
	endfacet
	facet normal 0.3801888503881644 -0.08114909291749502 -0.9213420986578188
		outer loop
			vertex 25.36619758605957 -5.6126933097839355 0.8998043537139893
			vertex 25.447202682495117 -5.233179092407227 0.8998043537139893
			vertex 26.145618438720703 -5.785152912139893 1.2366195917129517
		endloop
	endfacet
	facet normal 0.37883022584889947 -0.08728660762114691 -0.9213407122846923
		outer loop
			vertex 25.36619758605957 -5.6126933097839355 0.8998043537139893
			vertex 26.145618438720703 -5.785152912139893 1.2366195917129517
			vertex 25.264713287353516 -6.053142547607422 0.8998043537139893
		endloop
	endfacet
	facet normal 0.31398755837320247 -0.07234615121913537 -0.9466667035396423
		outer loop
			vertex 25.36619758605957 -5.6126933097839355 0.8998043537139893
			vertex 25.264713287353516 -6.053142547607422 0.8998043537139893
			vertex 24.658906936645508 -4.767212390899658 0.6005989909172058
		endloop
	endfacet
	facet normal 0.009928917833543022 -0.012747945779307684 -0.9998694447121897
		outer loop
			vertex 13.678622245788574 -16.14307975769043 8.907265964808175e-7
			vertex 12.910470962524414 -17.266263961791992 0.006693144794553518
			vertex 12.30262565612793 -17.214794158935547 8.907265964808175e-7
		endloop
	endfacet
	facet normal 0.02735978398175118 -0.024665736085506314 -0.9993212915193153
		outer loop
			vertex 13.678622245788574 -16.14307975769043 8.907265964808175e-7
			vertex 13.283390045166016 -17.344751358032227 0.018840324133634567
			vertex 12.910470962524414 -17.266263961791992 0.006693144794553518
		endloop
	endfacet
	facet normal 0.04573794905494781 -0.03069718873755855 -0.9984817087057017
		outer loop
			vertex 13.64658260345459 -17.45785140991211 0.03895439952611923
			vertex 13.283390045166016 -17.344751358032227 0.018840324133634567
			vertex 13.678622245788574 -16.14307975769043 8.907265964808175e-7
		endloop
	endfacet
	facet normal 0.024665736085506314 -0.02735978398175118 -0.9993212915193153
		outer loop
			vertex 17.344751358032227 -13.283390045166016 0.018840324133634567
			vertex 16.14307975769043 -13.678622245788574 8.907265964808175e-7
			vertex 17.266263961791992 -12.910470962524414 0.006693144794553518
		endloop
	endfacet
	facet normal 0.03069718873755855 -0.04573794905494782 -0.9984817087057017
		outer loop
			vertex 17.45785140991211 -13.64658260345459 0.03895439952611923
			vertex 16.14307975769043 -13.678622245788574 8.907265964808175e-7
			vertex 17.344751358032227 -13.283390045166016 0.018840324133634567
		endloop
	endfacet
	facet normal 0.012747945779307684 -0.009928917833543022 -0.9998694447121897
		outer loop
			vertex 17.214794158935547 -12.30262565612793 8.907265964808175e-7
			vertex 17.266263961791992 -12.910470962524414 0.006693144794553518
			vertex 16.14307975769043 -13.678622245788574 8.907265964808175e-7
		endloop
	endfacet
	facet normal 0.07064216139566432 -0.08479087994784643 -0.9938914385942857
		outer loop
			vertex 14.944278717041016 -17.63676643371582 0.14645348489284515
			vertex 14.648510932922363 -17.883180618286133 0.14645348489284515
			vertex 13.64658260345459 -17.45785140991211 0.03895439952611923
		endloop
	endfacet
	facet normal 0.10862692033592687 -0.13038349873979302 -0.9854949697663113
		outer loop
			vertex 14.944278717041016 -17.63676643371582 0.14645348489284515
			vertex 15.241310119628906 -18.196414947509766 0.25323691964149475
			vertex 14.648510932922363 -17.883180618286133 0.14645348489284515
		endloop
	endfacet
	facet normal 0.0782105925030429 -0.031428063230817496 -0.9964413580647296
		outer loop
			vertex 14.944278717041016 -17.63676643371582 0.14645348489284515
			vertex 13.64658260345459 -17.45785140991211 0.03895439952611923
			vertex 13.678622245788574 -16.14307975769043 8.907265964808175e-7
		endloop
	endfacet
	facet normal 0.04889197340617798 -0.056346524331309794 -0.9972134396067026
		outer loop
			vertex 15.3541259765625 -17.28114128112793 0.14645348489284515
			vertex 14.944278717041016 -17.63676643371582 0.14645348489284515
			vertex 13.678622245788574 -16.14307975769043 8.907265964808175e-7
		endloop
	endfacet
	facet normal 0.11169855763203237 -0.1287292178431529 -0.9853690784149935
		outer loop
			vertex 15.3541259765625 -17.28114128112793 0.14645348489284515
			vertex 15.241310119628906 -18.196414947509766 0.25323691964149475
			vertex 14.944278717041016 -17.63676643371582 0.14645348489284515
		endloop
	endfacet
	facet normal 0.0501334924217456 -0.05444736987672254 -0.9972572972162733
		outer loop
			vertex 15.904792785644531 -16.775712966918945 0.14645348489284515
			vertex 13.678622245788574 -16.14307975769043 8.907265964808175e-7
			vertex 14.961679458618164 -14.961679458618164 8.907265964808175e-7
		endloop
	endfacet
	facet normal 0.05009561278608032 -0.05457943385125354 -0.9972519816877097
		outer loop
			vertex 15.904792785644531 -16.775712966918945 0.14645348489284515
			vertex 15.3541259765625 -17.28114128112793 0.14645348489284515
			vertex 13.678622245788574 -16.14307975769043 8.907265964808175e-7
		endloop
	endfacet
	facet normal 0.14117909931177886 -0.1622285690006341 -0.9766014301226071
		outer loop
			vertex 16.181041717529297 -18.211837768554688 0.3916480243206024
			vertex 15.802988052368164 -18.54083824157715 0.3916480243206024
			vertex 15.241310119628906 -18.196414947509766 0.25323691964149475
		endloop
	endfacet
	facet normal 0.1751101967699979 -0.20121871281159315 -0.9637673207790448
		outer loop
			vertex 16.181041717529297 -18.211837768554688 0.3916480243206024
			vertex 16.45798110961914 -18.971633911132812 0.6005989909172058
			vertex 15.802988052368164 -18.54083824157715 0.3916480243206024
		endloop
	endfacet
	facet normal 0.14232035838272475 -0.13199164954492879 -0.9809806930007448
		outer loop
			vertex 16.181041717529297 -18.211837768554688 0.3916480243206024
			vertex 15.241310119628906 -18.196414947509766 0.25323691964149475
			vertex 15.3541259765625 -17.28114128112793 0.14645348489284515
		endloop
	endfacet
	facet normal 0.05204475436791514 -0.05345015796288119 -0.9972133293115002
		outer loop
			vertex 16.346054077148438 -16.346054077148438 0.14645348489284515
			vertex 15.904792785644531 -16.775712966918945 0.14645348489284515
			vertex 14.961679458618164 -14.961679458618164 8.907265964808175e-7
		endloop
	endfacet
	facet normal 0.13068067721189391 -0.142377285771129 -0.9811479343605056
		outer loop
			vertex 16.76136589050293 -17.679189682006836 0.3916480243206024
			vertex 15.3541259765625 -17.28114128112793 0.14645348489284515
			vertex 15.904792785644531 -16.775712966918945 0.14645348489284515
		endloop
	endfacet
	facet normal 0.1821485305730363 -0.19845222020461256 -0.9630361515051986
		outer loop
			vertex 16.76136589050293 -17.679189682006836 0.3916480243206024
			vertex 16.45798110961914 -18.971633911132812 0.6005989909172058
			vertex 16.181041717529297 -18.211837768554688 0.3916480243206024
		endloop
	endfacet
	facet normal 0.13068060607895574 -0.14237752197322517 -0.9811479095587988
		outer loop
			vertex 16.76136589050293 -17.679189682006836 0.3916480243206024
			vertex 16.181041717529297 -18.211837768554688 0.3916480243206024
			vertex 15.3541259765625 -17.28114128112793 0.14645348489284515
		endloop
	endfacet
	facet normal 0.05345015796288119 -0.05204475436791514 -0.9972133293115002
		outer loop
			vertex 16.775712966918945 -15.904792785644531 0.14645348489284515
			vertex 16.346054077148438 -16.346054077148438 0.14645348489284515
			vertex 14.961679458618164 -14.961679458618164 8.907265964808175e-7
		endloop
	endfacet
	facet normal 0.05438252164730003 -0.05007378213223707 -0.9972638355431598
		outer loop
			vertex 17.04987144470215 -15.610536575317383 0.14645348489284515
			vertex 14.961679458618164 -14.961679458618164 8.907265964808175e-7
			vertex 16.14307975769043 -13.678622245788574 8.907265964808175e-7
		endloop
	endfacet
	facet normal 0.054238453930805355 -0.05053396137485723 -0.9972484689699757
		outer loop
			vertex 17.04987144470215 -15.610536575317383 0.14645348489284515
			vertex 16.775712966918945 -15.904792785644531 0.14645348489284515
			vertex 14.961679458618164 -14.961679458618164 8.907265964808175e-7
		endloop
	endfacet
	facet normal 0.134816441488421 -0.13845664498695207 -0.9811494710610389
		outer loop
			vertex 17.226390838623047 -17.226390838623047 0.3916480243206024
			vertex 16.76136589050293 -17.679189682006836 0.3916480243206024
			vertex 15.904792785644531 -16.775712966918945 0.14645348489284515
		endloop
	endfacet
	facet normal 0.13481635087218394 -0.1384568980604089 -0.9811494477993645
		outer loop
			vertex 17.226390838623047 -17.226390838623047 0.3916480243206024
			vertex 15.904792785644531 -16.775712966918945 0.14645348489284515
			vertex 16.346054077148438 -16.346054077148438 0.14645348489284515
		endloop
	endfacet
	facet normal 0.05556002584967373 -0.049518273779840874 -0.9972266663549709
		outer loop
			vertex 17.461877822875977 -15.148261070251465 0.14645348489284515
			vertex 17.04987144470215 -15.610536575317383 0.14645348489284515
			vertex 16.14307975769043 -13.678622245788574 8.907265964808175e-7
		endloop
	endfacet
	facet normal 0.13845672738365863 -0.13481652171881203 -0.9811494484092871
		outer loop
			vertex 17.679189682006836 -16.76136589050293 0.3916480243206024
			vertex 17.226390838623047 -17.226390838623047 0.3916480243206024
			vertex 16.346054077148438 -16.346054077148438 0.14645348489284515
		endloop
	endfacet
	facet normal 0.1384568112261042 -0.1348162663210763 -0.9811494716710312
		outer loop
			vertex 17.679189682006836 -16.76136589050293 0.3916480243206024
			vertex 16.346054077148438 -16.346054077148438 0.14645348489284515
			vertex 16.775712966918945 -15.904792785644531 0.14645348489284515
		endloop
	endfacet
	facet normal 0.08511515015233205 -0.07050259468868185 -0.9938736314827501
		outer loop
			vertex 17.721588134765625 -14.843595504760742 0.14645348489284515
			vertex 17.45785140991211 -13.64658260345459 0.03895439952611923
			vertex 17.883180618286133 -14.648510932922363 0.14645348489284515
		endloop
	endfacet
	facet normal 0.13084167922410636 -0.1083788005098285 -0.9854615622021322
		outer loop
			vertex 17.721588134765625 -14.843595504760742 0.14645348489284515
			vertex 17.883180618286133 -14.648510932922363 0.14645348489284515
			vertex 18.196414947509766 -15.241310119628906 0.25323691964149475
		endloop
	endfacet
	facet normal 0.03152246805437437 -0.08250980655518678 -0.9960915951005643
		outer loop
			vertex 17.721588134765625 -14.843595504760742 0.14645348489284515
			vertex 16.14307975769043 -13.678622245788574 8.907265964808175e-7
			vertex 17.45785140991211 -13.64658260345459 0.03895439952611923
		endloop
	endfacet
	facet normal 0.05679157293295071 -0.04841163160452236 -0.9972116280756005
		outer loop
			vertex 17.721588134765625 -14.843595504760742 0.14645348489284515
			vertex 17.461877822875977 -15.148261070251465 0.14645348489284515
			vertex 16.14307975769043 -13.678622245788574 8.907265964808175e-7
		endloop
	endfacet
	facet normal 0.129299130792156 -0.11022025915860789 -0.985460922232537
		outer loop
			vertex 17.721588134765625 -14.843595504760742 0.14645348489284515
			vertex 18.196414947509766 -15.241310119628906 0.25323691964149475
			vertex 17.461877822875977 -15.148261070251465 0.14645348489284515
		endloop
	endfacet
	facet normal 0.21975434808460603 -0.2394239738251612 -0.9457188732682026
		outer loop
			vertex 17.87453269958496 -18.85331153869629 0.8998043537139893
			vertex 17.255666732788086 -19.421335220336914 0.8998043537139893
			vertex 16.45798110961914 -18.971633911132812 0.6005989909172058
		endloop
	endfacet
	facet normal 0.2619266691049041 -0.28537102685103694 -0.9219315576796332
		outer loop
			vertex 17.87453269958496 -18.85331153869629 0.8998043537139893
			vertex 18.08289909362793 -19.750192642211914 1.2366195917129517
			vertex 17.255666732788086 -19.421335220336914 0.8998043537139893
		endloop
	endfacet
	facet normal 0.2186543518005315 -0.20554579831475098 -0.9539083809432861
		outer loop
			vertex 17.87453269958496 -18.85331153869629 0.8998043537139893
			vertex 16.45798110961914 -18.971633911132812 0.6005989909172058
			vertex 16.76136589050293 -17.679189682006836 0.3916480243206024
		endloop
	endfacet
	facet normal 0.199116904032933 -0.18551781616216043 -0.9622554746088811
		outer loop
			vertex 17.968114852905273 -16.451261520385742 0.3916480243206024
			vertex 18.971633911132812 -16.45798110961914 0.6005989909172058
			vertex 17.679189682006836 -16.76136589050293 0.3916480243206024
		endloop
	endfacet
	facet normal 0.14138486403926556 -0.1317282617875609 -0.9811513569613132
		outer loop
			vertex 17.968114852905273 -16.451261520385742 0.3916480243206024
			vertex 16.775712966918945 -15.904792785644531 0.14645348489284515
			vertex 17.04987144470215 -15.610536575317383 0.14645348489284515
		endloop
	endfacet
	facet normal 0.14138471990537188 -0.13172856720996984 -0.981151336725425
		outer loop
			vertex 17.968114852905273 -16.451261520385742 0.3916480243206024
			vertex 17.679189682006836 -16.76136589050293 0.3916480243206024
			vertex 16.775712966918945 -15.904792785644531 0.14645348489284515
		endloop
	endfacet
	facet normal 0.2867710210310071 -0.3171775350715117 -0.90396946449689
		outer loop
			vertex 18.370441436767578 -18.370441436767578 0.8998043537139893
			vertex 19.750192642211914 -18.08289909362793 1.2366195917129517
			vertex 19.96274757385254 -18.92637062072754 1.600000023841858
		endloop
	endfacet
	facet normal 0.2960066096660476 -0.2960066096660476 -0.908163076802853
		outer loop
			vertex 18.370441436767578 -18.370441436767578 0.8998043537139893
			vertex 19.96274757385254 -18.92637062072754 1.600000023841858
			vertex 18.92637062072754 -19.96274757385254 1.600000023841858
		endloop
	endfacet
	facet normal 0.3171775350715117 -0.2867710210310071 -0.90396946449689
		outer loop
			vertex 18.370441436767578 -18.370441436767578 0.8998043537139893
			vertex 18.92637062072754 -19.96274757385254 1.600000023841858
			vertex 18.08289909362793 -19.750192642211914 1.2366195917129517
		endloop
	endfacet
	facet normal 0.20905761510964357 -0.21470241817308924 -0.9540428633951916
		outer loop
			vertex 18.370441436767578 -18.370441436767578 0.8998043537139893
			vertex 16.76136589050293 -17.679189682006836 0.3916480243206024
			vertex 17.226390838623047 -17.226390838623047 0.3916480243206024
		endloop
	endfacet
	facet normal 0.21470241817308924 -0.20905761510964357 -0.9540428633951916
		outer loop
			vertex 18.370441436767578 -18.370441436767578 0.8998043537139893
			vertex 17.226390838623047 -17.226390838623047 0.3916480243206024
			vertex 17.679189682006836 -16.76136589050293 0.3916480243206024
		endloop
	endfacet
	facet normal 0.27420620537868884 -0.2816104217134957 -0.9195142888036965
		outer loop
			vertex 18.370441436767578 -18.370441436767578 0.8998043537139893
			vertex 18.08289909362793 -19.750192642211914 1.2366195917129517
			vertex 17.87453269958496 -18.85331153869629 0.8998043537139893
		endloop
	endfacet
	facet normal 0.2090575369488341 -0.21470258509007997 -0.9540428429585979
		outer loop
			vertex 18.370441436767578 -18.370441436767578 0.8998043537139893
			vertex 17.87453269958496 -18.85331153869629 0.8998043537139893
			vertex 16.76136589050293 -17.679189682006836 0.3916480243206024
		endloop
	endfacet
	facet normal 0.16335545015110475 -0.14046710104393717 -0.9765162520051791
		outer loop
			vertex 18.40230941772461 -15.964089393615723 0.3916480243206024
			vertex 18.196414947509766 -15.241310119628906 0.25323691964149475
			vertex 18.54083824157715 -15.802988052368164 0.3916480243206024
		endloop
	endfacet
	facet normal 0.20256837461794241 -0.17418575455820018 -0.9636521034655793
		outer loop
			vertex 18.40230941772461 -15.964089393615723 0.3916480243206024
			vertex 18.54083824157715 -15.802988052368164 0.3916480243206024
			vertex 18.971633911132812 -16.45798110961914 0.6005989909172058
		endloop
	endfacet
	facet normal 0.14426750670300822 -0.1285794559164436 -0.9811494330762918
		outer loop
			vertex 18.40230941772461 -15.964089393615723 0.3916480243206024
			vertex 17.04987144470215 -15.610536575317383 0.14645348489284515
			vertex 17.461877822875977 -15.148261070251465 0.14645348489284515
		endloop
	endfacet
	facet normal 0.19945845011056682 -0.17776832906981976 -0.9636465886720167
		outer loop
			vertex 18.40230941772461 -15.964089393615723 0.3916480243206024
			vertex 18.971633911132812 -16.45798110961914 0.6005989909172058
			vertex 17.968114852905273 -16.451261520385742 0.3916480243206024
		endloop
	endfacet
	facet normal 0.12320892593077003 -0.1526788651329466 -0.9805655127082034
		outer loop
			vertex 18.40230941772461 -15.964089393615723 0.3916480243206024
			vertex 17.461877822875977 -15.148261070251465 0.14645348489284515
			vertex 18.196414947509766 -15.241310119628906 0.25323691964149475
		endloop
	endfacet
	facet normal 0.14426757969389542 -0.12857919314480915 -0.9811494567799013
		outer loop
			vertex 18.40230941772461 -15.964089393615723 0.3916480243206024
			vertex 17.968114852905273 -16.451261520385742 0.3916480243206024
			vertex 17.04987144470215 -15.610536575317383 0.14645348489284515
		endloop
	endfacet
	facet normal 0.20554579831475098 -0.2186543518005315 -0.9539083809432861
		outer loop
			vertex 18.85331153869629 -17.87453269958496 0.8998043537139893
			vertex 17.679189682006836 -16.76136589050293 0.3916480243206024
			vertex 18.971633911132812 -16.45798110961914 0.6005989909172058
		endloop
	endfacet
	facet normal 0.2816104217134957 -0.27420620537868884 -0.9195142888036965
		outer loop
			vertex 18.85331153869629 -17.87453269958496 0.8998043537139893
			vertex 19.750192642211914 -18.08289909362793 1.2366195917129517
			vertex 18.370441436767578 -18.370441436767578 0.8998043537139893
		endloop
	endfacet
	facet normal 0.21470258509007997 -0.2090575369488341 -0.9540428429585979
		outer loop
			vertex 18.85331153869629 -17.87453269958496 0.8998043537139893
			vertex 18.370441436767578 -18.370441436767578 0.8998043537139893
			vertex 17.679189682006836 -16.76136589050293 0.3916480243206024
		endloop
	endfacet
	facet normal 0.24194738657306084 -0.21822378889303726 -0.9454310340218546
		outer loop
			vertex 19.16142463684082 -17.543832778930664 0.8998043537139893
			vertex 18.971633911132812 -16.45798110961914 0.6005989909172058
			vertex 19.421335220336914 -17.255666732788086 0.8998043537139893
		endloop
	endfacet
	facet normal 0.28867778666458854 -0.26037214647151974 -0.9213422170009621
		outer loop
			vertex 19.16142463684082 -17.543832778930664 0.8998043537139893
			vertex 19.421335220336914 -17.255666732788086 0.8998043537139893
			vertex 19.750192642211914 -18.08289909362793 1.2366195917129517
		endloop
	endfacet
	facet normal 0.23574922287585612 -0.21964753817216204 -0.9466663947179803
		outer loop
			vertex 19.16142463684082 -17.543832778930664 0.8998043537139893
			vertex 18.85331153869629 -17.87453269958496 0.8998043537139893
			vertex 18.971633911132812 -16.45798110961914 0.6005989909172058
		endloop
	endfacet
	facet normal 0.2844336058216162 -0.26500677512327625 -0.9213408343376923
		outer loop
			vertex 19.16142463684082 -17.543832778930664 0.8998043537139893
			vertex 19.750192642211914 -18.08289909362793 1.2366195917129517
			vertex 18.85331153869629 -17.87453269958496 0.8998043537139893
		endloop
	endfacet
	facet normal 0.14122782030504527 -0.9899771223477268 0
		outer loop
			vertex 20.547212600708008 -8.29565143585205 0.03895439952611923
			vertex 21.22266387939453 -8.19929313659668 7.102718353271484
			vertex 20.547212600708008 -8.29565143585205 7.161045551300049
		endloop
	endfacet
	facet normal 0.07617749965817504 -0.9970939805290454 -0.0007632421453298237
		outer loop
			vertex 21.627573013305664 -8.163033485412598 0.14645348489284515
			vertex 21.896547317504883 -8.147741317749023 7.014603614807129
			vertex 21.22266387939453 -8.19929313659668 7.102718353271484
		endloop
	endfacet
	facet normal 0.1216517194910369 -0.9925710157919164 0.0019072898776730104
		outer loop
			vertex 21.627573013305664 -8.163033485412598 0.14645348489284515
			vertex 21.22266387939453 -8.19929313659668 7.102718353271484
			vertex 20.547212600708008 -8.29565143585205 0.03895439952611923
		endloop
	endfacet
	facet normal -0.007543837586810482 -0.9999697349041553 -0.0019025746180696367
		outer loop
			vertex 22.297569274902344 -8.13790225982666 0.25323691964149475
			vertex 22.956209182739258 -8.155343055725098 6.808351993560791
			vertex 21.896547317504883 -8.147741317749023 7.014603614807129
		endloop
	endfacet
	facet normal 0.037361887535928805 -0.9993015105729748 0.0007617915222631135
		outer loop
			vertex 22.297569274902344 -8.13790225982666 0.25323691964149475
			vertex 21.896547317504883 -8.147741317749023 7.014603614807129
			vertex 21.627573013305664 -8.163033485412598 0.14645348489284515
		endloop
	endfacet
	facet normal -0.02647073801274051 -0.999649588620463 0
		outer loop
			vertex 22.956209182739258 -8.155343055725098 0.3916480243206024
			vertex 22.956209182739258 -8.155343055725098 6.808351993560791
			vertex 22.297569274902344 -8.13790225982666 0.25323691964149475
		endloop
	endfacet
	facet normal 0.3698285695563308 -0.1198171039884312 0.9213417882261413
		outer loop
			vertex 24.774118423461914 -7.82236385345459 6.300195693969727
			vertex 24.65451431274414 -8.191534996032715 6.300195693969727
			vertex 25.53534507751465 -8.062719345092773 5.963380336761475
		endloop
	endfacet
	facet normal 0.3099605894850981 -0.1004210686784019 0.9454311407667606
		outer loop
			vertex 24.774118423461914 -7.82236385345459 6.300195693969727
			vertex 23.738845825195312 -8.200926780700684 6.599400997161865
			vertex 24.65451431274414 -8.191534996032715 6.300195693969727
		endloop
	endfacet
	facet normal 0.3717203735452786 -0.1138236564941306 0.9213404034957247
		outer loop
			vertex 24.906455993652344 -7.390181541442871 6.300195693969727
			vertex 24.774118423461914 -7.82236385345459 6.300195693969727
			vertex 25.53534507751465 -8.062719345092773 5.963380336761475
		endloop
	endfacet
	facet normal 0.3080943400921755 -0.09434087241431768 0.9466666136477364
		outer loop
			vertex 24.906455993652344 -7.390181541442871 6.300195693969727
			vertex 23.738845825195312 -8.200926780700684 6.599400997161865
			vertex 24.774118423461914 -7.82236385345459 6.300195693969727
		endloop
	endfacet
	facet normal 0.1901687264415107 -0.0666249203468433 0.9794881191073176
		outer loop
			vertex 23.026460647583008 -7.954823017120361 6.808351993560791
			vertex 21.896547317504883 -8.147741317749023 7.014603614807129
			vertex 22.956209182739258 -8.155343055725098 6.808351993560791
		endloop
	endfacet
	facet normal 0.2521341992149119 -0.08833429793502474 0.9636521142998554
		outer loop
			vertex 23.026460647583008 -7.954823017120361 6.808351993560791
			vertex 22.956209182739258 -8.155343055725098 6.808351993560791
			vertex 23.738845825195312 -8.200926780700684 6.599400997161865
		endloop
	endfacet
	facet normal 0.4180690622871335 -0.089762900124901 0.9039695132688513
		outer loop
			vertex 25.09449005126953 -6.724048614501953 6.300195693969727
			vertex 25.53534507751465 -8.062719345092773 5.963380336761475
			vertex 26.37209129333496 -7.825061321258545 5.599999904632568
		endloop
	endfacet
	facet normal 0.4043526215870103 -0.10834616902023217 0.9081630167950858
		outer loop
			vertex 25.09449005126953 -6.724048614501953 6.300195693969727
			vertex 26.37209129333496 -7.825061321258545 5.599999904632568
			vertex 26.751432418823242 -6.409343719482422 5.599999904632568
		endloop
	endfacet
	facet normal 0.4069397801368418 -0.13129802033676474 0.9039694935106082
		outer loop
			vertex 25.09449005126953 -6.724048614501953 6.300195693969727
			vertex 26.751432418823242 -6.409343719482422 5.599999904632568
			vertex 26.145618438720703 -5.785152912139893 5.963380336761475
		endloop
	endfacet
	facet normal 0.3782760407305892 -0.1067786562729782 0.9195137604047733
		outer loop
			vertex 25.09449005126953 -6.724048614501953 6.300195693969727
			vertex 24.906455993652344 -7.390181541442871 6.300195693969727
			vertex 25.53534507751465 -8.062719345092773 5.963380336761475
		endloop
	endfacet
	facet normal 0.2536809739293159 -0.08385223717584757 0.9636465979740079
		outer loop
			vertex 23.23126792907715 -7.335212707519531 6.808351993560791
			vertex 23.026460647583008 -7.954823017120361 6.808351993560791
			vertex 23.738845825195312 -8.200926780700684 6.599400997161865
		endloop
	endfacet
	facet normal 0.38098483582355686 -0.09666401133171804 0.9195143412616027
		outer loop
			vertex 25.264713287353516 -6.053142547607422 6.300195693969727
			vertex 25.09449005126953 -6.724048614501953 6.300195693969727
			vertex 26.145618438720703 -5.785152912139893 5.963380336761475
		endloop
	endfacet
	facet normal 0.13328786337253368 -0.0505432779058567 0.9897877158947347
		outer loop
			vertex 21.323123931884766 -7.9343695640563965 7.102718353271484
			vertex 21.22266387939453 -8.19929313659668 7.102718353271484
			vertex 21.896547317504883 -8.147741317749023 7.014603614807129
		endloop
	endfacet
	facet normal 0.09085943228265181 -0.0344542512726389 0.99526753595931
		outer loop
			vertex 21.323123931884766 -7.9343695640563965 7.102718353271484
			vertex 20.547212600708008 -8.29565143585205 7.161045551300049
			vertex 21.22266387939453 -8.19929313659668 7.102718353271484
		endloop
	endfacet
	facet normal 0.2602213750286545 -0.0796817680151561 0.9622555023610806
		outer loop
			vertex 23.355363845825195 -6.929945468902588 6.808351993560791
			vertex 23.23126792907715 -7.335212707519531 6.808351993560791
			vertex 23.738845825195312 -8.200926780700684 6.599400997161865
		endloop
	endfacet
	facet normal 0.29213289959941113 -0.06868111389574126 0.953908419905014
		outer loop
			vertex 23.355363845825195 -6.929945468902588 6.808351993560791
			vertex 23.738845825195312 -8.200926780700684 6.599400997161865
			vertex 24.906455993652344 -7.390181541442871 6.300195693969727
		endloop
	endfacet
	facet normal 0.3801889646127368 -0.08114911729806387 0.9213420493760394
		outer loop
			vertex 25.36619758605957 -5.6126933097839355 6.300195693969727
			vertex 26.145618438720703 -5.785152912139893 5.963380336761475
			vertex 25.447202682495117 -5.233179092407227 6.300195693969727
		endloop
	endfacet
	facet normal 0.3186446876726319 -0.0680128503011396 0.9454310208639897
		outer loop
			vertex 25.36619758605957 -5.6126933097839355 6.300195693969727
			vertex 25.447202682495117 -5.233179092407227 6.300195693969727
			vertex 24.658906936645508 -4.767212390899658 6.599400997161865
		endloop
	endfacet
	facet normal 0.37883033966494195 -0.08728663384560201 0.921340663002154
		outer loop
			vertex 25.36619758605957 -5.6126933097839355 6.300195693969727
			vertex 25.264713287353516 -6.053142547607422 6.300195693969727
			vertex 26.145618438720703 -5.785152912139893 5.963380336761475
		endloop
	endfacet
	facet normal 0.3139875023178112 -0.07234613830336306 0.9466667231189725
		outer loop
			vertex 25.36619758605957 -5.6126933097839355 6.300195693969727
			vertex 24.658906936645508 -4.767212390899658 6.599400997161865
			vertex 25.264713287353516 -6.053142547607422 6.300195693969727
		endloop
	endfacet
	facet normal 0.02735535268648879 -0.011778535232565081 0.9995563769929005
		outer loop
			vertex 19.707714080810547 -8.340553283691406 7.197393417358398
			vertex 19.602378845214844 -8.58519172668457 7.197393417358398
			vertex 19.95750617980957 -8.446269035339355 7.189311504364014
		endloop
	endfacet
	facet normal 0.009775532187599982 -0.0042091012902783905 0.999943359614322
		outer loop
			vertex 19.707714080810547 -8.340553283691406 7.197393417358398
			vertex 19.261783599853516 -8.757136344909668 7.1999993324279785
			vertex 19.602378845214844 -8.58519172668457 7.197393417358398
		endloop
	endfacet
	facet normal 0.1829488193971978 -0.02068544899000356 0.982904797872741
		outer loop
			vertex 21.504409790039062 -7.429008960723877 7.102718353271484
			vertex 21.896547317504883 -8.147741317749023 7.014603614807129
			vertex 23.026460647583008 -7.954823017120361 6.808351993560791
		endloop
	endfacet
	facet normal 0.13418376809698893 -0.048135171973098814 0.9897867051028792
		outer loop
			vertex 21.504409790039062 -7.429008960723877 7.102718353271484
			vertex 21.323123931884766 -7.9343695640563965 7.102718353271484
			vertex 21.896547317504883 -8.147741317749023 7.014603614807129
		endloop
	endfacet
	facet normal 0.2884003044459886 -0.08140919735449823 0.9540428748130546
		outer loop
			vertex 23.531688690185547 -6.305296897888184 6.808351993560791
			vertex 23.355363845825195 -6.929945468902588 6.808351993560791
			vertex 24.906455993652344 -7.390181541442871 6.300195693969727
		endloop
	endfacet
	facet normal 0.28840054972093 -0.08140886509257288 0.9540428290202726
		outer loop
			vertex 23.531688690185547 -6.305296897888184 6.808351993560791
			vertex 24.906455993652344 -7.390181541442871 6.300195693969727
			vertex 25.09449005126953 -6.724048614501953 6.300195693969727
		endloop
	endfacet
	facet normal 0.29046676747993666 -0.0736976390214427 0.9540428266028844
		outer loop
			vertex 23.531688690185547 -6.305296897888184 6.808351993560791
			vertex 25.09449005126953 -6.724048614501953 6.300195693969727
			vertex 25.264713287353516 -6.053142547607422 6.300195693969727
		endloop
	endfacet
	facet normal 0.00932600199568661 -0.0037842864003396095 0.9999493511489554
		outer loop
			vertex 19.843708038330078 -8.01162052154541 7.197393417358398
			vertex 19.917573928833008 -7.141005516052246 7.1999993324279785
			vertex 19.261783599853516 -8.757136344909668 7.1999993324279785
		endloop
	endfacet
	facet normal 0.04931847458807981 -0.005658820305779678 0.998767072853852
		outer loop
			vertex 19.843708038330078 -8.01162052154541 7.197393417358398
			vertex 19.95750617980957 -8.446269035339355 7.189311504364014
			vertex 20.547212600708008 -8.29565143585205 7.161045551300049
		endloop
	endfacet
	facet normal 0.02752418767156906 -0.011379599844498283 0.9995563634935248
		outer loop
			vertex 19.843708038330078 -8.01162052154541 7.197393417358398
			vertex 19.707714080810547 -8.340553283691406 7.197393417358398
			vertex 19.95750617980957 -8.446269035339355 7.189311504364014
		endloop
	endfacet
	facet normal 0.009520614371626188 -0.0039362026998092095 0.9999469306969709
		outer loop
			vertex 19.843708038330078 -8.01162052154541 7.197393417358398
			vertex 19.261783599853516 -8.757136344909668 7.1999993324279785
			vertex 19.707714080810547 -8.340553283691406 7.197393417358398
		endloop
	endfacet
	facet normal 0.17075007262948066 -0.05643988602892504 0.9836965751501167
		outer loop
			vertex 21.6956787109375 -6.8503546714782715 7.102718353271484
			vertex 21.504409790039062 -7.429008960723877 7.102718353271484
			vertex 23.026460647583008 -7.954823017120361 6.808351993560791
		endloop
	endfacet
	facet normal 0.17194653469873925 -0.05265133921979404 0.98369823913813
		outer loop
			vertex 21.6956787109375 -6.8503546714782715 7.102718353271484
			vertex 23.23126792907715 -7.335212707519531 6.808351993560791
			vertex 23.355363845825195 -6.929945468902588 6.808351993560791
		endloop
	endfacet
	facet normal 0.17074994567999333 -0.05644004247205116 0.9836965882100195
		outer loop
			vertex 21.6956787109375 -6.8503546714782715 7.102718353271484
			vertex 23.026460647583008 -7.954823017120361 6.808351993560791
			vertex 23.23126792907715 -7.335212707519531 6.808351993560791
		endloop
	endfacet
	facet normal 0.28733517958627386 -0.08658710144673731 0.9539083647998775
		outer loop
			vertex 23.69131088256836 -5.676173210144043 6.808351993560791
			vertex 25.264713287353516 -6.053142547607422 6.300195693969727
			vertex 24.658906936645508 -4.767212390899658 6.599400997161865
		endloop
	endfacet
	facet normal 0.29046676965764734 -0.07369765833068315 0.9540428244482662
		outer loop
			vertex 23.69131088256836 -5.676173210144043 6.808351993560791
			vertex 23.531688690185547 -6.305296897888184 6.808351993560791
			vertex 25.264713287353516 -6.053142547607422 6.300195693969727
		endloop
	endfacet
	facet normal 0.009878250443523076 -0.00383112459984606 0.9999438697509354
		outer loop
			vertex 20.05646514892578 -7.463043212890625 7.197393417358398
			vertex 19.917573928833008 -7.141005516052246 7.1999993324279785
			vertex 19.843708038330078 -8.01162052154541 7.197393417358398
		endloop
	endfacet
	facet normal 0.07472478732106076 0.0005101549422901926 0.9972040643227228
		outer loop
			vertex 20.05646514892578 -7.463043212890625 7.197393417358398
			vertex 20.547212600708008 -8.29565143585205 7.161045551300049
			vertex 21.323123931884766 -7.9343695640563965 7.102718353271484
		endloop
	endfacet
	facet normal 0.044620785044358555 -0.017305472079822744 0.998854096541692
		outer loop
			vertex 20.05646514892578 -7.463043212890625 7.197393417358398
			vertex 19.843708038330078 -8.01162052154541 7.197393417358398
			vertex 20.547212600708008 -8.29565143585205 7.161045551300049
		endloop
	endfacet
	facet normal 0.17194655687252733 -0.052650941276590035 0.9836982565616206
		outer loop
			vertex 21.81157112121582 -6.471875190734863 7.102718353271484
			vertex 21.6956787109375 -6.8503546714782715 7.102718353271484
			vertex 23.355363845825195 -6.929945468902588 6.808351993560791
		endloop
	endfacet
	facet normal 0.2651989849606186 -0.06110409762858456 0.9622555729268882
		outer loop
			vertex 23.786474227905273 -5.263153076171875 6.808351993560791
			vertex 23.69131088256836 -5.676173210144043 6.808351993560791
			vertex 24.658906936645508 -4.767212390899658 6.599400997161865
		endloop
	endfacet
	facet normal 0.010242185505942587 -0.003674138658173075 0.9999407974181185
		outer loop
			vertex 20.22698211669922 -6.9877028465271 7.197393417358398
			vertex 19.917573928833008 -7.141005516052246 7.1999993324279785
			vertex 20.05646514892578 -7.463043212890625 7.197393417358398
		endloop
	endfacet
	facet normal 0.0657806301866887 -0.023597205470086428 0.9975550514063096
		outer loop
			vertex 20.22698211669922 -6.9877028465271 7.197393417358398
			vertex 21.323123931884766 -7.9343695640563965 7.102718353271484
			vertex 21.504409790039062 -7.429008960723877 7.102718353271484
		endloop
	endfacet
	facet normal 0.06578061731296932 -0.023597220426035157 0.9975550519014428
		outer loop
			vertex 20.22698211669922 -6.9877028465271 7.197393417358398
			vertex 20.05646514892578 -7.463043212890625 7.197393417358398
			vertex 21.323123931884766 -7.9343695640563965 7.102718353271484
		endloop
	endfacet
	facet normal 0.17307279545634874 -0.04885472430088684 0.9836966114541664
		outer loop
			vertex 21.976242065429688 -5.888516426086426 7.102718353271484
			vertex 23.355363845825195 -6.929945468902588 6.808351993560791
			vertex 23.531688690185547 -6.305296897888184 6.808351993560791
		endloop
	endfacet
	facet normal 0.17307255566030716 -0.048855049217037934 0.9836966375073215
		outer loop
			vertex 21.976242065429688 -5.888516426086426 7.102718353271484
			vertex 21.81157112121582 -6.471875190734863 7.102718353271484
			vertex 23.355363845825195 -6.929945468902588 6.808351993560791
		endloop
	endfacet
	facet normal 0.26252258046816584 -0.04956564077520586 0.963651981785374
		outer loop
			vertex 23.918912887573242 -4.624151706695557 6.808351993560791
			vertex 24.658906936645508 -4.767212390899658 6.599400997161865
			vertex 23.958332061767578 -4.415369510650635 6.808351993560791
		endloop
	endfacet
	facet normal 0.19800406175287158 -0.03738420588191881 0.9794880360065372
		outer loop
			vertex 23.918912887573242 -4.624151706695557 6.808351993560791
			vertex 23.958332061767578 -4.415369510650635 6.808351993560791
			vertex 23.036836624145508 -3.892122983932495 7.014603614807129
		endloop
	endfacet
	facet normal 0.26162059723142844 -0.05422317211504501 0.9636464656242212
		outer loop
			vertex 23.918912887573242 -4.624151706695557 6.808351993560791
			vertex 23.786474227905273 -5.263153076171875 6.808351993560791
			vertex 24.658906936645508 -4.767212390899658 6.599400997161865
		endloop
	endfacet
	facet normal 0.009607896640213186 -0.003003950260008579 0.9999493310188204
		outer loop
			vertex 20.406888961791992 -6.443422317504883 7.197393417358398
			vertex 20.438034057617188 -5.476355075836182 7.1999993324279785
			vertex 19.917573928833008 -7.141005516052246 7.1999993324279785
		endloop
	endfacet
	facet normal 0.06635548313527208 -0.02193318516633221 0.9975549534969711
		outer loop
			vertex 20.406888961791992 -6.443422317504883 7.197393417358398
			vertex 20.22698211669922 -6.9877028465271 7.197393417358398
			vertex 21.504409790039062 -7.429008960723877 7.102718353271484
		endloop
	endfacet
	facet normal 0.06635547122360001 -0.02193319847882158 0.997554953996612
		outer loop
			vertex 20.406888961791992 -6.443422317504883 7.197393417358398
			vertex 21.504409790039062 -7.429008960723877 7.102718353271484
			vertex 21.6956787109375 -6.8503546714782715 7.102718353271484
		endloop
	endfacet
	facet normal 0.010071170177016775 -0.0033289312336682144 0.9999437432916449
		outer loop
			vertex 20.406888961791992 -6.443422317504883 7.197393417358398
			vertex 19.917573928833008 -7.141005516052246 7.1999993324279785
			vertex 20.22698211669922 -6.9877028465271 7.197393417358398
		endloop
	endfacet
	facet normal 0.1743128489023794 -0.044226779418919865 0.9836966111000721
		outer loop
			vertex 22.12531280517578 -5.30097770690918 7.102718353271484
			vertex 21.976242065429688 -5.888516426086426 7.102718353271484
			vertex 23.531688690185547 -6.305296897888184 6.808351993560791
		endloop
	endfacet
	facet normal 0.17431276925499825 -0.04422689358363184 0.9836966200809047
		outer loop
			vertex 22.12531280517578 -5.30097770690918 7.102718353271484
			vertex 23.531688690185547 -6.305296897888184 6.808351993560791
			vertex 23.69131088256836 -5.676173210144043 6.808351993560791
		endloop
	endfacet
	facet normal 0.17523575112404527 -0.0403758047802938 0.9836982392564985
		outer loop
			vertex 22.12531280517578 -5.30097770690918 7.102718353271484
			vertex 23.69131088256836 -5.676173210144043 6.808351993560791
			vertex 23.786474227905273 -5.263153076171875 6.808351993560791
		endloop
	endfacet
	facet normal 0.009833922216595074 -0.0030112235963172863 0.9999471118545676
		outer loop
			vertex 20.515897750854492 -6.08742618560791 7.197393417358398
			vertex 20.438034057617188 -5.476355075836182 7.1999993324279785
			vertex 20.406888961791992 -6.443422317504883 7.197393417358398
		endloop
	endfacet
	facet normal 0.06682035992618464 -0.020460914789888287 0.9975552067255706
		outer loop
			vertex 20.515897750854492 -6.08742618560791 7.197393417358398
			vertex 20.406888961791992 -6.443422317504883 7.197393417358398
			vertex 21.6956787109375 -6.8503546714782715 7.102718353271484
		endloop
	endfacet
	facet normal 0.06682045075705383 -0.02046077393392126 0.9975552035304358
		outer loop
			vertex 20.515897750854492 -6.08742618560791 7.197393417358398
			vertex 21.6956787109375 -6.8503546714782715 7.102718353271484
			vertex 21.81157112121582 -6.471875190734863 7.102718353271484
		endloop
	endfacet
	facet normal 0.17523575049598836 -0.040375762972291555 0.9836982410843851
		outer loop
			vertex 22.21418571472168 -4.915258407592773 7.102718353271484
			vertex 22.12531280517578 -5.30097770690918 7.102718353271484
			vertex 23.786474227905273 -5.263153076171875 6.808351993560791
		endloop
	endfacet
	facet normal 0.06725807357331112 -0.018985658830372655 0.9975549590363351
		outer loop
			vertex 20.670785903930664 -5.53872013092041 7.197393417358398
			vertex 21.81157112121582 -6.471875190734863 7.102718353271484
			vertex 21.976242065429688 -5.888516426086426 7.102718353271484
		endloop
	endfacet
	facet normal 0.06774001156205291 -0.017187043686422706 0.9975549590688697
		outer loop
			vertex 20.670785903930664 -5.53872013092041 7.197393417358398
			vertex 21.976242065429688 -5.888516426086426 7.102718353271484
			vertex 22.12531280517578 -5.30097770690918 7.102718353271484
		endloop
	endfacet
	facet normal 0.010408221585555271 -0.0029380215589425796 0.9999415167662283
		outer loop
			vertex 20.670785903930664 -5.53872013092041 7.197393417358398
			vertex 20.438034057617188 -5.476355075836182 7.1999993324279785
			vertex 20.515897750854492 -6.08742618560791 7.197393417358398
		endloop
	endfacet
	facet normal 0.06725815466769285 -0.018985559329618554 0.9975549554624238
		outer loop
			vertex 20.670785903930664 -5.53872013092041 7.197393417358398
			vertex 20.515897750854492 -6.08742618560791 7.197393417358398
			vertex 21.81157112121582 -6.471875190734863 7.102718353271484
		endloop
	endfacet
	facet normal 0.16878095797558637 -0.07356000822774501 0.9829048343631126
		outer loop
			vertex 22.33786964416504 -4.31849479675293 7.102718353271484
			vertex 23.918912887573242 -4.624151706695557 6.808351993560791
			vertex 23.036836624145508 -3.892122983932495 7.014603614807129
		endloop
	endfacet
	facet normal 0.17609362851440338 -0.036496954858844154 0.9836966027605579
		outer loop
			vertex 22.33786964416504 -4.31849479675293 7.102718353271484
			vertex 23.786474227905273 -5.263153076171875 6.808351993560791
			vertex 23.918912887573242 -4.624151706695557 6.808351993560791
		endloop
	endfacet
	facet normal 0.17609372523189012 -0.03649680290718095 0.9836965910846242
		outer loop
			vertex 22.33786964416504 -4.31849479675293 7.102718353271484
			vertex 22.21418571472168 -4.915258407592773 7.102718353271484
			vertex 23.786474227905273 -5.263153076171875 6.808351993560791
		endloop
	endfacet
	facet normal 0.06774000007190831 -0.017186972590300286 0.9975549610740445
		outer loop
			vertex 20.81100082397461 -4.986083030700684 7.197393417358398
			vertex 20.670785903930664 -5.53872013092041 7.197393417358398
			vertex 22.12531280517578 -5.30097770690918 7.102718353271484
		endloop
	endfacet
	facet normal 0.01048279887114072 -0.0026596925993013338 0.9999415167714082
		outer loop
			vertex 20.81100082397461 -4.986083030700684 7.197393417358398
			vertex 20.438034057617188 -5.476355075836182 7.1999993324279785
			vertex 20.670785903930664 -5.53872013092041 7.197393417358398
		endloop
	endfacet
	facet normal 0.14070246711461482 -0.022871619460535945 0.9897877069205868
		outer loop
			vertex 22.433551788330078 -3.790196657180786 7.102718353271484
			vertex 23.036836624145508 -3.892122983932495 7.014603614807129
			vertex 22.47901153564453 -3.510535717010498 7.102718353271484
		endloop
	endfacet
	facet normal 0.09591418211126006 -0.015591145763850097 0.9952674946182551
		outer loop
			vertex 22.433551788330078 -3.790196657180786 7.102718353271484
			vertex 22.47901153564453 -3.510535717010498 7.102718353271484
			vertex 21.94223403930664 -3.0893614292144775 7.161045551300049
		endloop
	endfacet
	facet normal 0.14027419636680008 -0.025405608829652735 0.9897866966542049
		outer loop
			vertex 22.433551788330078 -3.790196657180786 7.102718353271484
			vertex 22.33786964416504 -4.31849479675293 7.102718353271484
			vertex 23.036836624145508 -3.892122983932495 7.014603614807129
		endloop
	endfacet
	facet normal 0.06809864659212748 -0.015690490129755427 0.9975552029094975
		outer loop
			vertex 20.894596099853516 -4.623276710510254 7.197393417358398
			vertex 22.12531280517578 -5.30097770690918 7.102718353271484
			vertex 22.21418571472168 -4.915258407592773 7.102718353271484
		endloop
	endfacet
	facet normal 0.009822635088480991 -0.0022024463183950276 0.9999493312514055
		outer loop
			vertex 20.894596099853516 -4.623276710510254 7.197393417358398
			vertex 20.81962776184082 -3.7744948863983154 7.1999993324279785
			vertex 20.438034057617188 -5.476355075836182 7.1999993324279785
		endloop
	endfacet
	facet normal 0.06809849055686606 -0.015690774355998874 0.9975552090906977
		outer loop
			vertex 20.894596099853516 -4.623276710510254 7.197393417358398
			vertex 20.81100082397461 -4.986083030700684 7.197393417358398
			vertex 22.12531280517578 -5.30097770690918 7.102718353271484
		endloop
	endfacet
	facet normal 0.06843216386510632 -0.014183101605737368 0.9975549501544166
		outer loop
			vertex 20.894596099853516 -4.623276710510254 7.197393417358398
			vertex 22.21418571472168 -4.915258407592773 7.102718353271484
			vertex 22.33786964416504 -4.31849479675293 7.102718353271484
		endloop
	endfacet
	facet normal 0.010022153241454957 -0.0023092339314275314 0.99994711054288
		outer loop
			vertex 20.894596099853516 -4.623276710510254 7.197393417358398
			vertex 20.438034057617188 -5.476355075836182 7.1999993324279785
			vertex 20.81100082397461 -4.986083030700684 7.197393417358398
		endloop
	endfacet
	facet normal 0.010386413914837972 -0.0021526336059931104 0.9999437427048324
		outer loop
			vertex 21.01093101501465 -4.061963081359863 7.197393417358398
			vertex 20.81962776184082 -3.7744948863983154 7.1999993324279785
			vertex 20.894596099853516 -4.623276710510254 7.197393417358398
		endloop
	endfacet
	facet normal 0.0684321177704297 -0.014182881372699782 0.9975549564477248
		outer loop
			vertex 21.01093101501465 -4.061963081359863 7.197393417358398
			vertex 20.894596099853516 -4.623276710510254 7.197393417358398
			vertex 22.33786964416504 -4.31849479675293 7.102718353271484
		endloop
	endfacet
	facet normal 0.010707095042491309 -0.001939201232808701 0.9999407970546705
		outer loop
			vertex 21.100929260253906 -3.565047264099121 7.197393417358398
			vertex 20.81962776184082 -3.7744948863983154 7.1999993324279785
			vertex 21.01093101501465 -4.061963081359863 7.197393417358398
		endloop
	endfacet
	facet normal 0.06445842964935865 -0.037804247600399216 0.997204066232437
		outer loop
			vertex 21.100929260253906 -3.565047264099121 7.197393417358398
			vertex 22.433551788330078 -3.790196657180786 7.102718353271484
			vertex 21.94223403930664 -3.0893614292144775 7.161045551300049
		endloop
	endfacet
	facet normal 0.06876625445766285 -0.012454525541272219 0.9975550546418006
		outer loop
			vertex 21.100929260253906 -3.565047264099121 7.197393417358398
			vertex 22.33786964416504 -4.31849479675293 7.102718353271484
			vertex 22.433551788330078 -3.790196657180786 7.102718353271484
		endloop
	endfacet
	facet normal 0.06876626381614859 -0.012454510120505633 0.9975550541892042
		outer loop
			vertex 21.100929260253906 -3.565047264099121 7.197393417358398
			vertex 21.01093101501465 -4.061963081359863 7.197393417358398
			vertex 22.33786964416504 -4.31849479675293 7.102718353271484
		endloop
	endfacet
	facet normal 0.04554044345724059 -0.019758532022005258 0.9987670741579607
		outer loop
			vertex 21.19096565246582 -2.983586549758911 7.197393417358398
			vertex 21.94223403930664 -3.0893614292144775 7.161045551300049
			vertex 21.5068416595459 -2.664069652557373 7.189311504364014
		endloop
	endfacet
	facet normal 0.009968677445315915 -0.0013857036530711213 0.9999493513650465
		outer loop
			vertex 21.19096565246582 -2.983586549758911 7.197393417358398
			vertex 21.05976104736328 -2.0469889640808105 7.1999993324279785
			vertex 20.81962776184082 -3.7744948863983154 7.1999993324279785
		endloop
	endfacet
	facet normal 0.04729544877688894 -0.007323472542330599 0.9988540970907185
		outer loop
			vertex 21.19096565246582 -2.983586549758911 7.197393417358398
			vertex 21.100929260253906 -3.565047264099121 7.197393417358398
			vertex 21.94223403930664 -3.0893614292144775 7.161045551300049
		endloop
	endfacet
	facet normal 0.010470420654104811 -0.0016212942291491186 0.9999438692728451
		outer loop
			vertex 21.19096565246582 -2.983586549758911 7.197393417358398
			vertex 20.81962776184082 -3.7744948863983154 7.1999993324279785
			vertex 21.100929260253906 -3.565047264099121 7.197393417358398
		endloop
	endfacet
	facet normal 0.029579681363281537 -0.0034773059312869247 0.9995563769962688
		outer loop
			vertex 21.23765754699707 -2.630725622177124 7.197393417358398
			vertex 21.5068416595459 -2.664069652557373 7.189311504364014
			vertex 21.268754959106445 -2.3661956787109375 7.197393417358398
		endloop
	endfacet
	facet normal 0.010570251146660103 -0.001242609633148392 0.9999433612520243
		outer loop
			vertex 21.23765754699707 -2.630725622177124 7.197393417358398
			vertex 21.268754959106445 -2.3661956787109375 7.197393417358398
			vertex 21.05976104736328 -2.0469889640808105 7.1999993324279785
		endloop
	endfacet
	facet normal 0.029526448070233007 -0.003907051451193058 0.9995563634999847
		outer loop
			vertex 21.23765754699707 -2.630725622177124 7.197393417358398
			vertex 21.19096565246582 -2.983586549758911 7.197393417358398
			vertex 21.5068416595459 -2.664069652557373 7.189311504364014
		endloop
	endfacet
	facet normal 0.010213175472087914 -0.0013514460647143978 0.9999469309119914
		outer loop
			vertex 21.23765754699707 -2.630725622177124 7.197393417358398
			vertex 21.05976104736328 -2.0469889640808105 7.1999993324279785
			vertex 21.19096565246582 -2.983586549758911 7.197393417358398
		endloop
	endfacet
	facet normal 0.000482703724531017 -0.00019587054999354182 0.9999998643159119
		outer loop
			vertex 19.916467666625977 -7.141297340393066 7.199999809265137
			vertex 19.261783599853516 -8.757136344909668 7.1999993324279785
			vertex 19.917573928833008 -7.141005516052246 7.1999993324279785
		endloop
	endfacet
	facet normal 0.0004434333032655457 -0.00017995948520553657 0.9999998854907383
		outer loop
			vertex 19.916467666625977 -7.141297340393066 7.199999809265137
			vertex 19.260387420654297 -8.757926940917969 7.199999809265137
			vertex 19.261783599853516 -8.757136344909668 7.1999993324279785
		endloop
	endfacet
	facet normal 0.0004825342100605458 -0.00015086639876074354 0.999999872200025
		outer loop
			vertex 20.437122344970703 -5.476110458374023 7.199999809265137
			vertex 19.917573928833008 -7.141005516052246 7.1999993324279785
			vertex 20.438034057617188 -5.476355075836182 7.1999993324279785
		endloop
	endfacet
	facet normal 0.0004697822079460485 -0.00014688699929803323 0.9999998788644361
		outer loop
			vertex 20.437122344970703 -5.476110458374023 7.199999809265137
			vertex 19.916467666625977 -7.141297340393066 7.199999809265137
			vertex 19.917573928833008 -7.141005516052246 7.1999993324279785
		endloop
	endfacet
	facet normal 0.000493333606025127 -0.00011061601846583621 0.9999998721930168
		outer loop
			vertex 20.81962776184082 -3.7744948863983154 7.1999993324279785
			vertex 20.437122344970703 -5.476110458374023 7.199999809265137
			vertex 20.438034057617188 -5.476355075836182 7.1999993324279785
		endloop
	endfacet
	facet normal 0.0004800205070041607 -0.000107623372783721 0.999999878998754
		outer loop
			vertex 20.818815231323242 -3.773688316345215 7.199999809265137
			vertex 20.437122344970703 -5.476110458374023 7.199999809265137
			vertex 20.81962776184082 -3.7744948863983154 7.1999993324279785
		endloop
	endfacet
	facet normal 0.0005156955771476245 -0.00007168465917832065 0.9999998644596817
		outer loop
			vertex 21.05976104736328 -2.0469889640808105 7.1999993324279785
			vertex 20.818815231323242 -3.773688316345215 7.199999809265137
			vertex 20.81962776184082 -3.7744948863983154 7.1999993324279785
		endloop
	endfacet
	facet normal 0.0004746436595984143 -0.00006595622256843119 0.99999988518158
		outer loop
			vertex 21.058948516845703 -2.0456066131591797 7.199999809265137
			vertex 20.818815231323242 -3.773688316345215 7.199999809265137
			vertex 21.05976104736328 -2.0469889640808105 7.1999993324279785
		endloop
	endfacet
	facet normal 0 0 1
		outer loop
			vertex -17.29860496520996 -11.448601722717285 7.199999809265137
			vertex -17.214780807495117 -12.301021575927734 7.199999809265137
			vertex -16.142778396606445 -13.677517890930176 7.199999809265137
		endloop
	endfacet
	facet normal 0 0 1
		outer loop
			vertex -17.29860496520996 -11.448601722717285 7.199999809265137
			vertex -16.142778396606445 -13.677517890930176 7.199999809265137
			vertex -14.961012840270996 -14.961012840270996 7.199999809265137
		endloop
	endfacet
	facet normal 0 0 1
		outer loop
			vertex -11.448601722717285 -17.29860496520996 7.199999809265137
			vertex -14.961012840270996 -14.961012840270996 7.199999809265137
			vertex -13.677517890930176 -16.142778396606445 7.199999809265137
		endloop
	endfacet
	facet normal 0 0 1
		outer loop
			vertex -11.448601722717285 -17.29860496520996 7.199999809265137
			vertex -13.677517890930176 -16.142778396606445 7.199999809265137
			vertex -12.301021575927734 -17.214780807495117 7.199999809265137
		endloop
	endfacet
	facet normal 0 0 1
		outer loop
			vertex -10.633111000061035 -17.560558319091797 7.199999809265137
			vertex -14.961012840270996 -14.961012840270996 7.199999809265137
			vertex -11.448601722717285 -17.29860496520996 7.199999809265137
		endloop
	endfacet
	facet normal 0 0 1
		outer loop
			vertex -17.560558319091797 -10.633111000061035 7.199999809265137
			vertex -17.29860496520996 -11.448601722717285 7.199999809265137
			vertex -14.961012840270996 -14.961012840270996 7.199999809265137
		endloop
	endfacet
	facet normal 0 0 1
		outer loop
			vertex -19.916467666625977 -7.141297340393066 7.199999809265137
			vertex -19.260387420654297 -8.757926940917969 7.199999809265137
			vertex -18.564083099365234 -9.256730079650879 7.199999809265137
		endloop
	endfacet
	facet normal 0 0 1
		outer loop
			vertex -7.141297340393066 -19.916467666625977 7.199999809265137
			vertex -9.256730079650879 -18.564083099365234 7.199999809265137
			vertex -8.757926940917969 -19.260387420654297 7.199999809265137
		endloop
	endfacet
	facet normal 0 0 1
		outer loop
			vertex -20.437122344970703 -5.476110458374023 7.199999809265137
			vertex -18.564083099365234 -9.256730079650879 7.199999809265137
			vertex -17.98882293701172 -9.89133358001709 7.199999809265137
		endloop
	endfacet
	facet normal 0 0 1
		outer loop
			vertex -20.437122344970703 -5.476110458374023 7.199999809265137
			vertex -19.916467666625977 -7.141297340393066 7.199999809265137
			vertex -18.564083099365234 -9.256730079650879 7.199999809265137
		endloop
	endfacet
	facet normal 0 0 1
		outer loop
			vertex -5.476110458374023 -20.437122344970703 7.199999809265137
			vertex -9.256730079650879 -18.564083099365234 7.199999809265137
			vertex -7.141297340393066 -19.916467666625977 7.199999809265137
		endloop
	endfacet
	facet normal 0 0 1
		outer loop
			vertex -5.476110458374023 -20.437122344970703 7.199999809265137
			vertex -9.89133358001709 -17.98882293701172 7.199999809265137
			vertex -9.256730079650879 -18.564083099365234 7.199999809265137
		endloop
	endfacet
	facet normal 0 0 1
		outer loop
			vertex -1.2654777765274048 -20.705331802368164 7.199999809265137
			vertex -5.476110458374023 -20.437122344970703 7.199999809265137
			vertex -3.773688316345215 -20.818815231323242 7.199999809265137
		endloop
	endfacet
	facet normal 0 0 1
		outer loop
			vertex -1.2654777765274048 -20.705331802368164 7.199999809265137
			vertex -3.773688316345215 -20.818815231323242 7.199999809265137
			vertex -2.0456066131591797 -21.058948516845703 7.199999809265137
		endloop
	endfacet
	facet normal 0 0 1
		outer loop
			vertex -20.705331802368164 -1.2654777765274048 7.199999809265137
			vertex -21.058948516845703 -2.0456066131591797 7.199999809265137
			vertex -20.818815231323242 -3.773688316345215 7.199999809265137
		endloop
	endfacet
	facet normal 0 0 1
		outer loop
			vertex -20.705331802368164 -1.2654777765274048 7.199999809265137
			vertex -20.818815231323242 -3.773688316345215 7.199999809265137
			vertex -20.437122344970703 -5.476110458374023 7.199999809265137
		endloop
	endfacet
	facet normal 0 0 1
		outer loop
			vertex -0.42826536297798157 -20.524444580078125 7.199999809265137
			vertex -5.476110458374023 -20.437122344970703 7.199999809265137
			vertex -1.2654777765274048 -20.705331802368164 7.199999809265137
		endloop
	endfacet
	facet normal 0 0 1
		outer loop
			vertex -20.524444580078125 -0.42826536297798157 7.199999809265137
			vertex -20.705331802368164 -1.2654777765274048 7.199999809265137
			vertex -20.437122344970703 -5.476110458374023 7.199999809265137
		endloop
	endfacet
	facet normal 0 0 1
		outer loop
			vertex 3.773688316345215 -20.818815231323242 7.199999809265137
			vertex 1.2654777765274048 -20.705331802368164 7.199999809265137
			vertex 2.0456066131591797 -21.058948516845703 7.199999809265137
		endloop
	endfacet
	facet normal 0 0 1
		outer loop
			vertex -20.818815231323242 3.773688316345215 7.199999809265137
			vertex -21.058948516845703 2.0456066131591797 7.199999809265137
			vertex -20.705331802368164 1.2654777765274048 7.199999809265137
		endloop
	endfacet
	facet normal 0 0 1
		outer loop
			vertex 5.476110458374023 -20.437122344970703 7.199999809265137
			vertex 1.2654777765274048 -20.705331802368164 7.199999809265137
			vertex 3.773688316345215 -20.818815231323242 7.199999809265137
		endloop
	endfacet
	facet normal 0 0 1
		outer loop
			vertex 5.476110458374023 -20.437122344970703 7.199999809265137
			vertex 0.42826536297798157 -20.524444580078125 7.199999809265137
			vertex 1.2654777765274048 -20.705331802368164 7.199999809265137
		endloop
	endfacet
	facet normal 0 0 1
		outer loop
			vertex -20.437122344970703 5.476110458374023 7.199999809265137
			vertex -20.818815231323242 3.773688316345215 7.199999809265137
			vertex -20.705331802368164 1.2654777765274048 7.199999809265137
		endloop
	endfacet
	facet normal 0 0 1
		outer loop
			vertex -20.437122344970703 5.476110458374023 7.199999809265137
			vertex -20.705331802368164 1.2654777765274048 7.199999809265137
			vertex -20.524444580078125 0.42826536297798157 7.199999809265137
		endloop
	endfacet
	facet normal 0 0 1
		outer loop
			vertex -18.564083099365234 9.256730079650879 7.199999809265137
			vertex -19.260387420654297 8.757926940917969 7.199999809265137
			vertex -19.916467666625977 7.141297340393066 7.199999809265137
		endloop
	endfacet
	facet normal 0 0 1
		outer loop
			vertex -18.564083099365234 9.256730079650879 7.199999809265137
			vertex -19.916467666625977 7.141297340393066 7.199999809265137
			vertex -20.437122344970703 5.476110458374023 7.199999809265137
		endloop
	endfacet
	facet normal 0 0 1
		outer loop
			vertex 9.256730079650879 -18.564083099365234 7.199999809265137
			vertex 5.476110458374023 -20.437122344970703 7.199999809265137
			vertex 7.141297340393066 -19.916467666625977 7.199999809265137
		endloop
	endfacet
	facet normal 0 0 1
		outer loop
			vertex 9.256730079650879 -18.564083099365234 7.199999809265137
			vertex 7.141297340393066 -19.916467666625977 7.199999809265137
			vertex 8.757926940917969 -19.260387420654297 7.199999809265137
		endloop
	endfacet
	facet normal 0 0 1
		outer loop
			vertex 9.89133358001709 -17.98882293701172 7.199999809265137
			vertex 5.476110458374023 -20.437122344970703 7.199999809265137
			vertex 9.256730079650879 -18.564083099365234 7.199999809265137
		endloop
	endfacet
	facet normal 0 0 1
		outer loop
			vertex -17.98882293701172 9.89133358001709 7.199999809265137
			vertex -18.564083099365234 9.256730079650879 7.199999809265137
			vertex -20.437122344970703 5.476110458374023 7.199999809265137
		endloop
	endfacet
	facet normal 0 0 1
		outer loop
			vertex -1.87127685546875 -1.657806634902954 7.199999809265137
			vertex -14.961012840270996 -14.961012840270996 7.199999809265137
			vertex -10.633111000061035 -17.560558319091797 7.199999809265137
		endloop
	endfacet
	facet normal 0 0 1
		outer loop
			vertex -1.87127685546875 -1.657806634902954 7.199999809265137
			vertex -17.560558319091797 -10.633111000061035 7.199999809265137
			vertex -14.961012840270996 -14.961012840270996 7.199999809265137
		endloop
	endfacet
	facet normal 0 0 1
		outer loop
			vertex -1.4201618432998657 -2.057459592819214 7.199999809265137
			vertex -10.633111000061035 -17.560558319091797 7.199999809265137
			vertex -9.89133358001709 -17.98882293701172 7.199999809265137
		endloop
	endfacet
	facet normal 0 0 1
		outer loop
			vertex -1.4201618432998657 -2.057459592819214 7.199999809265137
			vertex -1.87127685546875 -1.657806634902954 7.199999809265137
			vertex -10.633111000061035 -17.560558319091797 7.199999809265137
		endloop
	endfacet
	facet normal 0 0 1
		outer loop
			vertex -2.213639974594116 -1.161807894706726 7.199999809265137
			vertex -17.98882293701172 -9.89133358001709 7.199999809265137
			vertex -17.560558319091797 -10.633111000061035 7.199999809265137
		endloop
	endfacet
	facet normal 0 0 1
		outer loop
			vertex -2.213639974594116 -1.161807894706726 7.199999809265137
			vertex -17.560558319091797 -10.633111000061035 7.199999809265137
			vertex -1.87127685546875 -1.657806634902954 7.199999809265137
		endloop
	endfacet
	facet normal 0 0 1
		outer loop
			vertex -0.8865122199058533 -2.337540626525879 7.199999809265137
			vertex -1.4201618432998657 -2.057459592819214 7.199999809265137
			vertex -9.89133358001709 -17.98882293701172 7.199999809265137
		endloop
	endfacet
	facet normal 0 0 1
		outer loop
			vertex -0.8865122199058533 -2.337540626525879 7.199999809265137
			vertex -9.89133358001709 -17.98882293701172 7.199999809265137
			vertex -5.476110458374023 -20.437122344970703 7.199999809265137
		endloop
	endfacet
	facet normal 0 0 1
		outer loop
			vertex -2.427354574203491 -0.5982891321182251 7.199999809265137
			vertex -17.98882293701172 -9.89133358001709 7.199999809265137
			vertex -2.213639974594116 -1.161807894706726 7.199999809265137
		endloop
	endfacet
	facet normal 0 0 1
		outer loop
			vertex -2.427354574203491 -0.5982891321182251 7.199999809265137
			vertex -20.437122344970703 -5.476110458374023 7.199999809265137
			vertex -17.98882293701172 -9.89133358001709 7.199999809265137
		endloop
	endfacet
	facet normal 0 0 1
		outer loop
			vertex -2.427354574203491 -0.5982891321182251 7.199999809265137
			vertex -20.524444580078125 -0.42826536297798157 7.199999809265137
			vertex -20.437122344970703 -5.476110458374023 7.199999809265137
		endloop
	endfacet
	facet normal 0 0 1
		outer loop
			vertex -0.301341712474823 -2.4817721843719482 7.199999809265137
			vertex -0.8865122199058533 -2.337540626525879 7.199999809265137
			vertex -5.476110458374023 -20.437122344970703 7.199999809265137
		endloop
	endfacet
	facet normal 0 0 1
		outer loop
			vertex -0.301341712474823 -2.4817721843719482 7.199999809265137
			vertex -5.476110458374023 -20.437122344970703 7.199999809265137
			vertex -0.42826536297798157 -20.524444580078125 7.199999809265137
		endloop
	endfacet
	facet normal 0 0 1
		outer loop
			vertex -2.5 2.5266078021012744e-15 7.199999809265137
			vertex -20.524444580078125 -0.42826536297798157 7.199999809265137
			vertex -2.427354574203491 -0.5982891321182251 7.199999809265137
		endloop
	endfacet
	facet normal 0 0 1
		outer loop
			vertex -2.5 2.5266078021012744e-15 7.199999809265137
			vertex -20.524444580078125 0.42826536297798157 7.199999809265137
			vertex -20.524444580078125 -0.42826536297798157 7.199999809265137
		endloop
	endfacet
	facet normal 0 0 1
		outer loop
			vertex 13.677517890930176 -16.142778396606445 7.199999809265137
			vertex 11.448601722717285 -17.29860496520996 7.199999809265137
			vertex 12.301021575927734 -17.214780807495117 7.199999809265137
		endloop
	endfacet
	facet normal 0 0 1
		outer loop
			vertex -16.142778396606445 13.677517890930176 7.199999809265137
			vertex -17.214780807495117 12.301021575927734 7.199999809265137
			vertex -17.29860496520996 11.448601722717285 7.199999809265137
		endloop
	endfacet
	facet normal 0 0 1
		outer loop
			vertex 0.301341712474823 -2.4817721843719482 7.199999809265137
			vertex 0.42826536297798157 -20.524444580078125 7.199999809265137
			vertex 5.476110458374023 -20.437122344970703 7.199999809265137
		endloop
	endfacet
	facet normal 0 0 1
		outer loop
			vertex 0.301341712474823 -2.4817721843719482 7.199999809265137
			vertex -0.301341712474823 -2.4817721843719482 7.199999809265137
			vertex -0.42826536297798157 -20.524444580078125 7.199999809265137
		endloop
	endfacet
	facet normal 0 0 1
		outer loop
			vertex 0.301341712474823 -2.4817721843719482 7.199999809265137
			vertex -0.42826536297798157 -20.524444580078125 7.199999809265137
			vertex 0.42826536297798157 -20.524444580078125 7.199999809265137
		endloop
	endfacet
	facet normal 0 0 1
		outer loop
			vertex -2.427354574203491 0.5982891321182251 7.199999809265137
			vertex -20.437122344970703 5.476110458374023 7.199999809265137
			vertex -20.524444580078125 0.42826536297798157 7.199999809265137
		endloop
	endfacet
	facet normal 0 0 1
		outer loop
			vertex -2.427354574203491 0.5982891321182251 7.199999809265137
			vertex -17.98882293701172 9.89133358001709 7.199999809265137
			vertex -20.437122344970703 5.476110458374023 7.199999809265137
		endloop
	endfacet
	facet normal 0 0 1
		outer loop
			vertex -2.427354574203491 0.5982891321182251 7.199999809265137
			vertex -20.524444580078125 0.42826536297798157 7.199999809265137
			vertex -2.5 2.5266078021012744e-15 7.199999809265137
		endloop
	endfacet
	facet normal 0 0 1
		outer loop
			vertex 0.8865122199058533 -2.337540626525879 7.199999809265137
			vertex 5.476110458374023 -20.437122344970703 7.199999809265137
			vertex 9.89133358001709 -17.98882293701172 7.199999809265137
		endloop
	endfacet
	facet normal 0 0 1
		outer loop
			vertex 0.8865122199058533 -2.337540626525879 7.199999809265137
			vertex 0.301341712474823 -2.4817721843719482 7.199999809265137
			vertex 5.476110458374023 -20.437122344970703 7.199999809265137
		endloop
	endfacet
	facet normal 0 0 1
		outer loop
			vertex -2.213639974594116 1.161807894706726 7.199999809265137
			vertex -17.98882293701172 9.89133358001709 7.199999809265137
			vertex -2.427354574203491 0.5982891321182251 7.199999809265137
		endloop
	endfacet
	facet normal 0 0 1
		outer loop
			vertex -2.213639974594116 1.161807894706726 7.199999809265137
			vertex -17.560558319091797 10.633111000061035 7.199999809265137
			vertex -17.98882293701172 9.89133358001709 7.199999809265137
		endloop
	endfacet
	facet normal 0 0 1
		outer loop
			vertex 1.4201618432998657 -2.057459592819214 7.199999809265137
			vertex 0.8865122199058533 -2.337540626525879 7.199999809265137
			vertex 9.89133358001709 -17.98882293701172 7.199999809265137
		endloop
	endfacet
	facet normal 0 0 1
		outer loop
			vertex 1.4201618432998657 -2.057459592819214 7.199999809265137
			vertex 9.89133358001709 -17.98882293701172 7.199999809265137
			vertex 10.633111000061035 -17.560558319091797 7.199999809265137
		endloop
	endfacet
	facet normal 0 0 1
		outer loop
			vertex -1.87127685546875 1.657806634902954 7.199999809265137
			vertex -17.560558319091797 10.633111000061035 7.199999809265137
			vertex -2.213639974594116 1.161807894706726 7.199999809265137
		endloop
	endfacet
	facet normal 0 0 1
		outer loop
			vertex 14.961012840270996 -14.961012840270996 7.199999809265137
			vertex 11.448601722717285 -17.29860496520996 7.199999809265137
			vertex 13.677517890930176 -16.142778396606445 7.199999809265137
		endloop
	endfacet
	facet normal 0 0 1
		outer loop
			vertex 14.961012840270996 -14.961012840270996 7.199999809265137
			vertex 10.633111000061035 -17.560558319091797 7.199999809265137
			vertex 11.448601722717285 -17.29860496520996 7.199999809265137
		endloop
	endfacet
	facet normal 0 0 1
		outer loop
			vertex -14.961012840270996 14.961012840270996 7.199999809265137
			vertex -17.560558319091797 10.633111000061035 7.199999809265137
			vertex -1.87127685546875 1.657806634902954 7.199999809265137
		endloop
	endfacet
	facet normal 0 0 1
		outer loop
			vertex -14.961012840270996 14.961012840270996 7.199999809265137
			vertex -17.29860496520996 11.448601722717285 7.199999809265137
			vertex -17.560558319091797 10.633111000061035 7.199999809265137
		endloop
	endfacet
	facet normal 0 0 1
		outer loop
			vertex -14.961012840270996 14.961012840270996 7.199999809265137
			vertex -16.142778396606445 13.677517890930176 7.199999809265137
			vertex -17.29860496520996 11.448601722717285 7.199999809265137
		endloop
	endfacet
	facet normal 0 0 1
		outer loop
			vertex 1.87127685546875 -1.657806634902954 7.199999809265137
			vertex 1.4201618432998657 -2.057459592819214 7.199999809265137
			vertex 10.633111000061035 -17.560558319091797 7.199999809265137
		endloop
	endfacet
	facet normal 0 0 1
		outer loop
			vertex 1.87127685546875 -1.657806634902954 7.199999809265137
			vertex 10.633111000061035 -17.560558319091797 7.199999809265137
			vertex 14.961012840270996 -14.961012840270996 7.199999809265137
		endloop
	endfacet
	facet normal 0 0 1
		outer loop
			vertex 17.29860496520996 -11.448601722717285 7.199999809265137
			vertex 14.961012840270996 -14.961012840270996 7.199999809265137
			vertex 16.142778396606445 -13.677517890930176 7.199999809265137
		endloop
	endfacet
	facet normal 0 0 1
		outer loop
			vertex 17.29860496520996 -11.448601722717285 7.199999809265137
			vertex 16.142778396606445 -13.677517890930176 7.199999809265137
			vertex 17.214780807495117 -12.301021575927734 7.199999809265137
		endloop
	endfacet
	facet normal 0 0 1
		outer loop
			vertex -11.448601722717285 17.29860496520996 7.199999809265137
			vertex -12.301021575927734 17.214780807495117 7.199999809265137
			vertex -13.677517890930176 16.142778396606445 7.199999809265137
		endloop
	endfacet
	facet normal 0 0 1
		outer loop
			vertex -11.448601722717285 17.29860496520996 7.199999809265137
			vertex -13.677517890930176 16.142778396606445 7.199999809265137
			vertex -14.961012840270996 14.961012840270996 7.199999809265137
		endloop
	endfacet
	facet normal 0 0 1
		outer loop
			vertex 17.560558319091797 -10.633111000061035 7.199999809265137
			vertex 14.961012840270996 -14.961012840270996 7.199999809265137
			vertex 17.29860496520996 -11.448601722717285 7.199999809265137
		endloop
	endfacet
	facet normal 0 0 1
		outer loop
			vertex 17.560558319091797 -10.633111000061035 7.199999809265137
			vertex 1.87127685546875 -1.657806634902954 7.199999809265137
			vertex 14.961012840270996 -14.961012840270996 7.199999809265137
		endloop
	endfacet
	facet normal 0 0 1
		outer loop
			vertex 17.560558319091797 -10.633111000061035 7.199999809265137
			vertex 2.213639974594116 -1.161807894706726 7.199999809265137
			vertex 1.87127685546875 -1.657806634902954 7.199999809265137
		endloop
	endfacet
	facet normal 0 0 1
		outer loop
			vertex -10.633111000061035 17.560558319091797 7.199999809265137
			vertex -11.448601722717285 17.29860496520996 7.199999809265137
			vertex -14.961012840270996 14.961012840270996 7.199999809265137
		endloop
	endfacet
	facet normal 0 0 1
		outer loop
			vertex -10.633111000061035 17.560558319091797 7.199999809265137
			vertex -1.87127685546875 1.657806634902954 7.199999809265137
			vertex -1.4201618432998657 2.057459592819214 7.199999809265137
		endloop
	endfacet
	facet normal 0 0 1
		outer loop
			vertex -10.633111000061035 17.560558319091797 7.199999809265137
			vertex -14.961012840270996 14.961012840270996 7.199999809265137
			vertex -1.87127685546875 1.657806634902954 7.199999809265137
		endloop
	endfacet
	facet normal 0 0 1
		outer loop
			vertex 17.98882293701172 -9.89133358001709 7.199999809265137
			vertex 2.427354574203491 -0.5982891321182251 7.199999809265137
			vertex 2.213639974594116 -1.161807894706726 7.199999809265137
		endloop
	endfacet
	facet normal 0 0 1
		outer loop
			vertex 17.98882293701172 -9.89133358001709 7.199999809265137
			vertex 2.213639974594116 -1.161807894706726 7.199999809265137
			vertex 17.560558319091797 -10.633111000061035 7.199999809265137
		endloop
	endfacet
	facet normal 0 0 1
		outer loop
			vertex -9.89133358001709 17.98882293701172 7.199999809265137
			vertex -1.4201618432998657 2.057459592819214 7.199999809265137
			vertex -0.8865122199058533 2.337540626525879 7.199999809265137
		endloop
	endfacet
	facet normal 0 0 1
		outer loop
			vertex -9.89133358001709 17.98882293701172 7.199999809265137
			vertex -10.633111000061035 17.560558319091797 7.199999809265137
			vertex -1.4201618432998657 2.057459592819214 7.199999809265137
		endloop
	endfacet
	facet normal 0 0 1
		outer loop
			vertex 19.916467666625977 -7.141297340393066 7.199999809265137
			vertex 18.564083099365234 -9.256730079650879 7.199999809265137
			vertex 19.260387420654297 -8.757926940917969 7.199999809265137
		endloop
	endfacet
	facet normal 0 0 1
		outer loop
			vertex -7.141297340393066 19.916467666625977 7.199999809265137
			vertex -8.757926940917969 19.260387420654297 7.199999809265137
			vertex -9.256730079650879 18.564083099365234 7.199999809265137
		endloop
	endfacet
	facet normal 0 0 1
		outer loop
			vertex 20.437122344970703 -5.476110458374023 7.199999809265137
			vertex 17.98882293701172 -9.89133358001709 7.199999809265137
			vertex 18.564083099365234 -9.256730079650879 7.199999809265137
		endloop
	endfacet
	facet normal 0 0 1
		outer loop
			vertex 20.437122344970703 -5.476110458374023 7.199999809265137
			vertex 2.427354574203491 -0.5982891321182251 7.199999809265137
			vertex 17.98882293701172 -9.89133358001709 7.199999809265137
		endloop
	endfacet
	facet normal 0 0 1
		outer loop
			vertex 20.437122344970703 -5.476110458374023 7.199999809265137
			vertex 18.564083099365234 -9.256730079650879 7.199999809265137
			vertex 19.916467666625977 -7.141297340393066 7.199999809265137
		endloop
	endfacet
	facet normal 0 0 1
		outer loop
			vertex -5.476110458374023 20.437122344970703 7.199999809265137
			vertex -7.141297340393066 19.916467666625977 7.199999809265137
			vertex -9.256730079650879 18.564083099365234 7.199999809265137
		endloop
	endfacet
	facet normal 0 0 1
		outer loop
			vertex -5.476110458374023 20.437122344970703 7.199999809265137
			vertex -0.8865122199058533 2.337540626525879 7.199999809265137
			vertex -0.301341712474823 2.4817721843719482 7.199999809265137
		endloop
	endfacet
	facet normal 0 0 1
		outer loop
			vertex -5.476110458374023 20.437122344970703 7.199999809265137
			vertex -9.89133358001709 17.98882293701172 7.199999809265137
			vertex -0.8865122199058533 2.337540626525879 7.199999809265137
		endloop
	endfacet
	facet normal 0 0 1
		outer loop
			vertex -5.476110458374023 20.437122344970703 7.199999809265137
			vertex -9.256730079650879 18.564083099365234 7.199999809265137
			vertex -9.89133358001709 17.98882293701172 7.199999809265137
		endloop
	endfacet
	facet normal 0 0 1
		outer loop
			vertex 20.705331802368164 -1.2654777765274048 7.199999809265137
			vertex 20.437122344970703 -5.476110458374023 7.199999809265137
			vertex 20.818815231323242 -3.773688316345215 7.199999809265137
		endloop
	endfacet
	facet normal 0 0 1
		outer loop
			vertex 20.705331802368164 -1.2654777765274048 7.199999809265137
			vertex 20.818815231323242 -3.773688316345215 7.199999809265137
			vertex 21.058948516845703 -2.0456066131591797 7.199999809265137
		endloop
	endfacet
	facet normal 0 0 1
		outer loop
			vertex -1.2654777765274048 20.705331802368164 7.199999809265137
			vertex -2.0456066131591797 21.058948516845703 7.199999809265137
			vertex -3.773688316345215 20.818815231323242 7.199999809265137
		endloop
	endfacet
	facet normal 0 0 1
		outer loop
			vertex -1.2654777765274048 20.705331802368164 7.199999809265137
			vertex -3.773688316345215 20.818815231323242 7.199999809265137
			vertex -5.476110458374023 20.437122344970703 7.199999809265137
		endloop
	endfacet
	facet normal 0 0 1
		outer loop
			vertex 20.524444580078125 -0.42826536297798157 7.199999809265137
			vertex 2.5 -3.0616169991140216e-16 7.199999809265137
			vertex 2.427354574203491 -0.5982891321182251 7.199999809265137
		endloop
	endfacet
	facet normal 0 0 1
		outer loop
			vertex 20.524444580078125 -0.42826536297798157 7.199999809265137
			vertex 20.437122344970703 -5.476110458374023 7.199999809265137
			vertex 20.705331802368164 -1.2654777765274048 7.199999809265137
		endloop
	endfacet
	facet normal 0 0 1
		outer loop
			vertex 20.524444580078125 -0.42826536297798157 7.199999809265137
			vertex 2.427354574203491 -0.5982891321182251 7.199999809265137
			vertex 20.437122344970703 -5.476110458374023 7.199999809265137
		endloop
	endfacet
	facet normal 0 0 1
		outer loop
			vertex -0.42826536297798157 20.524444580078125 7.199999809265137
			vertex -0.301341712474823 2.4817721843719482 7.199999809265137
			vertex 0.301341712474823 2.4817721843719482 7.199999809265137
		endloop
	endfacet
	facet normal 0 0 1
		outer loop
			vertex -0.42826536297798157 20.524444580078125 7.199999809265137
			vertex -1.2654777765274048 20.705331802368164 7.199999809265137
			vertex -5.476110458374023 20.437122344970703 7.199999809265137
		endloop
	endfacet
	facet normal 0 0 1
		outer loop
			vertex -0.42826536297798157 20.524444580078125 7.199999809265137
			vertex -5.476110458374023 20.437122344970703 7.199999809265137
			vertex -0.301341712474823 2.4817721843719482 7.199999809265137
		endloop
	endfacet
	facet normal 0 0 1
		outer loop
			vertex 20.524444580078125 0.42826536297798157 7.199999809265137
			vertex 2.427354574203491 0.5982891321182251 7.199999809265137
			vertex 2.5 -3.0616169991140216e-16 7.199999809265137
		endloop
	endfacet
	facet normal 0 0 1
		outer loop
			vertex 20.524444580078125 0.42826536297798157 7.199999809265137
			vertex 2.5 -3.0616169991140216e-16 7.199999809265137
			vertex 20.524444580078125 -0.42826536297798157 7.199999809265137
		endloop
	endfacet
	facet normal 0 0 1
		outer loop
			vertex 0.42826536297798157 20.524444580078125 7.199999809265137
			vertex -0.42826536297798157 20.524444580078125 7.199999809265137
			vertex 0.301341712474823 2.4817721843719482 7.199999809265137
		endloop
	endfacet
	facet normal 0 0 1
		outer loop
			vertex 20.818815231323242 3.773688316345215 7.199999809265137
			vertex 20.705331802368164 1.2654777765274048 7.199999809265137
			vertex 21.058948516845703 2.0456066131591797 7.199999809265137
		endloop
	endfacet
	facet normal 0 0 1
		outer loop
			vertex 3.773688316345215 20.818815231323242 7.199999809265137
			vertex 2.0456066131591797 21.058948516845703 7.199999809265137
			vertex 1.2654777765274048 20.705331802368164 7.199999809265137
		endloop
	endfacet
	facet normal 0 0 1
		outer loop
			vertex 5.476110458374023 20.437122344970703 7.199999809265137
			vertex 0.301341712474823 2.4817721843719482 7.199999809265137
			vertex 0.8865122199058533 2.337540626525879 7.199999809265137
		endloop
	endfacet
	facet normal 0 0 1
		outer loop
			vertex 5.476110458374023 20.437122344970703 7.199999809265137
			vertex 0.42826536297798157 20.524444580078125 7.199999809265137
			vertex 0.301341712474823 2.4817721843719482 7.199999809265137
		endloop
	endfacet
	facet normal 0 0 1
		outer loop
			vertex 5.476110458374023 20.437122344970703 7.199999809265137
			vertex 1.2654777765274048 20.705331802368164 7.199999809265137
			vertex 0.42826536297798157 20.524444580078125 7.199999809265137
		endloop
	endfacet
	facet normal 0 0 1
		outer loop
			vertex 5.476110458374023 20.437122344970703 7.199999809265137
			vertex 3.773688316345215 20.818815231323242 7.199999809265137
			vertex 1.2654777765274048 20.705331802368164 7.199999809265137
		endloop
	endfacet
	facet normal 0 0 1
		outer loop
			vertex 20.437122344970703 5.476110458374023 7.199999809265137
			vertex 20.524444580078125 0.42826536297798157 7.199999809265137
			vertex 20.705331802368164 1.2654777765274048 7.199999809265137
		endloop
	endfacet
	facet normal 0 0 1
		outer loop
			vertex 20.437122344970703 5.476110458374023 7.199999809265137
			vertex 2.427354574203491 0.5982891321182251 7.199999809265137
			vertex 20.524444580078125 0.42826536297798157 7.199999809265137
		endloop
	endfacet
	facet normal 0 0 1
		outer loop
			vertex 20.437122344970703 5.476110458374023 7.199999809265137
			vertex 20.705331802368164 1.2654777765274048 7.199999809265137
			vertex 20.818815231323242 3.773688316345215 7.199999809265137
		endloop
	endfacet
	facet normal 0 0 1
		outer loop
			vertex 18.564083099365234 9.256730079650879 7.199999809265137
			vertex 20.437122344970703 5.476110458374023 7.199999809265137
			vertex 19.916467666625977 7.141297340393066 7.199999809265137
		endloop
	endfacet
	facet normal 0 0 1
		outer loop
			vertex 9.256730079650879 18.564083099365234 7.199999809265137
			vertex 7.141297340393066 19.916467666625977 7.199999809265137
			vertex 5.476110458374023 20.437122344970703 7.199999809265137
		endloop
	endfacet
	facet normal 0 0 1
		outer loop
			vertex 9.89133358001709 17.98882293701172 7.199999809265137
			vertex 0.8865122199058533 2.337540626525879 7.199999809265137
			vertex 1.4201618432998657 2.057459592819214 7.199999809265137
		endloop
	endfacet
	facet normal 0 0 1
		outer loop
			vertex 9.89133358001709 17.98882293701172 7.199999809265137
			vertex 5.476110458374023 20.437122344970703 7.199999809265137
			vertex 0.8865122199058533 2.337540626525879 7.199999809265137
		endloop
	endfacet
	facet normal 0 0 1
		outer loop
			vertex 9.89133358001709 17.98882293701172 7.199999809265137
			vertex 9.256730079650879 18.564083099365234 7.199999809265137
			vertex 5.476110458374023 20.437122344970703 7.199999809265137
		endloop
	endfacet
	facet normal 0 0 1
		outer loop
			vertex 17.98882293701172 9.89133358001709 7.199999809265137
			vertex 2.213639974594116 1.161807894706726 7.199999809265137
			vertex 2.427354574203491 0.5982891321182251 7.199999809265137
		endloop
	endfacet
	facet normal 0 0 1
		outer loop
			vertex 17.98882293701172 9.89133358001709 7.199999809265137
			vertex 20.437122344970703 5.476110458374023 7.199999809265137
			vertex 18.564083099365234 9.256730079650879 7.199999809265137
		endloop
	endfacet
	facet normal 0 0 1
		outer loop
			vertex 17.98882293701172 9.89133358001709 7.199999809265137
			vertex 2.427354574203491 0.5982891321182251 7.199999809265137
			vertex 20.437122344970703 5.476110458374023 7.199999809265137
		endloop
	endfacet
	facet normal 0 0 1
		outer loop
			vertex 19.260387420654297 8.757926940917969 7.199999809265137
			vertex 18.564083099365234 9.256730079650879 7.199999809265137
			vertex 19.916467666625977 7.141297340393066 7.199999809265137
		endloop
	endfacet
	facet normal 0 0 1
		outer loop
			vertex 8.757926940917969 19.260387420654297 7.199999809265137
			vertex 7.141297340393066 19.916467666625977 7.199999809265137
			vertex 9.256730079650879 18.564083099365234 7.199999809265137
		endloop
	endfacet
	facet normal 0 0 1
		outer loop
			vertex 10.633111000061035 17.560558319091797 7.199999809265137
			vertex 1.4201618432998657 2.057459592819214 7.199999809265137
			vertex 1.87127685546875 1.657806634902954 7.199999809265137
		endloop
	endfacet
	facet normal 0 0 1
		outer loop
			vertex 10.633111000061035 17.560558319091797 7.199999809265137
			vertex 9.89133358001709 17.98882293701172 7.199999809265137
			vertex 1.4201618432998657 2.057459592819214 7.199999809265137
		endloop
	endfacet
	facet normal 0 0 1
		outer loop
			vertex 17.560558319091797 10.633111000061035 7.199999809265137
			vertex 1.87127685546875 1.657806634902954 7.199999809265137
			vertex 2.213639974594116 1.161807894706726 7.199999809265137
		endloop
	endfacet
	facet normal 0 0 1
		outer loop
			vertex 17.560558319091797 10.633111000061035 7.199999809265137
			vertex 2.213639974594116 1.161807894706726 7.199999809265137
			vertex 17.98882293701172 9.89133358001709 7.199999809265137
		endloop
	endfacet
	facet normal 0 0 1
		outer loop
			vertex 13.677517890930176 16.142778396606445 7.199999809265137
			vertex 12.301021575927734 17.214780807495117 7.199999809265137
			vertex 11.448601722717285 17.29860496520996 7.199999809265137
		endloop
	endfacet
	facet normal 0 0 1
		outer loop
			vertex 16.142778396606445 13.677517890930176 7.199999809265137
			vertex 17.29860496520996 11.448601722717285 7.199999809265137
			vertex 17.214780807495117 12.301021575927734 7.199999809265137
		endloop
	endfacet
	facet normal 0 0 1
		outer loop
			vertex 14.961012840270996 14.961012840270996 7.199999809265137
			vertex 17.560558319091797 10.633111000061035 7.199999809265137
			vertex 17.29860496520996 11.448601722717285 7.199999809265137
		endloop
	endfacet
	facet normal 0 0 1
		outer loop
			vertex 14.961012840270996 14.961012840270996 7.199999809265137
			vertex 11.448601722717285 17.29860496520996 7.199999809265137
			vertex 10.633111000061035 17.560558319091797 7.199999809265137
		endloop
	endfacet
	facet normal 0 0 1
		outer loop
			vertex 14.961012840270996 14.961012840270996 7.199999809265137
			vertex 10.633111000061035 17.560558319091797 7.199999809265137
			vertex 1.87127685546875 1.657806634902954 7.199999809265137
		endloop
	endfacet
	facet normal 0 0 1
		outer loop
			vertex 14.961012840270996 14.961012840270996 7.199999809265137
			vertex 1.87127685546875 1.657806634902954 7.199999809265137
			vertex 17.560558319091797 10.633111000061035 7.199999809265137
		endloop
	endfacet
	facet normal 0 0 1
		outer loop
			vertex 14.961012840270996 14.961012840270996 7.199999809265137
			vertex 13.677517890930176 16.142778396606445 7.199999809265137
			vertex 11.448601722717285 17.29860496520996 7.199999809265137
		endloop
	endfacet
	facet normal 0 0 1
		outer loop
			vertex 14.961012840270996 14.961012840270996 7.199999809265137
			vertex 17.29860496520996 11.448601722717285 7.199999809265137
			vertex 16.142778396606445 13.677517890930176 7.199999809265137
		endloop
	endfacet
	facet normal 0.0003197504949404648 -0.0004105343644437542 0.9999998646105692
		outer loop
			vertex 13.677517890930176 -16.142778396606445 7.199999809265137
			vertex 12.30262565612793 -17.214794158935547 7.1999993324279785
			vertex 13.678622245788574 -16.14307975769043 7.1999993324279785
		endloop
	endfacet
	facet normal 0.00029412166349506 -0.00037766462262684493 0.9999998854309335
		outer loop
			vertex 13.677517890930176 -16.142778396606445 7.199999809265137
			vertex 12.301021575927734 -17.214780807495117 7.199999809265137
			vertex 12.30262565612793 -17.214794158935547 7.1999993324279785
		endloop
	endfacet
	facet normal 0.00034290081255145195 -0.00037240667805379945 0.9999998718661414
		outer loop
			vertex 14.961012840270996 -14.961012840270996 7.199999809265137
			vertex 13.678622245788574 -16.14307975769043 7.1999993324279785
			vertex 14.961679458618164 -14.961679458618164 7.1999993324279785
		endloop
	endfacet
	facet normal 0.0003330663767695631 -0.00036173757991778566 0.9999998791063488
		outer loop
			vertex 14.961012840270996 -14.961012840270996 7.199999809265137
			vertex 13.677517890930176 -16.142778396606445 7.199999809265137
			vertex 13.678622245788574 -16.14307975769043 7.1999993324279785
		endloop
	endfacet
	facet normal 0.00037240667805379945 -0.00034290081255145195 0.9999998718661414
		outer loop
			vertex 16.14307975769043 -13.678622245788574 7.1999993324279785
			vertex 14.961012840270996 -14.961012840270996 7.199999809265137
			vertex 14.961679458618164 -14.961679458618164 7.1999993324279785
		endloop
	endfacet
	facet normal 0.00036173757991778566 -0.0003330663767695631 0.9999998791063488
		outer loop
			vertex 16.142778396606445 -13.677517890930176 7.199999809265137
			vertex 14.961012840270996 -14.961012840270996 7.199999809265137
			vertex 16.14307975769043 -13.678622245788574 7.1999993324279785
		endloop
	endfacet
	facet normal 0.0004105343644437542 -0.0003197504949404648 0.9999998646105692
		outer loop
			vertex 17.214794158935547 -12.30262565612793 7.1999993324279785
			vertex 16.142778396606445 -13.677517890930176 7.199999809265137
			vertex 16.14307975769043 -13.678622245788574 7.1999993324279785
		endloop
	endfacet
	facet normal 0.00037766462262684493 -0.00029412166349506 0.9999998854309335
		outer loop
			vertex 17.214780807495117 -12.301021575927734 7.199999809265137
			vertex 16.142778396606445 -13.677517890930176 7.199999809265137
			vertex 17.214794158935547 -12.30262565612793 7.1999993324279785
		endloop
	endfacet
	facet normal 0.2603722246981819 -0.2886778733954466 0.9213421677192475
		outer loop
			vertex 17.543832778930664 -19.16142463684082 6.300195693969727
			vertex 17.255666732788086 -19.421335220336914 6.300195693969727
			vertex 18.08289909362793 -19.750192642211914 5.963380336761475
		endloop
	endfacet
	facet normal 0.21822375003574407 -0.24194734349150412 0.9454310540159666
		outer loop
			vertex 17.543832778930664 -19.16142463684082 6.300195693969727
			vertex 16.45798110961914 -18.971633911132812 6.599400997161865
			vertex 17.255666732788086 -19.421335220336914 6.300195693969727
		endloop
	endfacet
	facet normal 0.2196474989590775 -0.2357491807881811 0.9466664142974144
		outer loop
			vertex 17.87453269958496 -18.85331153869629 6.300195693969727
			vertex 16.45798110961914 -18.971633911132812 6.599400997161865
			vertex 17.543832778930664 -19.16142463684082 6.300195693969727
		endloop
	endfacet
	facet normal 0.2650068547421353 -0.2844336912770887 0.9213407850552208
		outer loop
			vertex 17.87453269958496 -18.85331153869629 6.300195693969727
			vertex 17.543832778930664 -19.16142463684082 6.300195693969727
			vertex 18.08289909362793 -19.750192642211914 5.963380336761475
		endloop
	endfacet
	facet normal 0.1313780815077945 -0.15278451993546446 0.979487973467475
		outer loop
			vertex 15.964088439941406 -18.40230941772461 6.808351993560791
			vertex 14.8890962600708 -18.004425048828125 7.014603614807129
			vertex 15.802988052368164 -18.54083824157715 6.808351993560791
		endloop
	endfacet
	facet normal 0.1741862349263804 -0.20256773410878393 0.9636521512766962
		outer loop
			vertex 15.964088439941406 -18.40230941772461 6.808351993560791
			vertex 15.802988052368164 -18.54083824157715 6.808351993560791
			vertex 16.45798110961914 -18.971633911132812 6.599400997161865
		endloop
	endfacet
	facet normal 0.3171775115035321 -0.2867710908345465 0.9039694506220833
		outer loop
			vertex 18.370441436767578 -18.370441436767578 6.300195693969727
			vertex 18.08289909362793 -19.750192642211914 5.963380336761475
			vertex 18.92637062072754 -19.96274757385254 5.599999904632568
		endloop
	endfacet
	facet normal 0.2960066512302786 -0.2960066512302786 0.9081630497079656
		outer loop
			vertex 18.370441436767578 -18.370441436767578 6.300195693969727
			vertex 18.92637062072754 -19.96274757385254 5.599999904632568
			vertex 19.96274757385254 -18.92637062072754 5.599999904632568
		endloop
	endfacet
	facet normal 0.2867710908345465 -0.3171775115035321 0.9039694506220833
		outer loop
			vertex 18.370441436767578 -18.370441436767578 6.300195693969727
			vertex 19.96274757385254 -18.92637062072754 5.599999904632568
			vertex 19.750192642211914 -18.08289909362793 5.963380336761475
		endloop
	endfacet
	facet normal 0.2742062874351109 -0.2816105059856353 0.9195142385246506
		outer loop
			vertex 18.370441436767578 -18.370441436767578 6.300195693969727
			vertex 17.87453269958496 -18.85331153869629 6.300195693969727
			vertex 18.08289909362793 -19.750192642211914 5.963380336761475
		endloop
	endfacet
	facet normal 0.17776801753526256 -0.19945849101812588 0.9636466376750116
		outer loop
			vertex 16.451261520385742 -17.968114852905273 6.808351993560791
			vertex 15.964088439941406 -18.40230941772461 6.808351993560791
			vertex 16.45798110961914 -18.971633911132812 6.599400997161865
		endloop
	endfacet
	facet normal 0.2816105059856353 -0.2742062874351109 0.9195142385246506
		outer loop
			vertex 18.85331153869629 -17.87453269958496 6.300195693969727
			vertex 18.370441436767578 -18.370441436767578 6.300195693969727
			vertex 19.750192642211914 -18.08289909362793 5.963380336761475
		endloop
	endfacet
	facet normal 0.09015853109744563 -0.11041617959313574 0.9897877078214335
		outer loop
			vertex 14.49918270111084 -17.532928466796875 7.102718353271484
			vertex 14.279719352722168 -17.712127685546875 7.102718353271484
			vertex 14.8890962600708 -18.004425048828125 7.014603614807129
		endloop
	endfacet
	facet normal 0.061459319896751206 -0.07526856550110682 0.9952674992409
		outer loop
			vertex 14.49918270111084 -17.532928466796875 7.102718353271484
			vertex 13.64658260345459 -17.45785140991211 7.161045551300049
			vertex 14.279719352722168 -17.712127685546875 7.102718353271484
		endloop
	endfacet
	facet normal 0.185517840662501 -0.199116930329232 0.9622554644439214
		outer loop
			vertex 16.76136589050293 -17.679189682006836 6.808351993560791
			vertex 16.451261520385742 -17.968114852905273 6.808351993560791
			vertex 16.45798110961914 -18.971633911132812 6.599400997161865
		endloop
	endfacet
	facet normal 0.21865431402529692 -0.20554581235435102 0.9539083865768855
		outer loop
			vertex 16.76136589050293 -17.679189682006836 6.808351993560791
			vertex 16.45798110961914 -18.971633911132812 6.599400997161865
			vertex 17.87453269958496 -18.85331153869629 6.300195693969727
		endloop
	endfacet
	facet normal 0.2886778733954466 -0.2603722246981819 0.9213421677192475
		outer loop
			vertex 19.16142463684082 -17.543832778930664 6.300195693969727
			vertex 19.750192642211914 -18.08289909362793 5.963380336761475
			vertex 19.421335220336914 -17.255666732788086 6.300195693969727
		endloop
	endfacet
	facet normal 0.24194734349150412 -0.21822375003574407 0.9454310540159666
		outer loop
			vertex 19.16142463684082 -17.543832778930664 6.300195693969727
			vertex 19.421335220336914 -17.255666732788086 6.300195693969727
			vertex 18.971633911132812 -16.45798110961914 6.599400997161865
		endloop
	endfacet
	facet normal 0.2844336912770887 -0.2650068547421353 0.9213407850552208
		outer loop
			vertex 19.16142463684082 -17.543832778930664 6.300195693969727
			vertex 18.85331153869629 -17.87453269958496 6.300195693969727
			vertex 19.750192642211914 -18.08289909362793 5.963380336761475
		endloop
	endfacet
	facet normal 0.2357491807881811 -0.2196474989590775 0.9466664142974144
		outer loop
			vertex 19.16142463684082 -17.543832778930664 6.300195693969727
			vertex 18.971633911132812 -16.45798110961914 6.599400997161865
			vertex 18.85331153869629 -17.87453269958496 6.300195693969727
		endloop
	endfacet
	facet normal 0.01780122872786352 -0.02387822491955114 0.9995563749136261
		outer loop
			vertex 12.897104263305664 -17.076988220214844 7.197393417358398
			vertex 12.683563232421875 -17.236183166503906 7.197393417358398
			vertex 13.060572624206543 -17.29343605041504 7.189311504364014
		endloop
	endfacet
	facet normal 0.0063612962551078825 -0.008532920119250375 0.9999433599880513
		outer loop
			vertex 12.897104263305664 -17.076988220214844 7.197393417358398
			vertex 12.30262565612793 -17.214794158935547 7.1999993324279785
			vertex 12.683563232421875 -17.236183166503906 7.197393417358398
		endloop
	endfacet
	facet normal 0.14809575318657042 -0.10938838902931937 0.9829047910320068
		outer loop
			vertex 14.90886116027832 -17.185914993286133 7.102718353271484
			vertex 14.8890962600708 -18.004425048828125 7.014603614807129
			vertex 15.964088439941406 -18.40230941772461 6.808351993560791
		endloop
	endfacet
	facet normal 0.09213919847451396 -0.10877803814956778 0.9897866974862843
		outer loop
			vertex 14.90886116027832 -17.185914993286133 7.102718353271484
			vertex 14.49918270111084 -17.532928466796875 7.102718353271484
			vertex 14.8890962600708 -18.004425048828125 7.014603614807129
		endloop
	endfacet
	facet normal 0.2090576507983051 -0.21470245482538688 0.9540428473263907
		outer loop
			vertex 17.226390838623047 -17.226390838623047 6.808351993560791
			vertex 16.76136589050293 -17.679189682006836 6.808351993560791
			vertex 17.87453269958496 -18.85331153869629 6.300195693969727
		endloop
	endfacet
	facet normal 0.2090574818582611 -0.21470252851193117 0.954042867763114
		outer loop
			vertex 17.226390838623047 -17.226390838623047 6.808351993560791
			vertex 17.87453269958496 -18.85331153869629 6.300195693969727
			vertex 18.370441436767578 -18.370441436767578 6.300195693969727
		endloop
	endfacet
	facet normal 0.21470252851193117 -0.2090574818582611 0.954042867763114
		outer loop
			vertex 17.226390838623047 -17.226390838623047 6.808351993560791
			vertex 18.370441436767578 -18.370441436767578 6.300195693969727
			vertex 18.85331153869629 -17.87453269958496 6.300195693969727
		endloop
	endfacet
	facet normal 0.006184426920472781 -0.007940315387839713 0.9999493508449352
		outer loop
			vertex 13.179344177246094 -16.86012077331543 7.197393417358398
			vertex 13.678622245788574 -16.14307975769043 7.1999993324279785
			vertex 12.30262565612793 -17.214794158935547 7.1999993324279785
		endloop
	endfacet
	facet normal 0.03988158288021372 -0.029559876669411515 0.9987670764689123
		outer loop
			vertex 13.179344177246094 -16.86012077331543 7.197393417358398
			vertex 13.060572624206543 -17.29343605041504 7.189311504364014
			vertex 13.64658260345459 -17.45785140991211 7.161045551300049
		endloop
	endfacet
	facet normal 0.018146931856778497 -0.023617138296996493 0.9995563614138254
		outer loop
			vertex 13.179344177246094 -16.86012077331543 7.197393417358398
			vertex 12.897104263305664 -17.076988220214844 7.197393417358398
			vertex 13.060572624206543 -17.29343605041504 7.189311504364014
		endloop
	endfacet
	facet normal 0.006276976363044346 -0.008169106492656064 0.9999469312252773
		outer loop
			vertex 13.179344177246094 -16.86012077331543 7.197393417358398
			vertex 12.30262565612793 -17.214794158935547 7.1999993324279785
			vertex 12.897104263305664 -17.076988220214844 7.197393417358398
		endloop
	endfacet
	facet normal 0.1196539922129927 -0.13425334841446837 0.9836965795340535
		outer loop
			vertex 15.363831520080566 -16.780420303344727 7.102718353271484
			vertex 14.90886116027832 -17.185914993286133 7.102718353271484
			vertex 15.964088439941406 -18.40230941772461 6.808351993560791
		endloop
	endfacet
	facet normal 0.12258458761265092 -0.13157045545560628 0.9836982434319178
		outer loop
			vertex 15.363831520080566 -16.780420303344727 7.102718353271484
			vertex 16.451261520385742 -17.968114852905273 6.808351993560791
			vertex 16.76136589050293 -17.679189682006836 6.808351993560791
		endloop
	endfacet
	facet normal 0.11965379356587462 -0.1342534244356388 0.9836965933216397
		outer loop
			vertex 15.363831520080566 -16.780420303344727 7.102718353271484
			vertex 15.964088439941406 -18.40230941772461 6.808351993560791
			vertex 16.451261520385742 -17.968114852905273 6.808351993560791
		endloop
	endfacet
	facet normal 0.20554581235435102 -0.21865431402529692 0.9539083865768855
		outer loop
			vertex 17.679189682006836 -16.76136589050293 6.808351993560791
			vertex 18.85331153869629 -17.87453269958496 6.300195693969727
			vertex 18.971633911132812 -16.45798110961914 6.599400997161865
		endloop
	endfacet
	facet normal 0.21470245482538688 -0.2090576507983051 0.9540428473263907
		outer loop
			vertex 17.679189682006836 -16.76136589050293 6.808351993560791
			vertex 17.226390838623047 -17.226390838623047 6.808351993560791
			vertex 18.85331153869629 -17.87453269958496 6.300195693969727
		endloop
	endfacet
	facet normal 0.006639299247044012 -0.008257024594988059 0.9999438690498312
		outer loop
			vertex 13.637886047363281 -16.491416931152344 7.197393417358398
			vertex 13.678622245788574 -16.14307975769043 7.1999993324279785
			vertex 13.179344177246094 -16.86012077331543 7.197393417358398
		endloop
	endfacet
	facet normal 0.0649686031283453 -0.036920492452847335 0.9972040703108822
		outer loop
			vertex 13.637886047363281 -16.491416931152344 7.197393417358398
			vertex 13.64658260345459 -17.45785140991211 7.161045551300049
			vertex 14.49918270111084 -17.532928466796875 7.102718353271484
		endloop
	endfacet
	facet normal 0.029989979245065673 -0.037297309100796906 0.9988540993952623
		outer loop
			vertex 13.637886047363281 -16.491416931152344 7.197393417358398
			vertex 13.179344177246094 -16.86012077331543 7.197393417358398
			vertex 13.64658260345459 -17.45785140991211 7.161045551300049
		endloop
	endfacet
	facet normal 0.12258423451579606 -0.13157099526511618 0.9836982152332713
		outer loop
			vertex 15.653437614440918 -16.510595321655273 7.102718353271484
			vertex 15.363831520080566 -16.780420303344727 7.102718353271484
			vertex 16.76136589050293 -17.679189682006836 6.808351993560791
		endloop
	endfacet
	facet normal 0.199116930329232 -0.185517840662501 0.9622554644439214
		outer loop
			vertex 17.968114852905273 -16.451261520385742 6.808351993560791
			vertex 17.679189682006836 -16.76136589050293 6.808351993560791
			vertex 18.971633911132812 -16.45798110961914 6.599400997161865
		endloop
	endfacet
	facet normal 0.0070329231019331286 -0.00830303385075968 0.9999407970582637
		outer loop
			vertex 14.023228645324707 -16.165019989013672 7.197393417358398
			vertex 13.678622245788574 -16.14307975769043 7.1999993324279785
			vertex 13.637886047363281 -16.491416931152344 7.197393417358398
		endloop
	endfacet
	facet normal 0.04516920299053326 -0.05332602591988977 0.997555050140488
		outer loop
			vertex 14.023228645324707 -16.165019989013672 7.197393417358398
			vertex 14.49918270111084 -17.532928466796875 7.102718353271484
			vertex 14.90886116027832 -17.185914993286133 7.102718353271484
		endloop
	endfacet
	facet normal 0.04516887020167193 -0.053326142323661396 0.9975550589865109
		outer loop
			vertex 14.023228645324707 -16.165019989013672 7.197393417358398
			vertex 13.637886047363281 -16.491416931152344 7.197393417358398
			vertex 14.49918270111084 -17.532928466796875 7.102718353271484
		endloop
	endfacet
	facet normal 0.12545837148780445 -0.1288458960194406 0.9836965650557981
		outer loop
			vertex 16.087726593017578 -16.087726593017578 7.102718353271484
			vertex 16.76136589050293 -17.679189682006836 6.808351993560791
			vertex 17.226390838623047 -17.226390838623047 6.808351993560791
		endloop
	endfacet
	facet normal 0.1254579064375546 -0.12884609892213933 0.9836965977906258
		outer loop
			vertex 16.087726593017578 -16.087726593017578 7.102718353271484
			vertex 15.653437614440918 -16.510595321655273 7.102718353271484
			vertex 16.76136589050293 -17.679189682006836 6.808351993560791
		endloop
	endfacet
	facet normal 0.20256773410878393 -0.1741862349263804 0.9636521512766962
		outer loop
			vertex 18.40230941772461 -15.964088439941406 6.808351993560791
			vertex 18.971633911132812 -16.45798110961914 6.599400997161865
			vertex 18.54083824157715 -15.802988052368164 6.808351993560791
		endloop
	endfacet
	facet normal 0.15278451993546446 -0.1313780815077945 0.979487973467475
		outer loop
			vertex 18.40230941772461 -15.964088439941406 6.808351993560791
			vertex 18.54083824157715 -15.802988052368164 6.808351993560791
			vertex 18.004425048828125 -14.8890962600708 7.014603614807129
		endloop
	endfacet
	facet normal 0.19945849101812588 -0.17776801753526256 0.9636466376750116
		outer loop
			vertex 18.40230941772461 -15.964088439941406 6.808351993560791
			vertex 17.968114852905273 -16.451261520385742 6.808351993560791
			vertex 18.971633911132812 -16.45798110961914 6.599400997161865
		endloop
	endfacet
	facet normal 0.006818713995124881 -0.007405449431947272 0.9999493309454053
		outer loop
			vertex 14.451172828674316 -15.783612251281738 7.197393417358398
			vertex 14.961679458618164 -14.961679458618164 7.1999993324279785
			vertex 13.678622245788574 -16.14307975769043 7.1999993324279785
		endloop
	endfacet
	facet normal 0.04649897928910616 -0.05217242795544071 0.9975549522138144
		outer loop
			vertex 14.451172828674316 -15.783612251281738 7.197393417358398
			vertex 14.023228645324707 -16.165019989013672 7.197393417358398
			vertex 14.90886116027832 -17.185914993286133 7.102718353271484
		endloop
	endfacet
	facet normal 0.04649895405574651 -0.05217243624134284 0.9975549529566603
		outer loop
			vertex 14.451172828674316 -15.783612251281738 7.197393417358398
			vertex 14.90886116027832 -17.185914993286133 7.102718353271484
			vertex 15.363831520080566 -16.780420303344727 7.102718353271484
		endloop
	endfacet
	facet normal 0.007057426454063354 -0.007918519478377128 0.9999437433081504
		outer loop
			vertex 14.451172828674316 -15.783612251281738 7.197393417358398
			vertex 13.678622245788574 -16.14307975769043 7.1999993324279785
			vertex 14.023228645324707 -16.165019989013672 7.197393417358398
		endloop
	endfacet
	facet normal 0.047637590976827744 -0.05112994571945622 0.9975552057789334
		outer loop
			vertex 14.451172828674316 -15.783612251281738 7.197393417358398
			vertex 15.363831520080566 -16.780420303344727 7.102718353271484
			vertex 15.653437614440918 -16.510595321655273 7.102718353271484
		endloop
	endfacet
	facet normal 0.12884623159571507 -0.12545803562228888 0.9836965639369591
		outer loop
			vertex 16.510595321655273 -15.653437614440918 7.102718353271484
			vertex 16.087726593017578 -16.087726593017578 7.102718353271484
			vertex 17.226390838623047 -17.226390838623047 6.808351993560791
		endloop
	endfacet
	facet normal 0.12884577211560336 -0.12545825084155865 0.9836965966718145
		outer loop
			vertex 16.510595321655273 -15.653437614440918 7.102718353271484
			vertex 17.226390838623047 -17.226390838623047 6.808351993560791
			vertex 17.679189682006836 -16.76136589050293 6.808351993560791
		endloop
	endfacet
	facet normal 0.13157056445696533 -0.12258468916954379 0.9836982161972654
		outer loop
			vertex 16.510595321655273 -15.653437614440918 7.102718353271484
			vertex 17.679189682006836 -16.76136589050293 6.808351993560791
			vertex 17.968114852905273 -16.451261520385742 6.808351993560791
		endloop
	endfacet
	facet normal 0.007010872705398389 -0.007524793144650745 0.9999471111774059
		outer loop
			vertex 14.723575592041016 -15.529813766479492 7.197393417358398
			vertex 14.961679458618164 -14.961679458618164 7.1999993324279785
			vertex 14.451172828674316 -15.783612251281738 7.197393417358398
		endloop
	endfacet
	facet normal 0.047637723163438124 -0.05112972774573286 0.9975552106387151
		outer loop
			vertex 14.723575592041016 -15.529813766479492 7.197393417358398
			vertex 14.451172828674316 -15.783612251281738 7.197393417358398
			vertex 15.653437614440918 -16.510595321655273 7.102718353271484
		endloop
	endfacet
	facet normal 0.13157087854789987 -0.12258412577077525 0.983698244395683
		outer loop
			vertex 16.780420303344727 -15.363831520080566 7.102718353271484
			vertex 16.510595321655273 -15.653437614440918 7.102718353271484
			vertex 17.968114852905273 -16.451261520385742 6.808351993560791
		endloop
	endfacet
	facet normal 0.0487543155492405 -0.05007100423172884 0.9975549665309434
		outer loop
			vertex 15.132064819335938 -15.132064819335938 7.197393417358398
			vertex 15.653437614440918 -16.510595321655273 7.102718353271484
			vertex 16.087726593017578 -16.087726593017578 7.102718353271484
		endloop
	endfacet
	facet normal 0.04875445227387165 -0.05007095224152299 0.9975549624582608
		outer loop
			vertex 15.132064819335938 -15.132064819335938 7.197393417358398
			vertex 14.723575592041016 -15.529813766479492 7.197393417358398
			vertex 15.653437614440918 -16.510595321655273 7.102718353271484
		endloop
	endfacet
	facet normal 0.00754480918403867 -0.007748539111942004 0.9999415162878313
		outer loop
			vertex 15.132064819335938 -15.132064819335938 7.197393417358398
			vertex 14.961679458618164 -14.961679458618164 7.1999993324279785
			vertex 14.723575592041016 -15.529813766479492 7.197393417358398
		endloop
	endfacet
	facet normal 0.10938838902931937 -0.14809575318657042 0.9829047910320068
		outer loop
			vertex 17.185914993286133 -14.90886116027832 7.102718353271484
			vertex 18.40230941772461 -15.964088439941406 6.808351993560791
			vertex 18.004425048828125 -14.8890962600708 7.014603614807129
		endloop
	endfacet
	facet normal 0.13425347881299768 -0.11965384202986948 0.9836965800052875
		outer loop
			vertex 17.185914993286133 -14.90886116027832 7.102718353271484
			vertex 17.968114852905273 -16.451261520385742 6.808351993560791
			vertex 18.40230941772461 -15.964088439941406 6.808351993560791
		endloop
	endfacet
	facet normal 0.13425329018840457 -0.11965394031871171 0.9836965937929207
		outer loop
			vertex 17.185914993286133 -14.90886116027832 7.102718353271484
			vertex 16.780420303344727 -15.363831520080566 7.102718353271484
			vertex 17.968114852905273 -16.451261520385742 6.808351993560791
		endloop
	endfacet
	facet normal 0.05007104460716779 -0.04875435486294953 0.9975549625829369
		outer loop
			vertex 15.529813766479492 -14.723575592041016 7.197393417358398
			vertex 16.087726593017578 -16.087726593017578 7.102718353271484
			vertex 16.510595321655273 -15.653437614440918 7.102718353271484
		endloop
	endfacet
	facet normal 0.007748539111942004 -0.00754480918403867 0.9999415162878313
		outer loop
			vertex 15.529813766479492 -14.723575592041016 7.197393417358398
			vertex 14.961679458618164 -14.961679458618164 7.1999993324279785
			vertex 15.132064819335938 -15.132064819335938 7.197393417358398
		endloop
	endfacet
	facet normal 0.05007090931617419 -0.04875441047714569 0.9975549666556113
		outer loop
			vertex 15.529813766479492 -14.723575592041016 7.197393417358398
			vertex 15.132064819335938 -15.132064819335938 7.197393417358398
			vertex 16.087726593017578 -16.087726593017578 7.102718353271484
		endloop
	endfacet
	facet normal 0.11041617959313574 -0.09015853109744563 0.9897877078214335
		outer loop
			vertex 17.532928466796875 -14.49918270111084 7.102718353271484
			vertex 18.004425048828125 -14.8890962600708 7.014603614807129
			vertex 17.712127685546875 -14.279719352722168 7.102718353271484
		endloop
	endfacet
	facet normal 0.07526856550110682 -0.061459319896751206 0.9952674992409
		outer loop
			vertex 17.532928466796875 -14.49918270111084 7.102718353271484
			vertex 17.712127685546875 -14.279719352722168 7.102718353271484
			vertex 17.45785140991211 -13.64658260345459 7.161045551300049
		endloop
	endfacet
	facet normal 0.10877803814956778 -0.09213919847451396 0.9897866974862843
		outer loop
			vertex 17.532928466796875 -14.49918270111084 7.102718353271484
			vertex 17.185914993286133 -14.90886116027832 7.102718353271484
			vertex 18.004425048828125 -14.8890962600708 7.014603614807129
		endloop
	endfacet
	facet normal 0.05112994571945622 -0.047637590976827744 0.9975552057789334
		outer loop
			vertex 15.783612251281738 -14.451172828674316 7.197393417358398
			vertex 16.510595321655273 -15.653437614440918 7.102718353271484
			vertex 16.780420303344727 -15.363831520080566 7.102718353271484
		endloop
	endfacet
	facet normal 0.007405449431947272 -0.006818713995124881 0.9999493309454053
		outer loop
			vertex 15.783612251281738 -14.451172828674316 7.197393417358398
			vertex 16.14307975769043 -13.678622245788574 7.1999993324279785
			vertex 14.961679458618164 -14.961679458618164 7.1999993324279785
		endloop
	endfacet
	facet normal 0.05112972774573286 -0.047637723163438124 0.9975552106387151
		outer loop
			vertex 15.783612251281738 -14.451172828674316 7.197393417358398
			vertex 15.529813766479492 -14.723575592041016 7.197393417358398
			vertex 16.510595321655273 -15.653437614440918 7.102718353271484
		endloop
	endfacet
	facet normal 0.007524793144650745 -0.007010872705398389 0.9999471111774059
		outer loop
			vertex 15.783612251281738 -14.451172828674316 7.197393417358398
			vertex 14.961679458618164 -14.961679458618164 7.1999993324279785
			vertex 15.529813766479492 -14.723575592041016 7.197393417358398
		endloop
	endfacet
	facet normal 0.052172419797407533 -0.046498972018211716 0.9975549529793999
		outer loop
			vertex 16.165019989013672 -14.023228645324707 7.197393417358398
			vertex 15.783612251281738 -14.451172828674316 7.197393417358398
			vertex 16.780420303344727 -15.363831520080566 7.102718353271484
		endloop
	endfacet
	facet normal 0.007918519478377128 -0.007057426454063354 0.9999437433081504
		outer loop
			vertex 16.165019989013672 -14.023228645324707 7.197393417358398
			vertex 16.14307975769043 -13.678622245788574 7.1999993324279785
			vertex 15.783612251281738 -14.451172828674316 7.197393417358398
		endloop
	endfacet
	facet normal 0.05217244391477682 -0.04649896089473429 0.9975549522365521
		outer loop
			vertex 16.165019989013672 -14.023228645324707 7.197393417358398
			vertex 16.780420303344727 -15.363831520080566 7.102718353271484
			vertex 17.185914993286133 -14.90886116027832 7.102718353271484
		endloop
	endfacet
	facet normal 0.036920492452847335 -0.0649686031283453 0.9972040703108822
		outer loop
			vertex 16.491416931152344 -13.637886047363281 7.197393417358398
			vertex 17.532928466796875 -14.49918270111084 7.102718353271484
			vertex 17.45785140991211 -13.64658260345459 7.161045551300049
		endloop
	endfacet
	facet normal 0.00830303385075968 -0.0070329231019331286 0.9999407970582637
		outer loop
			vertex 16.491416931152344 -13.637886047363281 7.197393417358398
			vertex 16.14307975769043 -13.678622245788574 7.1999993324279785
			vertex 16.165019989013672 -14.023228645324707 7.197393417358398
		endloop
	endfacet
	facet normal 0.05332593251852897 -0.04516912387597423 0.9975550587157115
		outer loop
			vertex 16.491416931152344 -13.637886047363281 7.197393417358398
			vertex 17.185914993286133 -14.90886116027832 7.102718353271484
			vertex 17.532928466796875 -14.49918270111084 7.102718353271484
		endloop
	endfacet
	facet normal 0.05332624162446829 -0.045168954312486284 0.9975550498696929
		outer loop
			vertex 16.491416931152344 -13.637886047363281 7.197393417358398
			vertex 16.165019989013672 -14.023228645324707 7.197393417358398
			vertex 17.185914993286133 -14.90886116027832 7.102718353271484
		endloop
	endfacet
	facet normal 0.029559876669411515 -0.03988158288021372 0.9987670764689123
		outer loop
			vertex 16.86012077331543 -13.179344177246094 7.197393417358398
			vertex 17.45785140991211 -13.64658260345459 7.161045551300049
			vertex 17.29343605041504 -13.060572624206543 7.189311504364014
		endloop
	endfacet
	facet normal 0.007940315387839713 -0.006184426920472781 0.9999493508449352
		outer loop
			vertex 16.86012077331543 -13.179344177246094 7.197393417358398
			vertex 17.214794158935547 -12.30262565612793 7.1999993324279785
			vertex 16.14307975769043 -13.678622245788574 7.1999993324279785
		endloop
	endfacet
	facet normal 0.008257024594988059 -0.006639299247044012 0.9999438690498312
		outer loop
			vertex 16.86012077331543 -13.179344177246094 7.197393417358398
			vertex 16.14307975769043 -13.678622245788574 7.1999993324279785
			vertex 16.491416931152344 -13.637886047363281 7.197393417358398
		endloop
	endfacet
	facet normal 0.037297309100796906 -0.029989979245065673 0.9988540993952623
		outer loop
			vertex 16.86012077331543 -13.179344177246094 7.197393417358398
			vertex 16.491416931152344 -13.637886047363281 7.197393417358398
			vertex 17.45785140991211 -13.64658260345459 7.161045551300049
		endloop
	endfacet
	facet normal 0.02387822491955114 -0.01780122872786352 0.9995563749136261
		outer loop
			vertex 17.076988220214844 -12.897104263305664 7.197393417358398
			vertex 17.29343605041504 -13.060572624206543 7.189311504364014
			vertex 17.236183166503906 -12.683563232421875 7.197393417358398
		endloop
	endfacet
	facet normal 0.008532920119250375 -0.0063612962551078825 0.9999433599880513
		outer loop
			vertex 17.076988220214844 -12.897104263305664 7.197393417358398
			vertex 17.236183166503906 -12.683563232421875 7.197393417358398
			vertex 17.214794158935547 -12.30262565612793 7.1999993324279785
		endloop
	endfacet
	facet normal 0.023617138296996493 -0.018146931856778497 0.9995563614138254
		outer loop
			vertex 17.076988220214844 -12.897104263305664 7.197393417358398
			vertex 16.86012077331543 -13.179344177246094 7.197393417358398
			vertex 17.29343605041504 -13.060572624206543 7.189311504364014
		endloop
	endfacet
	facet normal 0.008169106492656064 -0.006276976363044346 0.9999469312252773
		outer loop
			vertex 17.076988220214844 -12.897104263305664 7.197393417358398
			vertex 17.214794158935547 -12.30262565612793 7.1999993324279785
			vertex 16.86012077331543 -13.179344177246094 7.197393417358398
		endloop
	endfacet
	facet normal 0.8524868996069275 0.5227485877537774 0
		outer loop
			vertex 18.196414947509766 -15.241310119628906 0.25323691964149475
			vertex 18.54083824157715 -15.802988052368164 6.808351993560791
			vertex 18.54083824157715 -15.802988052368164 0.3916480243206024
		endloop
	endfacet
	facet normal 0.8622273603460354 0.5065178767499898 -0.0019025255295078737
		outer loop
			vertex 18.196414947509766 -15.241310119628906 0.25323691964149475
			vertex 18.004425048828125 -14.8890962600708 7.014603614807129
			vertex 18.54083824157715 -15.802988052368164 6.808351993560791
		endloop
	endfacet
	facet normal 0.901597214529784 0.4325758663808431 -0.000763267317253814
		outer loop
			vertex 17.883180618286133 -14.648510932922363 0.14645348489284515
			vertex 17.712127685546875 -14.279719352722168 7.102718353271484
			vertex 18.004425048828125 -14.8890962600708 7.014603614807129
		endloop
	endfacet
	facet normal 0.884101076148849 0.46729509610663605 0.0007617789293303057
		outer loop
			vertex 17.883180618286133 -14.648510932922363 0.14645348489284515
			vertex 18.004425048828125 -14.8890962600708 7.014603614807129
			vertex 18.196414947509766 -15.241310119628906 0.25323691964149475
		endloop
	endfacet
	facet normal 0.9279594912828653 0.37268107349051927 0
		outer loop
			vertex 17.45785140991211 -13.64658260345459 0.03895439952611923
			vertex 17.45785140991211 -13.64658260345459 7.161045551300049
			vertex 17.712127685546875 -14.279719352722168 7.102718353271484
		endloop
	endfacet
	facet normal 0.9204177039863316 0.3909317233493173 0.0019073194966925157
		outer loop
			vertex 17.45785140991211 -13.64658260345459 0.03895439952611923
			vertex 17.712127685546875 -14.279719352722168 7.102718353271484
			vertex 17.883180618286133 -14.648510932922363 0.14645348489284515
		endloop
	endfacet
	facet normal 0.01600448287540321 0.0022247154156222783 -0.9998694450623095
		outer loop
			vertex 20.81962776184082 3.7744948863983154 8.907265964808175e-7
			vertex 21.40825843811035 2.547664165496826 0.006693144794553518
			vertex 21.05976104736328 2.0469889640808105 8.907265964808175e-7
		endloop
	endfacet
	facet normal 0.03504095688553742 0.011361363804442757 -0.9993212950563244
		outer loop
			vertex 20.81962776184082 3.7744948863983154 8.907265964808175e-7
			vertex 21.662691116333008 2.8313775062561035 0.018840324133634567
			vertex 21.40825843811035 2.547664165496826 0.006693144794553518
		endloop
	endfacet
	facet normal 0.04945357670122186 0.024261740044943133 -0.9984817032482107
		outer loop
			vertex 21.94223403930664 3.0893614292144775 0.03895439952611923
			vertex 21.662691116333008 2.8313775062561035 0.018840324133634567
			vertex 20.81962776184082 3.7744948863983154 8.907265964808175e-7
		endloop
	endfacet
	facet normal 0.0360270799798688 0.00768127777407962 -0.999321293418629
		outer loop
			vertex 20.176128387451172 8.379300117492676 0.018840324133634567
			vertex 19.917573928833008 7.141005516052246 8.907265964808175e-7
			vertex 19.813926696777344 8.497787475585938 0.006693144794553518
		endloop
	endfacet
	facet normal 0.054958792260838704 0.0037155850494547836 -0.9984817101885094
		outer loop
			vertex 20.547212600708008 8.29565143585205 0.03895439952611923
			vertex 19.917573928833008 7.141005516052246 8.907265964808175e-7
			vertex 20.176128387451172 8.379300117492676 0.018840324133634567
		endloop
	endfacet
	facet normal 0.014972712025555234 0.006075597080154648 -0.9998694439849232
		outer loop
			vertex 19.261783599853516 8.757136344909668 8.907265964808175e-7
			vertex 19.813926696777344 8.497787475585938 0.006693144794553518
			vertex 19.917573928833008 7.141005516052246 8.907265964808175e-7
		endloop
	endfacet
	facet normal 0.10875203131968966 0.01878255717978157 -0.9938914484135729
		outer loop
			vertex 22.74602699279785 4.123741626739502 0.14645348489284515
			vertex 22.81154441833496 3.744392156600952 0.14645348489284515
			vertex 21.94223403930664 3.0893614292144775 0.03895439952611923
		endloop
	endfacet
	facet normal 0.16722916116358397 0.02888213896849984 -0.9854949161234311
		outer loop
			vertex 22.74602699279785 4.123741626739502 0.14645348489284515
			vertex 23.37921142578125 4.101154327392578 0.25323691964149475
			vertex 22.81154441833496 3.744392156600952 0.14645348489284515
		endloop
	endfacet
	facet normal 0.06632279820390896 0.05201833604429434 -0.9964413576089597
		outer loop
			vertex 22.74602699279785 4.123741626739502 0.14645348489284515
			vertex 21.94223403930664 3.0893614292144775 0.03895439952611923
			vertex 20.81962776184082 3.7744948863983154 8.907265964808175e-7
		endloop
	endfacet
	facet normal 0.07324347390888011 0.014168560164132288 -0.9972134402587215
		outer loop
			vertex 22.642969131469727 4.656492710113525 0.14645348489284515
			vertex 22.74602699279785 4.123741626739502 0.14645348489284515
			vertex 20.81962776184082 3.7744948863983154 8.907265964808175e-7
		endloop
	endfacet
	facet normal 0.16733233392041158 0.03236954931309697 -0.9853690183388226
		outer loop
			vertex 22.642969131469727 4.656492710113525 0.14645348489284515
			vertex 23.37921142578125 4.101154327392578 0.25323691964149475
			vertex 22.74602699279785 4.123741626739502 0.14645348489284515
		endloop
	endfacet
	facet normal 0.0722195197301149 0.016193171579017316 -0.9972572998801084
		outer loop
			vertex 22.4805908203125 5.3860979080200195 0.14645348489284515
			vertex 20.81962776184082 3.7744948863983154 8.907265964808175e-7
			vertex 20.438034057617188 5.476355075836182 8.907265964808175e-7
		endloop
	endfacet
	facet normal 0.07231509306903608 0.016094187263770886 -0.9972519764085381
		outer loop
			vertex 22.4805908203125 5.3860979080200195 0.14645348489284515
			vertex 22.642969131469727 4.656492710113525 0.14645348489284515
			vertex 20.81962776184082 3.7744948863983154 8.907265964808175e-7
		endloop
	endfacet
	facet normal 0.21108254800151943 0.04115094580803916 -0.9766016371009677
		outer loop
			vertex 23.86243438720703 4.907273769378662 0.3916480243206024
			vertex 23.958332061767578 4.415369510650635 0.3916480243206024
			vertex 23.37921142578125 4.101154327392578 0.25323691964149475
		endloop
	endfacet
	facet normal 0.2618157225037641 0.0510414750553772 -0.9637672412330703
		outer loop
			vertex 23.86243438720703 4.907273769378662 0.3916480243206024
			vertex 24.658906936645508 4.767212390899658 0.6005989909172058
			vertex 23.958332061767578 4.415369510650635 0.3916480243206024
		endloop
	endfacet
	facet normal 0.1886428509401004 0.041983675055264125 -0.9811479224959126
		outer loop
			vertex 23.86243438720703 4.907273769378662 0.3916480243206024
			vertex 22.642969131469727 4.656492710113525 0.14645348489284515
			vertex 22.4805908203125 5.3860979080200195 0.14645348489284515
		endloop
	endfacet
	facet normal 0.18546826407290518 0.057257146681859016 -0.9809807042830329
		outer loop
			vertex 23.86243438720703 4.907273769378662 0.3916480243206024
			vertex 23.37921142578125 4.101154327392578 0.25323691964149475
			vertex 22.642969131469727 4.656492710113525 0.14645348489284515
		endloop
	endfacet
	facet normal 0.07231153817141572 0.0183469278425562 -0.9972133330867695
		outer loop
			vertex 22.329126358032227 5.983071327209473 0.14645348489284515
			vertex 22.4805908203125 5.3860979080200195 0.14645348489284515
			vertex 20.438034057617188 5.476355075836182 8.907265964808175e-7
		endloop
	endfacet
	facet normal 0.26293882830420023 0.05851872354102852 -0.9630362047011228
		outer loop
			vertex 23.69131088256836 5.676173210144043 0.3916480243206024
			vertex 24.658906936645508 4.767212390899658 0.6005989909172058
			vertex 23.86243438720703 4.907273769378662 0.3916480243206024
		endloop
	endfacet
	facet normal 0.18864285163281733 0.04198367716889897 -0.9811479222722824
		outer loop
			vertex 23.69131088256836 5.676173210144043 0.3916480243206024
			vertex 23.86243438720703 4.907273769378662 0.3916480243206024
			vertex 22.4805908203125 5.3860979080200195 0.14645348489284515
		endloop
	endfacet
	facet normal 0.07179709535312967 0.02026685609992909 -0.997213333065036
		outer loop
			vertex 22.16181182861328 6.5757975578308105 0.14645348489284515
			vertex 22.329126358032227 5.983071327209473 0.14645348489284515
			vertex 20.438034057617188 5.476355075836182 8.907265964808175e-7
		endloop
	endfacet
	facet normal 0.07055637523583007 0.022059754561455373 -0.9972638392834011
		outer loop
			vertex 22.044057846069336 6.960354328155518 0.14645348489284515
			vertex 20.438034057617188 5.476355075836182 8.907265964808175e-7
			vertex 19.917573928833008 7.141005516052246 8.907265964808175e-7
		endloop
	endfacet
	facet normal 0.07088291615757426 0.02170484650376906 -0.9972484704602189
		outer loop
			vertex 22.044057846069336 6.960354328155518 0.14645348489284515
			vertex 22.16181182861328 6.5757975578308105 0.14645348489284515
			vertex 20.438034057617188 5.476355075836182 8.907265964808175e-7
		endloop
	endfacet
	facet normal 0.18731530338605976 0.04752591577110426 -0.981149460809874
		outer loop
			vertex 23.531688690185547 6.305296897888184 0.3916480243206024
			vertex 23.69131088256836 5.676173210144043 0.3916480243206024
			vertex 22.4805908203125 5.3860979080200195 0.14645348489284515
		endloop
	endfacet
	facet normal 0.1873154164713291 0.04752578242287104 -0.9811494456795389
		outer loop
			vertex 23.531688690185547 6.305296897888184 0.3916480243206024
			vertex 22.4805908203125 5.3860979080200195 0.14645348489284515
			vertex 22.329126358032227 5.983071327209473 0.14645348489284515
		endloop
	endfacet
	facet normal 0.07066404616317189 0.023357306055628274 -0.9972266687336802
		outer loop
			vertex 21.84971809387207 7.548300266265869 0.14645348489284515
			vertex 22.044057846069336 6.960354328155518 0.14645348489284515
			vertex 19.917573928833008 7.141005516052246 8.907265964808175e-7
		endloop
	endfacet
	facet normal 0.18598270734956224 0.052499126160881614 -0.9811494658405879
		outer loop
			vertex 23.355363845825195 6.929945468902588 0.3916480243206024
			vertex 22.329126358032227 5.983071327209473 0.14645348489284515
			vertex 22.16181182861328 6.5757975578308105 0.14645348489284515
		endloop
	endfacet
	facet normal 0.18598285856296953 0.052498957192127584 -0.9811494462183046
		outer loop
			vertex 23.355363845825195 6.929945468902588 0.3916480243206024
			vertex 23.531688690185547 6.305296897888184 0.3916480243206024
			vertex 22.329126358032227 5.983071327209473 0.14645348489284515
		endloop
	endfacet
	facet normal 0.10361455988430698 0.03846056757487218 -0.9938736377034055
		outer loop
			vertex 21.71572494506836 7.925548076629639 0.14645348489284515
			vertex 20.547212600708008 8.29565143585205 0.03895439952611923
			vertex 21.627573013305664 8.163033485412598 0.14645348489284515
		endloop
	endfacet
	facet normal 0.1592796928532673 0.05912284332557193 -0.9854615511736969
		outer loop
			vertex 21.71572494506836 7.925548076629639 0.14645348489284515
			vertex 21.627573013305664 8.163033485412598 0.14645348489284515
			vertex 22.297569274902344 8.13790225982666 0.25323691964149475
		endloop
	endfacet
	facet normal 0.07032143559161273 0.024977190919230514 -0.997211630312302
		outer loop
			vertex 21.71572494506836 7.925548076629639 0.14645348489284515
			vertex 21.84971809387207 7.548300266265869 0.14645348489284515
			vertex 19.917573928833008 7.141005516052246 8.907265964808175e-7
		endloop
	endfacet
	facet normal 0.08721680284691462 -0.013955628164435813 -0.9960915970650985
		outer loop
			vertex 21.71572494506836 7.925548076629639 0.14645348489284515
			vertex 19.917573928833008 7.141005516052246 8.907265964808175e-7
			vertex 20.547212600708008 8.29565143585205 0.03895439952611923
		endloop
	endfacet
	facet normal 0.16010310870031064 0.056866386175525245 -0.9854609118112361
		outer loop
			vertex 21.71572494506836 7.925548076629639 0.14645348489284515
			vertex 22.297569274902344 8.13790225982666 0.25323691964149475
			vertex 21.84971809387207 7.548300266265869 0.14645348489284515
		endloop
	endfacet
	facet normal 0.3172242867901459 0.0706007906247794 -0.9457189224254952
		outer loop
			vertex 25.264713287353516 6.053142547607422 0.8998043537139893
			vertex 25.447202682495117 5.233179092407227 0.8998043537139893
			vertex 24.658906936645508 4.767212390899658 0.6005989909172058
		endloop
	endfacet
	facet normal 0.3781018001896014 0.08414956591169627 -0.921931602262476
		outer loop
			vertex 25.264713287353516 6.053142547607422 0.8998043537139893
			vertex 26.145618438720703 5.785152912139893 1.2366195917129517
			vertex 25.447202682495117 5.233179092407227 0.8998043537139893
		endloop
	endfacet
	facet normal 0.2873351863152516 0.08658714118086205 -0.9539083591662803
		outer loop
			vertex 25.264713287353516 6.053142547607422 0.8998043537139893
			vertex 24.658906936645508 4.767212390899658 0.6005989909172058
			vertex 23.69131088256836 5.676173210144043 0.3916480243206024
		endloop
	endfacet
	facet normal 0.2602213406626183 0.07968175749201394 -0.9622555125260304
		outer loop
			vertex 23.23126792907715 7.335212707519531 0.3916480243206024
			vertex 23.738845825195312 8.200926780700684 0.6005989909172058
			vertex 23.355363845825195 6.929945468902588 0.3916480243206024
		endloop
	endfacet
	facet normal 0.18477258698153487 0.05657877416796248 -0.9811513305366314
		outer loop
			vertex 23.23126792907715 7.335212707519531 0.3916480243206024
			vertex 23.355363845825195 6.929945468902588 0.3916480243206024
			vertex 22.16181182861328 6.5757975578308105 0.14645348489284515
		endloop
	endfacet
	facet normal 0.1847726504601272 0.05657868261819661 -0.9811513238614772
		outer loop
			vertex 23.23126792907715 7.335212707519531 0.3916480243206024
			vertex 22.16181182861328 6.5757975578308105 0.14645348489284515
			vertex 22.044057846069336 6.960354328155518 0.14645348489284515
		endloop
	endfacet
	facet normal 0.4180690477958424 0.08976282788925499 -0.9039695271436985
		outer loop
			vertex 25.09449005126953 6.724048614501953 0.8998043537139893
			vertex 25.53534507751465 8.062719345092773 1.2366195917129517
			vertex 26.37209129333496 7.825061321258545 1.600000023841858
		endloop
	endfacet
	facet normal 0.40435256480921666 0.10834615380663865 -0.9081630438899815
		outer loop
			vertex 25.09449005126953 6.724048614501953 0.8998043537139893
			vertex 26.37209129333496 7.825061321258545 1.600000023841858
			vertex 26.751432418823242 6.409343719482422 1.600000023841858
		endloop
	endfacet
	facet normal 0.406939731469213 0.13129807564896367 -0.9039695073854229
		outer loop
			vertex 25.09449005126953 6.724048614501953 0.8998043537139893
			vertex 26.751432418823242 6.409343719482422 1.600000023841858
			vertex 26.145618438720703 5.785152912139893 1.2366195917129517
		endloop
	endfacet
	facet normal 0.2904667783005715 0.07369766052357865 -0.9540428216474552
		outer loop
			vertex 25.09449005126953 6.724048614501953 0.8998043537139893
			vertex 23.69131088256836 5.676173210144043 0.3916480243206024
			vertex 23.531688690185547 6.305296897888184 0.3916480243206024
		endloop
	endfacet
	facet normal 0.3809847218135546 0.09666398240493902 -0.9195143915405927
		outer loop
			vertex 25.09449005126953 6.724048614501953 0.8998043537139893
			vertex 26.145618438720703 5.785152912139893 1.2366195917129517
			vertex 25.264713287353516 6.053142547607422 0.8998043537139893
		endloop
	endfacet
	facet normal 0.2904667894205737 0.07369764458825215 -0.9540428194928402
		outer loop
			vertex 25.09449005126953 6.724048614501953 0.8998043537139893
			vertex 25.264713287353516 6.053142547607422 0.8998043537139893
			vertex 23.69131088256836 5.676173210144043 0.3916480243206024
		endloop
	endfacet
	facet normal 0.2033255724637865 0.07123437340809313 -0.9765164492354598
		outer loop
			vertex 23.026460647583008 7.954823017120361 0.3916480243206024
			vertex 22.297569274902344 8.13790225982666 0.25323691964149475
			vertex 22.956209182739258 8.155343055725098 0.3916480243206024
		endloop
	endfacet
	facet normal 0.2521341658201784 0.08833428623530154 -0.9636521241098693
		outer loop
			vertex 23.026460647583008 7.954823017120361 0.3916480243206024
			vertex 22.956209182739258 8.155343055725098 0.3916480243206024
			vertex 23.738845825195312 8.200926780700684 0.6005989909172058
		endloop
	endfacet
	facet normal 0.18348698348122772 0.06064981929422355 -0.9811493904154136
		outer loop
			vertex 23.026460647583008 7.954823017120361 0.3916480243206024
			vertex 22.044057846069336 6.960354328155518 0.14645348489284515
			vertex 21.84971809387207 7.548300266265869 0.14645348489284515
		endloop
	endfacet
	facet normal 0.25368094033009936 0.0838522260698926 -0.9636466077854268
		outer loop
			vertex 23.026460647583008 7.954823017120361 0.3916480243206024
			vertex 23.738845825195312 8.200926780700684 0.6005989909172058
			vertex 23.23126792907715 7.335212707519531 0.3916480243206024
		endloop
	endfacet
	facet normal 0.19382847984578797 0.03036257527295145 -0.9805654666688327
		outer loop
			vertex 23.026460647583008 7.954823017120361 0.3916480243206024
			vertex 21.84971809387207 7.548300266265869 0.14645348489284515
			vertex 22.297569274902344 8.13790225982666 0.25323691964149475
		endloop
	endfacet
	facet normal 0.18348672390628012 0.06065008365939047 -0.981149422617294
		outer loop
			vertex 23.026460647583008 7.954823017120361 0.3916480243206024
			vertex 23.23126792907715 7.335212707519531 0.3916480243206024
			vertex 22.044057846069336 6.960354328155518 0.14645348489284515
		endloop
	endfacet
	facet normal 0.2921329252939211 0.0686810828494861 -0.9539084142714324
		outer loop
			vertex 24.906455993652344 7.390181541442871 0.8998043537139893
			vertex 23.355363845825195 6.929945468902588 0.3916480243206024
			vertex 23.738845825195312 8.200926780700684 0.6005989909172058
		endloop
	endfacet
	facet normal 0.2884003198411515 0.0814092017002213 -0.9540428697883834
		outer loop
			vertex 24.906455993652344 7.390181541442871 0.8998043537139893
			vertex 23.531688690185547 6.305296897888184 0.3916480243206024
			vertex 23.355363845825195 6.929945468902588 0.3916480243206024
		endloop
	endfacet
	facet normal 0.3782759275313389 0.10677862431942434 -0.9195138106840791
		outer loop
			vertex 24.906455993652344 7.390181541442871 0.8998043537139893
			vertex 25.53534507751465 8.062719345092773 1.2366195917129517
			vertex 25.09449005126953 6.724048614501953 0.8998043537139893
		endloop
	endfacet
	facet normal 0.2884005651161045 0.0814088694382778 -0.9540428239955968
		outer loop
			vertex 24.906455993652344 7.390181541442871 0.8998043537139893
			vertex 25.09449005126953 6.724048614501953 0.8998043537139893
			vertex 23.531688690185547 6.305296897888184 0.3916480243206024
		endloop
	endfacet
	facet normal 0.30996064467721957 0.100421086559552 -0.9454311207726777
		outer loop
			vertex 24.774118423461914 7.82236385345459 0.8998043537139893
			vertex 23.738845825195312 8.200926780700684 0.6005989909172058
			vertex 24.65451431274414 8.191534996032715 0.8998043537139893
		endloop
	endfacet
	facet normal 0.36982845844451473 0.11981706799041181 -0.9213418375080635
		outer loop
			vertex 24.774118423461914 7.82236385345459 0.8998043537139893
			vertex 24.65451431274414 8.191534996032715 0.8998043537139893
			vertex 25.53534507751465 8.062719345092773 1.2366195917129517
		endloop
	endfacet
	facet normal 0.371720261865422 0.11382362229689381 -0.9213404527784049
		outer loop
			vertex 24.774118423461914 7.82236385345459 0.8998043537139893
			vertex 25.53534507751465 8.062719345092773 1.2366195917129517
			vertex 24.906455993652344 7.390181541442871 0.8998043537139893
		endloop
	endfacet
	facet normal 0.30809439509546277 0.0943408892567501 -0.9466665940683693
		outer loop
			vertex 24.774118423461914 7.82236385345459 0.8998043537139893
			vertex 24.906455993652344 7.390181541442871 0.8998043537139893
			vertex 23.738845825195312 8.200926780700684 0.6005989909172058
		endloop
	endfacet
	facet normal 0.6172963025910553 -0.7867307511515056 0
		outer loop
			vertex 21.94223403930664 3.0893614292144775 0.03895439952611923
			vertex 22.47901153564453 3.510535717010498 7.102718353271484
			vertex 21.94223403930664 3.0893614292144775 7.161045551300049
		endloop
	endfacet
	facet normal 0.5645184470442131 -0.8254200994088733 -0.000763176674130632
		outer loop
			vertex 22.81154441833496 3.744392156600952 0.14645348489284515
			vertex 23.036836624145508 3.892122983932495 7.014603614807129
			vertex 22.47901153564453 3.510535717010498 7.102718353271484
		endloop
	endfacet
	facet normal 0.601639076108384 -0.7987657879466782 0.0019073818108864622
		outer loop
			vertex 22.81154441833496 3.744392156600952 0.14645348489284515
			vertex 22.47901153564453 3.510535717010498 7.102718353271484
			vertex 21.94223403930664 3.0893614292144775 0.03895439952611923
		endloop
	endfacet
	facet normal 0.49345071852389544 -0.8697716759859482 -0.001902640493146997
		outer loop
			vertex 23.37921142578125 4.101154327392578 0.25323691964149475
			vertex 23.958332061767578 4.415369510650635 6.808351993560791
			vertex 23.036836624145508 3.892122983932495 7.014603614807129
		endloop
	endfacet
	facet normal 0.5320076195438775 -0.8467392233578878 0.0007618231673301852
		outer loop
			vertex 23.37921142578125 4.101154327392578 0.25323691964149475
			vertex 23.036836624145508 3.892122983932495 7.014603614807129
			vertex 22.81154441833496 3.744392156600952 0.14645348489284515
		endloop
	endfacet
	facet normal 0.47689890486646874 -0.8789581528930503 0
		outer loop
			vertex 23.958332061767578 4.415369510650635 0.3916480243206024
			vertex 23.958332061767578 4.415369510650635 6.808351993560791
			vertex 23.37921142578125 4.101154327392578 0.25323691964149475
		endloop
	endfacet
	facet normal 0.3801889646127368 0.08114911729806387 0.9213420493760394
		outer loop
			vertex 25.36619758605957 5.6126933097839355 6.300195693969727
			vertex 25.447202682495117 5.233179092407227 6.300195693969727
			vertex 26.145618438720703 5.785152912139893 5.963380336761475
		endloop
	endfacet
	facet normal 0.3186446876726319 0.0680128503011396 0.9454310208639897
		outer loop
			vertex 25.36619758605957 5.6126933097839355 6.300195693969727
			vertex 24.658906936645508 4.767212390899658 6.599400997161865
			vertex 25.447202682495117 5.233179092407227 6.300195693969727
		endloop
	endfacet
	facet normal 0.3139875023178112 0.07234613830336306 0.9466667231189725
		outer loop
			vertex 25.264713287353516 6.053142547607422 6.300195693969727
			vertex 24.658906936645508 4.767212390899658 6.599400997161865
			vertex 25.36619758605957 5.6126933097839355 6.300195693969727
		endloop
	endfacet
	facet normal 0.37883033966494195 0.08728663384560201 0.921340663002154
		outer loop
			vertex 25.264713287353516 6.053142547607422 6.300195693969727
			vertex 25.36619758605957 5.6126933097839355 6.300195693969727
			vertex 26.145618438720703 5.785152912139893 5.963380336761475
		endloop
	endfacet
	facet normal 0.19800406175287158 0.03738420588191881 0.9794880360065372
		outer loop
			vertex 23.918912887573242 4.624151706695557 6.808351993560791
			vertex 23.036836624145508 3.892122983932495 7.014603614807129
			vertex 23.958332061767578 4.415369510650635 6.808351993560791
		endloop
	endfacet
	facet normal 0.26252258046816584 0.04956564077520586 0.963651981785374
		outer loop
			vertex 23.918912887573242 4.624151706695557 6.808351993560791
			vertex 23.958332061767578 4.415369510650635 6.808351993560791
			vertex 24.658906936645508 4.767212390899658 6.599400997161865
		endloop
	endfacet
	facet normal 0.4069397801368418 0.13129802033676474 0.9039694935106082
		outer loop
			vertex 25.09449005126953 6.724048614501953 6.300195693969727
			vertex 26.145618438720703 5.785152912139893 5.963380336761475
			vertex 26.751432418823242 6.409343719482422 5.599999904632568
		endloop
	endfacet
	facet normal 0.4043526215870103 0.10834616902023217 0.9081630167950858
		outer loop
			vertex 25.09449005126953 6.724048614501953 6.300195693969727
			vertex 26.751432418823242 6.409343719482422 5.599999904632568
			vertex 26.37209129333496 7.825061321258545 5.599999904632568
		endloop
	endfacet
	facet normal 0.4180690622871335 0.089762900124901 0.9039695132688513
		outer loop
			vertex 25.09449005126953 6.724048614501953 6.300195693969727
			vertex 26.37209129333496 7.825061321258545 5.599999904632568
			vertex 25.53534507751465 8.062719345092773 5.963380336761475
		endloop
	endfacet
	facet normal 0.38098483582355686 0.09666401133171804 0.9195143412616027
		outer loop
			vertex 25.09449005126953 6.724048614501953 6.300195693969727
			vertex 25.264713287353516 6.053142547607422 6.300195693969727
			vertex 26.145618438720703 5.785152912139893 5.963380336761475
		endloop
	endfacet
	facet normal 0.26162059723142844 0.05422317211504501 0.9636464656242212
		outer loop
			vertex 23.786474227905273 5.263153076171875 6.808351993560791
			vertex 23.918912887573242 4.624151706695557 6.808351993560791
			vertex 24.658906936645508 4.767212390899658 6.599400997161865
		endloop
	endfacet
	facet normal 0.3782760407305892 0.1067786562729782 0.9195137604047733
		outer loop
			vertex 24.906455993652344 7.390181541442871 6.300195693969727
			vertex 25.09449005126953 6.724048614501953 6.300195693969727
			vertex 25.53534507751465 8.062719345092773 5.963380336761475
		endloop
	endfacet
	facet normal 0.14070246711461482 0.022871619460535945 0.9897877069205868
		outer loop
			vertex 22.433551788330078 3.790196657180786 7.102718353271484
			vertex 22.47901153564453 3.510535717010498 7.102718353271484
			vertex 23.036836624145508 3.892122983932495 7.014603614807129
		endloop
	endfacet
	facet normal 0.09591418211126006 0.015591145763850097 0.9952674946182551
		outer loop
			vertex 22.433551788330078 3.790196657180786 7.102718353271484
			vertex 21.94223403930664 3.0893614292144775 7.161045551300049
			vertex 22.47901153564453 3.510535717010498 7.102718353271484
		endloop
	endfacet
	facet normal 0.2651989849606186 0.06110409762858456 0.9622555729268882
		outer loop
			vertex 23.69131088256836 5.676173210144043 6.808351993560791
			vertex 23.786474227905273 5.263153076171875 6.808351993560791
			vertex 24.658906936645508 4.767212390899658 6.599400997161865
		endloop
	endfacet
	facet normal 0.28733517958627386 0.08658710144673731 0.9539083647998775
		outer loop
			vertex 23.69131088256836 5.676173210144043 6.808351993560791
			vertex 24.658906936645508 4.767212390899658 6.599400997161865
			vertex 25.264713287353516 6.053142547607422 6.300195693969727
		endloop
	endfacet
	facet normal 0.3698285695563308 0.1198171039884312 0.9213417882261413
		outer loop
			vertex 24.774118423461914 7.82236385345459 6.300195693969727
			vertex 25.53534507751465 8.062719345092773 5.963380336761475
			vertex 24.65451431274414 8.191534996032715 6.300195693969727
		endloop
	endfacet
	facet normal 0.3099605894850981 0.1004210686784019 0.9454311407667606
		outer loop
			vertex 24.774118423461914 7.82236385345459 6.300195693969727
			vertex 24.65451431274414 8.191534996032715 6.300195693969727
			vertex 23.738845825195312 8.200926780700684 6.599400997161865
		endloop
	endfacet
	facet normal 0.3717203735452786 0.1138236564941306 0.9213404034957247
		outer loop
			vertex 24.774118423461914 7.82236385345459 6.300195693969727
			vertex 24.906455993652344 7.390181541442871 6.300195693969727
			vertex 25.53534507751465 8.062719345092773 5.963380336761475
		endloop
	endfacet
	facet normal 0.3080943400921755 0.09434087241431768 0.9466666136477364
		outer loop
			vertex 24.774118423461914 7.82236385345459 6.300195693969727
			vertex 23.738845825195312 8.200926780700684 6.599400997161865
			vertex 24.906455993652344 7.390181541442871 6.300195693969727
		endloop
	endfacet
	facet normal 0.029579681363281537 0.0034773059312869247 0.9995563769962688
		outer loop
			vertex 21.23765754699707 2.630725622177124 7.197393417358398
			vertex 21.268754959106445 2.3661956787109375 7.197393417358398
			vertex 21.5068416595459 2.664069652557373 7.189311504364014
		endloop
	endfacet
	facet normal 0.010570251146660103 0.001242609633148392 0.9999433612520243
		outer loop
			vertex 21.23765754699707 2.630725622177124 7.197393417358398
			vertex 21.05976104736328 2.0469889640808105 7.1999993324279785
			vertex 21.268754959106445 2.3661956787109375 7.197393417358398
		endloop
	endfacet
	facet normal 0.16878095797558637 0.07356000822774501 0.9829048343631126
		outer loop
			vertex 22.33786964416504 4.31849479675293 7.102718353271484
			vertex 23.036836624145508 3.892122983932495 7.014603614807129
			vertex 23.918912887573242 4.624151706695557 6.808351993560791
		endloop
	endfacet
	facet normal 0.17609362851440338 0.036496954858844154 0.9836966027605579
		outer loop
			vertex 22.33786964416504 4.31849479675293 7.102718353271484
			vertex 23.918912887573242 4.624151706695557 6.808351993560791
			vertex 23.786474227905273 5.263153076171875 6.808351993560791
		endloop
	endfacet
	facet normal 0.14027419636680008 0.025405608829652735 0.9897866966542049
		outer loop
			vertex 22.33786964416504 4.31849479675293 7.102718353271484
			vertex 22.433551788330078 3.790196657180786 7.102718353271484
			vertex 23.036836624145508 3.892122983932495 7.014603614807129
		endloop
	endfacet
	facet normal 0.29046676965764734 0.07369765833068315 0.9540428244482662
		outer loop
			vertex 23.531688690185547 6.305296897888184 6.808351993560791
			vertex 23.69131088256836 5.676173210144043 6.808351993560791
			vertex 25.264713287353516 6.053142547607422 6.300195693969727
		endloop
	endfacet
	facet normal 0.29046676747993666 0.0736976390214427 0.9540428266028844
		outer loop
			vertex 23.531688690185547 6.305296897888184 6.808351993560791
			vertex 25.264713287353516 6.053142547607422 6.300195693969727
			vertex 25.09449005126953 6.724048614501953 6.300195693969727
		endloop
	endfacet
	facet normal 0.28840054972093 0.08140886509257288 0.9540428290202726
		outer loop
			vertex 23.531688690185547 6.305296897888184 6.808351993560791
			vertex 25.09449005126953 6.724048614501953 6.300195693969727
			vertex 24.906455993652344 7.390181541442871 6.300195693969727
		endloop
	endfacet
	facet normal 0.009968677445315915 0.0013857036530711213 0.9999493513650465
		outer loop
			vertex 21.19096565246582 2.983586549758911 7.197393417358398
			vertex 20.81962776184082 3.7744948863983154 7.1999993324279785
			vertex 21.05976104736328 2.0469889640808105 7.1999993324279785
		endloop
	endfacet
	facet normal 0.04554044345724059 0.019758532022005258 0.9987670741579607
		outer loop
			vertex 21.19096565246582 2.983586549758911 7.197393417358398
			vertex 21.5068416595459 2.664069652557373 7.189311504364014
			vertex 21.94223403930664 3.0893614292144775 7.161045551300049
		endloop
	endfacet
	facet normal 0.029526448070233007 0.003907051451193058 0.9995563634999847
		outer loop
			vertex 21.19096565246582 2.983586549758911 7.197393417358398
			vertex 21.23765754699707 2.630725622177124 7.197393417358398
			vertex 21.5068416595459 2.664069652557373 7.189311504364014
		endloop
	endfacet
	facet normal 0.010213175472087914 0.0013514460647143978 0.9999469309119914
		outer loop
			vertex 21.19096565246582 2.983586549758911 7.197393417358398
			vertex 21.05976104736328 2.0469889640808105 7.1999993324279785
			vertex 21.23765754699707 2.630725622177124 7.197393417358398
		endloop
	endfacet
	facet normal 0.17609372523189012 0.03649680290718095 0.9836965910846242
		outer loop
			vertex 22.21418571472168 4.915258407592773 7.102718353271484
			vertex 22.33786964416504 4.31849479675293 7.102718353271484
			vertex 23.786474227905273 5.263153076171875 6.808351993560791
		endloop
	endfacet
	facet normal 0.29213289959941113 0.06868111389574126 0.953908419905014
		outer loop
			vertex 23.355363845825195 6.929945468902588 6.808351993560791
			vertex 24.906455993652344 7.390181541442871 6.300195693969727
			vertex 23.738845825195312 8.200926780700684 6.599400997161865
		endloop
	endfacet
	facet normal 0.2884003044459886 0.08140919735449823 0.9540428748130546
		outer loop
			vertex 23.355363845825195 6.929945468902588 6.808351993560791
			vertex 23.531688690185547 6.305296897888184 6.808351993560791
			vertex 24.906455993652344 7.390181541442871 6.300195693969727
		endloop
	endfacet
	facet normal 0.010470420654104811 0.0016212942291491186 0.9999438692728451
		outer loop
			vertex 21.100929260253906 3.565047264099121 7.197393417358398
			vertex 20.81962776184082 3.7744948863983154 7.1999993324279785
			vertex 21.19096565246582 2.983586549758911 7.197393417358398
		endloop
	endfacet
	facet normal 0.06445842964935865 0.037804247600399216 0.997204066232437
		outer loop
			vertex 21.100929260253906 3.565047264099121 7.197393417358398
			vertex 21.94223403930664 3.0893614292144775 7.161045551300049
			vertex 22.433551788330078 3.790196657180786 7.102718353271484
		endloop
	endfacet
	facet normal 0.06876625445766285 0.012454525541272219 0.9975550546418006
		outer loop
			vertex 21.100929260253906 3.565047264099121 7.197393417358398
			vertex 22.433551788330078 3.790196657180786 7.102718353271484
			vertex 22.33786964416504 4.31849479675293 7.102718353271484
		endloop
	endfacet
	facet normal 0.04729544877688894 0.007323472542330599 0.9988540970907185
		outer loop
			vertex 21.100929260253906 3.565047264099121 7.197393417358398
			vertex 21.19096565246582 2.983586549758911 7.197393417358398
			vertex 21.94223403930664 3.0893614292144775 7.161045551300049
		endloop
	endfacet
	facet normal 0.17523575049598836 0.040375762972291555 0.9836982410843851
		outer loop
			vertex 22.12531280517578 5.30097770690918 7.102718353271484
			vertex 22.21418571472168 4.915258407592773 7.102718353271484
			vertex 23.786474227905273 5.263153076171875 6.808351993560791
		endloop
	endfacet
	facet normal 0.17523575112404527 0.0403758047802938 0.9836982392564985
		outer loop
			vertex 22.12531280517578 5.30097770690918 7.102718353271484
			vertex 23.786474227905273 5.263153076171875 6.808351993560791
			vertex 23.69131088256836 5.676173210144043 6.808351993560791
		endloop
	endfacet
	facet normal 0.2602213750286545 0.0796817680151561 0.9622555023610806
		outer loop
			vertex 23.23126792907715 7.335212707519531 6.808351993560791
			vertex 23.355363845825195 6.929945468902588 6.808351993560791
			vertex 23.738845825195312 8.200926780700684 6.599400997161865
		endloop
	endfacet
	facet normal 0.06876626381614859 0.012454510120505633 0.9975550541892042
		outer loop
			vertex 21.01093101501465 4.061963081359863 7.197393417358398
			vertex 21.100929260253906 3.565047264099121 7.197393417358398
			vertex 22.33786964416504 4.31849479675293 7.102718353271484
		endloop
	endfacet
	facet normal 0.010707095042491309 0.001939201232808701 0.9999407970546705
		outer loop
			vertex 21.01093101501465 4.061963081359863 7.197393417358398
			vertex 20.81962776184082 3.7744948863983154 7.1999993324279785
			vertex 21.100929260253906 3.565047264099121 7.197393417358398
		endloop
	endfacet
	facet normal 0.1743128152436318 0.044226905251935955 0.9836966114070312
		outer loop
			vertex 21.976242065429688 5.888516426086426 7.102718353271484
			vertex 23.69131088256836 5.676173210144043 6.808351993560791
			vertex 23.531688690185547 6.305296897888184 6.808351993560791
		endloop
	endfacet
	facet normal 0.17431279965873228 0.04422676692478686 0.9836966203878691
		outer loop
			vertex 21.976242065429688 5.888516426086426 7.102718353271484
			vertex 22.12531280517578 5.30097770690918 7.102718353271484
			vertex 23.69131088256836 5.676173210144043 6.808351993560791
		endloop
	endfacet
	facet normal 0.2521341992149119 0.08833429793502474 0.9636521142998554
		outer loop
			vertex 23.026460647583008 7.954823017120361 6.808351993560791
			vertex 23.738845825195312 8.200926780700684 6.599400997161865
			vertex 22.956209182739258 8.155343055725098 6.808351993560791
		endloop
	endfacet
	facet normal 0.1901687264415107 0.0666249203468433 0.9794881191073176
		outer loop
			vertex 23.026460647583008 7.954823017120361 6.808351993560791
			vertex 22.956209182739258 8.155343055725098 6.808351993560791
			vertex 21.896547317504883 8.147741317749023 7.014603614807129
		endloop
	endfacet
	facet normal 0.2536809739293159 0.08385223717584757 0.9636465979740079
		outer loop
			vertex 23.026460647583008 7.954823017120361 6.808351993560791
			vertex 23.23126792907715 7.335212707519531 6.808351993560791
			vertex 23.738845825195312 8.200926780700684 6.599400997161865
		endloop
	endfacet
	facet normal 0.0684321177704297 0.014182881372699782 0.9975549564477248
		outer loop
			vertex 20.894596099853516 4.623276710510254 7.197393417358398
			vertex 21.01093101501465 4.061963081359863 7.197393417358398
			vertex 22.33786964416504 4.31849479675293 7.102718353271484
		endloop
	endfacet
	facet normal 0.009822635088480991 0.0022024463183950276 0.9999493312514055
		outer loop
			vertex 20.894596099853516 4.623276710510254 7.197393417358398
			vertex 20.438034057617188 5.476355075836182 7.1999993324279785
			vertex 20.81962776184082 3.7744948863983154 7.1999993324279785
		endloop
	endfacet
	facet normal 0.06843216386510632 0.014183101605737368 0.9975549501544166
		outer loop
			vertex 20.894596099853516 4.623276710510254 7.197393417358398
			vertex 22.33786964416504 4.31849479675293 7.102718353271484
			vertex 22.21418571472168 4.915258407592773 7.102718353271484
		endloop
	endfacet
	facet normal 0.010386413914837972 0.0021526336059931104 0.9999437427048324
		outer loop
			vertex 20.894596099853516 4.623276710510254 7.197393417358398
			vertex 20.81962776184082 3.7744948863983154 7.1999993324279785
			vertex 21.01093101501465 4.061963081359863 7.197393417358398
		endloop
	endfacet
	facet normal 0.06809864659212748 0.015690490129755427 0.9975552029094975
		outer loop
			vertex 20.894596099853516 4.623276710510254 7.197393417358398
			vertex 22.21418571472168 4.915258407592773 7.102718353271484
			vertex 22.12531280517578 5.30097770690918 7.102718353271484
		endloop
	endfacet
	facet normal 0.17307269749863363 0.048855089255265806 0.9836966105636467
		outer loop
			vertex 21.81157112121582 6.471875190734863 7.102718353271484
			vertex 21.976242065429688 5.888516426086426 7.102718353271484
			vertex 23.531688690185547 6.305296897888184 6.808351993560791
		endloop
	endfacet
	facet normal 0.17307266299350021 0.048854686909476315 0.9836966366168564
		outer loop
			vertex 21.81157112121582 6.471875190734863 7.102718353271484
			vertex 23.531688690185547 6.305296897888184 6.808351993560791
			vertex 23.355363845825195 6.929945468902588 6.808351993560791
		endloop
	endfacet
	facet normal 0.17194644667945935 0.05265131226761979 0.9836982559661299
		outer loop
			vertex 21.81157112121582 6.471875190734863 7.102718353271484
			vertex 23.355363845825195 6.929945468902588 6.808351993560791
			vertex 23.23126792907715 7.335212707519531 6.808351993560791
		endloop
	endfacet
	facet normal 0.06773998466846513 0.017187036862962576 0.997554961012669
		outer loop
			vertex 20.81100082397461 4.986083030700684 7.197393417358398
			vertex 22.12531280517578 5.30097770690918 7.102718353271484
			vertex 21.976242065429688 5.888516426086426 7.102718353271484
		endloop
	endfacet
	facet normal 0.06809849055686606 0.015690774355998874 0.9975552090906977
		outer loop
			vertex 20.81100082397461 4.986083030700684 7.197393417358398
			vertex 20.894596099853516 4.623276710510254 7.197393417358398
			vertex 22.12531280517578 5.30097770690918 7.102718353271484
		endloop
	endfacet
	facet normal 0.010022153241454957 0.0023092339314275314 0.99994711054288
		outer loop
			vertex 20.81100082397461 4.986083030700684 7.197393417358398
			vertex 20.438034057617188 5.476355075836182 7.1999993324279785
			vertex 20.894596099853516 4.623276710510254 7.197393417358398
		endloop
	endfacet
	facet normal 0.1719466511216989 0.052650970136182744 0.9836982385425684
		outer loop
			vertex 21.6956787109375 6.8503546714782715 7.102718353271484
			vertex 21.81157112121582 6.471875190734863 7.102718353271484
			vertex 23.23126792907715 7.335212707519531 6.808351993560791
		endloop
	endfacet
	facet normal 0.06774002866396571 0.017186979844668552 0.9975549590074846
		outer loop
			vertex 20.670785903930664 5.53872013092041 7.197393417358398
			vertex 20.81100082397461 4.986083030700684 7.197393417358398
			vertex 21.976242065429688 5.888516426086426 7.102718353271484
		endloop
	endfacet
	facet normal 0.01048279887114072 0.0026596925993013338 0.9999415167714082
		outer loop
			vertex 20.670785903930664 5.53872013092041 7.197393417358398
			vertex 20.438034057617188 5.476355075836182 7.1999993324279785
			vertex 20.81100082397461 4.986083030700684 7.197393417358398
		endloop
	endfacet
	facet normal 0.1829488193971978 0.02068544899000356 0.982904797872741
		outer loop
			vertex 21.504409790039062 7.429008960723877 7.102718353271484
			vertex 23.026460647583008 7.954823017120361 6.808351993560791
			vertex 21.896547317504883 8.147741317749023 7.014603614807129
		endloop
	endfacet
	facet normal 0.17075001118972064 0.056440064125772786 0.9836965755964534
		outer loop
			vertex 21.504409790039062 7.429008960723877 7.102718353271484
			vertex 23.23126792907715 7.335212707519531 6.808351993560791
			vertex 23.026460647583008 7.954823017120361 6.808351993560791
		endloop
	endfacet
	facet normal 0.1707500024830542 0.05643986284266072 0.9836965886564508
		outer loop
			vertex 21.504409790039062 7.429008960723877 7.102718353271484
			vertex 21.6956787109375 6.8503546714782715 7.102718353271484
			vertex 23.23126792907715 7.335212707519531 6.808351993560791
		endloop
	endfacet
	facet normal 0.06725810406949059 0.018985545046812616 0.997554959145737
		outer loop
			vertex 20.515897750854492 6.08742618560791 7.197393417358398
			vertex 20.670785903930664 5.53872013092041 7.197393417358398
			vertex 21.976242065429688 5.888516426086426 7.102718353271484
		endloop
	endfacet
	facet normal 0.010408221585555271 0.0029380215589425796 0.9999415167662283
		outer loop
			vertex 20.515897750854492 6.08742618560791 7.197393417358398
			vertex 20.438034057617188 5.476355075836182 7.1999993324279785
			vertex 20.670785903930664 5.53872013092041 7.197393417358398
		endloop
	endfacet
	facet normal 0.06725812116583085 0.018985672264824376 0.9975549555718198
		outer loop
			vertex 20.515897750854492 6.08742618560791 7.197393417358398
			vertex 21.976242065429688 5.888516426086426 7.102718353271484
			vertex 21.81157112121582 6.471875190734863 7.102718353271484
		endloop
	endfacet
	facet normal 0.13328786337253368 0.0505432779058567 0.9897877158947347
		outer loop
			vertex 21.323123931884766 7.9343695640563965 7.102718353271484
			vertex 21.896547317504883 8.147741317749023 7.014603614807129
			vertex 21.22266387939453 8.19929313659668 7.102718353271484
		endloop
	endfacet
	facet normal 0.09085943228265181 0.0344542512726389 0.99526753595931
		outer loop
			vertex 21.323123931884766 7.9343695640563965 7.102718353271484
			vertex 21.22266387939453 8.19929313659668 7.102718353271484
			vertex 20.547212600708008 8.29565143585205 7.161045551300049
		endloop
	endfacet
	facet normal 0.13418376809698893 0.048135171973098814 0.9897867051028792
		outer loop
			vertex 21.323123931884766 7.9343695640563965 7.102718353271484
			vertex 21.504409790039062 7.429008960723877 7.102718353271484
			vertex 21.896547317504883 8.147741317749023 7.014603614807129
		endloop
	endfacet
	facet normal 0.06682040848131265 0.02046076098886667 0.997555206627757
		outer loop
			vertex 20.406888961791992 6.443422317504883 7.197393417358398
			vertex 21.81157112121582 6.471875190734863 7.102718353271484
			vertex 21.6956787109375 6.8503546714782715 7.102718353271484
		endloop
	endfacet
	facet normal 0.009607896640213186 0.003003950260008579 0.9999493310188204
		outer loop
			vertex 20.406888961791992 6.443422317504883 7.197393417358398
			vertex 19.917573928833008 7.141005516052246 7.1999993324279785
			vertex 20.438034057617188 5.476355075836182 7.1999993324279785
		endloop
	endfacet
	facet normal 0.06682040487183578 0.020460928552596826 0.9975552034326369
		outer loop
			vertex 20.406888961791992 6.443422317504883 7.197393417358398
			vertex 20.515897750854492 6.08742618560791 7.197393417358398
			vertex 21.81157112121582 6.471875190734863 7.102718353271484
		endloop
	endfacet
	facet normal 0.06635547122360001 0.02193319847882158 0.997554953996612
		outer loop
			vertex 20.406888961791992 6.443422317504883 7.197393417358398
			vertex 21.6956787109375 6.8503546714782715 7.102718353271484
			vertex 21.504409790039062 7.429008960723877 7.102718353271484
		endloop
	endfacet
	facet normal 0.009833922216595074 0.0030112235963172863 0.9999471118545676
		outer loop
			vertex 20.406888961791992 6.443422317504883 7.197393417358398
			vertex 20.438034057617188 5.476355075836182 7.1999993324279785
			vertex 20.515897750854492 6.08742618560791 7.197393417358398
		endloop
	endfacet
	facet normal 0.010071170177016775 0.0033289312336682144 0.9999437432916449
		outer loop
			vertex 20.22698211669922 6.9877028465271 7.197393417358398
			vertex 19.917573928833008 7.141005516052246 7.1999993324279785
			vertex 20.406888961791992 6.443422317504883 7.197393417358398
		endloop
	endfacet
	facet normal 0.06635548313527208 0.02193318516633221 0.9975549534969711
		outer loop
			vertex 20.22698211669922 6.9877028465271 7.197393417358398
			vertex 20.406888961791992 6.443422317504883 7.197393417358398
			vertex 21.504409790039062 7.429008960723877 7.102718353271484
		endloop
	endfacet
	facet normal 0.010242185505942587 0.003674138658173075 0.9999407974181185
		outer loop
			vertex 20.05646514892578 7.463043212890625 7.197393417358398
			vertex 19.917573928833008 7.141005516052246 7.1999993324279785
			vertex 20.22698211669922 6.9877028465271 7.197393417358398
		endloop
	endfacet
	facet normal 0.07472478732106076 -0.0005101549422901926 0.9972040643227228
		outer loop
			vertex 20.05646514892578 7.463043212890625 7.197393417358398
			vertex 21.323123931884766 7.9343695640563965 7.102718353271484
			vertex 20.547212600708008 8.29565143585205 7.161045551300049
		endloop
	endfacet
	facet normal 0.06578062373779132 0.023597203156700924 0.997555051886285
		outer loop
			vertex 20.05646514892578 7.463043212890625 7.197393417358398
			vertex 21.504409790039062 7.429008960723877 7.102718353271484
			vertex 21.323123931884766 7.9343695640563965 7.102718353271484
		endloop
	endfacet
	facet normal 0.06578062416914705 0.02359722288552465 0.9975550513911542
		outer loop
			vertex 20.05646514892578 7.463043212890625 7.197393417358398
			vertex 20.22698211669922 6.9877028465271 7.197393417358398
			vertex 21.504409790039062 7.429008960723877 7.102718353271484
		endloop
	endfacet
	facet normal 0.04931847458807981 0.005658820305779678 0.998767072853852
		outer loop
			vertex 19.843708038330078 8.01162052154541 7.197393417358398
			vertex 20.547212600708008 8.29565143585205 7.161045551300049
			vertex 19.95750617980957 8.446269035339355 7.189311504364014
		endloop
	endfacet
	facet normal 0.00932600199568661 0.0037842864003396095 0.9999493511489554
		outer loop
			vertex 19.843708038330078 8.01162052154541 7.197393417358398
			vertex 19.261783599853516 8.757136344909668 7.1999993324279785
			vertex 19.917573928833008 7.141005516052246 7.1999993324279785
		endloop
	endfacet
	facet normal 0.044620785044358555 0.017305472079822744 0.998854096541692
		outer loop
			vertex 19.843708038330078 8.01162052154541 7.197393417358398
			vertex 20.05646514892578 7.463043212890625 7.197393417358398
			vertex 20.547212600708008 8.29565143585205 7.161045551300049
		endloop
	endfacet
	facet normal 0.009878250443523076 0.00383112459984606 0.9999438697509354
		outer loop
			vertex 19.843708038330078 8.01162052154541 7.197393417358398
			vertex 19.917573928833008 7.141005516052246 7.1999993324279785
			vertex 20.05646514892578 7.463043212890625 7.197393417358398
		endloop
	endfacet
	facet normal 0.02735535268648879 0.011778535232565081 0.9995563769929005
		outer loop
			vertex 19.707714080810547 8.340553283691406 7.197393417358398
			vertex 19.95750617980957 8.446269035339355 7.189311504364014
			vertex 19.602378845214844 8.58519172668457 7.197393417358398
		endloop
	endfacet
	facet normal 0.009775532187599982 0.0042091012902783905 0.999943359614322
		outer loop
			vertex 19.707714080810547 8.340553283691406 7.197393417358398
			vertex 19.602378845214844 8.58519172668457 7.197393417358398
			vertex 19.261783599853516 8.757136344909668 7.1999993324279785
		endloop
	endfacet
	facet normal 0.02752418767156906 0.011379599844498283 0.9995563634935248
		outer loop
			vertex 19.707714080810547 8.340553283691406 7.197393417358398
			vertex 19.843708038330078 8.01162052154541 7.197393417358398
			vertex 19.95750617980957 8.446269035339355 7.189311504364014
		endloop
	endfacet
	facet normal 0.009520614371626188 0.0039362026998092095 0.9999469306969709
		outer loop
			vertex 19.707714080810547 8.340553283691406 7.197393417358398
			vertex 19.261783599853516 8.757136344909668 7.1999993324279785
			vertex 19.843708038330078 8.01162052154541 7.197393417358398
		endloop
	endfacet
	facet normal 0.0004746436595984143 0.00006595622256843119 0.99999988518158
		outer loop
			vertex 20.818815231323242 3.773688316345215 7.199999809265137
			vertex 21.058948516845703 2.0456066131591797 7.199999809265137
			vertex 21.05976104736328 2.0469889640808105 7.1999993324279785
		endloop
	endfacet
	facet normal 0.0005156955771476245 0.00007168465917832065 0.9999998644596817
		outer loop
			vertex 20.818815231323242 3.773688316345215 7.199999809265137
			vertex 21.05976104736328 2.0469889640808105 7.1999993324279785
			vertex 20.81962776184082 3.7744948863983154 7.1999993324279785
		endloop
	endfacet
	facet normal 0.000493333606025127 0.00011061601846583621 0.9999998721930168
		outer loop
			vertex 20.437122344970703 5.476110458374023 7.199999809265137
			vertex 20.81962776184082 3.7744948863983154 7.1999993324279785
			vertex 20.438034057617188 5.476355075836182 7.1999993324279785
		endloop
	endfacet
	facet normal 0.0004800205070041607 0.000107623372783721 0.999999878998754
		outer loop
			vertex 20.437122344970703 5.476110458374023 7.199999809265137
			vertex 20.818815231323242 3.773688316345215 7.199999809265137
			vertex 20.81962776184082 3.7744948863983154 7.1999993324279785
		endloop
	endfacet
	facet normal 0.0004825342100605458 0.00015086639876074354 0.999999872200025
		outer loop
			vertex 19.917573928833008 7.141005516052246 7.1999993324279785
			vertex 20.437122344970703 5.476110458374023 7.199999809265137
			vertex 20.438034057617188 5.476355075836182 7.1999993324279785
		endloop
	endfacet
	facet normal 0.0004697822079460485 0.00014688699929803323 0.9999998788644361
		outer loop
			vertex 19.916467666625977 7.141297340393066 7.199999809265137
			vertex 20.437122344970703 5.476110458374023 7.199999809265137
			vertex 19.917573928833008 7.141005516052246 7.1999993324279785
		endloop
	endfacet
	facet normal 0.000482703724531017 0.00019587054999354182 0.9999998643159119
		outer loop
			vertex 19.261783599853516 8.757136344909668 7.1999993324279785
			vertex 19.916467666625977 7.141297340393066 7.199999809265137
			vertex 19.917573928833008 7.141005516052246 7.1999993324279785
		endloop
	endfacet
	facet normal 0.0004434333032655457 0.00017995948520553657 0.9999998854907383
		outer loop
			vertex 19.260387420654297 8.757926940917969 7.199999809265137
			vertex 19.916467666625977 7.141297340393066 7.199999809265137
			vertex 19.261783599853516 8.757136344909668 7.1999993324279785
		endloop
	endfacet
	facet normal 0.47689890486646874 0.8789581528930503 0
		outer loop
			vertex 23.37921142578125 -4.101154327392578 0.25323691964149475
			vertex 23.958332061767578 -4.415369510650635 6.808351993560791
			vertex 23.958332061767578 -4.415369510650635 0.3916480243206024
		endloop
	endfacet
	facet normal 0.49345071852389544 0.8697716759859482 -0.001902640493146997
		outer loop
			vertex 23.37921142578125 -4.101154327392578 0.25323691964149475
			vertex 23.036836624145508 -3.892122983932495 7.014603614807129
			vertex 23.958332061767578 -4.415369510650635 6.808351993560791
		endloop
	endfacet
	facet normal 0.5645184470442131 0.8254200994088733 -0.000763176674130632
		outer loop
			vertex 22.81154441833496 -3.744392156600952 0.14645348489284515
			vertex 22.47901153564453 -3.510535717010498 7.102718353271484
			vertex 23.036836624145508 -3.892122983932495 7.014603614807129
		endloop
	endfacet
	facet normal 0.5320076195438775 0.8467392233578878 0.0007618231673301852
		outer loop
			vertex 22.81154441833496 -3.744392156600952 0.14645348489284515
			vertex 23.036836624145508 -3.892122983932495 7.014603614807129
			vertex 23.37921142578125 -4.101154327392578 0.25323691964149475
		endloop
	endfacet
	facet normal 0.6172963025910553 0.7867307511515056 0
		outer loop
			vertex 21.94223403930664 -3.0893614292144775 0.03895439952611923
			vertex 21.94223403930664 -3.0893614292144775 7.161045551300049
			vertex 22.47901153564453 -3.510535717010498 7.102718353271484
		endloop
	endfacet
	facet normal 0.601639076108384 0.7987657879466782 0.0019073818108864622
		outer loop
			vertex 21.94223403930664 -3.0893614292144775 0.03895439952611923
			vertex 22.47901153564453 -3.510535717010498 7.102718353271484
			vertex 22.81154441833496 -3.744392156600952 0.14645348489284515
		endloop
	endfacet
	facet normal 0.0022247154156222783 -0.01600448287540321 -0.9998694450623095
		outer loop
			vertex 3.7744948863983154 -20.81962776184082 8.907265964808175e-7
			vertex 2.547664165496826 -21.40825843811035 0.006693144794553518
			vertex 2.0469889640808105 -21.05976104736328 8.907265964808175e-7
		endloop
	endfacet
	facet normal 0.011361363804442757 -0.03504095688553742 -0.9993212950563244
		outer loop
			vertex 3.7744948863983154 -20.81962776184082 8.907265964808175e-7
			vertex 2.8313775062561035 -21.662691116333008 0.018840324133634567
			vertex 2.547664165496826 -21.40825843811035 0.006693144794553518
		endloop
	endfacet
	facet normal 0.024261740044943133 -0.04945357670122186 -0.9984817032482107
		outer loop
			vertex 3.0893614292144775 -21.94223403930664 0.03895439952611923
			vertex 2.8313775062561035 -21.662691116333008 0.018840324133634567
			vertex 3.7744948863983154 -20.81962776184082 8.907265964808175e-7
		endloop
	endfacet
	facet normal 0.00768127777407962 -0.0360270799798688 -0.999321293418629
		outer loop
			vertex 8.379300117492676 -20.176128387451172 0.018840324133634567
			vertex 7.141005516052246 -19.917573928833008 8.907265964808175e-7
			vertex 8.497787475585938 -19.813926696777344 0.006693144794553518
		endloop
	endfacet
	facet normal 0.0037155850494547836 -0.054958792260838704 -0.9984817101885094
		outer loop
			vertex 8.29565143585205 -20.547212600708008 0.03895439952611923
			vertex 7.141005516052246 -19.917573928833008 8.907265964808175e-7
			vertex 8.379300117492676 -20.176128387451172 0.018840324133634567
		endloop
	endfacet
	facet normal 0.006075597080154648 -0.014972712025555234 -0.9998694439849232
		outer loop
			vertex 8.757136344909668 -19.261783599853516 8.907265964808175e-7
			vertex 8.497787475585938 -19.813926696777344 0.006693144794553518
			vertex 7.141005516052246 -19.917573928833008 8.907265964808175e-7
		endloop
	endfacet
	facet normal 0.01878255717978157 -0.10875203131968966 -0.9938914484135729
		outer loop
			vertex 4.123741626739502 -22.74602699279785 0.14645348489284515
			vertex 3.744392156600952 -22.81154441833496 0.14645348489284515
			vertex 3.0893614292144775 -21.94223403930664 0.03895439952611923
		endloop
	endfacet
	facet normal 0.02888213896849984 -0.16722916116358397 -0.9854949161234311
		outer loop
			vertex 4.123741626739502 -22.74602699279785 0.14645348489284515
			vertex 4.101154327392578 -23.37921142578125 0.25323691964149475
			vertex 3.744392156600952 -22.81154441833496 0.14645348489284515
		endloop
	endfacet
	facet normal 0.05201833604429434 -0.06632279820390896 -0.9964413576089597
		outer loop
			vertex 4.123741626739502 -22.74602699279785 0.14645348489284515
			vertex 3.0893614292144775 -21.94223403930664 0.03895439952611923
			vertex 3.7744948863983154 -20.81962776184082 8.907265964808175e-7
		endloop
	endfacet
	facet normal 0.014168560164132288 -0.07324347390888011 -0.9972134402587215
		outer loop
			vertex 4.656492710113525 -22.642969131469727 0.14645348489284515
			vertex 4.123741626739502 -22.74602699279785 0.14645348489284515
			vertex 3.7744948863983154 -20.81962776184082 8.907265964808175e-7
		endloop
	endfacet
	facet normal 0.03236954931309697 -0.16733233392041158 -0.9853690183388226
		outer loop
			vertex 4.656492710113525 -22.642969131469727 0.14645348489284515
			vertex 4.101154327392578 -23.37921142578125 0.25323691964149475
			vertex 4.123741626739502 -22.74602699279785 0.14645348489284515
		endloop
	endfacet
	facet normal 0.016193171579017316 -0.0722195197301149 -0.9972572998801084
		outer loop
			vertex 5.3860979080200195 -22.4805908203125 0.14645348489284515
			vertex 3.7744948863983154 -20.81962776184082 8.907265964808175e-7
			vertex 5.476355075836182 -20.438034057617188 8.907265964808175e-7
		endloop
	endfacet
	facet normal 0.016094187263770886 -0.07231509306903608 -0.9972519764085381
		outer loop
			vertex 5.3860979080200195 -22.4805908203125 0.14645348489284515
			vertex 4.656492710113525 -22.642969131469727 0.14645348489284515
			vertex 3.7744948863983154 -20.81962776184082 8.907265964808175e-7
		endloop
	endfacet
	facet normal 0.04115094580803916 -0.21108254800151943 -0.9766016371009677
		outer loop
			vertex 4.907273769378662 -23.86243438720703 0.3916480243206024
			vertex 4.415369510650635 -23.958332061767578 0.3916480243206024
			vertex 4.101154327392578 -23.37921142578125 0.25323691964149475
		endloop
	endfacet
	facet normal 0.0510414750553772 -0.2618157225037641 -0.9637672412330703
		outer loop
			vertex 4.907273769378662 -23.86243438720703 0.3916480243206024
			vertex 4.767212390899658 -24.658906936645508 0.6005989909172058
			vertex 4.415369510650635 -23.958332061767578 0.3916480243206024
		endloop
	endfacet
	facet normal 0.057257146681859016 -0.18546826407290518 -0.9809807042830329
		outer loop
			vertex 4.907273769378662 -23.86243438720703 0.3916480243206024
			vertex 4.101154327392578 -23.37921142578125 0.25323691964149475
			vertex 4.656492710113525 -22.642969131469727 0.14645348489284515
		endloop
	endfacet
	facet normal 0.0183469278425562 -0.07231153817141572 -0.9972133330867695
		outer loop
			vertex 5.983071327209473 -22.329126358032227 0.14645348489284515
			vertex 5.3860979080200195 -22.4805908203125 0.14645348489284515
			vertex 5.476355075836182 -20.438034057617188 8.907265964808175e-7
		endloop
	endfacet
	facet normal 0.04198367530837539 -0.1886428520773908 -0.9811479222664179
		outer loop
			vertex 5.676173210144043 -23.69131088256836 0.3916480243206024
			vertex 4.656492710113525 -22.642969131469727 0.14645348489284515
			vertex 5.3860979080200195 -22.4805908203125 0.14645348489284515
		endloop
	endfacet
	facet normal 0.05851872354102852 -0.26293882830420023 -0.9630362047011228
		outer loop
			vertex 5.676173210144043 -23.69131088256836 0.3916480243206024
			vertex 4.767212390899658 -24.658906936645508 0.6005989909172058
			vertex 4.907273769378662 -23.86243438720703 0.3916480243206024
		endloop
	endfacet
	facet normal 0.041983676928722825 -0.18864285055364763 -0.9811479224900489
		outer loop
			vertex 5.676173210144043 -23.69131088256836 0.3916480243206024
			vertex 4.907273769378662 -23.86243438720703 0.3916480243206024
			vertex 4.656492710113525 -22.642969131469727 0.14645348489284515
		endloop
	endfacet
	facet normal 0.02026685609992909 -0.07179709535312967 -0.997213333065036
		outer loop
			vertex 6.5757975578308105 -22.16181182861328 0.14645348489284515
			vertex 5.983071327209473 -22.329126358032227 0.14645348489284515
			vertex 5.476355075836182 -20.438034057617188 8.907265964808175e-7
		endloop
	endfacet
	facet normal 0.022059754561455373 -0.07055637523583007 -0.9972638392834011
		outer loop
			vertex 6.960354328155518 -22.044057846069336 0.14645348489284515
			vertex 5.476355075836182 -20.438034057617188 8.907265964808175e-7
			vertex 7.141005516052246 -19.917573928833008 8.907265964808175e-7
		endloop
	endfacet
	facet normal 0.02170484650376906 -0.07088291615757426 -0.9972484704602189
		outer loop
			vertex 6.960354328155518 -22.044057846069336 0.14645348489284515
			vertex 6.5757975578308105 -22.16181182861328 0.14645348489284515
			vertex 5.476355075836182 -20.438034057617188 8.907265964808175e-7
		endloop
	endfacet
	facet normal 0.04752591577110426 -0.18731530338605976 -0.981149460809874
		outer loop
			vertex 6.305296897888184 -23.531688690185547 0.3916480243206024
			vertex 5.676173210144043 -23.69131088256836 0.3916480243206024
			vertex 5.3860979080200195 -22.4805908203125 0.14645348489284515
		endloop
	endfacet
	facet normal 0.04752578242287104 -0.1873154164713291 -0.9811494456795389
		outer loop
			vertex 6.305296897888184 -23.531688690185547 0.3916480243206024
			vertex 5.3860979080200195 -22.4805908203125 0.14645348489284515
			vertex 5.983071327209473 -22.329126358032227 0.14645348489284515
		endloop
	endfacet
	facet normal 0.023357306055628274 -0.07066404616317189 -0.9972266687336802
		outer loop
			vertex 7.548300266265869 -21.84971809387207 0.14645348489284515
			vertex 6.960354328155518 -22.044057846069336 0.14645348489284515
			vertex 7.141005516052246 -19.917573928833008 8.907265964808175e-7
		endloop
	endfacet
	facet normal 0.052498957192127584 -0.18598285856296953 -0.9811494462183046
		outer loop
			vertex 6.929945468902588 -23.355363845825195 0.3916480243206024
			vertex 6.305296897888184 -23.531688690185547 0.3916480243206024
			vertex 5.983071327209473 -22.329126358032227 0.14645348489284515
		endloop
	endfacet
	facet normal 0.052499126160881614 -0.18598270734956224 -0.9811494658405879
		outer loop
			vertex 6.929945468902588 -23.355363845825195 0.3916480243206024
			vertex 5.983071327209473 -22.329126358032227 0.14645348489284515
			vertex 6.5757975578308105 -22.16181182861328 0.14645348489284515
		endloop
	endfacet
	facet normal 0.056578672434789444 -0.18477261720351806 -0.981151330711669
		outer loop
			vertex 6.929945468902588 -23.355363845825195 0.3916480243206024
			vertex 6.5757975578308105 -22.16181182861328 0.14645348489284515
			vertex 6.960354328155518 -22.044057846069336 0.14645348489284515
		endloop
	endfacet
	facet normal 0.03846056757487218 -0.10361455988430698 -0.9938736377034055
		outer loop
			vertex 7.925548076629639 -21.71572494506836 0.14645348489284515
			vertex 8.29565143585205 -20.547212600708008 0.03895439952611923
			vertex 8.163033485412598 -21.627573013305664 0.14645348489284515
		endloop
	endfacet
	facet normal 0.05912284332557193 -0.1592796928532673 -0.9854615511736969
		outer loop
			vertex 7.925548076629639 -21.71572494506836 0.14645348489284515
			vertex 8.163033485412598 -21.627573013305664 0.14645348489284515
			vertex 8.13790225982666 -22.297569274902344 0.25323691964149475
		endloop
	endfacet
	facet normal -0.013955628164435813 -0.08721680284691462 -0.9960915970650985
		outer loop
			vertex 7.925548076629639 -21.71572494506836 0.14645348489284515
			vertex 7.141005516052246 -19.917573928833008 8.907265964808175e-7
			vertex 8.29565143585205 -20.547212600708008 0.03895439952611923
		endloop
	endfacet
	facet normal 0.024977190919230514 -0.07032143559161273 -0.997211630312302
		outer loop
			vertex 7.925548076629639 -21.71572494506836 0.14645348489284515
			vertex 7.548300266265869 -21.84971809387207 0.14645348489284515
			vertex 7.141005516052246 -19.917573928833008 8.907265964808175e-7
		endloop
	endfacet
	facet normal 0.056866386175525245 -0.16010310870031064 -0.9854609118112361
		outer loop
			vertex 7.925548076629639 -21.71572494506836 0.14645348489284515
			vertex 8.13790225982666 -22.297569274902344 0.25323691964149475
			vertex 7.548300266265869 -21.84971809387207 0.14645348489284515
		endloop
	endfacet
	facet normal 0.0706007906247794 -0.3172242867901459 -0.9457189224254952
		outer loop
			vertex 6.053142547607422 -25.264713287353516 0.8998043537139893
			vertex 5.233179092407227 -25.447202682495117 0.8998043537139893
			vertex 4.767212390899658 -24.658906936645508 0.6005989909172058
		endloop
	endfacet
	facet normal 0.08414956591169627 -0.3781018001896014 -0.921931602262476
		outer loop
			vertex 6.053142547607422 -25.264713287353516 0.8998043537139893
			vertex 5.785152912139893 -26.145618438720703 1.2366195917129517
			vertex 5.233179092407227 -25.447202682495117 0.8998043537139893
		endloop
	endfacet
	facet normal 0.08658714118086205 -0.2873351863152516 -0.9539083591662803
		outer loop
			vertex 6.053142547607422 -25.264713287353516 0.8998043537139893
			vertex 4.767212390899658 -24.658906936645508 0.6005989909172058
			vertex 5.676173210144043 -23.69131088256836 0.3916480243206024
		endloop
	endfacet
	facet normal 0.07968175749201394 -0.2602213406626183 -0.9622555125260304
		outer loop
			vertex 7.335212707519531 -23.23126792907715 0.3916480243206024
			vertex 8.200926780700684 -23.738845825195312 0.6005989909172058
			vertex 6.929945468902588 -23.355363845825195 0.3916480243206024
		endloop
	endfacet
	facet normal 0.056578783830980264 -0.18477261853861293 -0.9811513240365074
		outer loop
			vertex 7.335212707519531 -23.23126792907715 0.3916480243206024
			vertex 6.929945468902588 -23.355363845825195 0.3916480243206024
			vertex 6.960354328155518 -22.044057846069336 0.14645348489284515
		endloop
	endfacet
	facet normal 0.08976282788925499 -0.4180690477958424 -0.9039695271436985
		outer loop
			vertex 6.724048614501953 -25.09449005126953 0.8998043537139893
			vertex 8.062719345092773 -25.53534507751465 1.2366195917129517
			vertex 7.825061321258545 -26.37209129333496 1.600000023841858
		endloop
	endfacet
	facet normal 0.10834615380663865 -0.40435256480921666 -0.9081630438899815
		outer loop
			vertex 6.724048614501953 -25.09449005126953 0.8998043537139893
			vertex 7.825061321258545 -26.37209129333496 1.600000023841858
			vertex 6.409343719482422 -26.751432418823242 1.600000023841858
		endloop
	endfacet
	facet normal 0.13129807564896367 -0.406939731469213 -0.9039695073854229
		outer loop
			vertex 6.724048614501953 -25.09449005126953 0.8998043537139893
			vertex 6.409343719482422 -26.751432418823242 1.600000023841858
			vertex 5.785152912139893 -26.145618438720703 1.2366195917129517
		endloop
	endfacet
	facet normal 0.07369766052357865 -0.2904667783005715 -0.9540428216474552
		outer loop
			vertex 6.724048614501953 -25.09449005126953 0.8998043537139893
			vertex 5.676173210144043 -23.69131088256836 0.3916480243206024
			vertex 6.305296897888184 -23.531688690185547 0.3916480243206024
		endloop
	endfacet
	facet normal 0.09666398240493902 -0.3809847218135546 -0.9195143915405927
		outer loop
			vertex 6.724048614501953 -25.09449005126953 0.8998043537139893
			vertex 5.785152912139893 -26.145618438720703 1.2366195917129517
			vertex 6.053142547607422 -25.264713287353516 0.8998043537139893
		endloop
	endfacet
	facet normal 0.07369764458825215 -0.2904667894205737 -0.9540428194928402
		outer loop
			vertex 6.724048614501953 -25.09449005126953 0.8998043537139893
			vertex 6.053142547607422 -25.264713287353516 0.8998043537139893
			vertex 5.676173210144043 -23.69131088256836 0.3916480243206024
		endloop
	endfacet
	facet normal 0.07123437340809313 -0.2033255724637865 -0.9765164492354598
		outer loop
			vertex 7.954823017120361 -23.026460647583008 0.3916480243206024
			vertex 8.13790225982666 -22.297569274902344 0.25323691964149475
			vertex 8.155343055725098 -22.956209182739258 0.3916480243206024
		endloop
	endfacet
	facet normal 0.08833428623530154 -0.2521341658201784 -0.9636521241098693
		outer loop
			vertex 7.954823017120361 -23.026460647583008 0.3916480243206024
			vertex 8.155343055725098 -22.956209182739258 0.3916480243206024
			vertex 8.200926780700684 -23.738845825195312 0.6005989909172058
		endloop
	endfacet
	facet normal 0.0838522260698926 -0.25368094033009936 -0.9636466077854268
		outer loop
			vertex 7.954823017120361 -23.026460647583008 0.3916480243206024
			vertex 8.200926780700684 -23.738845825195312 0.6005989909172058
			vertex 7.335212707519531 -23.23126792907715 0.3916480243206024
		endloop
	endfacet
	facet normal 0.06064981929422355 -0.18348698348122772 -0.9811493904154136
		outer loop
			vertex 7.954823017120361 -23.026460647583008 0.3916480243206024
			vertex 6.960354328155518 -22.044057846069336 0.14645348489284515
			vertex 7.548300266265869 -21.84971809387207 0.14645348489284515
		endloop
	endfacet
	facet normal 0.03036257527295145 -0.19382847984578797 -0.9805654666688327
		outer loop
			vertex 7.954823017120361 -23.026460647583008 0.3916480243206024
			vertex 7.548300266265869 -21.84971809387207 0.14645348489284515
			vertex 8.13790225982666 -22.297569274902344 0.25323691964149475
		endloop
	endfacet
	facet normal 0.06065008365939047 -0.18348672390628012 -0.981149422617294
		outer loop
			vertex 7.954823017120361 -23.026460647583008 0.3916480243206024
			vertex 7.335212707519531 -23.23126792907715 0.3916480243206024
			vertex 6.960354328155518 -22.044057846069336 0.14645348489284515
		endloop
	endfacet
	facet normal 0.0686810828494861 -0.2921329252939211 -0.9539084142714324
		outer loop
			vertex 7.390181541442871 -24.906455993652344 0.8998043537139893
			vertex 6.929945468902588 -23.355363845825195 0.3916480243206024
			vertex 8.200926780700684 -23.738845825195312 0.6005989909172058
		endloop
	endfacet
	facet normal 0.0814092017002213 -0.2884003198411515 -0.9540428697883834
		outer loop
			vertex 7.390181541442871 -24.906455993652344 0.8998043537139893
			vertex 6.305296897888184 -23.531688690185547 0.3916480243206024
			vertex 6.929945468902588 -23.355363845825195 0.3916480243206024
		endloop
	endfacet
	facet normal 0.10677862431942434 -0.3782759275313389 -0.9195138106840791
		outer loop
			vertex 7.390181541442871 -24.906455993652344 0.8998043537139893
			vertex 8.062719345092773 -25.53534507751465 1.2366195917129517
			vertex 6.724048614501953 -25.09449005126953 0.8998043537139893
		endloop
	endfacet
	facet normal 0.0814088694382778 -0.2884005651161045 -0.9540428239955968
		outer loop
			vertex 7.390181541442871 -24.906455993652344 0.8998043537139893
			vertex 6.724048614501953 -25.09449005126953 0.8998043537139893
			vertex 6.305296897888184 -23.531688690185547 0.3916480243206024
		endloop
	endfacet
	facet normal 0.100421086559552 -0.30996064467721957 -0.9454311207726777
		outer loop
			vertex 7.82236385345459 -24.774118423461914 0.8998043537139893
			vertex 8.200926780700684 -23.738845825195312 0.6005989909172058
			vertex 8.191534996032715 -24.65451431274414 0.8998043537139893
		endloop
	endfacet
	facet normal 0.11981706799041181 -0.36982845844451473 -0.9213418375080635
		outer loop
			vertex 7.82236385345459 -24.774118423461914 0.8998043537139893
			vertex 8.191534996032715 -24.65451431274414 0.8998043537139893
			vertex 8.062719345092773 -25.53534507751465 1.2366195917129517
		endloop
	endfacet
	facet normal 0.11382362229689381 -0.371720261865422 -0.9213404527784049
		outer loop
			vertex 7.82236385345459 -24.774118423461914 0.8998043537139893
			vertex 8.062719345092773 -25.53534507751465 1.2366195917129517
			vertex 7.390181541442871 -24.906455993652344 0.8998043537139893
		endloop
	endfacet
	facet normal 0.0943408892567501 -0.30809439509546277 -0.9466665940683693
		outer loop
			vertex 7.82236385345459 -24.774118423461914 0.8998043537139893
			vertex 7.390181541442871 -24.906455993652344 0.8998043537139893
			vertex 8.200926780700684 -23.738845825195312 0.6005989909172058
		endloop
	endfacet
	facet normal -0.37268107349051927 -0.9279594912828653 0
		outer loop
			vertex 13.64658260345459 -17.45785140991211 0.03895439952611923
			vertex 14.279719352722168 -17.712127685546875 7.102718353271484
			vertex 13.64658260345459 -17.45785140991211 7.161045551300049
		endloop
	endfacet
	facet normal -0.4325758663808431 -0.901597214529784 -0.000763267317253814
		outer loop
			vertex 14.648510932922363 -17.883180618286133 0.14645348489284515
			vertex 14.8890962600708 -18.004425048828125 7.014603614807129
			vertex 14.279719352722168 -17.712127685546875 7.102718353271484
		endloop
	endfacet
	facet normal -0.3909317233493173 -0.9204177039863316 0.0019073194966925157
		outer loop
			vertex 14.648510932922363 -17.883180618286133 0.14645348489284515
			vertex 14.279719352722168 -17.712127685546875 7.102718353271484
			vertex 13.64658260345459 -17.45785140991211 0.03895439952611923
		endloop
	endfacet
	facet normal -0.5065178767499898 -0.8622273603460354 -0.0019025255295078737
		outer loop
			vertex 15.241310119628906 -18.196414947509766 0.25323691964149475
			vertex 15.802988052368164 -18.54083824157715 6.808351993560791
			vertex 14.8890962600708 -18.004425048828125 7.014603614807129
		endloop
	endfacet
	facet normal -0.46729509610663605 -0.884101076148849 0.0007617789293303057
		outer loop
			vertex 15.241310119628906 -18.196414947509766 0.25323691964149475
			vertex 14.8890962600708 -18.004425048828125 7.014603614807129
			vertex 14.648510932922363 -17.883180618286133 0.14645348489284515
		endloop
	endfacet
	facet normal -0.5227485877537774 -0.8524868996069275 0
		outer loop
			vertex 15.802988052368164 -18.54083824157715 0.3916480243206024
			vertex 15.802988052368164 -18.54083824157715 6.808351993560791
			vertex 15.241310119628906 -18.196414947509766 0.25323691964149475
		endloop
	endfacet
	facet normal 0.00007168465917832065 -0.0005156955771476245 0.9999998644596817
		outer loop
			vertex 3.773688316345215 -20.818815231323242 7.199999809265137
			vertex 2.0469889640808105 -21.05976104736328 7.1999993324279785
			vertex 3.7744948863983154 -20.81962776184082 7.1999993324279785
		endloop
	endfacet
	facet normal 0.00006595622256843119 -0.0004746436595984143 0.99999988518158
		outer loop
			vertex 3.773688316345215 -20.818815231323242 7.199999809265137
			vertex 2.0456066131591797 -21.058948516845703 7.199999809265137
			vertex 2.0469889640808105 -21.05976104736328 7.1999993324279785
		endloop
	endfacet
	facet normal 0.00011061601846583621 -0.000493333606025127 0.9999998721930168
		outer loop
			vertex 5.476110458374023 -20.437122344970703 7.199999809265137
			vertex 3.7744948863983154 -20.81962776184082 7.1999993324279785
			vertex 5.476355075836182 -20.438034057617188 7.1999993324279785
		endloop
	endfacet
	facet normal 0.000107623372783721 -0.0004800205070041607 0.999999878998754
		outer loop
			vertex 5.476110458374023 -20.437122344970703 7.199999809265137
			vertex 3.773688316345215 -20.818815231323242 7.199999809265137
			vertex 3.7744948863983154 -20.81962776184082 7.1999993324279785
		endloop
	endfacet
	facet normal 0.00015086639876074354 -0.0004825342100605458 0.999999872200025
		outer loop
			vertex 7.141005516052246 -19.917573928833008 7.1999993324279785
			vertex 5.476110458374023 -20.437122344970703 7.199999809265137
			vertex 5.476355075836182 -20.438034057617188 7.1999993324279785
		endloop
	endfacet
	facet normal 0.00014688699929803323 -0.0004697822079460485 0.9999998788644361
		outer loop
			vertex 7.141297340393066 -19.916467666625977 7.199999809265137
			vertex 5.476110458374023 -20.437122344970703 7.199999809265137
			vertex 7.141005516052246 -19.917573928833008 7.1999993324279785
		endloop
	endfacet
	facet normal 0.00019587054999354182 -0.000482703724531017 0.9999998643159119
		outer loop
			vertex 8.757136344909668 -19.261783599853516 7.1999993324279785
			vertex 7.141297340393066 -19.916467666625977 7.199999809265137
			vertex 7.141005516052246 -19.917573928833008 7.1999993324279785
		endloop
	endfacet
	facet normal 0.00017995948520553657 -0.0004434333032655457 0.9999998854907383
		outer loop
			vertex 8.757926940917969 -19.260387420654297 7.199999809265137
			vertex 7.141297340393066 -19.916467666625977 7.199999809265137
			vertex 8.757136344909668 -19.261783599853516 7.1999993324279785
		endloop
	endfacet
	facet normal 0.08114911729806387 -0.3801889646127368 0.9213420493760394
		outer loop
			vertex 5.6126933097839355 -25.36619758605957 6.300195693969727
			vertex 5.233179092407227 -25.447202682495117 6.300195693969727
			vertex 5.785152912139893 -26.145618438720703 5.963380336761475
		endloop
	endfacet
	facet normal 0.0680128503011396 -0.3186446876726319 0.9454310208639897
		outer loop
			vertex 5.6126933097839355 -25.36619758605957 6.300195693969727
			vertex 4.767212390899658 -24.658906936645508 6.599400997161865
			vertex 5.233179092407227 -25.447202682495117 6.300195693969727
		endloop
	endfacet
	facet normal 0.07234613830336306 -0.3139875023178112 0.9466667231189725
		outer loop
			vertex 6.053142547607422 -25.264713287353516 6.300195693969727
			vertex 4.767212390899658 -24.658906936645508 6.599400997161865
			vertex 5.6126933097839355 -25.36619758605957 6.300195693969727
		endloop
	endfacet
	facet normal 0.08728663384560201 -0.37883033966494195 0.921340663002154
		outer loop
			vertex 6.053142547607422 -25.264713287353516 6.300195693969727
			vertex 5.6126933097839355 -25.36619758605957 6.300195693969727
			vertex 5.785152912139893 -26.145618438720703 5.963380336761475
		endloop
	endfacet
	facet normal 0.03738420588191881 -0.19800406175287158 0.9794880360065372
		outer loop
			vertex 4.624151706695557 -23.918912887573242 6.808351993560791
			vertex 3.892122983932495 -23.036836624145508 7.014603614807129
			vertex 4.415369510650635 -23.958332061767578 6.808351993560791
		endloop
	endfacet
	facet normal 0.04956564077520586 -0.26252258046816584 0.963651981785374
		outer loop
			vertex 4.624151706695557 -23.918912887573242 6.808351993560791
			vertex 4.415369510650635 -23.958332061767578 6.808351993560791
			vertex 4.767212390899658 -24.658906936645508 6.599400997161865
		endloop
	endfacet
	facet normal 0.13129802033676474 -0.4069397801368418 0.9039694935106082
		outer loop
			vertex 6.724048614501953 -25.09449005126953 6.300195693969727
			vertex 5.785152912139893 -26.145618438720703 5.963380336761475
			vertex 6.409343719482422 -26.751432418823242 5.599999904632568
		endloop
	endfacet
	facet normal 0.10834616902023217 -0.4043526215870103 0.9081630167950858
		outer loop
			vertex 6.724048614501953 -25.09449005126953 6.300195693969727
			vertex 6.409343719482422 -26.751432418823242 5.599999904632568
			vertex 7.825061321258545 -26.37209129333496 5.599999904632568
		endloop
	endfacet
	facet normal 0.089762900124901 -0.4180690622871335 0.9039695132688513
		outer loop
			vertex 6.724048614501953 -25.09449005126953 6.300195693969727
			vertex 7.825061321258545 -26.37209129333496 5.599999904632568
			vertex 8.062719345092773 -25.53534507751465 5.963380336761475
		endloop
	endfacet
	facet normal 0.09666401133171804 -0.38098483582355686 0.9195143412616027
		outer loop
			vertex 6.724048614501953 -25.09449005126953 6.300195693969727
			vertex 6.053142547607422 -25.264713287353516 6.300195693969727
			vertex 5.785152912139893 -26.145618438720703 5.963380336761475
		endloop
	endfacet
	facet normal 0.05422317211504501 -0.26162059723142844 0.9636464656242212
		outer loop
			vertex 5.263153076171875 -23.786474227905273 6.808351993560791
			vertex 4.624151706695557 -23.918912887573242 6.808351993560791
			vertex 4.767212390899658 -24.658906936645508 6.599400997161865
		endloop
	endfacet
	facet normal 0.1067786562729782 -0.3782760407305892 0.9195137604047733
		outer loop
			vertex 7.390181541442871 -24.906455993652344 6.300195693969727
			vertex 6.724048614501953 -25.09449005126953 6.300195693969727
			vertex 8.062719345092773 -25.53534507751465 5.963380336761475
		endloop
	endfacet
	facet normal 0.022871619460535945 -0.14070246711461482 0.9897877069205868
		outer loop
			vertex 3.790196657180786 -22.433551788330078 7.102718353271484
			vertex 3.510535717010498 -22.47901153564453 7.102718353271484
			vertex 3.892122983932495 -23.036836624145508 7.014603614807129
		endloop
	endfacet
	facet normal 0.015591145763850097 -0.09591418211126006 0.9952674946182551
		outer loop
			vertex 3.790196657180786 -22.433551788330078 7.102718353271484
			vertex 3.0893614292144775 -21.94223403930664 7.161045551300049
			vertex 3.510535717010498 -22.47901153564453 7.102718353271484
		endloop
	endfacet
	facet normal 0.06110409762858456 -0.2651989849606186 0.9622555729268882
		outer loop
			vertex 5.676173210144043 -23.69131088256836 6.808351993560791
			vertex 5.263153076171875 -23.786474227905273 6.808351993560791
			vertex 4.767212390899658 -24.658906936645508 6.599400997161865
		endloop
	endfacet
	facet normal 0.08658710144673731 -0.28733517958627386 0.9539083647998775
		outer loop
			vertex 5.676173210144043 -23.69131088256836 6.808351993560791
			vertex 4.767212390899658 -24.658906936645508 6.599400997161865
			vertex 6.053142547607422 -25.264713287353516 6.300195693969727
		endloop
	endfacet
	facet normal 0.1198171039884312 -0.3698285695563308 0.9213417882261413
		outer loop
			vertex 7.82236385345459 -24.774118423461914 6.300195693969727
			vertex 8.062719345092773 -25.53534507751465 5.963380336761475
			vertex 8.191534996032715 -24.65451431274414 6.300195693969727
		endloop
	endfacet
	facet normal 0.1004210686784019 -0.3099605894850981 0.9454311407667606
		outer loop
			vertex 7.82236385345459 -24.774118423461914 6.300195693969727
			vertex 8.191534996032715 -24.65451431274414 6.300195693969727
			vertex 8.200926780700684 -23.738845825195312 6.599400997161865
		endloop
	endfacet
	facet normal 0.1138236564941306 -0.3717203735452786 0.9213404034957247
		outer loop
			vertex 7.82236385345459 -24.774118423461914 6.300195693969727
			vertex 7.390181541442871 -24.906455993652344 6.300195693969727
			vertex 8.062719345092773 -25.53534507751465 5.963380336761475
		endloop
	endfacet
	facet normal 0.09434087241431768 -0.3080943400921755 0.9466666136477364
		outer loop
			vertex 7.82236385345459 -24.774118423461914 6.300195693969727
			vertex 8.200926780700684 -23.738845825195312 6.599400997161865
			vertex 7.390181541442871 -24.906455993652344 6.300195693969727
		endloop
	endfacet
	facet normal 0.0034773059312869247 -0.029579681363281537 0.9995563769962688
		outer loop
			vertex 2.630725622177124 -21.23765754699707 7.197393417358398
			vertex 2.3661956787109375 -21.268754959106445 7.197393417358398
			vertex 2.664069652557373 -21.5068416595459 7.189311504364014
		endloop
	endfacet
	facet normal 0.001242609633148392 -0.010570251146660103 0.9999433612520243
		outer loop
			vertex 2.630725622177124 -21.23765754699707 7.197393417358398
			vertex 2.0469889640808105 -21.05976104736328 7.1999993324279785
			vertex 2.3661956787109375 -21.268754959106445 7.197393417358398
		endloop
	endfacet
	facet normal 0.07356000822774501 -0.16878095797558637 0.9829048343631126
		outer loop
			vertex 4.31849479675293 -22.33786964416504 7.102718353271484
			vertex 3.892122983932495 -23.036836624145508 7.014603614807129
			vertex 4.624151706695557 -23.918912887573242 6.808351993560791
		endloop
	endfacet
	facet normal 0.025405608829652735 -0.14027419636680008 0.9897866966542049
		outer loop
			vertex 4.31849479675293 -22.33786964416504 7.102718353271484
			vertex 3.790196657180786 -22.433551788330078 7.102718353271484
			vertex 3.892122983932495 -23.036836624145508 7.014603614807129
		endloop
	endfacet
	facet normal 0.07369765833068315 -0.29046676965764734 0.9540428244482662
		outer loop
			vertex 6.305296897888184 -23.531688690185547 6.808351993560791
			vertex 5.676173210144043 -23.69131088256836 6.808351993560791
			vertex 6.053142547607422 -25.264713287353516 6.300195693969727
		endloop
	endfacet
	facet normal 0.0736976390214427 -0.29046676747993666 0.9540428266028844
		outer loop
			vertex 6.305296897888184 -23.531688690185547 6.808351993560791
			vertex 6.053142547607422 -25.264713287353516 6.300195693969727
			vertex 6.724048614501953 -25.09449005126953 6.300195693969727
		endloop
	endfacet
	facet normal 0.0013857036530711213 -0.009968677445315915 0.9999493513650465
		outer loop
			vertex 2.983586549758911 -21.19096565246582 7.197393417358398
			vertex 3.7744948863983154 -20.81962776184082 7.1999993324279785
			vertex 2.0469889640808105 -21.05976104736328 7.1999993324279785
		endloop
	endfacet
	facet normal 0.019758532022005258 -0.04554044345724059 0.9987670741579607
		outer loop
			vertex 2.983586549758911 -21.19096565246582 7.197393417358398
			vertex 2.664069652557373 -21.5068416595459 7.189311504364014
			vertex 3.0893614292144775 -21.94223403930664 7.161045551300049
		endloop
	endfacet
	facet normal 0.003907051451193058 -0.029526448070233007 0.9995563634999847
		outer loop
			vertex 2.983586549758911 -21.19096565246582 7.197393417358398
			vertex 2.630725622177124 -21.23765754699707 7.197393417358398
			vertex 2.664069652557373 -21.5068416595459 7.189311504364014
		endloop
	endfacet
	facet normal 0.0013514460647143978 -0.010213175472087914 0.9999469309119914
		outer loop
			vertex 2.983586549758911 -21.19096565246582 7.197393417358398
			vertex 2.0469889640808105 -21.05976104736328 7.1999993324279785
			vertex 2.630725622177124 -21.23765754699707 7.197393417358398
		endloop
	endfacet
	facet normal 0.036496789502673654 -0.17609366055637235 0.9836966031596607
		outer loop
			vertex 4.915258407592773 -22.21418571472168 7.102718353271484
			vertex 4.31849479675293 -22.33786964416504 7.102718353271484
			vertex 4.624151706695557 -23.918912887573242 6.808351993560791
		endloop
	endfacet
	facet normal 0.04037580261199143 -0.17523574171335743 0.9836982410219138
		outer loop
			vertex 4.915258407592773 -22.21418571472168 7.102718353271484
			vertex 5.263153076171875 -23.786474227905273 6.808351993560791
			vertex 5.676173210144043 -23.69131088256836 6.808351993560791
		endloop
	endfacet
	facet normal 0.03649696737737252 -0.17609368891486946 0.9836965914836792
		outer loop
			vertex 4.915258407592773 -22.21418571472168 7.102718353271484
			vertex 4.624151706695557 -23.918912887573242 6.808351993560791
			vertex 5.263153076171875 -23.786474227905273 6.808351993560791
		endloop
	endfacet
	facet normal 0.06868111389574126 -0.29213289959941113 0.953908419905014
		outer loop
			vertex 6.929945468902588 -23.355363845825195 6.808351993560791
			vertex 7.390181541442871 -24.906455993652344 6.300195693969727
			vertex 8.200926780700684 -23.738845825195312 6.599400997161865
		endloop
	endfacet
	facet normal 0.08140882676062028 -0.2884004139254464 0.9540428733411778
		outer loop
			vertex 6.929945468902588 -23.355363845825195 6.808351993560791
			vertex 6.724048614501953 -25.09449005126953 6.300195693969727
			vertex 7.390181541442871 -24.906455993652344 6.300195693969727
		endloop
	endfacet
	facet normal 0.08140923823233626 -0.2884004492598587 0.9540428275487127
		outer loop
			vertex 6.929945468902588 -23.355363845825195 6.808351993560791
			vertex 6.305296897888184 -23.531688690185547 6.808351993560791
			vertex 6.724048614501953 -25.09449005126953 6.300195693969727
		endloop
	endfacet
	facet normal 0.0016212942291491186 -0.010470420654104811 0.9999438692728451
		outer loop
			vertex 3.565047264099121 -21.100929260253906 7.197393417358398
			vertex 3.7744948863983154 -20.81962776184082 7.1999993324279785
			vertex 2.983586549758911 -21.19096565246582 7.197393417358398
		endloop
	endfacet
	facet normal 0.037804247600399216 -0.06445842964935865 0.997204066232437
		outer loop
			vertex 3.565047264099121 -21.100929260253906 7.197393417358398
			vertex 3.0893614292144775 -21.94223403930664 7.161045551300049
			vertex 3.790196657180786 -22.433551788330078 7.102718353271484
		endloop
	endfacet
	facet normal 0.012454525541272219 -0.06876625445766285 0.9975550546418006
		outer loop
			vertex 3.565047264099121 -21.100929260253906 7.197393417358398
			vertex 3.790196657180786 -22.433551788330078 7.102718353271484
			vertex 4.31849479675293 -22.33786964416504 7.102718353271484
		endloop
	endfacet
	facet normal 0.007323472542330599 -0.04729544877688894 0.9988540970907185
		outer loop
			vertex 3.565047264099121 -21.100929260253906 7.197393417358398
			vertex 2.983586549758911 -21.19096565246582 7.197393417358398
			vertex 3.0893614292144775 -21.94223403930664 7.161045551300049
		endloop
	endfacet
	facet normal 0.0403757652940621 -0.17523576057275653 0.9836982391940154
		outer loop
			vertex 5.30097770690918 -22.12531280517578 7.102718353271484
			vertex 4.915258407592773 -22.21418571472168 7.102718353271484
			vertex 5.676173210144043 -23.69131088256836 6.808351993560791
		endloop
	endfacet
	facet normal 0.0796817680151561 -0.2602213750286545 0.9622555023610806
		outer loop
			vertex 7.335212707519531 -23.23126792907715 6.808351993560791
			vertex 6.929945468902588 -23.355363845825195 6.808351993560791
			vertex 8.200926780700684 -23.738845825195312 6.599400997161865
		endloop
	endfacet
	facet normal 0.012454510120505633 -0.06876626381614859 0.9975550541892042
		outer loop
			vertex 4.061963081359863 -21.01093101501465 7.197393417358398
			vertex 3.565047264099121 -21.100929260253906 7.197393417358398
			vertex 4.31849479675293 -22.33786964416504 7.102718353271484
		endloop
	endfacet
	facet normal 0.001939201232808701 -0.010707095042491309 0.9999407970546705
		outer loop
			vertex 4.061963081359863 -21.01093101501465 7.197393417358398
			vertex 3.7744948863983154 -20.81962776184082 7.1999993324279785
			vertex 3.565047264099121 -21.100929260253906 7.197393417358398
		endloop
	endfacet
	facet normal 0.044226905251935955 -0.1743128152436318 0.9836966114070312
		outer loop
			vertex 5.888516426086426 -21.976242065429688 7.102718353271484
			vertex 5.676173210144043 -23.69131088256836 6.808351993560791
			vertex 6.305296897888184 -23.531688690185547 6.808351993560791
		endloop
	endfacet
	facet normal 0.04422676692478686 -0.17431279965873228 0.9836966203878691
		outer loop
			vertex 5.888516426086426 -21.976242065429688 7.102718353271484
			vertex 5.30097770690918 -22.12531280517578 7.102718353271484
			vertex 5.676173210144043 -23.69131088256836 6.808351993560791
		endloop
	endfacet
	facet normal 0.04885472430088684 -0.17307279545634874 0.9836966114541664
		outer loop
			vertex 5.888516426086426 -21.976242065429688 7.102718353271484
			vertex 6.305296897888184 -23.531688690185547 6.808351993560791
			vertex 6.929945468902588 -23.355363845825195 6.808351993560791
		endloop
	endfacet
	facet normal 0.08833429793502474 -0.2521341992149119 0.9636521142998554
		outer loop
			vertex 7.954823017120361 -23.026460647583008 6.808351993560791
			vertex 8.200926780700684 -23.738845825195312 6.599400997161865
			vertex 8.155343055725098 -22.956209182739258 6.808351993560791
		endloop
	endfacet
	facet normal 0.0666249203468433 -0.1901687264415107 0.9794881191073176
		outer loop
			vertex 7.954823017120361 -23.026460647583008 6.808351993560791
			vertex 8.155343055725098 -22.956209182739258 6.808351993560791
			vertex 8.147741317749023 -21.896547317504883 7.014603614807129
		endloop
	endfacet
	facet normal 0.08385223717584757 -0.2536809739293159 0.9636465979740079
		outer loop
			vertex 7.954823017120361 -23.026460647583008 6.808351993560791
			vertex 7.335212707519531 -23.23126792907715 6.808351993560791
			vertex 8.200926780700684 -23.738845825195312 6.599400997161865
		endloop
	endfacet
	facet normal 0.014182881372699782 -0.0684321177704297 0.9975549564477248
		outer loop
			vertex 4.623276710510254 -20.894596099853516 7.197393417358398
			vertex 4.061963081359863 -21.01093101501465 7.197393417358398
			vertex 4.31849479675293 -22.33786964416504 7.102718353271484
		endloop
	endfacet
	facet normal 0.0022024463183950276 -0.009822635088480991 0.9999493312514055
		outer loop
			vertex 4.623276710510254 -20.894596099853516 7.197393417358398
			vertex 5.476355075836182 -20.438034057617188 7.1999993324279785
			vertex 3.7744948863983154 -20.81962776184082 7.1999993324279785
		endloop
	endfacet
	facet normal 0.0021526336059931104 -0.010386413914837972 0.9999437427048324
		outer loop
			vertex 4.623276710510254 -20.894596099853516 7.197393417358398
			vertex 3.7744948863983154 -20.81962776184082 7.1999993324279785
			vertex 4.061963081359863 -21.01093101501465 7.197393417358398
		endloop
	endfacet
	facet normal 0.014183101605737368 -0.06843216386510632 0.9975549501544166
		outer loop
			vertex 4.623276710510254 -20.894596099853516 7.197393417358398
			vertex 4.31849479675293 -22.33786964416504 7.102718353271484
			vertex 4.915258407592773 -22.21418571472168 7.102718353271484
		endloop
	endfacet
	facet normal 0.048855049217037934 -0.17307255566030716 0.9836966375073215
		outer loop
			vertex 6.471875190734863 -21.81157112121582 7.102718353271484
			vertex 5.888516426086426 -21.976242065429688 7.102718353271484
			vertex 6.929945468902588 -23.355363845825195 6.808351993560791
		endloop
	endfacet
	facet normal 0.017187036862962576 -0.06773998466846513 0.997554961012669
		outer loop
			vertex 4.986083030700684 -20.81100082397461 7.197393417358398
			vertex 5.30097770690918 -22.12531280517578 7.102718353271484
			vertex 5.888516426086426 -21.976242065429688 7.102718353271484
		endloop
	endfacet
	facet normal 0.015690794773811096 -0.06809857917086058 0.9975552027202688
		outer loop
			vertex 4.986083030700684 -20.81100082397461 7.197393417358398
			vertex 4.623276710510254 -20.894596099853516 7.197393417358398
			vertex 4.915258407592773 -22.21418571472168 7.102718353271484
		endloop
	endfacet
	facet normal 0.0023092339314275314 -0.010022153241454957 0.99994711054288
		outer loop
			vertex 4.986083030700684 -20.81100082397461 7.197393417358398
			vertex 5.476355075836182 -20.438034057617188 7.1999993324279785
			vertex 4.623276710510254 -20.894596099853516 7.197393417358398
		endloop
	endfacet
	facet normal 0.015690470925179938 -0.06809856324192055 0.9975552089015085
		outer loop
			vertex 4.986083030700684 -20.81100082397461 7.197393417358398
			vertex 4.915258407592773 -22.21418571472168 7.102718353271484
			vertex 5.30097770690918 -22.12531280517578 7.102718353271484
		endloop
	endfacet
	facet normal 0.052650941276590035 -0.17194655687252733 0.9836982565616206
		outer loop
			vertex 6.8503546714782715 -21.6956787109375 7.102718353271484
			vertex 6.471875190734863 -21.81157112121582 7.102718353271484
			vertex 6.929945468902588 -23.355363845825195 6.808351993560791
		endloop
	endfacet
	facet normal 0.05265133921979404 -0.17194653469873925 0.98369823913813
		outer loop
			vertex 6.8503546714782715 -21.6956787109375 7.102718353271484
			vertex 6.929945468902588 -23.355363845825195 6.808351993560791
			vertex 7.335212707519531 -23.23126792907715 6.808351993560791
		endloop
	endfacet
	facet normal 0.0026596925993013338 -0.01048279887114072 0.9999415167714082
		outer loop
			vertex 5.53872013092041 -20.670785903930664 7.197393417358398
			vertex 5.476355075836182 -20.438034057617188 7.1999993324279785
			vertex 4.986083030700684 -20.81100082397461 7.197393417358398
		endloop
	endfacet
	facet normal 0.018985658830372655 -0.06725807357331112 0.9975549590363351
		outer loop
			vertex 5.53872013092041 -20.670785903930664 7.197393417358398
			vertex 5.888516426086426 -21.976242065429688 7.102718353271484
			vertex 6.471875190734863 -21.81157112121582 7.102718353271484
		endloop
	endfacet
	facet normal 0.017186979844668552 -0.06774002866396571 0.9975549590074846
		outer loop
			vertex 5.53872013092041 -20.670785903930664 7.197393417358398
			vertex 4.986083030700684 -20.81100082397461 7.197393417358398
			vertex 5.888516426086426 -21.976242065429688 7.102718353271484
		endloop
	endfacet
	facet normal 0.02068544899000356 -0.1829488193971978 0.982904797872741
		outer loop
			vertex 7.429008960723877 -21.504409790039062 7.102718353271484
			vertex 7.954823017120361 -23.026460647583008 6.808351993560791
			vertex 8.147741317749023 -21.896547317504883 7.014603614807129
		endloop
	endfacet
	facet normal 0.056440064125772786 -0.17075001118972064 0.9836965755964534
		outer loop
			vertex 7.429008960723877 -21.504409790039062 7.102718353271484
			vertex 7.335212707519531 -23.23126792907715 6.808351993560791
			vertex 7.954823017120361 -23.026460647583008 6.808351993560791
		endloop
	endfacet
	facet normal 0.05643986284266072 -0.1707500024830542 0.9836965886564508
		outer loop
			vertex 7.429008960723877 -21.504409790039062 7.102718353271484
			vertex 6.8503546714782715 -21.6956787109375 7.102718353271484
			vertex 7.335212707519531 -23.23126792907715 6.808351993560791
		endloop
	endfacet
	facet normal 0.0029380215589425796 -0.010408221585555271 0.9999415167662283
		outer loop
			vertex 6.08742618560791 -20.515897750854492 7.197393417358398
			vertex 5.476355075836182 -20.438034057617188 7.1999993324279785
			vertex 5.53872013092041 -20.670785903930664 7.197393417358398
		endloop
	endfacet
	facet normal 0.018985559329618554 -0.06725815466769285 0.9975549554624238
		outer loop
			vertex 6.08742618560791 -20.515897750854492 7.197393417358398
			vertex 5.53872013092041 -20.670785903930664 7.197393417358398
			vertex 6.471875190734863 -21.81157112121582 7.102718353271484
		endloop
	endfacet
	facet normal 0.0505432779058567 -0.13328786337253368 0.9897877158947347
		outer loop
			vertex 7.9343695640563965 -21.323123931884766 7.102718353271484
			vertex 8.147741317749023 -21.896547317504883 7.014603614807129
			vertex 8.19929313659668 -21.22266387939453 7.102718353271484
		endloop
	endfacet
	facet normal 0.0344542512726389 -0.09085943228265181 0.99526753595931
		outer loop
			vertex 7.9343695640563965 -21.323123931884766 7.102718353271484
			vertex 8.19929313659668 -21.22266387939453 7.102718353271484
			vertex 8.29565143585205 -20.547212600708008 7.161045551300049
		endloop
	endfacet
	facet normal 0.048135171973098814 -0.13418376809698893 0.9897867051028792
		outer loop
			vertex 7.9343695640563965 -21.323123931884766 7.102718353271484
			vertex 7.429008960723877 -21.504409790039062 7.102718353271484
			vertex 8.147741317749023 -21.896547317504883 7.014603614807129
		endloop
	endfacet
	facet normal 0.02046076098886667 -0.06682040848131265 0.997555206627757
		outer loop
			vertex 6.443422317504883 -20.406888961791992 7.197393417358398
			vertex 6.471875190734863 -21.81157112121582 7.102718353271484
			vertex 6.8503546714782715 -21.6956787109375 7.102718353271484
		endloop
	endfacet
	facet normal 0.003003950260008579 -0.009607896640213186 0.9999493310188204
		outer loop
			vertex 6.443422317504883 -20.406888961791992 7.197393417358398
			vertex 7.141005516052246 -19.917573928833008 7.1999993324279785
			vertex 5.476355075836182 -20.438034057617188 7.1999993324279785
		endloop
	endfacet
	facet normal 0.020460928552596826 -0.06682040487183578 0.9975552034326369
		outer loop
			vertex 6.443422317504883 -20.406888961791992 7.197393417358398
			vertex 6.08742618560791 -20.515897750854492 7.197393417358398
			vertex 6.471875190734863 -21.81157112121582 7.102718353271484
		endloop
	endfacet
	facet normal 0.0030112235963172863 -0.009833922216595074 0.9999471118545676
		outer loop
			vertex 6.443422317504883 -20.406888961791992 7.197393417358398
			vertex 5.476355075836182 -20.438034057617188 7.1999993324279785
			vertex 6.08742618560791 -20.515897750854492 7.197393417358398
		endloop
	endfacet
	facet normal 0.021933182859554586 -0.06635547615647067 0.9975549540119067
		outer loop
			vertex 6.9877028465271 -20.22698211669922 7.197393417358398
			vertex 6.443422317504883 -20.406888961791992 7.197393417358398
			vertex 6.8503546714782715 -21.6956787109375 7.102718353271484
		endloop
	endfacet
	facet normal 0.0033289312336682144 -0.010071170177016775 0.9999437432916449
		outer loop
			vertex 6.9877028465271 -20.22698211669922 7.197393417358398
			vertex 7.141005516052246 -19.917573928833008 7.1999993324279785
			vertex 6.443422317504883 -20.406888961791992 7.197393417358398
		endloop
	endfacet
	facet normal 0.021933200648571224 -0.06635547778783916 0.9975549535122651
		outer loop
			vertex 6.9877028465271 -20.22698211669922 7.197393417358398
			vertex 6.8503546714782715 -21.6956787109375 7.102718353271484
			vertex 7.429008960723877 -21.504409790039062 7.102718353271484
		endloop
	endfacet
	facet normal -0.0005101549422901926 -0.07472478732106076 0.9972040643227228
		outer loop
			vertex 7.463043212890625 -20.05646514892578 7.197393417358398
			vertex 7.9343695640563965 -21.323123931884766 7.102718353271484
			vertex 8.29565143585205 -20.547212600708008 7.161045551300049
		endloop
	endfacet
	facet normal 0.023597203156700924 -0.06578062373779132 0.997555051886285
		outer loop
			vertex 7.463043212890625 -20.05646514892578 7.197393417358398
			vertex 7.429008960723877 -21.504409790039062 7.102718353271484
			vertex 7.9343695640563965 -21.323123931884766 7.102718353271484
		endloop
	endfacet
	facet normal 0.003674138658173075 -0.010242185505942587 0.9999407974181185
		outer loop
			vertex 7.463043212890625 -20.05646514892578 7.197393417358398
			vertex 7.141005516052246 -19.917573928833008 7.1999993324279785
			vertex 6.9877028465271 -20.22698211669922 7.197393417358398
		endloop
	endfacet
	facet normal 0.02359722288552465 -0.06578062416914705 0.9975550513911542
		outer loop
			vertex 7.463043212890625 -20.05646514892578 7.197393417358398
			vertex 6.9877028465271 -20.22698211669922 7.197393417358398
			vertex 7.429008960723877 -21.504409790039062 7.102718353271484
		endloop
	endfacet
	facet normal 0.005658820305779678 -0.04931847458807981 0.998767072853852
		outer loop
			vertex 8.01162052154541 -19.843708038330078 7.197393417358398
			vertex 8.29565143585205 -20.547212600708008 7.161045551300049
			vertex 8.446269035339355 -19.95750617980957 7.189311504364014
		endloop
	endfacet
	facet normal 0.0037842864003396095 -0.00932600199568661 0.9999493511489554
		outer loop
			vertex 8.01162052154541 -19.843708038330078 7.197393417358398
			vertex 8.757136344909668 -19.261783599853516 7.1999993324279785
			vertex 7.141005516052246 -19.917573928833008 7.1999993324279785
		endloop
	endfacet
	facet normal 0.00383112459984606 -0.009878250443523076 0.9999438697509354
		outer loop
			vertex 8.01162052154541 -19.843708038330078 7.197393417358398
			vertex 7.141005516052246 -19.917573928833008 7.1999993324279785
			vertex 7.463043212890625 -20.05646514892578 7.197393417358398
		endloop
	endfacet
	facet normal 0.017305472079822744 -0.044620785044358555 0.998854096541692
		outer loop
			vertex 8.01162052154541 -19.843708038330078 7.197393417358398
			vertex 7.463043212890625 -20.05646514892578 7.197393417358398
			vertex 8.29565143585205 -20.547212600708008 7.161045551300049
		endloop
	endfacet
	facet normal 0.011778535232565081 -0.02735535268648879 0.9995563769929005
		outer loop
			vertex 8.340553283691406 -19.707714080810547 7.197393417358398
			vertex 8.446269035339355 -19.95750617980957 7.189311504364014
			vertex 8.58519172668457 -19.602378845214844 7.197393417358398
		endloop
	endfacet
	facet normal 0.0042091012902783905 -0.009775532187599982 0.999943359614322
		outer loop
			vertex 8.340553283691406 -19.707714080810547 7.197393417358398
			vertex 8.58519172668457 -19.602378845214844 7.197393417358398
			vertex 8.757136344909668 -19.261783599853516 7.1999993324279785
		endloop
	endfacet
	facet normal 0.011379599844498283 -0.02752418767156906 0.9995563634935248
		outer loop
			vertex 8.340553283691406 -19.707714080810547 7.197393417358398
			vertex 8.01162052154541 -19.843708038330078 7.197393417358398
			vertex 8.446269035339355 -19.95750617980957 7.189311504364014
		endloop
	endfacet
	facet normal 0.0039362026998092095 -0.009520614371626188 0.9999469306969709
		outer loop
			vertex 8.340553283691406 -19.707714080810547 7.197393417358398
			vertex 8.757136344909668 -19.261783599853516 7.1999993324279785
			vertex 8.01162052154541 -19.843708038330078 7.197393417358398
		endloop
	endfacet
	facet normal 0.999649588620463 0.02647073801274051 0
		outer loop
			vertex 8.13790225982666 -22.297569274902344 0.25323691964149475
			vertex 8.155343055725098 -22.956209182739258 6.808351993560791
			vertex 8.155343055725098 -22.956209182739258 0.3916480243206024
		endloop
	endfacet
	facet normal 0.9999697349041553 0.007543837586810482 -0.0019025746180696367
		outer loop
			vertex 8.13790225982666 -22.297569274902344 0.25323691964149475
			vertex 8.147741317749023 -21.896547317504883 7.014603614807129
			vertex 8.155343055725098 -22.956209182739258 6.808351993560791
		endloop
	endfacet
	facet normal 0.9970939805290454 -0.07617749965817504 -0.0007632421453298237
		outer loop
			vertex 8.163033485412598 -21.627573013305664 0.14645348489284515
			vertex 8.19929313659668 -21.22266387939453 7.102718353271484
			vertex 8.147741317749023 -21.896547317504883 7.014603614807129
		endloop
	endfacet
	facet normal 0.9993015105729748 -0.037361887535928805 0.0007617915222631135
		outer loop
			vertex 8.163033485412598 -21.627573013305664 0.14645348489284515
			vertex 8.147741317749023 -21.896547317504883 7.014603614807129
			vertex 8.13790225982666 -22.297569274902344 0.25323691964149475
		endloop
	endfacet
	facet normal 0.9899771223477268 -0.14122782030504527 0
		outer loop
			vertex 8.29565143585205 -20.547212600708008 0.03895439952611923
			vertex 8.29565143585205 -20.547212600708008 7.161045551300049
			vertex 8.19929313659668 -21.22266387939453 7.102718353271484
		endloop
	endfacet
	facet normal 0.9925710157919164 -0.1216517194910369 0.0019072898776730104
		outer loop
			vertex 8.29565143585205 -20.547212600708008 0.03895439952611923
			vertex 8.19929313659668 -21.22266387939453 7.102718353271484
			vertex 8.163033485412598 -21.627573013305664 0.14645348489284515
		endloop
	endfacet
	facet normal 0.012747945779307684 0.009928917833543022 -0.9998694447121897
		outer loop
			vertex 16.14307975769043 13.678622245788574 8.907265964808175e-7
			vertex 17.266263961791992 12.910470962524414 0.006693144794553518
			vertex 17.214794158935547 12.30262565612793 8.907265964808175e-7
		endloop
	endfacet
	facet normal 0.024665736085506314 0.02735978398175118 -0.9993212915193153
		outer loop
			vertex 16.14307975769043 13.678622245788574 8.907265964808175e-7
			vertex 17.344751358032227 13.283390045166016 0.018840324133634567
			vertex 17.266263961791992 12.910470962524414 0.006693144794553518
		endloop
	endfacet
	facet normal 0.03069718873755855 0.04573794905494781 -0.9984817087057017
		outer loop
			vertex 17.45785140991211 13.64658260345459 0.03895439952611923
			vertex 17.344751358032227 13.283390045166016 0.018840324133634567
			vertex 16.14307975769043 13.678622245788574 8.907265964808175e-7
		endloop
	endfacet
	facet normal 0.02735978398175118 0.024665736085506314 -0.9993212915193153
		outer loop
			vertex 13.283390045166016 17.344751358032227 0.018840324133634567
			vertex 13.678622245788574 16.14307975769043 8.907265964808175e-7
			vertex 12.910470962524414 17.266263961791992 0.006693144794553518
		endloop
	endfacet
	facet normal 0.04573794905494782 0.03069718873755855 -0.9984817087057017
		outer loop
			vertex 13.64658260345459 17.45785140991211 0.03895439952611923
			vertex 13.678622245788574 16.14307975769043 8.907265964808175e-7
			vertex 13.283390045166016 17.344751358032227 0.018840324133634567
		endloop
	endfacet
	facet normal 0.009928917833543022 0.012747945779307684 -0.9998694447121897
		outer loop
			vertex 12.30262565612793 17.214794158935547 8.907265964808175e-7
			vertex 12.910470962524414 17.266263961791992 0.006693144794553518
			vertex 13.678622245788574 16.14307975769043 8.907265964808175e-7
		endloop
	endfacet
	facet normal 0.08479087994784643 0.07064216139566432 -0.9938914385942857
		outer loop
			vertex 17.63676643371582 14.944278717041016 0.14645348489284515
			vertex 17.883180618286133 14.648510932922363 0.14645348489284515
			vertex 17.45785140991211 13.64658260345459 0.03895439952611923
		endloop
	endfacet
	facet normal 0.13038349873979302 0.10862692033592687 -0.9854949697663113
		outer loop
			vertex 17.63676643371582 14.944278717041016 0.14645348489284515
			vertex 18.196414947509766 15.241310119628906 0.25323691964149475
			vertex 17.883180618286133 14.648510932922363 0.14645348489284515
		endloop
	endfacet
	facet normal 0.031428063230817496 0.0782105925030429 -0.9964413580647296
		outer loop
			vertex 17.63676643371582 14.944278717041016 0.14645348489284515
			vertex 17.45785140991211 13.64658260345459 0.03895439952611923
			vertex 16.14307975769043 13.678622245788574 8.907265964808175e-7
		endloop
	endfacet
	facet normal 0.056346524331309794 0.04889197340617798 -0.9972134396067026
		outer loop
			vertex 17.28114128112793 15.3541259765625 0.14645348489284515
			vertex 17.63676643371582 14.944278717041016 0.14645348489284515
			vertex 16.14307975769043 13.678622245788574 8.907265964808175e-7
		endloop
	endfacet
	facet normal 0.1287292178431529 0.11169855763203237 -0.9853690784149935
		outer loop
			vertex 17.28114128112793 15.3541259765625 0.14645348489284515
			vertex 18.196414947509766 15.241310119628906 0.25323691964149475
			vertex 17.63676643371582 14.944278717041016 0.14645348489284515
		endloop
	endfacet
	facet normal 0.05444736987672254 0.0501334924217456 -0.9972572972162733
		outer loop
			vertex 16.775712966918945 15.904792785644531 0.14645348489284515
			vertex 16.14307975769043 13.678622245788574 8.907265964808175e-7
			vertex 14.961679458618164 14.961679458618164 8.907265964808175e-7
		endloop
	endfacet
	facet normal 0.05457943385125354 0.05009561278608032 -0.9972519816877097
		outer loop
			vertex 16.775712966918945 15.904792785644531 0.14645348489284515
			vertex 17.28114128112793 15.3541259765625 0.14645348489284515
			vertex 16.14307975769043 13.678622245788574 8.907265964808175e-7
		endloop
	endfacet
	facet normal 0.1622285690006341 0.14117909931177886 -0.9766014301226071
		outer loop
			vertex 18.211837768554688 16.181041717529297 0.3916480243206024
			vertex 18.54083824157715 15.802988052368164 0.3916480243206024
			vertex 18.196414947509766 15.241310119628906 0.25323691964149475
		endloop
	endfacet
	facet normal 0.20121871281159315 0.1751101967699979 -0.9637673207790448
		outer loop
			vertex 18.211837768554688 16.181041717529297 0.3916480243206024
			vertex 18.971633911132812 16.45798110961914 0.6005989909172058
			vertex 18.54083824157715 15.802988052368164 0.3916480243206024
		endloop
	endfacet
	facet normal 0.13199164954492879 0.14232035838272475 -0.9809806930007448
		outer loop
			vertex 18.211837768554688 16.181041717529297 0.3916480243206024
			vertex 18.196414947509766 15.241310119628906 0.25323691964149475
			vertex 17.28114128112793 15.3541259765625 0.14645348489284515
		endloop
	endfacet
	facet normal 0.05345015796288119 0.05204475436791514 -0.9972133293115002
		outer loop
			vertex 16.346054077148438 16.346054077148438 0.14645348489284515
			vertex 16.775712966918945 15.904792785644531 0.14645348489284515
			vertex 14.961679458618164 14.961679458618164 8.907265964808175e-7
		endloop
	endfacet
	facet normal 0.142377285771129 0.13068067721189391 -0.9811479343605056
		outer loop
			vertex 17.679189682006836 16.76136589050293 0.3916480243206024
			vertex 17.28114128112793 15.3541259765625 0.14645348489284515
			vertex 16.775712966918945 15.904792785644531 0.14645348489284515
		endloop
	endfacet
	facet normal 0.19845222020461256 0.1821485305730363 -0.9630361515051986
		outer loop
			vertex 17.679189682006836 16.76136589050293 0.3916480243206024
			vertex 18.971633911132812 16.45798110961914 0.6005989909172058
			vertex 18.211837768554688 16.181041717529297 0.3916480243206024
		endloop
	endfacet
	facet normal 0.14237752197322517 0.13068060607895574 -0.9811479095587988
		outer loop
			vertex 17.679189682006836 16.76136589050293 0.3916480243206024
			vertex 18.211837768554688 16.181041717529297 0.3916480243206024
			vertex 17.28114128112793 15.3541259765625 0.14645348489284515
		endloop
	endfacet
	facet normal 0.05204475436791514 0.05345015796288119 -0.9972133293115002
		outer loop
			vertex 15.904792785644531 16.775712966918945 0.14645348489284515
			vertex 16.346054077148438 16.346054077148438 0.14645348489284515
			vertex 14.961679458618164 14.961679458618164 8.907265964808175e-7
		endloop
	endfacet
	facet normal 0.05007378213223707 0.05438252164730003 -0.9972638355431598
		outer loop
			vertex 15.610536575317383 17.04987144470215 0.14645348489284515
			vertex 14.961679458618164 14.961679458618164 8.907265964808175e-7
			vertex 13.678622245788574 16.14307975769043 8.907265964808175e-7
		endloop
	endfacet
	facet normal 0.05053396137485723 0.054238453930805355 -0.9972484689699757
		outer loop
			vertex 15.610536575317383 17.04987144470215 0.14645348489284515
			vertex 15.904792785644531 16.775712966918945 0.14645348489284515
			vertex 14.961679458618164 14.961679458618164 8.907265964808175e-7
		endloop
	endfacet
	facet normal 0.13845664498695207 0.134816441488421 -0.9811494710610389
		outer loop
			vertex 17.226390838623047 17.226390838623047 0.3916480243206024
			vertex 17.679189682006836 16.76136589050293 0.3916480243206024
			vertex 16.775712966918945 15.904792785644531 0.14645348489284515
		endloop
	endfacet
	facet normal 0.13481635087218394 0.1384568980604089 -0.9811494477993645
		outer loop
			vertex 17.226390838623047 17.226390838623047 0.3916480243206024
			vertex 16.346054077148438 16.346054077148438 0.14645348489284515
			vertex 15.904792785644531 16.775712966918945 0.14645348489284515
		endloop
	endfacet
	facet normal 0.1384568980604089 0.13481635087218394 -0.9811494477993645
		outer loop
			vertex 17.226390838623047 17.226390838623047 0.3916480243206024
			vertex 16.775712966918945 15.904792785644531 0.14645348489284515
			vertex 16.346054077148438 16.346054077148438 0.14645348489284515
		endloop
	endfacet
	facet normal 0.049518273779840874 0.05556002584967373 -0.9972266663549709
		outer loop
			vertex 15.148261070251465 17.461877822875977 0.14645348489284515
			vertex 15.610536575317383 17.04987144470215 0.14645348489284515
			vertex 13.678622245788574 16.14307975769043 8.907265964808175e-7
		endloop
	endfacet
	facet normal 0.134816441488421 0.13845664498695207 -0.9811494710610389
		outer loop
			vertex 16.76136589050293 17.679189682006836 0.3916480243206024
			vertex 17.226390838623047 17.226390838623047 0.3916480243206024
			vertex 15.904792785644531 16.775712966918945 0.14645348489284515
		endloop
	endfacet
	facet normal 0.13172833366308054 0.14138494118376319 -0.9811513361947851
		outer loop
			vertex 16.76136589050293 17.679189682006836 0.3916480243206024
			vertex 15.904792785644531 16.775712966918945 0.14645348489284515
			vertex 15.610536575317383 17.04987144470215 0.14645348489284515
		endloop
	endfacet
	facet normal 0.07050259468868185 0.08511515015233205 -0.9938736314827501
		outer loop
			vertex 14.843595504760742 17.721588134765625 0.14645348489284515
			vertex 13.64658260345459 17.45785140991211 0.03895439952611923
			vertex 14.648510932922363 17.883180618286133 0.14645348489284515
		endloop
	endfacet
	facet normal 0.1083788005098285 0.13084167922410636 -0.9854615622021322
		outer loop
			vertex 14.843595504760742 17.721588134765625 0.14645348489284515
			vertex 14.648510932922363 17.883180618286133 0.14645348489284515
			vertex 15.241310119628906 18.196414947509766 0.25323691964149475
		endloop
	endfacet
	facet normal 0.08250980655518678 0.03152246805437437 -0.9960915951005643
		outer loop
			vertex 14.843595504760742 17.721588134765625 0.14645348489284515
			vertex 13.678622245788574 16.14307975769043 8.907265964808175e-7
			vertex 13.64658260345459 17.45785140991211 0.03895439952611923
		endloop
	endfacet
	facet normal 0.04841163160452236 0.05679157293295071 -0.9972116280756005
		outer loop
			vertex 14.843595504760742 17.721588134765625 0.14645348489284515
			vertex 15.148261070251465 17.461877822875977 0.14645348489284515
			vertex 13.678622245788574 16.14307975769043 8.907265964808175e-7
		endloop
	endfacet
	facet normal 0.11022025915860789 0.129299130792156 -0.985460922232537
		outer loop
			vertex 14.843595504760742 17.721588134765625 0.14645348489284515
			vertex 15.241310119628906 18.196414947509766 0.25323691964149475
			vertex 15.148261070251465 17.461877822875977 0.14645348489284515
		endloop
	endfacet
	facet normal 0.2394239738251612 0.21975434808460603 -0.9457188732682026
		outer loop
			vertex 18.85331153869629 17.87453269958496 0.8998043537139893
			vertex 19.421335220336914 17.255666732788086 0.8998043537139893
			vertex 18.971633911132812 16.45798110961914 0.6005989909172058
		endloop
	endfacet
	facet normal 0.28537102685103694 0.2619266691049041 -0.9219315576796332
		outer loop
			vertex 18.85331153869629 17.87453269958496 0.8998043537139893
			vertex 19.750192642211914 18.08289909362793 1.2366195917129517
			vertex 19.421335220336914 17.255666732788086 0.8998043537139893
		endloop
	endfacet
	facet normal 0.21470246628646739 0.20905766195805903 -0.9540428423017169
		outer loop
			vertex 18.85331153869629 17.87453269958496 0.8998043537139893
			vertex 17.679189682006836 16.76136589050293 0.3916480243206024
			vertex 17.226390838623047 17.226390838623047 0.3916480243206024
		endloop
	endfacet
	facet normal 0.20554579831475098 0.2186543518005315 -0.9539083809432861
		outer loop
			vertex 18.85331153869629 17.87453269958496 0.8998043537139893
			vertex 18.971633911132812 16.45798110961914 0.6005989909172058
			vertex 17.679189682006836 16.76136589050293 0.3916480243206024
		endloop
	endfacet
	facet normal 0.18551781616216043 0.199116904032933 -0.9622554746088811
		outer loop
			vertex 16.451261520385742 17.968114852905273 0.3916480243206024
			vertex 16.45798110961914 18.971633911132812 0.6005989909172058
			vertex 16.76136589050293 17.679189682006836 0.3916480243206024
		endloop
	endfacet
	facet normal 0.13172849900769648 0.14138464670363957 -0.9811513564306306
		outer loop
			vertex 16.451261520385742 17.968114852905273 0.3916480243206024
			vertex 16.76136589050293 17.679189682006836 0.3916480243206024
			vertex 15.610536575317383 17.04987144470215 0.14645348489284515
		endloop
	endfacet
	facet normal 0.3171775350715117 0.2867710210310071 -0.90396946449689
		outer loop
			vertex 18.370441436767578 18.370441436767578 0.8998043537139893
			vertex 18.08289909362793 19.750192642211914 1.2366195917129517
			vertex 18.92637062072754 19.96274757385254 1.600000023841858
		endloop
	endfacet
	facet normal 0.2960066096660476 0.2960066096660476 -0.908163076802853
		outer loop
			vertex 18.370441436767578 18.370441436767578 0.8998043537139893
			vertex 18.92637062072754 19.96274757385254 1.600000023841858
			vertex 19.96274757385254 18.92637062072754 1.600000023841858
		endloop
	endfacet
	facet normal 0.2867710210310071 0.3171775350715117 -0.90396946449689
		outer loop
			vertex 18.370441436767578 18.370441436767578 0.8998043537139893
			vertex 19.96274757385254 18.92637062072754 1.600000023841858
			vertex 19.750192642211914 18.08289909362793 1.2366195917129517
		endloop
	endfacet
	facet normal 0.2816104217134957 0.27420620537868884 -0.9195142888036965
		outer loop
			vertex 18.370441436767578 18.370441436767578 0.8998043537139893
			vertex 19.750192642211914 18.08289909362793 1.2366195917129517
			vertex 18.85331153869629 17.87453269958496 0.8998043537139893
		endloop
	endfacet
	facet normal 0.214702539973016 0.2090574930180064 -0.9540428627384421
		outer loop
			vertex 18.370441436767578 18.370441436767578 0.8998043537139893
			vertex 18.85331153869629 17.87453269958496 0.8998043537139893
			vertex 17.226390838623047 17.226390838623047 0.3916480243206024
		endloop
	endfacet
	facet normal 0.14046710104393717 0.16335545015110475 -0.9765162520051791
		outer loop
			vertex 15.964089393615723 18.40230941772461 0.3916480243206024
			vertex 15.241310119628906 18.196414947509766 0.25323691964149475
			vertex 15.802988052368164 18.54083824157715 0.3916480243206024
		endloop
	endfacet
	facet normal 0.17418575455820018 0.20256837461794241 -0.9636521034655793
		outer loop
			vertex 15.964089393615723 18.40230941772461 0.3916480243206024
			vertex 15.802988052368164 18.54083824157715 0.3916480243206024
			vertex 16.45798110961914 18.971633911132812 0.6005989909172058
		endloop
	endfacet
	facet normal 0.17776832906981976 0.19945845011056682 -0.9636465886720167
		outer loop
			vertex 15.964089393615723 18.40230941772461 0.3916480243206024
			vertex 16.45798110961914 18.971633911132812 0.6005989909172058
			vertex 16.451261520385742 17.968114852905273 0.3916480243206024
		endloop
	endfacet
	facet normal 0.1285794559164436 0.14426750670300822 -0.9811494330762918
		outer loop
			vertex 15.964089393615723 18.40230941772461 0.3916480243206024
			vertex 15.610536575317383 17.04987144470215 0.14645348489284515
			vertex 15.148261070251465 17.461877822875977 0.14645348489284515
		endloop
	endfacet
	facet normal 0.1526788651329466 0.12320892593077003 -0.9805655127082034
		outer loop
			vertex 15.964089393615723 18.40230941772461 0.3916480243206024
			vertex 15.148261070251465 17.461877822875977 0.14645348489284515
			vertex 15.241310119628906 18.196414947509766 0.25323691964149475
		endloop
	endfacet
	facet normal 0.12857919314480915 0.14426757969389542 -0.9811494567799013
		outer loop
			vertex 15.964089393615723 18.40230941772461 0.3916480243206024
			vertex 16.451261520385742 17.968114852905273 0.3916480243206024
			vertex 15.610536575317383 17.04987144470215 0.14645348489284515
		endloop
	endfacet
	facet normal 0.2186543518005315 0.20554579831475098 -0.9539083809432861
		outer loop
			vertex 17.87453269958496 18.85331153869629 0.8998043537139893
			vertex 16.76136589050293 17.679189682006836 0.3916480243206024
			vertex 16.45798110961914 18.971633911132812 0.6005989909172058
		endloop
	endfacet
	facet normal 0.27420620537868884 0.2816104217134957 -0.9195142888036965
		outer loop
			vertex 17.87453269958496 18.85331153869629 0.8998043537139893
			vertex 18.08289909362793 19.750192642211914 1.2366195917129517
			vertex 18.370441436767578 18.370441436767578 0.8998043537139893
		endloop
	endfacet
	facet normal 0.20905766195805903 0.21470246628646739 -0.9540428423017169
		outer loop
			vertex 17.87453269958496 18.85331153869629 0.8998043537139893
			vertex 17.226390838623047 17.226390838623047 0.3916480243206024
			vertex 16.76136589050293 17.679189682006836 0.3916480243206024
		endloop
	endfacet
	facet normal 0.2090574930180064 0.214702539973016 -0.9540428627384421
		outer loop
			vertex 17.87453269958496 18.85331153869629 0.8998043537139893
			vertex 18.370441436767578 18.370441436767578 0.8998043537139893
			vertex 17.226390838623047 17.226390838623047 0.3916480243206024
		endloop
	endfacet
	facet normal 0.21822378889303726 0.24194738657306084 -0.9454310340218546
		outer loop
			vertex 17.543832778930664 19.16142463684082 0.8998043537139893
			vertex 16.45798110961914 18.971633911132812 0.6005989909172058
			vertex 17.255666732788086 19.421335220336914 0.8998043537139893
		endloop
	endfacet
	facet normal 0.26037214647151974 0.28867778666458854 -0.9213422170009621
		outer loop
			vertex 17.543832778930664 19.16142463684082 0.8998043537139893
			vertex 17.255666732788086 19.421335220336914 0.8998043537139893
			vertex 18.08289909362793 19.750192642211914 1.2366195917129517
		endloop
	endfacet
	facet normal 0.26500677512327625 0.2844336058216162 -0.9213408343376923
		outer loop
			vertex 17.543832778930664 19.16142463684082 0.8998043537139893
			vertex 18.08289909362793 19.750192642211914 1.2366195917129517
			vertex 17.87453269958496 18.85331153869629 0.8998043537139893
		endloop
	endfacet
	facet normal 0.21964753817216204 0.23574922287585612 -0.9466663947179803
		outer loop
			vertex 17.543832778930664 19.16142463684082 0.8998043537139893
			vertex 17.87453269958496 18.85331153869629 0.8998043537139893
			vertex 16.45798110961914 18.971633911132812 0.6005989909172058
		endloop
	endfacet
	facet normal 0.9279594912828653 -0.37268107349051927 0
		outer loop
			vertex 17.45785140991211 13.64658260345459 0.03895439952611923
			vertex 17.712127685546875 14.279719352722168 7.102718353271484
			vertex 17.45785140991211 13.64658260345459 7.161045551300049
		endloop
	endfacet
	facet normal 0.901597214529784 -0.4325758663808431 -0.000763267317253814
		outer loop
			vertex 17.883180618286133 14.648510932922363 0.14645348489284515
			vertex 18.004425048828125 14.8890962600708 7.014603614807129
			vertex 17.712127685546875 14.279719352722168 7.102718353271484
		endloop
	endfacet
	facet normal 0.9204177039863316 -0.3909317233493173 0.0019073194966925157
		outer loop
			vertex 17.883180618286133 14.648510932922363 0.14645348489284515
			vertex 17.712127685546875 14.279719352722168 7.102718353271484
			vertex 17.45785140991211 13.64658260345459 0.03895439952611923
		endloop
	endfacet
	facet normal 0.8622273603460354 -0.5065178767499898 -0.0019025255295078737
		outer loop
			vertex 18.196414947509766 15.241310119628906 0.25323691964149475
			vertex 18.54083824157715 15.802988052368164 6.808351993560791
			vertex 18.004425048828125 14.8890962600708 7.014603614807129
		endloop
	endfacet
	facet normal 0.884101076148849 -0.46729509610663605 0.0007617789293303057
		outer loop
			vertex 18.196414947509766 15.241310119628906 0.25323691964149475
			vertex 18.004425048828125 14.8890962600708 7.014603614807129
			vertex 17.883180618286133 14.648510932922363 0.14645348489284515
		endloop
	endfacet
	facet normal 0.8524868996069275 -0.5227485877537774 0
		outer loop
			vertex 18.54083824157715 15.802988052368164 0.3916480243206024
			vertex 18.54083824157715 15.802988052368164 6.808351993560791
			vertex 18.196414947509766 15.241310119628906 0.25323691964149475
		endloop
	endfacet
	facet normal 0.2886778733954466 0.2603722246981819 0.9213421677192475
		outer loop
			vertex 19.16142463684082 17.543832778930664 6.300195693969727
			vertex 19.421335220336914 17.255666732788086 6.300195693969727
			vertex 19.750192642211914 18.08289909362793 5.963380336761475
		endloop
	endfacet
	facet normal 0.24194734349150412 0.21822375003574407 0.9454310540159666
		outer loop
			vertex 19.16142463684082 17.543832778930664 6.300195693969727
			vertex 18.971633911132812 16.45798110961914 6.599400997161865
			vertex 19.421335220336914 17.255666732788086 6.300195693969727
		endloop
	endfacet
	facet normal 0.2844336912770887 0.2650068547421353 0.9213407850552208
		outer loop
			vertex 18.85331153869629 17.87453269958496 6.300195693969727
			vertex 19.16142463684082 17.543832778930664 6.300195693969727
			vertex 19.750192642211914 18.08289909362793 5.963380336761475
		endloop
	endfacet
	facet normal 0.2357491807881811 0.2196474989590775 0.9466664142974144
		outer loop
			vertex 18.85331153869629 17.87453269958496 6.300195693969727
			vertex 18.971633911132812 16.45798110961914 6.599400997161865
			vertex 19.16142463684082 17.543832778930664 6.300195693969727
		endloop
	endfacet
	facet normal 0.15278451993546446 0.1313780815077945 0.979487973467475
		outer loop
			vertex 18.40230941772461 15.964088439941406 6.808351993560791
			vertex 18.004425048828125 14.8890962600708 7.014603614807129
			vertex 18.54083824157715 15.802988052368164 6.808351993560791
		endloop
	endfacet
	facet normal 0.20256773410878393 0.1741862349263804 0.9636521512766962
		outer loop
			vertex 18.40230941772461 15.964088439941406 6.808351993560791
			vertex 18.54083824157715 15.802988052368164 6.808351993560791
			vertex 18.971633911132812 16.45798110961914 6.599400997161865
		endloop
	endfacet
	facet normal 0.2867710908345465 0.3171775115035321 0.9039694506220833
		outer loop
			vertex 18.370441436767578 18.370441436767578 6.300195693969727
			vertex 19.750192642211914 18.08289909362793 5.963380336761475
			vertex 19.96274757385254 18.92637062072754 5.599999904632568
		endloop
	endfacet
	facet normal 0.2960066512302786 0.2960066512302786 0.9081630497079656
		outer loop
			vertex 18.370441436767578 18.370441436767578 6.300195693969727
			vertex 19.96274757385254 18.92637062072754 5.599999904632568
			vertex 18.92637062072754 19.96274757385254 5.599999904632568
		endloop
	endfacet
	facet normal 0.3171775115035321 0.2867710908345465 0.9039694506220833
		outer loop
			vertex 18.370441436767578 18.370441436767578 6.300195693969727
			vertex 18.92637062072754 19.96274757385254 5.599999904632568
			vertex 18.08289909362793 19.750192642211914 5.963380336761475
		endloop
	endfacet
	facet normal 0.2816105059856353 0.2742062874351109 0.9195142385246506
		outer loop
			vertex 18.370441436767578 18.370441436767578 6.300195693969727
			vertex 18.85331153869629 17.87453269958496 6.300195693969727
			vertex 19.750192642211914 18.08289909362793 5.963380336761475
		endloop
	endfacet
	facet normal 0.19945849101812588 0.17776801753526256 0.9636466376750116
		outer loop
			vertex 17.968114852905273 16.451261520385742 6.808351993560791
			vertex 18.40230941772461 15.964088439941406 6.808351993560791
			vertex 18.971633911132812 16.45798110961914 6.599400997161865
		endloop
	endfacet
	facet normal 0.2742062874351109 0.2816105059856353 0.9195142385246506
		outer loop
			vertex 17.87453269958496 18.85331153869629 6.300195693969727
			vertex 18.370441436767578 18.370441436767578 6.300195693969727
			vertex 18.08289909362793 19.750192642211914 5.963380336761475
		endloop
	endfacet
	facet normal 0.11041617959313574 0.09015853109744563 0.9897877078214335
		outer loop
			vertex 17.532928466796875 14.49918270111084 7.102718353271484
			vertex 17.712127685546875 14.279719352722168 7.102718353271484
			vertex 18.004425048828125 14.8890962600708 7.014603614807129
		endloop
	endfacet
	facet normal 0.07526856550110682 0.061459319896751206 0.9952674992409
		outer loop
			vertex 17.532928466796875 14.49918270111084 7.102718353271484
			vertex 17.45785140991211 13.64658260345459 7.161045551300049
			vertex 17.712127685546875 14.279719352722168 7.102718353271484
		endloop
	endfacet
	facet normal 0.199116930329232 0.185517840662501 0.9622554644439214
		outer loop
			vertex 17.679189682006836 16.76136589050293 6.808351993560791
			vertex 17.968114852905273 16.451261520385742 6.808351993560791
			vertex 18.971633911132812 16.45798110961914 6.599400997161865
		endloop
	endfacet
	facet normal 0.20554581235435102 0.21865431402529692 0.9539083865768855
		outer loop
			vertex 17.679189682006836 16.76136589050293 6.808351993560791
			vertex 18.971633911132812 16.45798110961914 6.599400997161865
			vertex 18.85331153869629 17.87453269958496 6.300195693969727
		endloop
	endfacet
	facet normal 0.2603722246981819 0.2886778733954466 0.9213421677192475
		outer loop
			vertex 17.543832778930664 19.16142463684082 6.300195693969727
			vertex 18.08289909362793 19.750192642211914 5.963380336761475
			vertex 17.255666732788086 19.421335220336914 6.300195693969727
		endloop
	endfacet
	facet normal 0.21822375003574407 0.24194734349150412 0.9454310540159666
		outer loop
			vertex 17.543832778930664 19.16142463684082 6.300195693969727
			vertex 17.255666732788086 19.421335220336914 6.300195693969727
			vertex 16.45798110961914 18.971633911132812 6.599400997161865
		endloop
	endfacet
	facet normal 0.2650068547421353 0.2844336912770887 0.9213407850552208
		outer loop
			vertex 17.543832778930664 19.16142463684082 6.300195693969727
			vertex 17.87453269958496 18.85331153869629 6.300195693969727
			vertex 18.08289909362793 19.750192642211914 5.963380336761475
		endloop
	endfacet
	facet normal 0.2196474989590775 0.2357491807881811 0.9466664142974144
		outer loop
			vertex 17.543832778930664 19.16142463684082 6.300195693969727
			vertex 16.45798110961914 18.971633911132812 6.599400997161865
			vertex 17.87453269958496 18.85331153869629 6.300195693969727
		endloop
	endfacet
	facet normal 0.02387822491955114 0.01780122872786352 0.9995563749136261
		outer loop
			vertex 17.076988220214844 12.897104263305664 7.197393417358398
			vertex 17.236183166503906 12.683563232421875 7.197393417358398
			vertex 17.29343605041504 13.060572624206543 7.189311504364014
		endloop
	endfacet
	facet normal 0.008532920119250375 0.0063612962551078825 0.9999433599880513
		outer loop
			vertex 17.076988220214844 12.897104263305664 7.197393417358398
			vertex 17.214794158935547 12.30262565612793 7.1999993324279785
			vertex 17.236183166503906 12.683563232421875 7.197393417358398
		endloop
	endfacet
	facet normal 0.10938838902931937 0.14809575318657042 0.9829047910320068
		outer loop
			vertex 17.185914993286133 14.90886116027832 7.102718353271484
			vertex 18.004425048828125 14.8890962600708 7.014603614807129
			vertex 18.40230941772461 15.964088439941406 6.808351993560791
		endloop
	endfacet
	facet normal 0.10877803814956778 0.09213919847451396 0.9897866974862843
		outer loop
			vertex 17.185914993286133 14.90886116027832 7.102718353271484
			vertex 17.532928466796875 14.49918270111084 7.102718353271484
			vertex 18.004425048828125 14.8890962600708 7.014603614807129
		endloop
	endfacet
	facet normal 0.21470245482538688 0.2090576507983051 0.9540428473263907
		outer loop
			vertex 17.226390838623047 17.226390838623047 6.808351993560791
			vertex 17.679189682006836 16.76136589050293 6.808351993560791
			vertex 18.85331153869629 17.87453269958496 6.300195693969727
		endloop
	endfacet
	facet normal 0.21470252851193117 0.2090574818582611 0.954042867763114
		outer loop
			vertex 17.226390838623047 17.226390838623047 6.808351993560791
			vertex 18.85331153869629 17.87453269958496 6.300195693969727
			vertex 18.370441436767578 18.370441436767578 6.300195693969727
		endloop
	endfacet
	facet normal 0.007940315387839713 0.006184426920472781 0.9999493508449352
		outer loop
			vertex 16.86012077331543 13.179344177246094 7.197393417358398
			vertex 16.14307975769043 13.678622245788574 7.1999993324279785
			vertex 17.214794158935547 12.30262565612793 7.1999993324279785
		endloop
	endfacet
	facet normal 0.029559876669411515 0.03988158288021372 0.9987670764689123
		outer loop
			vertex 16.86012077331543 13.179344177246094 7.197393417358398
			vertex 17.29343605041504 13.060572624206543 7.189311504364014
			vertex 17.45785140991211 13.64658260345459 7.161045551300049
		endloop
	endfacet
	facet normal 0.023617138296996493 0.018146931856778497 0.9995563614138254
		outer loop
			vertex 16.86012077331543 13.179344177246094 7.197393417358398
			vertex 17.076988220214844 12.897104263305664 7.197393417358398
			vertex 17.29343605041504 13.060572624206543 7.189311504364014
		endloop
	endfacet
	facet normal 0.008169106492656064 0.006276976363044346 0.9999469312252773
		outer loop
			vertex 16.86012077331543 13.179344177246094 7.197393417358398
			vertex 17.214794158935547 12.30262565612793 7.1999993324279785
			vertex 17.076988220214844 12.897104263305664 7.197393417358398
		endloop
	endfacet
	facet normal 0.13425334841446837 0.1196539922129927 0.9836965795340535
		outer loop
			vertex 16.780420303344727 15.363831520080566 7.102718353271484
			vertex 17.185914993286133 14.90886116027832 7.102718353271484
			vertex 18.40230941772461 15.964088439941406 6.808351993560791
		endloop
	endfacet
	facet normal 0.1342534244356388 0.11965379356587462 0.9836965933216397
		outer loop
			vertex 16.780420303344727 15.363831520080566 7.102718353271484
			vertex 18.40230941772461 15.964088439941406 6.808351993560791
			vertex 17.968114852905273 16.451261520385742 6.808351993560791
		endloop
	endfacet
	facet normal 0.2090576039498917 0.21470240671201088 0.9540428684198634
		outer loop
			vertex 16.76136589050293 17.679189682006836 6.808351993560791
			vertex 17.226390838623047 17.226390838623047 6.808351993560791
			vertex 18.370441436767578 18.370441436767578 6.300195693969727
		endloop
	endfacet
	facet normal 0.21865431402529692 0.20554581235435102 0.9539083865768855
		outer loop
			vertex 16.76136589050293 17.679189682006836 6.808351993560791
			vertex 17.87453269958496 18.85331153869629 6.300195693969727
			vertex 16.45798110961914 18.971633911132812 6.599400997161865
		endloop
	endfacet
	facet normal 0.20905752578908687 0.21470257362899317 0.9540428479832718
		outer loop
			vertex 16.76136589050293 17.679189682006836 6.808351993560791
			vertex 18.370441436767578 18.370441436767578 6.300195693969727
			vertex 17.87453269958496 18.85331153869629 6.300195693969727
		endloop
	endfacet
	facet normal 0.008257024594988059 0.006639299247044012 0.9999438690498312
		outer loop
			vertex 16.491416931152344 13.637886047363281 7.197393417358398
			vertex 16.14307975769043 13.678622245788574 7.1999993324279785
			vertex 16.86012077331543 13.179344177246094 7.197393417358398
		endloop
	endfacet
	facet normal 0.036920492452847335 0.0649686031283453 0.9972040703108822
		outer loop
			vertex 16.491416931152344 13.637886047363281 7.197393417358398
			vertex 17.45785140991211 13.64658260345459 7.161045551300049
			vertex 17.532928466796875 14.49918270111084 7.102718353271484
		endloop
	endfacet
	facet normal 0.037297309100796906 0.029989979245065673 0.9988540993952623
		outer loop
			vertex 16.491416931152344 13.637886047363281 7.197393417358398
			vertex 16.86012077331543 13.179344177246094 7.197393417358398
			vertex 17.45785140991211 13.64658260345459 7.161045551300049
		endloop
	endfacet
	facet normal 0.12884577211560336 0.12545825084155865 0.9836965966718145
		outer loop
			vertex 16.510595321655273 15.653437614440918 7.102718353271484
			vertex 17.679189682006836 16.76136589050293 6.808351993560791
			vertex 17.226390838623047 17.226390838623047 6.808351993560791
		endloop
	endfacet
	facet normal 0.13157056445696533 0.12258468916954379 0.9836982161972654
		outer loop
			vertex 16.510595321655273 15.653437614440918 7.102718353271484
			vertex 17.968114852905273 16.451261520385742 6.808351993560791
			vertex 17.679189682006836 16.76136589050293 6.808351993560791
		endloop
	endfacet
	facet normal 0.13157087854789987 0.12258412577077525 0.983698244395683
		outer loop
			vertex 16.510595321655273 15.653437614440918 7.102718353271484
			vertex 16.780420303344727 15.363831520080566 7.102718353271484
			vertex 17.968114852905273 16.451261520385742 6.808351993560791
		endloop
	endfacet
	facet normal 0.185517840662501 0.199116930329232 0.9622554644439214
		outer loop
			vertex 16.451261520385742 17.968114852905273 6.808351993560791
			vertex 16.76136589050293 17.679189682006836 6.808351993560791
			vertex 16.45798110961914 18.971633911132812 6.599400997161865
		endloop
	endfacet
	facet normal 0.00830303385075968 0.0070329231019331286 0.9999407970582637
		outer loop
			vertex 16.165019989013672 14.023228645324707 7.197393417358398
			vertex 16.14307975769043 13.678622245788574 7.1999993324279785
			vertex 16.491416931152344 13.637886047363281 7.197393417358398
		endloop
	endfacet
	facet normal 0.05217244391477682 0.04649896089473429 0.9975549522365521
		outer loop
			vertex 16.165019989013672 14.023228645324707 7.197393417358398
			vertex 17.185914993286133 14.90886116027832 7.102718353271484
			vertex 16.780420303344727 15.363831520080566 7.102718353271484
		endloop
	endfacet
	facet normal 0.05332602591988977 0.04516920299053326 0.997555050140488
		outer loop
			vertex 16.165019989013672 14.023228645324707 7.197393417358398
			vertex 17.532928466796875 14.49918270111084 7.102718353271484
			vertex 17.185914993286133 14.90886116027832 7.102718353271484
		endloop
	endfacet
	facet normal 0.053326142323661396 0.04516887020167193 0.9975550589865109
		outer loop
			vertex 16.165019989013672 14.023228645324707 7.197393417358398
			vertex 16.491416931152344 13.637886047363281 7.197393417358398
			vertex 17.532928466796875 14.49918270111084 7.102718353271484
		endloop
	endfacet
	facet normal 0.12884623159571507 0.12545803562228888 0.9836965639369591
		outer loop
			vertex 16.087726593017578 16.087726593017578 7.102718353271484
			vertex 16.510595321655273 15.653437614440918 7.102718353271484
			vertex 17.226390838623047 17.226390838623047 6.808351993560791
		endloop
	endfacet
	facet normal 0.1741862349263804 0.20256773410878393 0.9636521512766962
		outer loop
			vertex 15.964088439941406 18.40230941772461 6.808351993560791
			vertex 16.45798110961914 18.971633911132812 6.599400997161865
			vertex 15.802988052368164 18.54083824157715 6.808351993560791
		endloop
	endfacet
	facet normal 0.1313780815077945 0.15278451993546446 0.979487973467475
		outer loop
			vertex 15.964088439941406 18.40230941772461 6.808351993560791
			vertex 15.802988052368164 18.54083824157715 6.808351993560791
			vertex 14.8890962600708 18.004425048828125 7.014603614807129
		endloop
	endfacet
	facet normal 0.17776801753526256 0.19945849101812588 0.9636466376750116
		outer loop
			vertex 15.964088439941406 18.40230941772461 6.808351993560791
			vertex 16.451261520385742 17.968114852905273 6.808351993560791
			vertex 16.45798110961914 18.971633911132812 6.599400997161865
		endloop
	endfacet
	facet normal 0.052172419797407533 0.046498972018211716 0.9975549529793999
		outer loop
			vertex 15.783612251281738 14.451172828674316 7.197393417358398
			vertex 16.165019989013672 14.023228645324707 7.197393417358398
			vertex 16.780420303344727 15.363831520080566 7.102718353271484
		endloop
	endfacet
	facet normal 0.007405449431947272 0.006818713995124881 0.9999493309454053
		outer loop
			vertex 15.783612251281738 14.451172828674316 7.197393417358398
			vertex 14.961679458618164 14.961679458618164 7.1999993324279785
			vertex 16.14307975769043 13.678622245788574 7.1999993324279785
		endloop
	endfacet
	facet normal 0.007918519478377128 0.007057426454063354 0.9999437433081504
		outer loop
			vertex 15.783612251281738 14.451172828674316 7.197393417358398
			vertex 16.14307975769043 13.678622245788574 7.1999993324279785
			vertex 16.165019989013672 14.023228645324707 7.197393417358398
		endloop
	endfacet
	facet normal 0.12545803562228888 0.12884623159571507 0.9836965639369591
		outer loop
			vertex 15.653437614440918 16.510595321655273 7.102718353271484
			vertex 16.087726593017578 16.087726593017578 7.102718353271484
			vertex 17.226390838623047 17.226390838623047 6.808351993560791
		endloop
	endfacet
	facet normal 0.12545825084155865 0.12884577211560336 0.9836965966718145
		outer loop
			vertex 15.653437614440918 16.510595321655273 7.102718353271484
			vertex 17.226390838623047 17.226390838623047 6.808351993560791
			vertex 16.76136589050293 17.679189682006836 6.808351993560791
		endloop
	endfacet
	facet normal 0.007524793144650745 0.007010872705398389 0.9999471111774059
		outer loop
			vertex 15.529813766479492 14.723575592041016 7.197393417358398
			vertex 14.961679458618164 14.961679458618164 7.1999993324279785
			vertex 15.783612251281738 14.451172828674316 7.197393417358398
		endloop
	endfacet
	facet normal 0.051129780055187424 0.047637771900316365 0.9975552056301856
		outer loop
			vertex 15.529813766479492 14.723575592041016 7.197393417358398
			vertex 15.783612251281738 14.451172828674316 7.197393417358398
			vertex 16.780420303344727 15.363831520080566 7.102718353271484
		endloop
	endfacet
	facet normal 0.05112989651699309 0.047637545135065525 0.9975552104899589
		outer loop
			vertex 15.529813766479492 14.723575592041016 7.197393417358398
			vertex 16.780420303344727 15.363831520080566 7.102718353271484
			vertex 16.510595321655273 15.653437614440918 7.102718353271484
		endloop
	endfacet
	facet normal 0.12258458761265092 0.13157045545560628 0.9836982434319178
		outer loop
			vertex 15.363831520080566 16.780420303344727 7.102718353271484
			vertex 16.76136589050293 17.679189682006836 6.808351993560791
			vertex 16.451261520385742 17.968114852905273 6.808351993560791
		endloop
	endfacet
	facet normal 0.12258423451579606 0.13157099526511618 0.9836982152332713
		outer loop
			vertex 15.363831520080566 16.780420303344727 7.102718353271484
			vertex 15.653437614440918 16.510595321655273 7.102718353271484
			vertex 16.76136589050293 17.679189682006836 6.808351993560791
		endloop
	endfacet
	facet normal 0.05007100423172884 0.0487543155492405 0.9975549665309434
		outer loop
			vertex 15.132064819335938 15.132064819335938 7.197393417358398
			vertex 16.510595321655273 15.653437614440918 7.102718353271484
			vertex 16.087726593017578 16.087726593017578 7.102718353271484
		endloop
	endfacet
	facet normal 0.05007095224152299 0.04875445227387165 0.9975549624582608
		outer loop
			vertex 15.132064819335938 15.132064819335938 7.197393417358398
			vertex 15.529813766479492 14.723575592041016 7.197393417358398
			vertex 16.510595321655273 15.653437614440918 7.102718353271484
		endloop
	endfacet
	facet normal 0.007748539111942004 0.00754480918403867 0.9999415162878313
		outer loop
			vertex 15.132064819335938 15.132064819335938 7.197393417358398
			vertex 14.961679458618164 14.961679458618164 7.1999993324279785
			vertex 15.529813766479492 14.723575592041016 7.197393417358398
		endloop
	endfacet
	facet normal 0.0487543155492405 0.05007100423172884 0.9975549665309434
		outer loop
			vertex 15.132064819335938 15.132064819335938 7.197393417358398
			vertex 16.087726593017578 16.087726593017578 7.102718353271484
			vertex 15.653437614440918 16.510595321655273 7.102718353271484
		endloop
	endfacet
	facet normal 0.14809575318657042 0.10938838902931937 0.9829047910320068
		outer loop
			vertex 14.90886116027832 17.185914993286133 7.102718353271484
			vertex 15.964088439941406 18.40230941772461 6.808351993560791
			vertex 14.8890962600708 18.004425048828125 7.014603614807129
		endloop
	endfacet
	facet normal 0.11965384202986948 0.13425347881299768 0.9836965800052875
		outer loop
			vertex 14.90886116027832 17.185914993286133 7.102718353271484
			vertex 16.451261520385742 17.968114852905273 6.808351993560791
			vertex 15.964088439941406 18.40230941772461 6.808351993560791
		endloop
	endfacet
	facet normal 0.11965394031871171 0.13425329018840457 0.9836965937929207
		outer loop
			vertex 14.90886116027832 17.185914993286133 7.102718353271484
			vertex 15.363831520080566 16.780420303344727 7.102718353271484
			vertex 16.451261520385742 17.968114852905273 6.808351993560791
		endloop
	endfacet
	facet normal 0.00754480918403867 0.007748539111942004 0.9999415162878313
		outer loop
			vertex 14.723575592041016 15.529813766479492 7.197393417358398
			vertex 14.961679458618164 14.961679458618164 7.1999993324279785
			vertex 15.132064819335938 15.132064819335938 7.197393417358398
		endloop
	endfacet
	facet normal 0.04875445227387165 0.05007095224152299 0.9975549624582608
		outer loop
			vertex 14.723575592041016 15.529813766479492 7.197393417358398
			vertex 15.132064819335938 15.132064819335938 7.197393417358398
			vertex 15.653437614440918 16.510595321655273 7.102718353271484
		endloop
	endfacet
	facet normal 0.09015853109744563 0.11041617959313574 0.9897877078214335
		outer loop
			vertex 14.49918270111084 17.532928466796875 7.102718353271484
			vertex 14.8890962600708 18.004425048828125 7.014603614807129
			vertex 14.279719352722168 17.712127685546875 7.102718353271484
		endloop
	endfacet
	facet normal 0.061459319896751206 0.07526856550110682 0.9952674992409
		outer loop
			vertex 14.49918270111084 17.532928466796875 7.102718353271484
			vertex 14.279719352722168 17.712127685546875 7.102718353271484
			vertex 13.64658260345459 17.45785140991211 7.161045551300049
		endloop
	endfacet
	facet normal 0.09213919847451396 0.10877803814956778 0.9897866974862843
		outer loop
			vertex 14.49918270111084 17.532928466796875 7.102718353271484
			vertex 14.90886116027832 17.185914993286133 7.102718353271484
			vertex 14.8890962600708 18.004425048828125 7.014603614807129
		endloop
	endfacet
	facet normal 0.006818713995124881 0.007405449431947272 0.9999493309454053
		outer loop
			vertex 14.451172828674316 15.783612251281738 7.197393417358398
			vertex 13.678622245788574 16.14307975769043 7.1999993324279785
			vertex 14.961679458618164 14.961679458618164 7.1999993324279785
		endloop
	endfacet
	facet normal 0.047637723163438124 0.05112972774573286 0.9975552106387151
		outer loop
			vertex 14.451172828674316 15.783612251281738 7.197393417358398
			vertex 14.723575592041016 15.529813766479492 7.197393417358398
			vertex 15.653437614440918 16.510595321655273 7.102718353271484
		endloop
	endfacet
	facet normal 0.047637590976827744 0.05112994571945622 0.9975552057789334
		outer loop
			vertex 14.451172828674316 15.783612251281738 7.197393417358398
			vertex 15.653437614440918 16.510595321655273 7.102718353271484
			vertex 15.363831520080566 16.780420303344727 7.102718353271484
		endloop
	endfacet
	facet normal 0.007010872705398389 0.007524793144650745 0.9999471111774059
		outer loop
			vertex 14.451172828674316 15.783612251281738 7.197393417358398
			vertex 14.961679458618164 14.961679458618164 7.1999993324279785
			vertex 14.723575592041016 15.529813766479492 7.197393417358398
		endloop
	endfacet
	facet normal 0.04649896089473429 0.05217244391477682 0.9975549522365521
		outer loop
			vertex 14.023228645324707 16.165019989013672 7.197393417358398
			vertex 15.363831520080566 16.780420303344727 7.102718353271484
			vertex 14.90886116027832 17.185914993286133 7.102718353271484
		endloop
	endfacet
	facet normal 0.007057426454063354 0.007918519478377128 0.9999437433081504
		outer loop
			vertex 14.023228645324707 16.165019989013672 7.197393417358398
			vertex 13.678622245788574 16.14307975769043 7.1999993324279785
			vertex 14.451172828674316 15.783612251281738 7.197393417358398
		endloop
	endfacet
	facet normal 0.046498972018211716 0.052172419797407533 0.9975549529793999
		outer loop
			vertex 14.023228645324707 16.165019989013672 7.197393417358398
			vertex 14.451172828674316 15.783612251281738 7.197393417358398
			vertex 15.363831520080566 16.780420303344727 7.102718353271484
		endloop
	endfacet
	facet normal 0.045168954312486284 0.05332624162446829 0.9975550498696929
		outer loop
			vertex 13.637886047363281 16.491416931152344 7.197393417358398
			vertex 14.023228645324707 16.165019989013672 7.197393417358398
			vertex 14.90886116027832 17.185914993286133 7.102718353271484
		endloop
	endfacet
	facet normal 0.0649686031283453 0.036920492452847335 0.9972040703108822
		outer loop
			vertex 13.637886047363281 16.491416931152344 7.197393417358398
			vertex 14.49918270111084 17.532928466796875 7.102718353271484
			vertex 13.64658260345459 17.45785140991211 7.161045551300049
		endloop
	endfacet
	facet normal 0.0070329231019331286 0.00830303385075968 0.9999407970582637
		outer loop
			vertex 13.637886047363281 16.491416931152344 7.197393417358398
			vertex 13.678622245788574 16.14307975769043 7.1999993324279785
			vertex 14.023228645324707 16.165019989013672 7.197393417358398
		endloop
	endfacet
	facet normal 0.04516912387597423 0.05332593251852897 0.9975550587157115
		outer loop
			vertex 13.637886047363281 16.491416931152344 7.197393417358398
			vertex 14.90886116027832 17.185914993286133 7.102718353271484
			vertex 14.49918270111084 17.532928466796875 7.102718353271484
		endloop
	endfacet
	facet normal 0.03988158288021372 0.029559876669411515 0.9987670764689123
		outer loop
			vertex 13.179344177246094 16.86012077331543 7.197393417358398
			vertex 13.64658260345459 17.45785140991211 7.161045551300049
			vertex 13.060572624206543 17.29343605041504 7.189311504364014
		endloop
	endfacet
	facet normal 0.006184426920472781 0.007940315387839713 0.9999493508449352
		outer loop
			vertex 13.179344177246094 16.86012077331543 7.197393417358398
			vertex 12.30262565612793 17.214794158935547 7.1999993324279785
			vertex 13.678622245788574 16.14307975769043 7.1999993324279785
		endloop
	endfacet
	facet normal 0.006639299247044012 0.008257024594988059 0.9999438690498312
		outer loop
			vertex 13.179344177246094 16.86012077331543 7.197393417358398
			vertex 13.678622245788574 16.14307975769043 7.1999993324279785
			vertex 13.637886047363281 16.491416931152344 7.197393417358398
		endloop
	endfacet
	facet normal 0.029989979245065673 0.037297309100796906 0.9988540993952623
		outer loop
			vertex 13.179344177246094 16.86012077331543 7.197393417358398
			vertex 13.637886047363281 16.491416931152344 7.197393417358398
			vertex 13.64658260345459 17.45785140991211 7.161045551300049
		endloop
	endfacet
	facet normal 0.01780122872786352 0.02387822491955114 0.9995563749136261
		outer loop
			vertex 12.897104263305664 17.076988220214844 7.197393417358398
			vertex 13.060572624206543 17.29343605041504 7.189311504364014
			vertex 12.683563232421875 17.236183166503906 7.197393417358398
		endloop
	endfacet
	facet normal 0.0063612962551078825 0.008532920119250375 0.9999433599880513
		outer loop
			vertex 12.897104263305664 17.076988220214844 7.197393417358398
			vertex 12.683563232421875 17.236183166503906 7.197393417358398
			vertex 12.30262565612793 17.214794158935547 7.1999993324279785
		endloop
	endfacet
	facet normal 0.018146931856778497 0.023617138296996493 0.9995563614138254
		outer loop
			vertex 12.897104263305664 17.076988220214844 7.197393417358398
			vertex 13.179344177246094 16.86012077331543 7.197393417358398
			vertex 13.060572624206543 17.29343605041504 7.189311504364014
		endloop
	endfacet
	facet normal 0.006276976363044346 0.008169106492656064 0.9999469312252773
		outer loop
			vertex 12.897104263305664 17.076988220214844 7.197393417358398
			vertex 12.30262565612793 17.214794158935547 7.1999993324279785
			vertex 13.179344177246094 16.86012077331543 7.197393417358398
		endloop
	endfacet
	facet normal 0.00037766462262684493 0.00029412166349506 0.9999998854309335
		outer loop
			vertex 16.142778396606445 13.677517890930176 7.199999809265137
			vertex 17.214780807495117 12.301021575927734 7.199999809265137
			vertex 17.214794158935547 12.30262565612793 7.1999993324279785
		endloop
	endfacet
	facet normal 0.0004105343644437542 0.0003197504949404648 0.9999998646105692
		outer loop
			vertex 16.142778396606445 13.677517890930176 7.199999809265137
			vertex 17.214794158935547 12.30262565612793 7.1999993324279785
			vertex 16.14307975769043 13.678622245788574 7.1999993324279785
		endloop
	endfacet
	facet normal 0.00037240667805379945 0.00034290081255145195 0.9999998718661414
		outer loop
			vertex 14.961012840270996 14.961012840270996 7.199999809265137
			vertex 16.14307975769043 13.678622245788574 7.1999993324279785
			vertex 14.961679458618164 14.961679458618164 7.1999993324279785
		endloop
	endfacet
	facet normal 0.00036173757991778566 0.0003330663767695631 0.9999998791063488
		outer loop
			vertex 14.961012840270996 14.961012840270996 7.199999809265137
			vertex 16.142778396606445 13.677517890930176 7.199999809265137
			vertex 16.14307975769043 13.678622245788574 7.1999993324279785
		endloop
	endfacet
	facet normal 0.00034290081255145195 0.00037240667805379945 0.9999998718661414
		outer loop
			vertex 13.678622245788574 16.14307975769043 7.1999993324279785
			vertex 14.961012840270996 14.961012840270996 7.199999809265137
			vertex 14.961679458618164 14.961679458618164 7.1999993324279785
		endloop
	endfacet
	facet normal 0.0003330663767695631 0.00036173757991778566 0.9999998791063488
		outer loop
			vertex 13.677517890930176 16.142778396606445 7.199999809265137
			vertex 14.961012840270996 14.961012840270996 7.199999809265137
			vertex 13.678622245788574 16.14307975769043 7.1999993324279785
		endloop
	endfacet
	facet normal 0.0003197504949404648 0.0004105343644437542 0.9999998646105692
		outer loop
			vertex 12.30262565612793 17.214794158935547 7.1999993324279785
			vertex 13.677517890930176 16.142778396606445 7.199999809265137
			vertex 13.678622245788574 16.14307975769043 7.1999993324279785
		endloop
	endfacet
	facet normal 0.00029412166349506 0.00037766462262684493 0.9999998854309335
		outer loop
			vertex 12.301021575927734 17.214780807495117 7.199999809265137
			vertex 13.677517890930176 16.142778396606445 7.199999809265137
			vertex 12.30262565612793 17.214794158935547 7.1999993324279785
		endloop
	endfacet
	facet normal -0.02647073801274051 0.999649588620463 0
		outer loop
			vertex 22.297569274902344 8.13790225982666 0.25323691964149475
			vertex 22.956209182739258 8.155343055725098 6.808351993560791
			vertex 22.956209182739258 8.155343055725098 0.3916480243206024
		endloop
	endfacet
	facet normal -0.007543837586810482 0.9999697349041553 -0.0019025746180696367
		outer loop
			vertex 22.297569274902344 8.13790225982666 0.25323691964149475
			vertex 21.896547317504883 8.147741317749023 7.014603614807129
			vertex 22.956209182739258 8.155343055725098 6.808351993560791
		endloop
	endfacet
	facet normal 0.07617749965817504 0.9970939805290454 -0.0007632421453298237
		outer loop
			vertex 21.627573013305664 8.163033485412598 0.14645348489284515
			vertex 21.22266387939453 8.19929313659668 7.102718353271484
			vertex 21.896547317504883 8.147741317749023 7.014603614807129
		endloop
	endfacet
	facet normal 0.037361887535928805 0.9993015105729748 0.0007617915222631135
		outer loop
			vertex 21.627573013305664 8.163033485412598 0.14645348489284515
			vertex 21.896547317504883 8.147741317749023 7.014603614807129
			vertex 22.297569274902344 8.13790225982666 0.25323691964149475
		endloop
	endfacet
	facet normal 0.14122782030504527 0.9899771223477268 0
		outer loop
			vertex 20.547212600708008 8.29565143585205 0.03895439952611923
			vertex 20.547212600708008 8.29565143585205 7.161045551300049
			vertex 21.22266387939453 8.19929313659668 7.102718353271484
		endloop
	endfacet
	facet normal 0.1216517194910369 0.9925710157919164 0.0019072898776730104
		outer loop
			vertex 20.547212600708008 8.29565143585205 0.03895439952611923
			vertex 21.22266387939453 8.19929313659668 7.102718353271484
			vertex 21.627573013305664 8.163033485412598 0.14645348489284515
		endloop
	endfacet
	facet normal -0.006075597080154648 -0.014972712025555234 -0.9998694439849232
		outer loop
			vertex -7.141005516052246 -19.917573928833008 8.907265964808175e-7
			vertex -8.497787475585938 -19.813926696777344 0.006693144794553518
			vertex -8.757136344909668 -19.261783599853516 8.907265964808175e-7
		endloop
	endfacet
	facet normal -0.00768127777407962 -0.0360270799798688 -0.999321293418629
		outer loop
			vertex -7.141005516052246 -19.917573928833008 8.907265964808175e-7
			vertex -8.379300117492676 -20.176128387451172 0.018840324133634567
			vertex -8.497787475585938 -19.813926696777344 0.006693144794553518
		endloop
	endfacet
	facet normal -0.0037155850494547836 -0.0549587922608387 -0.9984817101885094
		outer loop
			vertex -8.29565143585205 -20.547212600708008 0.03895439952611923
			vertex -8.379300117492676 -20.176128387451172 0.018840324133634567
			vertex -7.141005516052246 -19.917573928833008 8.907265964808175e-7
		endloop
	endfacet
	facet normal -0.011361363804442757 -0.03504095688553742 -0.9993212950563244
		outer loop
			vertex -2.8313775062561035 -21.662691116333008 0.018840324133634567
			vertex -3.7744948863983154 -20.81962776184082 8.907265964808175e-7
			vertex -2.547664165496826 -21.40825843811035 0.006693144794553518
		endloop
	endfacet
	facet normal -0.024261740044943126 -0.049453576701221864 -0.9984817032482107
		outer loop
			vertex -3.0893614292144775 -21.94223403930664 0.03895439952611923
			vertex -3.7744948863983154 -20.81962776184082 8.907265964808175e-7
			vertex -2.8313775062561035 -21.662691116333008 0.018840324133634567
		endloop
	endfacet
	facet normal -0.0022247154156222783 -0.01600448287540321 -0.9998694450623095
		outer loop
			vertex -2.0469889640808105 -21.05976104736328 8.907265964808175e-7
			vertex -2.547664165496826 -21.40825843811035 0.006693144794553518
			vertex -3.7744948863983154 -20.81962776184082 8.907265964808175e-7
		endloop
	endfacet
	facet normal -0.038109741689940094 -0.10357326775021242 -0.9938914557414551
		outer loop
			vertex -7.801748752593994 -21.760507583618164 0.14645348489284515
			vertex -8.163033485412598 -21.627573013305664 0.14645348489284515
			vertex -8.29565143585205 -20.547212600708008 0.03895439952611923
		endloop
	endfacet
	facet normal -0.058601665375882746 -0.159265471489324 -0.9854949793918063
		outer loop
			vertex -7.801748752593994 -21.760507583618164 0.14645348489284515
			vertex -8.13790225982666 -22.297569274902344 0.25323691964149475
			vertex -8.163033485412598 -21.627573013305664 0.14645348489284515
		endloop
	endfacet
	facet normal 0.011887802659000773 -0.0834464150820083 -0.9964413560054108
		outer loop
			vertex -7.801748752593994 -21.760507583618164 0.14645348489284515
			vertex -8.29565143585205 -20.547212600708008 0.03895439952611923
			vertex -7.141005516052246 -19.917573928833008 8.907265964808175e-7
		endloop
	endfacet
	facet normal -0.02435155510326388 -0.07051494744984564 -0.9972134395154321
		outer loop
			vertex -7.288844108581543 -21.937633514404297 0.14645348489284515
			vertex -7.801748752593994 -21.760507583618164 0.14645348489284515
			vertex -7.141005516052246 -19.917573928833008 8.907265964808175e-7
		endloop
	endfacet
	facet normal -0.055633496394369056 -0.16109825668481864 -0.9853691012874568
		outer loop
			vertex -7.288844108581543 -21.937633514404297 0.14645348489284515
			vertex -8.13790225982666 -22.297569274902344 0.25323691964149475
			vertex -7.801748752593994 -21.760507583618164 0.14645348489284515
		endloop
	endfacet
	facet normal -0.022086063516760353 -0.07064052234260723 -0.9972572999991013
		outer loop
			vertex -6.5757975578308105 -22.16181182861328 0.14645348489284515
			vertex -7.141005516052246 -19.917573928833008 8.907265964808175e-7
			vertex -5.476355075836182 -20.438034057617188 8.907265964808175e-7
		endloop
	endfacet
	facet normal -0.022219486655522345 -0.07067377759118317 -0.9972519799798629
		outer loop
			vertex -6.5757975578308105 -22.16181182861328 0.14645348489284515
			vertex -7.288844108581543 -21.937633514404297 0.14645348489284515
			vertex -7.141005516052246 -19.917573928833008 8.907265964808175e-7
		endloop
	endfacet
	facet normal -0.06990400369755657 -0.20337867954747849 -0.9766015272221196
		outer loop
			vertex -7.681393623352051 -23.119112014770508 0.3916480243206024
			vertex -8.155343055725098 -22.956209182739258 0.3916480243206024
			vertex -8.13790225982666 -22.297569274902344 0.25323691964149475
		endloop
	endfacet
	facet normal -0.08670509956953042 -0.252259780953006 -0.9637672066542727
		outer loop
			vertex -7.681393623352051 -23.119112014770508 0.3916480243206024
			vertex -8.200926780700684 -23.738845825195312 0.6005989909172058
			vertex -8.155343055725098 -22.956209182739258 0.3916480243206024
		endloop
	endfacet
	facet normal -0.057962314690682665 -0.18436140315156055 -0.9811479211126557
		outer loop
			vertex -7.681393623352051 -23.119112014770508 0.3916480243206024
			vertex -7.288844108581543 -21.937633514404297 0.14645348489284515
			vertex -6.5757975578308105 -22.16181182861328 0.14645348489284515
		endloop
	endfacet
	facet normal -0.04314788757488518 -0.1892488344960184 -0.9809807023788611
		outer loop
			vertex -7.681393623352051 -23.119112014770508 0.3916480243206024
			vertex -8.13790225982666 -22.297569274902344 0.25323691964149475
			vertex -7.288844108581543 -21.937633514404297 0.14645348489284515
		endloop
	endfacet
	facet normal -0.02026685609992909 -0.07179709535312967 -0.997213333065036
		outer loop
			vertex -5.983071327209473 -22.329126358032227 0.14645348489284515
			vertex -6.5757975578308105 -22.16181182861328 0.14645348489284515
			vertex -5.476355075836182 -20.438034057617188 8.907265964808175e-7
		endloop
	endfacet
	facet normal -0.08079064321360256 -0.25697146755909606 -0.9630361035961513
		outer loop
			vertex -6.929945468902588 -23.355363845825195 0.3916480243206024
			vertex -8.200926780700684 -23.738845825195312 0.6005989909172058
			vertex -7.681393623352051 -23.119112014770508 0.3916480243206024
		endloop
	endfacet
	facet normal -0.05796235869119977 -0.18436135403309356 -0.9811479277428238
		outer loop
			vertex -6.929945468902588 -23.355363845825195 0.3916480243206024
			vertex -7.681393623352051 -23.119112014770508 0.3916480243206024
			vertex -6.5757975578308105 -22.16181182861328 0.14645348489284515
		endloop
	endfacet
	facet normal -0.0183469278425562 -0.07231153817141572 -0.9972133330867695
		outer loop
			vertex -5.3860979080200195 -22.4805908203125 0.14645348489284515
			vertex -5.983071327209473 -22.329126358032227 0.14645348489284515
			vertex -5.476355075836182 -20.438034057617188 8.907265964808175e-7
		endloop
	endfacet
	facet normal -0.01617388902867847 -0.07213352196754888 -0.9972638368667769
		outer loop
			vertex -4.994184970855713 -22.570890426635742 0.14645348489284515
			vertex -5.476355075836182 -20.438034057617188 8.907265964808175e-7
			vertex -3.7744948863983154 -20.81962776184082 8.907265964808175e-7
		endloop
	endfacet
	facet normal -0.016644353209030616 -0.07223882383274968 -0.9972484734696334
		outer loop
			vertex -4.994184970855713 -22.570890426635742 0.14645348489284515
			vertex -5.3860979080200195 -22.4805908203125 0.14645348489284515
			vertex -5.476355075836182 -20.438034057617188 8.907265964808175e-7
		endloop
	endfacet
	facet normal -0.05249893083768407 -0.1859827651996914 -0.9811494653260412
		outer loop
			vertex -6.305296897888184 -23.531688690185547 0.3916480243206024
			vertex -6.929945468902588 -23.355363845825195 0.3916480243206024
			vertex -6.5757975578308105 -22.16181182861328 0.14645348489284515
		endloop
	endfacet
	facet normal -0.052499153934786685 -0.1859828057410296 -0.9811494457037757
		outer loop
			vertex -6.305296897888184 -23.531688690185547 0.3916480243206024
			vertex -6.5757975578308105 -22.16181182861328 0.14645348489284515
			vertex -5.983071327209473 -22.329126358032227 0.14645348489284515
		endloop
	endfacet
	facet normal -0.01510398256715151 -0.07287556395194535 -0.9972266652518359
		outer loop
			vertex -4.387839317321777 -22.69655990600586 0.14645348489284515
			vertex -4.994184970855713 -22.570890426635742 0.14645348489284515
			vertex -3.7744948863983154 -20.81962776184082 8.907265964808175e-7
		endloop
	endfacet
	facet normal -0.047525763035773244 -0.1873153400601242 -0.9811494612066133
		outer loop
			vertex -5.676173210144043 -23.69131088256836 0.3916480243206024
			vertex -5.983071327209473 -22.329126358032227 0.14645348489284515
			vertex -5.3860979080200195 -22.4805908203125 0.14645348489284515
		endloop
	endfacet
	facet normal -0.047525934167513384 -0.18731537589237343 -0.9811494460762867
		outer loop
			vertex -5.676173210144043 -23.69131088256836 0.3916480243206024
			vertex -6.305296897888184 -23.531688690185547 0.3916480243206024
			vertex -5.983071327209473 -22.329126358032227 0.14645348489284515
		endloop
	endfacet
	facet normal -0.01849998442940521 -0.10896275296736356 -0.9938736685524399
		outer loop
			vertex -3.9941365718841553 -22.769142150878906 0.14645348489284515
			vertex -3.0893614292144775 -21.94223403930664 0.03895439952611923
			vertex -3.744392156600952 -22.81154441833496 0.14645348489284515
		endloop
	endfacet
	facet normal -0.028438844996948483 -0.16750148379337143 -0.9854615593833475
		outer loop
			vertex -3.9941365718841553 -22.769142150878906 0.14645348489284515
			vertex -3.744392156600952 -22.81154441833496 0.14645348489284515
			vertex -4.101154327392578 -23.37921142578125 0.25323691964149475
		endloop
	endfacet
	facet normal -0.013529811065608395 -0.07338879874960166 -0.9972116267024865
		outer loop
			vertex -3.9941365718841553 -22.769142150878906 0.14645348489284515
			vertex -4.387839317321777 -22.69655990600586 0.14645348489284515
			vertex -3.7744948863983154 -20.81962776184082 8.907265964808175e-7
		endloop
	endfacet
	facet normal -0.05569440981073149 -0.06855419179209896 -0.9960915899170951
		outer loop
			vertex -3.9941365718841553 -22.769142150878906 0.14645348489284515
			vertex -3.7744948863983154 -20.81962776184082 8.907265964808175e-7
			vertex -3.0893614292144775 -21.94223403930664 0.03895439952611923
		endloop
	endfacet
	facet normal -0.03080373508716277 -0.16708652501395274 -0.985460919094939
		outer loop
			vertex -3.9941365718841553 -22.769142150878906 0.14645348489284515
			vertex -4.101154327392578 -23.37921142578125 0.25323691964149475
			vertex -4.387839317321777 -22.69655990600586 0.14645348489284515
		endloop
	endfacet
	facet normal -0.09747019706229289 -0.3100244423783158 -0.9457189888189051
		outer loop
			vertex -7.390181541442871 -24.906455993652344 0.8998043537139893
			vertex -8.191534996032715 -24.65451431274414 0.8998043537139893
			vertex -8.200926780700684 -23.738845825195312 0.6005989909172058
		endloop
	endfacet
	facet normal -0.11617572741922022 -0.3695213121198515 -0.9219312340125148
		outer loop
			vertex -7.390181541442871 -24.906455993652344 0.8998043537139893
			vertex -8.062719345092773 -25.53534507751465 1.2366195917129517
			vertex -8.191534996032715 -24.65451431274414 0.8998043537139893
		endloop
	endfacet
	facet normal -0.0686810828494861 -0.2921329252939211 -0.9539084142714324
		outer loop
			vertex -7.390181541442871 -24.906455993652344 0.8998043537139893
			vertex -8.200926780700684 -23.738845825195312 0.6005989909172058
			vertex -6.929945468902588 -23.355363845825195 0.3916480243206024
		endloop
	endfacet
	facet normal -0.061104089558894153 -0.2651989499372112 -0.9622555830918205
		outer loop
			vertex -5.263153076171875 -23.786474227905273 0.3916480243206024
			vertex -4.767212390899658 -24.658906936645508 0.6005989909172058
			vertex -5.676173210144043 -23.69131088256836 0.3916480243206024
		endloop
	endfacet
	facet normal -0.043387573566956585 -0.18830718260175033 -0.9811513254542151
		outer loop
			vertex -5.263153076171875 -23.786474227905273 0.3916480243206024
			vertex -5.676173210144043 -23.69131088256836 0.3916480243206024
			vertex -5.3860979080200195 -22.4805908203125 0.14645348489284515
		endloop
	endfacet
	facet normal -0.03921908176434573 -0.18922907839353845 -0.9811494379124385
		outer loop
			vertex -5.263153076171875 -23.786474227905273 0.3916480243206024
			vertex -4.994184970855713 -22.570890426635742 0.14645348489284515
			vertex -4.387839317321777 -22.69655990600586 0.14645348489284515
		endloop
	endfacet
	facet normal -0.04338734742414868 -0.18830716386400959 -0.9811513390507038
		outer loop
			vertex -5.263153076171875 -23.786474227905273 0.3916480243206024
			vertex -5.3860979080200195 -22.4805908203125 0.14645348489284515
			vertex -4.994184970855713 -22.570890426635742 0.14645348489284515
		endloop
	endfacet
	facet normal -0.13129807564896367 -0.406939731469213 -0.9039695073854229
		outer loop
			vertex -6.724048614501953 -25.09449005126953 0.8998043537139893
			vertex -5.785152912139893 -26.145618438720703 1.2366195917129517
			vertex -6.409343719482422 -26.751432418823242 1.600000023841858
		endloop
	endfacet
	facet normal -0.10834615380663865 -0.40435256480921666 -0.9081630438899815
		outer loop
			vertex -6.724048614501953 -25.09449005126953 0.8998043537139893
			vertex -6.409343719482422 -26.751432418823242 1.600000023841858
			vertex -7.825061321258545 -26.37209129333496 1.600000023841858
		endloop
	endfacet
	facet normal -0.08976282788925499 -0.4180690477958424 -0.9039695271436985
		outer loop
			vertex -6.724048614501953 -25.09449005126953 0.8998043537139893
			vertex -7.825061321258545 -26.37209129333496 1.600000023841858
			vertex -8.062719345092773 -25.53534507751465 1.2366195917129517
		endloop
	endfacet
	facet normal -0.08140924257806108 -0.28840046465502783 -0.9540428225240366
		outer loop
			vertex -6.724048614501953 -25.09449005126953 0.8998043537139893
			vertex -6.929945468902588 -23.355363845825195 0.3916480243206024
			vertex -6.305296897888184 -23.531688690185547 0.3916480243206024
		endloop
	endfacet
	facet normal -0.10677862431942434 -0.3782759275313389 -0.9195138106840791
		outer loop
			vertex -6.724048614501953 -25.09449005126953 0.8998043537139893
			vertex -8.062719345092773 -25.53534507751465 1.2366195917129517
			vertex -7.390181541442871 -24.906455993652344 0.8998043537139893
		endloop
	endfacet
	facet normal -0.07369766052357865 -0.2904667783005715 -0.9540428216474552
		outer loop
			vertex -6.724048614501953 -25.09449005126953 0.8998043537139893
			vertex -6.305296897888184 -23.531688690185547 0.3916480243206024
			vertex -5.676173210144043 -23.69131088256836 0.3916480243206024
		endloop
	endfacet
	facet normal -0.08140883110632356 -0.2884004293206152 -0.9540428683165066
		outer loop
			vertex -6.724048614501953 -25.09449005126953 0.8998043537139893
			vertex -7.390181541442871 -24.906455993652344 0.8998043537139893
			vertex -6.929945468902588 -23.355363845825195 0.3916480243206024
		endloop
	endfacet
	facet normal -0.039970566821508104 -0.21170262667130788 -0.9765164369576358
		outer loop
			vertex -4.624151706695557 -23.918912887573242 0.3916480243206024
			vertex -4.101154327392578 -23.37921142578125 0.25323691964149475
			vertex -4.415369510650635 -23.958332061767578 0.3916480243206024
		endloop
	endfacet
	facet normal -0.04956563421032527 -0.2625225456975189 -0.9636519915954217
		outer loop
			vertex -4.624151706695557 -23.918912887573242 0.3916480243206024
			vertex -4.415369510650635 -23.958332061767578 0.3916480243206024
			vertex -4.767212390899658 -24.658906936645508 0.6005989909172058
		endloop
	endfacet
	facet normal -0.05422316493336492 -0.26162056258064426 -0.9636464754356736
		outer loop
			vertex -4.624151706695557 -23.918912887573242 0.3916480243206024
			vertex -4.767212390899658 -24.658906936645508 0.6005989909172058
			vertex -5.263153076171875 -23.786474227905273 0.3916480243206024
		endloop
	endfacet
	facet normal -0.07061878588489659 -0.18304142187046613 -0.980565563825174
		outer loop
			vertex -4.624151706695557 -23.918912887573242 0.3916480243206024
			vertex -4.387839317321777 -22.69655990600586 0.14645348489284515
			vertex -4.101154327392578 -23.37921142578125 0.25323691964149475
		endloop
	endfacet
	facet normal -0.039219349330035846 -0.18922887014028178 -0.9811494673817854
		outer loop
			vertex -4.624151706695557 -23.918912887573242 0.3916480243206024
			vertex -5.263153076171875 -23.786474227905273 0.3916480243206024
			vertex -4.387839317321777 -22.69655990600586 0.14645348489284515
		endloop
	endfacet
	facet normal -0.08658714118086205 -0.2873351863152516 -0.9539083591662803
		outer loop
			vertex -6.053142547607422 -25.264713287353516 0.8998043537139893
			vertex -5.676173210144043 -23.69131088256836 0.3916480243206024
			vertex -4.767212390899658 -24.658906936645508 0.6005989909172058
		endloop
	endfacet
	facet normal -0.09666398240493902 -0.3809847218135546 -0.9195143915405927
		outer loop
			vertex -6.053142547607422 -25.264713287353516 0.8998043537139893
			vertex -5.785152912139893 -26.145618438720703 1.2366195917129517
			vertex -6.724048614501953 -25.09449005126953 0.8998043537139893
		endloop
	endfacet
	facet normal -0.07369764458825215 -0.2904667894205737 -0.9540428194928402
		outer loop
			vertex -6.053142547607422 -25.264713287353516 0.8998043537139893
			vertex -6.724048614501953 -25.09449005126953 0.8998043537139893
			vertex -5.676173210144043 -23.69131088256836 0.3916480243206024
		endloop
	endfacet
	facet normal -0.06801286241162291 -0.3186447444110446 -0.9454310008698668
		outer loop
			vertex -5.6126933097839355 -25.36619758605957 0.8998043537139893
			vertex -4.767212390899658 -24.658906936645508 0.6005989909172058
			vertex -5.233179092407227 -25.447202682495117 0.8998043537139893
		endloop
	endfacet
	facet normal -0.08114909291749502 -0.3801888503881644 -0.9213420986578188
		outer loop
			vertex -5.6126933097839355 -25.36619758605957 0.8998043537139893
			vertex -5.233179092407227 -25.447202682495117 0.8998043537139893
			vertex -5.785152912139893 -26.145618438720703 1.2366195917129517
		endloop
	endfacet
	facet normal -0.07234615121913537 -0.31398755837320247 -0.9466667035396423
		outer loop
			vertex -5.6126933097839355 -25.36619758605957 0.8998043537139893
			vertex -6.053142547607422 -25.264713287353516 0.8998043537139893
			vertex -4.767212390899658 -24.658906936645508 0.6005989909172058
		endloop
	endfacet
	facet normal -0.08728660762114691 -0.37883022584889947 -0.9213407122846923
		outer loop
			vertex -5.6126933097839355 -25.36619758605957 0.8998043537139893
			vertex -5.785152912139893 -26.145618438720703 1.2366195917129517
			vertex -6.053142547607422 -25.264713287353516 0.8998043537139893
		endloop
	endfacet
	facet normal -0.7867307511515056 -0.6172963025910553 0
		outer loop
			vertex 3.0893614292144775 -21.94223403930664 0.03895439952611923
			vertex 3.510535717010498 -22.47901153564453 7.102718353271484
			vertex 3.0893614292144775 -21.94223403930664 7.161045551300049
		endloop
	endfacet
	facet normal -0.8254200994088733 -0.5645184470442131 -0.000763176674130632
		outer loop
			vertex 3.744392156600952 -22.81154441833496 0.14645348489284515
			vertex 3.892122983932495 -23.036836624145508 7.014603614807129
			vertex 3.510535717010498 -22.47901153564453 7.102718353271484
		endloop
	endfacet
	facet normal -0.7987657879466782 -0.601639076108384 0.0019073818108864622
		outer loop
			vertex 3.744392156600952 -22.81154441833496 0.14645348489284515
			vertex 3.510535717010498 -22.47901153564453 7.102718353271484
			vertex 3.0893614292144775 -21.94223403930664 0.03895439952611923
		endloop
	endfacet
	facet normal -0.8697716759859482 -0.49345071852389544 -0.001902640493146997
		outer loop
			vertex 4.101154327392578 -23.37921142578125 0.25323691964149475
			vertex 4.415369510650635 -23.958332061767578 6.808351993560791
			vertex 3.892122983932495 -23.036836624145508 7.014603614807129
		endloop
	endfacet
	facet normal -0.8467392233578878 -0.5320076195438775 0.0007618231673301852
		outer loop
			vertex 4.101154327392578 -23.37921142578125 0.25323691964149475
			vertex 3.892122983932495 -23.036836624145508 7.014603614807129
			vertex 3.744392156600952 -22.81154441833496 0.14645348489284515
		endloop
	endfacet
	facet normal -0.8789581528930503 -0.47689890486646874 0
		outer loop
			vertex 4.415369510650635 -23.958332061767578 0.3916480243206024
			vertex 4.415369510650635 -23.958332061767578 6.808351993560791
			vertex 4.101154327392578 -23.37921142578125 0.25323691964149475
		endloop
	endfacet
	facet normal -0.00019587054999354182 -0.000482703724531017 0.9999998643159119
		outer loop
			vertex -7.141297340393066 -19.916467666625977 7.199999809265137
			vertex -8.757136344909668 -19.261783599853516 7.1999993324279785
			vertex -7.141005516052246 -19.917573928833008 7.1999993324279785
		endloop
	endfacet
	facet normal -0.00017995948520553657 -0.0004434333032655457 0.9999998854907383
		outer loop
			vertex -7.141297340393066 -19.916467666625977 7.199999809265137
			vertex -8.757926940917969 -19.260387420654297 7.199999809265137
			vertex -8.757136344909668 -19.261783599853516 7.1999993324279785
		endloop
	endfacet
	facet normal -0.00015086639876074354 -0.0004825342100605458 0.999999872200025
		outer loop
			vertex -5.476110458374023 -20.437122344970703 7.199999809265137
			vertex -7.141005516052246 -19.917573928833008 7.1999993324279785
			vertex -5.476355075836182 -20.438034057617188 7.1999993324279785
		endloop
	endfacet
	facet normal -0.00014688699929803323 -0.0004697822079460485 0.9999998788644361
		outer loop
			vertex -5.476110458374023 -20.437122344970703 7.199999809265137
			vertex -7.141297340393066 -19.916467666625977 7.199999809265137
			vertex -7.141005516052246 -19.917573928833008 7.1999993324279785
		endloop
	endfacet
	facet normal -0.00011061601846583621 -0.000493333606025127 0.9999998721930168
		outer loop
			vertex -3.7744948863983154 -20.81962776184082 7.1999993324279785
			vertex -5.476110458374023 -20.437122344970703 7.199999809265137
			vertex -5.476355075836182 -20.438034057617188 7.1999993324279785
		endloop
	endfacet
	facet normal -0.000107623372783721 -0.0004800205070041607 0.999999878998754
		outer loop
			vertex -3.773688316345215 -20.818815231323242 7.199999809265137
			vertex -5.476110458374023 -20.437122344970703 7.199999809265137
			vertex -3.7744948863983154 -20.81962776184082 7.1999993324279785
		endloop
	endfacet
	facet normal -0.00007168465917832065 -0.0005156955771476245 0.9999998644596817
		outer loop
			vertex -2.0469889640808105 -21.05976104736328 7.1999993324279785
			vertex -3.773688316345215 -20.818815231323242 7.199999809265137
			vertex -3.7744948863983154 -20.81962776184082 7.1999993324279785
		endloop
	endfacet
	facet normal -0.00006595622256843119 -0.0004746436595984143 0.99999988518158
		outer loop
			vertex -2.0456066131591797 -21.058948516845703 7.199999809265137
			vertex -3.773688316345215 -20.818815231323242 7.199999809265137
			vertex -2.0469889640808105 -21.05976104736328 7.1999993324279785
		endloop
	endfacet
	facet normal -0.1198171039884312 -0.3698285695563308 0.9213417882261413
		outer loop
			vertex -7.82236385345459 -24.774118423461914 6.300195693969727
			vertex -8.191534996032715 -24.65451431274414 6.300195693969727
			vertex -8.062719345092773 -25.53534507751465 5.963380336761475
		endloop
	endfacet
	facet normal -0.1004210686784019 -0.3099605894850981 0.9454311407667606
		outer loop
			vertex -7.82236385345459 -24.774118423461914 6.300195693969727
			vertex -8.200926780700684 -23.738845825195312 6.599400997161865
			vertex -8.191534996032715 -24.65451431274414 6.300195693969727
		endloop
	endfacet
	facet normal -0.1138236564941306 -0.3717203735452786 0.9213404034957247
		outer loop
			vertex -7.390181541442871 -24.906455993652344 6.300195693969727
			vertex -7.82236385345459 -24.774118423461914 6.300195693969727
			vertex -8.062719345092773 -25.53534507751465 5.963380336761475
		endloop
	endfacet
	facet normal -0.09434087241431768 -0.3080943400921755 0.9466666136477364
		outer loop
			vertex -7.390181541442871 -24.906455993652344 6.300195693969727
			vertex -8.200926780700684 -23.738845825195312 6.599400997161865
			vertex -7.82236385345459 -24.774118423461914 6.300195693969727
		endloop
	endfacet
	facet normal -0.0666249203468433 -0.1901687264415107 0.9794881191073176
		outer loop
			vertex -7.954823017120361 -23.026460647583008 6.808351993560791
			vertex -8.147741317749023 -21.896547317504883 7.014603614807129
			vertex -8.155343055725098 -22.956209182739258 6.808351993560791
		endloop
	endfacet
	facet normal -0.08833429793502474 -0.2521341992149119 0.9636521142998554
		outer loop
			vertex -7.954823017120361 -23.026460647583008 6.808351993560791
			vertex -8.155343055725098 -22.956209182739258 6.808351993560791
			vertex -8.200926780700684 -23.738845825195312 6.599400997161865
		endloop
	endfacet
	facet normal -0.089762900124901 -0.4180690622871335 0.9039695132688513
		outer loop
			vertex -6.724048614501953 -25.09449005126953 6.300195693969727
			vertex -8.062719345092773 -25.53534507751465 5.963380336761475
			vertex -7.825061321258545 -26.37209129333496 5.599999904632568
		endloop
	endfacet
	facet normal -0.10834616902023217 -0.4043526215870103 0.9081630167950858
		outer loop
			vertex -6.724048614501953 -25.09449005126953 6.300195693969727
			vertex -7.825061321258545 -26.37209129333496 5.599999904632568
			vertex -6.409343719482422 -26.751432418823242 5.599999904632568
		endloop
	endfacet
	facet normal -0.13129802033676474 -0.4069397801368418 0.9039694935106082
		outer loop
			vertex -6.724048614501953 -25.09449005126953 6.300195693969727
			vertex -6.409343719482422 -26.751432418823242 5.599999904632568
			vertex -5.785152912139893 -26.145618438720703 5.963380336761475
		endloop
	endfacet
	facet normal -0.1067786562729782 -0.3782760407305892 0.9195137604047733
		outer loop
			vertex -6.724048614501953 -25.09449005126953 6.300195693969727
			vertex -7.390181541442871 -24.906455993652344 6.300195693969727
			vertex -8.062719345092773 -25.53534507751465 5.963380336761475
		endloop
	endfacet
	facet normal -0.08385223717584757 -0.2536809739293159 0.9636465979740079
		outer loop
			vertex -7.335212707519531 -23.23126792907715 6.808351993560791
			vertex -7.954823017120361 -23.026460647583008 6.808351993560791
			vertex -8.200926780700684 -23.738845825195312 6.599400997161865
		endloop
	endfacet
	facet normal -0.09666401133171804 -0.38098483582355686 0.9195143412616027
		outer loop
			vertex -6.053142547607422 -25.264713287353516 6.300195693969727
			vertex -6.724048614501953 -25.09449005126953 6.300195693969727
			vertex -5.785152912139893 -26.145618438720703 5.963380336761475
		endloop
	endfacet
	facet normal -0.0505432779058567 -0.13328786337253368 0.9897877158947347
		outer loop
			vertex -7.9343695640563965 -21.323123931884766 7.102718353271484
			vertex -8.19929313659668 -21.22266387939453 7.102718353271484
			vertex -8.147741317749023 -21.896547317504883 7.014603614807129
		endloop
	endfacet
	facet normal -0.0344542512726389 -0.09085943228265181 0.99526753595931
		outer loop
			vertex -7.9343695640563965 -21.323123931884766 7.102718353271484
			vertex -8.29565143585205 -20.547212600708008 7.161045551300049
			vertex -8.19929313659668 -21.22266387939453 7.102718353271484
		endloop
	endfacet
	facet normal -0.0796817680151561 -0.2602213750286545 0.9622555023610806
		outer loop
			vertex -6.929945468902588 -23.355363845825195 6.808351993560791
			vertex -7.335212707519531 -23.23126792907715 6.808351993560791
			vertex -8.200926780700684 -23.738845825195312 6.599400997161865
		endloop
	endfacet
	facet normal -0.06868111389574126 -0.29213289959941113 0.953908419905014
		outer loop
			vertex -6.929945468902588 -23.355363845825195 6.808351993560791
			vertex -8.200926780700684 -23.738845825195312 6.599400997161865
			vertex -7.390181541442871 -24.906455993652344 6.300195693969727
		endloop
	endfacet
	facet normal -0.08114911729806387 -0.3801889646127368 0.9213420493760394
		outer loop
			vertex -5.6126933097839355 -25.36619758605957 6.300195693969727
			vertex -5.785152912139893 -26.145618438720703 5.963380336761475
			vertex -5.233179092407227 -25.447202682495117 6.300195693969727
		endloop
	endfacet
	facet normal -0.0680128503011396 -0.3186446876726319 0.9454310208639897
		outer loop
			vertex -5.6126933097839355 -25.36619758605957 6.300195693969727
			vertex -5.233179092407227 -25.447202682495117 6.300195693969727
			vertex -4.767212390899658 -24.658906936645508 6.599400997161865
		endloop
	endfacet
	facet normal -0.08728663384560201 -0.37883033966494195 0.921340663002154
		outer loop
			vertex -5.6126933097839355 -25.36619758605957 6.300195693969727
			vertex -6.053142547607422 -25.264713287353516 6.300195693969727
			vertex -5.785152912139893 -26.145618438720703 5.963380336761475
		endloop
	endfacet
	facet normal -0.07234613830336306 -0.3139875023178112 0.9466667231189725
		outer loop
			vertex -5.6126933097839355 -25.36619758605957 6.300195693969727
			vertex -4.767212390899658 -24.658906936645508 6.599400997161865
			vertex -6.053142547607422 -25.264713287353516 6.300195693969727
		endloop
	endfacet
	facet normal -0.011778535232565081 -0.02735535268648879 0.9995563769929005
		outer loop
			vertex -8.340553283691406 -19.707714080810547 7.197393417358398
			vertex -8.58519172668457 -19.602378845214844 7.197393417358398
			vertex -8.446269035339355 -19.95750617980957 7.189311504364014
		endloop
	endfacet
	facet normal -0.0042091012902783905 -0.009775532187599982 0.999943359614322
		outer loop
			vertex -8.340553283691406 -19.707714080810547 7.197393417358398
			vertex -8.757136344909668 -19.261783599853516 7.1999993324279785
			vertex -8.58519172668457 -19.602378845214844 7.197393417358398
		endloop
	endfacet
	facet normal -0.02068544899000356 -0.1829488193971978 0.982904797872741
		outer loop
			vertex -7.429008960723877 -21.504409790039062 7.102718353271484
			vertex -8.147741317749023 -21.896547317504883 7.014603614807129
			vertex -7.954823017120361 -23.026460647583008 6.808351993560791
		endloop
	endfacet
	facet normal -0.056440064125772786 -0.17075001118972064 0.9836965755964534
		outer loop
			vertex -7.429008960723877 -21.504409790039062 7.102718353271484
			vertex -7.954823017120361 -23.026460647583008 6.808351993560791
			vertex -7.335212707519531 -23.23126792907715 6.808351993560791
		endloop
	endfacet
	facet normal -0.048135171973098814 -0.13418376809698893 0.9897867051028792
		outer loop
			vertex -7.429008960723877 -21.504409790039062 7.102718353271484
			vertex -7.9343695640563965 -21.323123931884766 7.102718353271484
			vertex -8.147741317749023 -21.896547317504883 7.014603614807129
		endloop
	endfacet
	facet normal -0.08140919735449823 -0.2884003044459886 0.9540428748130546
		outer loop
			vertex -6.305296897888184 -23.531688690185547 6.808351993560791
			vertex -6.929945468902588 -23.355363845825195 6.808351993560791
			vertex -7.390181541442871 -24.906455993652344 6.300195693969727
		endloop
	endfacet
	facet normal -0.08140886509257288 -0.28840054972093 0.9540428290202726
		outer loop
			vertex -6.305296897888184 -23.531688690185547 6.808351993560791
			vertex -7.390181541442871 -24.906455993652344 6.300195693969727
			vertex -6.724048614501953 -25.09449005126953 6.300195693969727
		endloop
	endfacet
	facet normal -0.0037842864003396095 -0.00932600199568661 0.9999493511489554
		outer loop
			vertex -8.01162052154541 -19.843708038330078 7.197393417358398
			vertex -7.141005516052246 -19.917573928833008 7.1999993324279785
			vertex -8.757136344909668 -19.261783599853516 7.1999993324279785
		endloop
	endfacet
	facet normal -0.005658820305779678 -0.04931847458807981 0.998767072853852
		outer loop
			vertex -8.01162052154541 -19.843708038330078 7.197393417358398
			vertex -8.446269035339355 -19.95750617980957 7.189311504364014
			vertex -8.29565143585205 -20.547212600708008 7.161045551300049
		endloop
	endfacet
	facet normal -0.011379599844498283 -0.02752418767156906 0.9995563634935248
		outer loop
			vertex -8.01162052154541 -19.843708038330078 7.197393417358398
			vertex -8.340553283691406 -19.707714080810547 7.197393417358398
			vertex -8.446269035339355 -19.95750617980957 7.189311504364014
		endloop
	endfacet
	facet normal -0.0039362026998092095 -0.009520614371626188 0.9999469306969709
		outer loop
			vertex -8.01162052154541 -19.843708038330078 7.197393417358398
			vertex -8.757136344909668 -19.261783599853516 7.1999993324279785
			vertex -8.340553283691406 -19.707714080810547 7.197393417358398
		endloop
	endfacet
	facet normal -0.05643986284266072 -0.1707500024830542 0.9836965886564508
		outer loop
			vertex -6.8503546714782715 -21.6956787109375 7.102718353271484
			vertex -7.429008960723877 -21.504409790039062 7.102718353271484
			vertex -7.335212707519531 -23.23126792907715 6.808351993560791
		endloop
	endfacet
	facet normal -0.08658710144673731 -0.28733517958627386 0.9539083647998775
		outer loop
			vertex -5.676173210144043 -23.69131088256836 6.808351993560791
			vertex -6.053142547607422 -25.264713287353516 6.300195693969727
			vertex -4.767212390899658 -24.658906936645508 6.599400997161865
		endloop
	endfacet
	facet normal -0.07369764065418187 -0.2904667739151017 0.9540428245175163
		outer loop
			vertex -5.676173210144043 -23.69131088256836 6.808351993560791
			vertex -6.724048614501953 -25.09449005126953 6.300195693969727
			vertex -6.053142547607422 -25.264713287353516 6.300195693969727
		endloop
	endfacet
	facet normal -0.0736976565895075 -0.29046676279510003 0.9540428266721314
		outer loop
			vertex -5.676173210144043 -23.69131088256836 6.808351993560791
			vertex -6.305296897888184 -23.531688690185547 6.808351993560791
			vertex -6.724048614501953 -25.09449005126953 6.300195693969727
		endloop
	endfacet
	facet normal -0.00383112459984606 -0.009878250443523076 0.9999438697509354
		outer loop
			vertex -7.463043212890625 -20.05646514892578 7.197393417358398
			vertex -7.141005516052246 -19.917573928833008 7.1999993324279785
			vertex -8.01162052154541 -19.843708038330078 7.197393417358398
		endloop
	endfacet
	facet normal 0.0005101549422901926 -0.07472478732106076 0.9972040643227228
		outer loop
			vertex -7.463043212890625 -20.05646514892578 7.197393417358398
			vertex -8.29565143585205 -20.547212600708008 7.161045551300049
			vertex -7.9343695640563965 -21.323123931884766 7.102718353271484
		endloop
	endfacet
	facet normal -0.017305472079822744 -0.044620785044358555 0.998854096541692
		outer loop
			vertex -7.463043212890625 -20.05646514892578 7.197393417358398
			vertex -8.01162052154541 -19.843708038330078 7.197393417358398
			vertex -8.29565143585205 -20.547212600708008 7.161045551300049
		endloop
	endfacet
	facet normal -0.052650970136182744 -0.1719466511216989 0.9836982385425684
		outer loop
			vertex -6.471875190734863 -21.81157112121582 7.102718353271484
			vertex -6.8503546714782715 -21.6956787109375 7.102718353271484
			vertex -7.335212707519531 -23.23126792907715 6.808351993560791
		endloop
	endfacet
	facet normal -0.05265131226761979 -0.17194644667945935 0.9836982559661299
		outer loop
			vertex -6.471875190734863 -21.81157112121582 7.102718353271484
			vertex -7.335212707519531 -23.23126792907715 6.808351993560791
			vertex -6.929945468902588 -23.355363845825195 6.808351993560791
		endloop
	endfacet
	facet normal -0.06110409762858456 -0.2651989849606186 0.9622555729268882
		outer loop
			vertex -5.263153076171875 -23.786474227905273 6.808351993560791
			vertex -5.676173210144043 -23.69131088256836 6.808351993560791
			vertex -4.767212390899658 -24.658906936645508 6.599400997161865
		endloop
	endfacet
	facet normal -0.003674138658173075 -0.010242185505942587 0.9999407974181185
		outer loop
			vertex -6.9877028465271 -20.22698211669922 7.197393417358398
			vertex -7.141005516052246 -19.917573928833008 7.1999993324279785
			vertex -7.463043212890625 -20.05646514892578 7.197393417358398
		endloop
	endfacet
	facet normal -0.023597205470086428 -0.0657806301866887 0.9975550514063096
		outer loop
			vertex -6.9877028465271 -20.22698211669922 7.197393417358398
			vertex -7.9343695640563965 -21.323123931884766 7.102718353271484
			vertex -7.429008960723877 -21.504409790039062 7.102718353271484
		endloop
	endfacet
	facet normal -0.023597220426035157 -0.06578061731296932 0.9975550519014428
		outer loop
			vertex -6.9877028465271 -20.22698211669922 7.197393417358398
			vertex -7.463043212890625 -20.05646514892578 7.197393417358398
			vertex -7.9343695640563965 -21.323123931884766 7.102718353271484
		endloop
	endfacet
	facet normal -0.04885472430088684 -0.17307279545634874 0.9836966114541664
		outer loop
			vertex -5.888516426086426 -21.976242065429688 7.102718353271484
			vertex -6.929945468902588 -23.355363845825195 6.808351993560791
			vertex -6.305296897888184 -23.531688690185547 6.808351993560791
		endloop
	endfacet
	facet normal -0.048855049217037934 -0.17307255566030716 0.9836966375073215
		outer loop
			vertex -5.888516426086426 -21.976242065429688 7.102718353271484
			vertex -6.471875190734863 -21.81157112121582 7.102718353271484
			vertex -6.929945468902588 -23.355363845825195 6.808351993560791
		endloop
	endfacet
	facet normal -0.04956564077520586 -0.26252258046816584 0.963651981785374
		outer loop
			vertex -4.624151706695557 -23.918912887573242 6.808351993560791
			vertex -4.767212390899658 -24.658906936645508 6.599400997161865
			vertex -4.415369510650635 -23.958332061767578 6.808351993560791
		endloop
	endfacet
	facet normal -0.03738420588191881 -0.19800406175287158 0.9794880360065372
		outer loop
			vertex -4.624151706695557 -23.918912887573242 6.808351993560791
			vertex -4.415369510650635 -23.958332061767578 6.808351993560791
			vertex -3.892122983932495 -23.036836624145508 7.014603614807129
		endloop
	endfacet
	facet normal -0.05422317211504501 -0.26162059723142844 0.9636464656242212
		outer loop
			vertex -4.624151706695557 -23.918912887573242 6.808351993560791
			vertex -5.263153076171875 -23.786474227905273 6.808351993560791
			vertex -4.767212390899658 -24.658906936645508 6.599400997161865
		endloop
	endfacet
	facet normal -0.003003950260008579 -0.009607896640213186 0.9999493310188204
		outer loop
			vertex -6.443422317504883 -20.406888961791992 7.197393417358398
			vertex -5.476355075836182 -20.438034057617188 7.1999993324279785
			vertex -7.141005516052246 -19.917573928833008 7.1999993324279785
		endloop
	endfacet
	facet normal -0.02193318516633221 -0.06635548313527208 0.9975549534969711
		outer loop
			vertex -6.443422317504883 -20.406888961791992 7.197393417358398
			vertex -6.9877028465271 -20.22698211669922 7.197393417358398
			vertex -7.429008960723877 -21.504409790039062 7.102718353271484
		endloop
	endfacet
	facet normal -0.0033289312336682144 -0.010071170177016775 0.9999437432916449
		outer loop
			vertex -6.443422317504883 -20.406888961791992 7.197393417358398
			vertex -7.141005516052246 -19.917573928833008 7.1999993324279785
			vertex -6.9877028465271 -20.22698211669922 7.197393417358398
		endloop
	endfacet
	facet normal -0.02193319847882158 -0.06635547122360001 0.997554953996612
		outer loop
			vertex -6.443422317504883 -20.406888961791992 7.197393417358398
			vertex -7.429008960723877 -21.504409790039062 7.102718353271484
			vertex -6.8503546714782715 -21.6956787109375 7.102718353271484
		endloop
	endfacet
	facet normal -0.02046076098886667 -0.06682040848131265 0.997555206627757
		outer loop
			vertex -6.443422317504883 -20.406888961791992 7.197393417358398
			vertex -6.8503546714782715 -21.6956787109375 7.102718353271484
			vertex -6.471875190734863 -21.81157112121582 7.102718353271484
		endloop
	endfacet
	facet normal -0.044226779418919865 -0.1743128489023794 0.9836966111000721
		outer loop
			vertex -5.30097770690918 -22.12531280517578 7.102718353271484
			vertex -5.888516426086426 -21.976242065429688 7.102718353271484
			vertex -6.305296897888184 -23.531688690185547 6.808351993560791
		endloop
	endfacet
	facet normal -0.04422689358363184 -0.17431276925499825 0.9836966200809047
		outer loop
			vertex -5.30097770690918 -22.12531280517578 7.102718353271484
			vertex -6.305296897888184 -23.531688690185547 6.808351993560791
			vertex -5.676173210144043 -23.69131088256836 6.808351993560791
		endloop
	endfacet
	facet normal -0.0030112235963172863 -0.009833922216595074 0.9999471118545676
		outer loop
			vertex -6.08742618560791 -20.515897750854492 7.197393417358398
			vertex -5.476355075836182 -20.438034057617188 7.1999993324279785
			vertex -6.443422317504883 -20.406888961791992 7.197393417358398
		endloop
	endfacet
	facet normal -0.020460928552596826 -0.06682040487183578 0.9975552034326369
		outer loop
			vertex -6.08742618560791 -20.515897750854492 7.197393417358398
			vertex -6.443422317504883 -20.406888961791992 7.197393417358398
			vertex -6.471875190734863 -21.81157112121582 7.102718353271484
		endloop
	endfacet
	facet normal -0.0403757652940621 -0.17523576057275653 0.9836982391940154
		outer loop
			vertex -4.915258407592773 -22.21418571472168 7.102718353271484
			vertex -5.30097770690918 -22.12531280517578 7.102718353271484
			vertex -5.676173210144043 -23.69131088256836 6.808351993560791
		endloop
	endfacet
	facet normal -0.04037580261199143 -0.17523574171335743 0.9836982410219138
		outer loop
			vertex -4.915258407592773 -22.21418571472168 7.102718353271484
			vertex -5.676173210144043 -23.69131088256836 6.808351993560791
			vertex -5.263153076171875 -23.786474227905273 6.808351993560791
		endloop
	endfacet
	facet normal -0.018985658830372655 -0.06725807357331112 0.9975549590363351
		outer loop
			vertex -5.53872013092041 -20.670785903930664 7.197393417358398
			vertex -6.471875190734863 -21.81157112121582 7.102718353271484
			vertex -5.888516426086426 -21.976242065429688 7.102718353271484
		endloop
	endfacet
	facet normal -0.018985559329618554 -0.06725815466769285 0.9975549554624238
		outer loop
			vertex -5.53872013092041 -20.670785903930664 7.197393417358398
			vertex -6.08742618560791 -20.515897750854492 7.197393417358398
			vertex -6.471875190734863 -21.81157112121582 7.102718353271484
		endloop
	endfacet
	facet normal -0.0029380215589425796 -0.010408221585555271 0.9999415167662283
		outer loop
			vertex -5.53872013092041 -20.670785903930664 7.197393417358398
			vertex -5.476355075836182 -20.438034057617188 7.1999993324279785
			vertex -6.08742618560791 -20.515897750854492 7.197393417358398
		endloop
	endfacet
	facet normal -0.07356000822774501 -0.16878095797558637 0.9829048343631126
		outer loop
			vertex -4.31849479675293 -22.33786964416504 7.102718353271484
			vertex -4.624151706695557 -23.918912887573242 6.808351993560791
			vertex -3.892122983932495 -23.036836624145508 7.014603614807129
		endloop
	endfacet
	facet normal -0.036496954858844154 -0.17609362851440338 0.9836966027605579
		outer loop
			vertex -4.31849479675293 -22.33786964416504 7.102718353271484
			vertex -5.263153076171875 -23.786474227905273 6.808351993560791
			vertex -4.624151706695557 -23.918912887573242 6.808351993560791
		endloop
	endfacet
	facet normal -0.03649680290718095 -0.17609372523189012 0.9836965910846242
		outer loop
			vertex -4.31849479675293 -22.33786964416504 7.102718353271484
			vertex -4.915258407592773 -22.21418571472168 7.102718353271484
			vertex -5.263153076171875 -23.786474227905273 6.808351993560791
		endloop
	endfacet
	facet normal -0.015690470925179938 -0.06809856324192055 0.9975552089015085
		outer loop
			vertex -4.986083030700684 -20.81100082397461 7.197393417358398
			vertex -5.30097770690918 -22.12531280517578 7.102718353271484
			vertex -4.915258407592773 -22.21418571472168 7.102718353271484
		endloop
	endfacet
	facet normal -0.017187036862962576 -0.06773998466846513 0.997554961012669
		outer loop
			vertex -4.986083030700684 -20.81100082397461 7.197393417358398
			vertex -5.888516426086426 -21.976242065429688 7.102718353271484
			vertex -5.30097770690918 -22.12531280517578 7.102718353271484
		endloop
	endfacet
	facet normal -0.0026596925993013338 -0.01048279887114072 0.9999415167714082
		outer loop
			vertex -4.986083030700684 -20.81100082397461 7.197393417358398
			vertex -5.476355075836182 -20.438034057617188 7.1999993324279785
			vertex -5.53872013092041 -20.670785903930664 7.197393417358398
		endloop
	endfacet
	facet normal -0.017186979844668552 -0.06774002866396571 0.9975549590074846
		outer loop
			vertex -4.986083030700684 -20.81100082397461 7.197393417358398
			vertex -5.53872013092041 -20.670785903930664 7.197393417358398
			vertex -5.888516426086426 -21.976242065429688 7.102718353271484
		endloop
	endfacet
	facet normal -0.022871619460535945 -0.14070246711461482 0.9897877069205868
		outer loop
			vertex -3.790196657180786 -22.433551788330078 7.102718353271484
			vertex -3.892122983932495 -23.036836624145508 7.014603614807129
			vertex -3.510535717010498 -22.47901153564453 7.102718353271484
		endloop
	endfacet
	facet normal -0.015591145763850097 -0.09591418211126006 0.9952674946182551
		outer loop
			vertex -3.790196657180786 -22.433551788330078 7.102718353271484
			vertex -3.510535717010498 -22.47901153564453 7.102718353271484
			vertex -3.0893614292144775 -21.94223403930664 7.161045551300049
		endloop
	endfacet
	facet normal -0.025405608829652735 -0.14027419636680008 0.9897866966542049
		outer loop
			vertex -3.790196657180786 -22.433551788330078 7.102718353271484
			vertex -4.31849479675293 -22.33786964416504 7.102718353271484
			vertex -3.892122983932495 -23.036836624145508 7.014603614807129
		endloop
	endfacet
	facet normal -0.0022024463183950276 -0.009822635088480991 0.9999493312514055
		outer loop
			vertex -4.623276710510254 -20.894596099853516 7.197393417358398
			vertex -3.7744948863983154 -20.81962776184082 7.1999993324279785
			vertex -5.476355075836182 -20.438034057617188 7.1999993324279785
		endloop
	endfacet
	facet normal -0.015690794773811096 -0.06809857917086058 0.9975552027202688
		outer loop
			vertex -4.623276710510254 -20.894596099853516 7.197393417358398
			vertex -4.986083030700684 -20.81100082397461 7.197393417358398
			vertex -4.915258407592773 -22.21418571472168 7.102718353271484
		endloop
	endfacet
	facet normal -0.0023092339314275314 -0.010022153241454957 0.99994711054288
		outer loop
			vertex -4.623276710510254 -20.894596099853516 7.197393417358398
			vertex -5.476355075836182 -20.438034057617188 7.1999993324279785
			vertex -4.986083030700684 -20.81100082397461 7.197393417358398
		endloop
	endfacet
	facet normal -0.014183083933148795 -0.06843207859648802 0.9975549562550975
		outer loop
			vertex -4.061963081359863 -21.01093101501465 7.197393417358398
			vertex -4.915258407592773 -22.21418571472168 7.102718353271484
			vertex -4.31849479675293 -22.33786964416504 7.102718353271484
		endloop
	endfacet
	facet normal -0.0021526336059931104 -0.010386413914837972 0.9999437427048324
		outer loop
			vertex -4.061963081359863 -21.01093101501465 7.197393417358398
			vertex -3.7744948863983154 -20.81962776184082 7.1999993324279785
			vertex -4.623276710510254 -20.894596099853516 7.197393417358398
		endloop
	endfacet
	facet normal -0.014182900161151493 -0.06843220842433186 0.9975549499617492
		outer loop
			vertex -4.061963081359863 -21.01093101501465 7.197393417358398
			vertex -4.623276710510254 -20.894596099853516 7.197393417358398
			vertex -4.915258407592773 -22.21418571472168 7.102718353271484
		endloop
	endfacet
	facet normal -0.012454510120505633 -0.06876626381614859 0.9975550541892042
		outer loop
			vertex -3.565047264099121 -21.100929260253906 7.197393417358398
			vertex -4.061963081359863 -21.01093101501465 7.197393417358398
			vertex -4.31849479675293 -22.33786964416504 7.102718353271484
		endloop
	endfacet
	facet normal -0.037804247600399216 -0.06445842964935865 0.997204066232437
		outer loop
			vertex -3.565047264099121 -21.100929260253906 7.197393417358398
			vertex -3.790196657180786 -22.433551788330078 7.102718353271484
			vertex -3.0893614292144775 -21.94223403930664 7.161045551300049
		endloop
	endfacet
	facet normal -0.012454525541272219 -0.06876625445766285 0.9975550546418006
		outer loop
			vertex -3.565047264099121 -21.100929260253906 7.197393417358398
			vertex -4.31849479675293 -22.33786964416504 7.102718353271484
			vertex -3.790196657180786 -22.433551788330078 7.102718353271484
		endloop
	endfacet
	facet normal -0.001939201232808701 -0.010707095042491309 0.9999407970546705
		outer loop
			vertex -3.565047264099121 -21.100929260253906 7.197393417358398
			vertex -3.7744948863983154 -20.81962776184082 7.1999993324279785
			vertex -4.061963081359863 -21.01093101501465 7.197393417358398
		endloop
	endfacet
	facet normal -0.019758532022005258 -0.04554044345724059 0.9987670741579607
		outer loop
			vertex -2.983586549758911 -21.19096565246582 7.197393417358398
			vertex -3.0893614292144775 -21.94223403930664 7.161045551300049
			vertex -2.664069652557373 -21.5068416595459 7.189311504364014
		endloop
	endfacet
	facet normal -0.0013857036530711213 -0.009968677445315915 0.9999493513650465
		outer loop
			vertex -2.983586549758911 -21.19096565246582 7.197393417358398
			vertex -2.0469889640808105 -21.05976104736328 7.1999993324279785
			vertex -3.7744948863983154 -20.81962776184082 7.1999993324279785
		endloop
	endfacet
	facet normal -0.0016212942291491186 -0.010470420654104811 0.9999438692728451
		outer loop
			vertex -2.983586549758911 -21.19096565246582 7.197393417358398
			vertex -3.7744948863983154 -20.81962776184082 7.1999993324279785
			vertex -3.565047264099121 -21.100929260253906 7.197393417358398
		endloop
	endfacet
	facet normal -0.007323472542330599 -0.04729544877688894 0.9988540970907185
		outer loop
			vertex -2.983586549758911 -21.19096565246582 7.197393417358398
			vertex -3.565047264099121 -21.100929260253906 7.197393417358398
			vertex -3.0893614292144775 -21.94223403930664 7.161045551300049
		endloop
	endfacet
	facet normal -0.0034773059312869247 -0.029579681363281537 0.9995563769962688
		outer loop
			vertex -2.630725622177124 -21.23765754699707 7.197393417358398
			vertex -2.664069652557373 -21.5068416595459 7.189311504364014
			vertex -2.3661956787109375 -21.268754959106445 7.197393417358398
		endloop
	endfacet
	facet normal -0.001242609633148392 -0.010570251146660103 0.9999433612520243
		outer loop
			vertex -2.630725622177124 -21.23765754699707 7.197393417358398
			vertex -2.3661956787109375 -21.268754959106445 7.197393417358398
			vertex -2.0469889640808105 -21.05976104736328 7.1999993324279785
		endloop
	endfacet
	facet normal -0.003907051451193058 -0.029526448070233007 0.9995563634999847
		outer loop
			vertex -2.630725622177124 -21.23765754699707 7.197393417358398
			vertex -2.983586549758911 -21.19096565246582 7.197393417358398
			vertex -2.664069652557373 -21.5068416595459 7.189311504364014
		endloop
	endfacet
	facet normal -0.0013514460647143978 -0.010213175472087914 0.9999469309119914
		outer loop
			vertex -2.630725622177124 -21.23765754699707 7.197393417358398
			vertex -2.0469889640808105 -21.05976104736328 7.1999993324279785
			vertex -2.983586549758911 -21.19096565246582 7.197393417358398
		endloop
	endfacet
	facet normal 0.8789581528930503 -0.47689890486646874 0
		outer loop
			vertex -4.101154327392578 -23.37921142578125 0.25323691964149475
			vertex -4.415369510650635 -23.958332061767578 6.808351993560791
			vertex -4.415369510650635 -23.958332061767578 0.3916480243206024
		endloop
	endfacet
	facet normal 0.8697716759859482 -0.49345071852389544 -0.001902640493146997
		outer loop
			vertex -4.101154327392578 -23.37921142578125 0.25323691964149475
			vertex -3.892122983932495 -23.036836624145508 7.014603614807129
			vertex -4.415369510650635 -23.958332061767578 6.808351993560791
		endloop
	endfacet
	facet normal 0.8254200994088733 -0.5645184470442131 -0.000763176674130632
		outer loop
			vertex -3.744392156600952 -22.81154441833496 0.14645348489284515
			vertex -3.510535717010498 -22.47901153564453 7.102718353271484
			vertex -3.892122983932495 -23.036836624145508 7.014603614807129
		endloop
	endfacet
	facet normal 0.8467392233578878 -0.5320076195438775 0.0007618231673301852
		outer loop
			vertex -3.744392156600952 -22.81154441833496 0.14645348489284515
			vertex -3.892122983932495 -23.036836624145508 7.014603614807129
			vertex -4.101154327392578 -23.37921142578125 0.25323691964149475
		endloop
	endfacet
	facet normal 0.7867307511515056 -0.6172963025910553 0
		outer loop
			vertex -3.0893614292144775 -21.94223403930664 0.03895439952611923
			vertex -3.0893614292144775 -21.94223403930664 7.161045551300049
			vertex -3.510535717010498 -22.47901153564453 7.102718353271484
		endloop
	endfacet
	facet normal 0.7987657879466782 -0.601639076108384 0.0019073818108864622
		outer loop
			vertex -3.0893614292144775 -21.94223403930664 0.03895439952611923
			vertex -3.510535717010498 -22.47901153564453 7.102718353271484
			vertex -3.744392156600952 -22.81154441833496 0.14645348489284515
		endloop
	endfacet
	facet normal 0.006075597080154648 0.014972712025555234 -0.9998694439849232
		outer loop
			vertex 7.141005516052246 19.917573928833008 8.907265964808175e-7
			vertex 8.497787475585938 19.813926696777344 0.006693144794553518
			vertex 8.757136344909668 19.261783599853516 8.907265964808175e-7
		endloop
	endfacet
	facet normal 0.00768127777407962 0.0360270799798688 -0.999321293418629
		outer loop
			vertex 7.141005516052246 19.917573928833008 8.907265964808175e-7
			vertex 8.379300117492676 20.176128387451172 0.018840324133634567
			vertex 8.497787475585938 19.813926696777344 0.006693144794553518
		endloop
	endfacet
	facet normal 0.0037155850494547836 0.0549587922608387 -0.9984817101885094
		outer loop
			vertex 8.29565143585205 20.547212600708008 0.03895439952611923
			vertex 8.379300117492676 20.176128387451172 0.018840324133634567
			vertex 7.141005516052246 19.917573928833008 8.907265964808175e-7
		endloop
	endfacet
	facet normal 0.011361363804442757 0.03504095688553742 -0.9993212950563244
		outer loop
			vertex 2.8313775062561035 21.662691116333008 0.018840324133634567
			vertex 3.7744948863983154 20.81962776184082 8.907265964808175e-7
			vertex 2.547664165496826 21.40825843811035 0.006693144794553518
		endloop
	endfacet
	facet normal 0.024261740044943126 0.049453576701221864 -0.9984817032482107
		outer loop
			vertex 3.0893614292144775 21.94223403930664 0.03895439952611923
			vertex 3.7744948863983154 20.81962776184082 8.907265964808175e-7
			vertex 2.8313775062561035 21.662691116333008 0.018840324133634567
		endloop
	endfacet
	facet normal 0.0022247154156222783 0.01600448287540321 -0.9998694450623095
		outer loop
			vertex 2.0469889640808105 21.05976104736328 8.907265964808175e-7
			vertex 2.547664165496826 21.40825843811035 0.006693144794553518
			vertex 3.7744948863983154 20.81962776184082 8.907265964808175e-7
		endloop
	endfacet
	facet normal 0.038109741689940094 0.10357326775021242 -0.9938914557414551
		outer loop
			vertex 7.801748752593994 21.760507583618164 0.14645348489284515
			vertex 8.163033485412598 21.627573013305664 0.14645348489284515
			vertex 8.29565143585205 20.547212600708008 0.03895439952611923
		endloop
	endfacet
	facet normal 0.058601665375882746 0.159265471489324 -0.9854949793918063
		outer loop
			vertex 7.801748752593994 21.760507583618164 0.14645348489284515
			vertex 8.13790225982666 22.297569274902344 0.25323691964149475
			vertex 8.163033485412598 21.627573013305664 0.14645348489284515
		endloop
	endfacet
	facet normal -0.011887802659000773 0.0834464150820083 -0.9964413560054108
		outer loop
			vertex 7.801748752593994 21.760507583618164 0.14645348489284515
			vertex 8.29565143585205 20.547212600708008 0.03895439952611923
			vertex 7.141005516052246 19.917573928833008 8.907265964808175e-7
		endloop
	endfacet
	facet normal 0.02435155510326388 0.07051494744984564 -0.9972134395154321
		outer loop
			vertex 7.288844108581543 21.937633514404297 0.14645348489284515
			vertex 7.801748752593994 21.760507583618164 0.14645348489284515
			vertex 7.141005516052246 19.917573928833008 8.907265964808175e-7
		endloop
	endfacet
	facet normal 0.055633496394369056 0.16109825668481864 -0.9853691012874568
		outer loop
			vertex 7.288844108581543 21.937633514404297 0.14645348489284515
			vertex 8.13790225982666 22.297569274902344 0.25323691964149475
			vertex 7.801748752593994 21.760507583618164 0.14645348489284515
		endloop
	endfacet
	facet normal 0.022086063516760353 0.07064052234260723 -0.9972572999991013
		outer loop
			vertex 6.5757975578308105 22.16181182861328 0.14645348489284515
			vertex 7.141005516052246 19.917573928833008 8.907265964808175e-7
			vertex 5.476355075836182 20.438034057617188 8.907265964808175e-7
		endloop
	endfacet
	facet normal 0.022219486655522345 0.07067377759118317 -0.9972519799798629
		outer loop
			vertex 6.5757975578308105 22.16181182861328 0.14645348489284515
			vertex 7.288844108581543 21.937633514404297 0.14645348489284515
			vertex 7.141005516052246 19.917573928833008 8.907265964808175e-7
		endloop
	endfacet
	facet normal 0.06990400369755657 0.20337867954747849 -0.9766015272221196
		outer loop
			vertex 7.681393623352051 23.119112014770508 0.3916480243206024
			vertex 8.155343055725098 22.956209182739258 0.3916480243206024
			vertex 8.13790225982666 22.297569274902344 0.25323691964149475
		endloop
	endfacet
	facet normal 0.08670509956953042 0.252259780953006 -0.9637672066542727
		outer loop
			vertex 7.681393623352051 23.119112014770508 0.3916480243206024
			vertex 8.200926780700684 23.738845825195312 0.6005989909172058
			vertex 8.155343055725098 22.956209182739258 0.3916480243206024
		endloop
	endfacet
	facet normal 0.04314788757488518 0.1892488344960184 -0.9809807023788611
		outer loop
			vertex 7.681393623352051 23.119112014770508 0.3916480243206024
			vertex 8.13790225982666 22.297569274902344 0.25323691964149475
			vertex 7.288844108581543 21.937633514404297 0.14645348489284515
		endloop
	endfacet
	facet normal 0.02026685609992909 0.07179709535312967 -0.997213333065036
		outer loop
			vertex 5.983071327209473 22.329126358032227 0.14645348489284515
			vertex 6.5757975578308105 22.16181182861328 0.14645348489284515
			vertex 5.476355075836182 20.438034057617188 8.907265964808175e-7
		endloop
	endfacet
	facet normal 0.05796230433043647 0.18436137019860588 -0.981147927916682
		outer loop
			vertex 6.929945468902588 23.355363845825195 0.3916480243206024
			vertex 7.288844108581543 21.937633514404297 0.14645348489284515
			vertex 6.5757975578308105 22.16181182861328 0.14645348489284515
		endloop
	endfacet
	facet normal 0.08079064321360256 0.25697146755909606 -0.9630361035961513
		outer loop
			vertex 6.929945468902588 23.355363845825195 0.3916480243206024
			vertex 8.200926780700684 23.738845825195312 0.6005989909172058
			vertex 7.681393623352051 23.119112014770508 0.3916480243206024
		endloop
	endfacet
	facet normal 0.05796236852200977 0.18436138530203228 -0.9811479212865074
		outer loop
			vertex 6.929945468902588 23.355363845825195 0.3916480243206024
			vertex 7.681393623352051 23.119112014770508 0.3916480243206024
			vertex 7.288844108581543 21.937633514404297 0.14645348489284515
		endloop
	endfacet
	facet normal 0.0183469278425562 0.07231153817141572 -0.9972133330867695
		outer loop
			vertex 5.3860979080200195 22.4805908203125 0.14645348489284515
			vertex 5.983071327209473 22.329126358032227 0.14645348489284515
			vertex 5.476355075836182 20.438034057617188 8.907265964808175e-7
		endloop
	endfacet
	facet normal 0.01617388902867847 0.07213352196754888 -0.9972638368667769
		outer loop
			vertex 4.994184970855713 22.570890426635742 0.14645348489284515
			vertex 5.476355075836182 20.438034057617188 8.907265964808175e-7
			vertex 3.7744948863983154 20.81962776184082 8.907265964808175e-7
		endloop
	endfacet
	facet normal 0.016644353209030616 0.07223882383274968 -0.9972484734696334
		outer loop
			vertex 4.994184970855713 22.570890426635742 0.14645348489284515
			vertex 5.3860979080200195 22.4805908203125 0.14645348489284515
			vertex 5.476355075836182 20.438034057617188 8.907265964808175e-7
		endloop
	endfacet
	facet normal 0.05249893083768407 0.1859827651996914 -0.9811494653260412
		outer loop
			vertex 6.305296897888184 23.531688690185547 0.3916480243206024
			vertex 6.929945468902588 23.355363845825195 0.3916480243206024
			vertex 6.5757975578308105 22.16181182861328 0.14645348489284515
		endloop
	endfacet
	facet normal 0.052499153934786685 0.1859828057410296 -0.9811494457037757
		outer loop
			vertex 6.305296897888184 23.531688690185547 0.3916480243206024
			vertex 6.5757975578308105 22.16181182861328 0.14645348489284515
			vertex 5.983071327209473 22.329126358032227 0.14645348489284515
		endloop
	endfacet
	facet normal 0.01510398256715151 0.07287556395194535 -0.9972266652518359
		outer loop
			vertex 4.387839317321777 22.69655990600586 0.14645348489284515
			vertex 4.994184970855713 22.570890426635742 0.14645348489284515
			vertex 3.7744948863983154 20.81962776184082 8.907265964808175e-7
		endloop
	endfacet
	facet normal 0.047525934167513384 0.18731537589237343 -0.9811494460762867
		outer loop
			vertex 5.676173210144043 23.69131088256836 0.3916480243206024
			vertex 6.305296897888184 23.531688690185547 0.3916480243206024
			vertex 5.983071327209473 22.329126358032227 0.14645348489284515
		endloop
	endfacet
	facet normal 0.047525763035773244 0.1873153400601242 -0.9811494612066133
		outer loop
			vertex 5.676173210144043 23.69131088256836 0.3916480243206024
			vertex 5.983071327209473 22.329126358032227 0.14645348489284515
			vertex 5.3860979080200195 22.4805908203125 0.14645348489284515
		endloop
	endfacet
	facet normal 0.01849998442940521 0.10896275296736356 -0.9938736685524399
		outer loop
			vertex 3.9941365718841553 22.769142150878906 0.14645348489284515
			vertex 3.0893614292144775 21.94223403930664 0.03895439952611923
			vertex 3.744392156600952 22.81154441833496 0.14645348489284515
		endloop
	endfacet
	facet normal 0.028438844996948483 0.16750148379337143 -0.9854615593833475
		outer loop
			vertex 3.9941365718841553 22.769142150878906 0.14645348489284515
			vertex 3.744392156600952 22.81154441833496 0.14645348489284515
			vertex 4.101154327392578 23.37921142578125 0.25323691964149475
		endloop
	endfacet
	facet normal 0.05569440981073149 0.06855419179209896 -0.9960915899170951
		outer loop
			vertex 3.9941365718841553 22.769142150878906 0.14645348489284515
			vertex 3.7744948863983154 20.81962776184082 8.907265964808175e-7
			vertex 3.0893614292144775 21.94223403930664 0.03895439952611923
		endloop
	endfacet
	facet normal 0.013529811065608395 0.07338879874960166 -0.9972116267024865
		outer loop
			vertex 3.9941365718841553 22.769142150878906 0.14645348489284515
			vertex 4.387839317321777 22.69655990600586 0.14645348489284515
			vertex 3.7744948863983154 20.81962776184082 8.907265964808175e-7
		endloop
	endfacet
	facet normal 0.03080373508716277 0.16708652501395274 -0.985460919094939
		outer loop
			vertex 3.9941365718841553 22.769142150878906 0.14645348489284515
			vertex 4.101154327392578 23.37921142578125 0.25323691964149475
			vertex 4.387839317321777 22.69655990600586 0.14645348489284515
		endloop
	endfacet
	facet normal 0.09747019706229289 0.3100244423783158 -0.9457189888189051
		outer loop
			vertex 7.390181541442871 24.906455993652344 0.8998043537139893
			vertex 8.191534996032715 24.65451431274414 0.8998043537139893
			vertex 8.200926780700684 23.738845825195312 0.6005989909172058
		endloop
	endfacet
	facet normal 0.11617572741922022 0.3695213121198515 -0.9219312340125148
		outer loop
			vertex 7.390181541442871 24.906455993652344 0.8998043537139893
			vertex 8.062719345092773 25.53534507751465 1.2366195917129517
			vertex 8.191534996032715 24.65451431274414 0.8998043537139893
		endloop
	endfacet
	facet normal 0.0686810828494861 0.2921329252939211 -0.9539084142714324
		outer loop
			vertex 7.390181541442871 24.906455993652344 0.8998043537139893
			vertex 8.200926780700684 23.738845825195312 0.6005989909172058
			vertex 6.929945468902588 23.355363845825195 0.3916480243206024
		endloop
	endfacet
	facet normal 0.061104089558894153 0.2651989499372112 -0.9622555830918205
		outer loop
			vertex 5.263153076171875 23.786474227905273 0.3916480243206024
			vertex 4.767212390899658 24.658906936645508 0.6005989909172058
			vertex 5.676173210144043 23.69131088256836 0.3916480243206024
		endloop
	endfacet
	facet normal 0.04338734742414868 0.18830716386400959 -0.9811513390507038
		outer loop
			vertex 5.263153076171875 23.786474227905273 0.3916480243206024
			vertex 5.3860979080200195 22.4805908203125 0.14645348489284515
			vertex 4.994184970855713 22.570890426635742 0.14645348489284515
		endloop
	endfacet
	facet normal 0.043387573566956585 0.18830718260175033 -0.9811513254542151
		outer loop
			vertex 5.263153076171875 23.786474227905273 0.3916480243206024
			vertex 5.676173210144043 23.69131088256836 0.3916480243206024
			vertex 5.3860979080200195 22.4805908203125 0.14645348489284515
		endloop
	endfacet
	facet normal 0.13129807564896367 0.406939731469213 -0.9039695073854229
		outer loop
			vertex 6.724048614501953 25.09449005126953 0.8998043537139893
			vertex 5.785152912139893 26.145618438720703 1.2366195917129517
			vertex 6.409343719482422 26.751432418823242 1.600000023841858
		endloop
	endfacet
	facet normal 0.10834615380663865 0.40435256480921666 -0.9081630438899815
		outer loop
			vertex 6.724048614501953 25.09449005126953 0.8998043537139893
			vertex 6.409343719482422 26.751432418823242 1.600000023841858
			vertex 7.825061321258545 26.37209129333496 1.600000023841858
		endloop
	endfacet
	facet normal 0.08976282788925499 0.4180690477958424 -0.9039695271436985
		outer loop
			vertex 6.724048614501953 25.09449005126953 0.8998043537139893
			vertex 7.825061321258545 26.37209129333496 1.600000023841858
			vertex 8.062719345092773 25.53534507751465 1.2366195917129517
		endloop
	endfacet
	facet normal 0.08140924257806108 0.28840046465502783 -0.9540428225240366
		outer loop
			vertex 6.724048614501953 25.09449005126953 0.8998043537139893
			vertex 6.929945468902588 23.355363845825195 0.3916480243206024
			vertex 6.305296897888184 23.531688690185547 0.3916480243206024
		endloop
	endfacet
	facet normal 0.10677862431942434 0.3782759275313389 -0.9195138106840791
		outer loop
			vertex 6.724048614501953 25.09449005126953 0.8998043537139893
			vertex 8.062719345092773 25.53534507751465 1.2366195917129517
			vertex 7.390181541442871 24.906455993652344 0.8998043537139893
		endloop
	endfacet
	facet normal 0.08140883110632356 0.2884004293206152 -0.9540428683165066
		outer loop
			vertex 6.724048614501953 25.09449005126953 0.8998043537139893
			vertex 7.390181541442871 24.906455993652344 0.8998043537139893
			vertex 6.929945468902588 23.355363845825195 0.3916480243206024
		endloop
	endfacet
	facet normal 0.039970566821508104 0.21170262667130788 -0.9765164369576358
		outer loop
			vertex 4.624151706695557 23.918912887573242 0.3916480243206024
			vertex 4.101154327392578 23.37921142578125 0.25323691964149475
			vertex 4.415369510650635 23.958332061767578 0.3916480243206024
		endloop
	endfacet
	facet normal 0.04956563421032527 0.2625225456975189 -0.9636519915954217
		outer loop
			vertex 4.624151706695557 23.918912887573242 0.3916480243206024
			vertex 4.415369510650635 23.958332061767578 0.3916480243206024
			vertex 4.767212390899658 24.658906936645508 0.6005989909172058
		endloop
	endfacet
	facet normal 0.03921905060390136 0.18922892804677088 -0.9811494681545717
		outer loop
			vertex 4.624151706695557 23.918912887573242 0.3916480243206024
			vertex 4.994184970855713 22.570890426635742 0.14645348489284515
			vertex 4.387839317321777 22.69655990600586 0.14645348489284515
		endloop
	endfacet
	facet normal 0.05422316493336492 0.26162056258064426 -0.9636464754356736
		outer loop
			vertex 4.624151706695557 23.918912887573242 0.3916480243206024
			vertex 4.767212390899658 24.658906936645508 0.6005989909172058
			vertex 5.263153076171875 23.786474227905273 0.3916480243206024
		endloop
	endfacet
	facet normal 0.07061878588489659 0.18304142187046613 -0.980565563825174
		outer loop
			vertex 4.624151706695557 23.918912887573242 0.3916480243206024
			vertex 4.387839317321777 22.69655990600586 0.14645348489284515
			vertex 4.101154327392578 23.37921142578125 0.25323691964149475
		endloop
	endfacet
	facet normal 0.03921937889826256 0.1892290128035903 -0.9811494386851645
		outer loop
			vertex 4.624151706695557 23.918912887573242 0.3916480243206024
			vertex 5.263153076171875 23.786474227905273 0.3916480243206024
			vertex 4.994184970855713 22.570890426635742 0.14645348489284515
		endloop
	endfacet
	facet normal 0.08658714118086205 0.2873351863152516 -0.9539083591662803
		outer loop
			vertex 6.053142547607422 25.264713287353516 0.8998043537139893
			vertex 5.676173210144043 23.69131088256836 0.3916480243206024
			vertex 4.767212390899658 24.658906936645508 0.6005989909172058
		endloop
	endfacet
	facet normal 0.07369766226475437 0.29046678516311913 -0.95404281942359
		outer loop
			vertex 6.053142547607422 25.264713287353516 0.8998043537139893
			vertex 6.305296897888184 23.531688690185547 0.3916480243206024
			vertex 5.676173210144043 23.69131088256836 0.3916480243206024
		endloop
	endfacet
	facet normal 0.09666398240493902 0.3809847218135546 -0.9195143915405927
		outer loop
			vertex 6.053142547607422 25.264713287353516 0.8998043537139893
			vertex 5.785152912139893 26.145618438720703 1.2366195917129517
			vertex 6.724048614501953 25.09449005126953 0.8998043537139893
		endloop
	endfacet
	facet normal 0.07369764295551293 0.29046678298540846 -0.9540428215782086
		outer loop
			vertex 6.053142547607422 25.264713287353516 0.8998043537139893
			vertex 6.724048614501953 25.09449005126953 0.8998043537139893
			vertex 6.305296897888184 23.531688690185547 0.3916480243206024
		endloop
	endfacet
	facet normal 0.06801286241162291 0.3186447444110446 -0.9454310008698668
		outer loop
			vertex 5.6126933097839355 25.36619758605957 0.8998043537139893
			vertex 4.767212390899658 24.658906936645508 0.6005989909172058
			vertex 5.233179092407227 25.447202682495117 0.8998043537139893
		endloop
	endfacet
	facet normal 0.08114909291749502 0.3801888503881644 -0.9213420986578188
		outer loop
			vertex 5.6126933097839355 25.36619758605957 0.8998043537139893
			vertex 5.233179092407227 25.447202682495117 0.8998043537139893
			vertex 5.785152912139893 26.145618438720703 1.2366195917129517
		endloop
	endfacet
	facet normal 0.08728660762114691 0.37883022584889947 -0.9213407122846923
		outer loop
			vertex 5.6126933097839355 25.36619758605957 0.8998043537139893
			vertex 5.785152912139893 26.145618438720703 1.2366195917129517
			vertex 6.053142547607422 25.264713287353516 0.8998043537139893
		endloop
	endfacet
	facet normal 0.07234615121913537 0.31398755837320247 -0.9466667035396423
		outer loop
			vertex 5.6126933097839355 25.36619758605957 0.8998043537139893
			vertex 6.053142547607422 25.264713287353516 0.8998043537139893
			vertex 4.767212390899658 24.658906936645508 0.6005989909172058
		endloop
	endfacet
	facet normal 0.9899771223477268 0.14122782030504527 0
		outer loop
			vertex 8.29565143585205 20.547212600708008 0.03895439952611923
			vertex 8.19929313659668 21.22266387939453 7.102718353271484
			vertex 8.29565143585205 20.547212600708008 7.161045551300049
		endloop
	endfacet
	facet normal 0.9970939805290454 0.07617749965817504 -0.0007632421453298237
		outer loop
			vertex 8.163033485412598 21.627573013305664 0.14645348489284515
			vertex 8.147741317749023 21.896547317504883 7.014603614807129
			vertex 8.19929313659668 21.22266387939453 7.102718353271484
		endloop
	endfacet
	facet normal 0.9925710157919164 0.1216517194910369 0.0019072898776730104
		outer loop
			vertex 8.163033485412598 21.627573013305664 0.14645348489284515
			vertex 8.19929313659668 21.22266387939453 7.102718353271484
			vertex 8.29565143585205 20.547212600708008 0.03895439952611923
		endloop
	endfacet
	facet normal 0.9999697349041553 -0.007543837586810482 -0.0019025746180696367
		outer loop
			vertex 8.13790225982666 22.297569274902344 0.25323691964149475
			vertex 8.155343055725098 22.956209182739258 6.808351993560791
			vertex 8.147741317749023 21.896547317504883 7.014603614807129
		endloop
	endfacet
	facet normal 0.9993015105729748 0.037361887535928805 0.0007617915222631135
		outer loop
			vertex 8.13790225982666 22.297569274902344 0.25323691964149475
			vertex 8.147741317749023 21.896547317504883 7.014603614807129
			vertex 8.163033485412598 21.627573013305664 0.14645348489284515
		endloop
	endfacet
	facet normal 0.999649588620463 -0.02647073801274051 0
		outer loop
			vertex 8.155343055725098 22.956209182739258 0.3916480243206024
			vertex 8.155343055725098 22.956209182739258 6.808351993560791
			vertex 8.13790225982666 22.297569274902344 0.25323691964149475
		endloop
	endfacet
	facet normal 0.1198171039884312 0.3698285695563308 0.9213417882261413
		outer loop
			vertex 7.82236385345459 24.774118423461914 6.300195693969727
			vertex 8.191534996032715 24.65451431274414 6.300195693969727
			vertex 8.062719345092773 25.53534507751465 5.963380336761475
		endloop
	endfacet
	facet normal 0.1004210686784019 0.3099605894850981 0.9454311407667606
		outer loop
			vertex 7.82236385345459 24.774118423461914 6.300195693969727
			vertex 8.200926780700684 23.738845825195312 6.599400997161865
			vertex 8.191534996032715 24.65451431274414 6.300195693969727
		endloop
	endfacet
	facet normal 0.09434087241431768 0.3080943400921755 0.9466666136477364
		outer loop
			vertex 7.390181541442871 24.906455993652344 6.300195693969727
			vertex 8.200926780700684 23.738845825195312 6.599400997161865
			vertex 7.82236385345459 24.774118423461914 6.300195693969727
		endloop
	endfacet
	facet normal 0.1138236564941306 0.3717203735452786 0.9213404034957247
		outer loop
			vertex 7.390181541442871 24.906455993652344 6.300195693969727
			vertex 7.82236385345459 24.774118423461914 6.300195693969727
			vertex 8.062719345092773 25.53534507751465 5.963380336761475
		endloop
	endfacet
	facet normal 0.0666249203468433 0.1901687264415107 0.9794881191073176
		outer loop
			vertex 7.954823017120361 23.026460647583008 6.808351993560791
			vertex 8.147741317749023 21.896547317504883 7.014603614807129
			vertex 8.155343055725098 22.956209182739258 6.808351993560791
		endloop
	endfacet
	facet normal 0.08833429793502474 0.2521341992149119 0.9636521142998554
		outer loop
			vertex 7.954823017120361 23.026460647583008 6.808351993560791
			vertex 8.155343055725098 22.956209182739258 6.808351993560791
			vertex 8.200926780700684 23.738845825195312 6.599400997161865
		endloop
	endfacet
	facet normal 0.089762900124901 0.4180690622871335 0.9039695132688513
		outer loop
			vertex 6.724048614501953 25.09449005126953 6.300195693969727
			vertex 8.062719345092773 25.53534507751465 5.963380336761475
			vertex 7.825061321258545 26.37209129333496 5.599999904632568
		endloop
	endfacet
	facet normal 0.10834616902023217 0.4043526215870103 0.9081630167950858
		outer loop
			vertex 6.724048614501953 25.09449005126953 6.300195693969727
			vertex 7.825061321258545 26.37209129333496 5.599999904632568
			vertex 6.409343719482422 26.751432418823242 5.599999904632568
		endloop
	endfacet
	facet normal 0.13129802033676474 0.4069397801368418 0.9039694935106082
		outer loop
			vertex 6.724048614501953 25.09449005126953 6.300195693969727
			vertex 6.409343719482422 26.751432418823242 5.599999904632568
			vertex 5.785152912139893 26.145618438720703 5.963380336761475
		endloop
	endfacet
	facet normal 0.1067786562729782 0.3782760407305892 0.9195137604047733
		outer loop
			vertex 6.724048614501953 25.09449005126953 6.300195693969727
			vertex 7.390181541442871 24.906455993652344 6.300195693969727
			vertex 8.062719345092773 25.53534507751465 5.963380336761475
		endloop
	endfacet
	facet normal 0.08385223717584757 0.2536809739293159 0.9636465979740079
		outer loop
			vertex 7.335212707519531 23.23126792907715 6.808351993560791
			vertex 7.954823017120361 23.026460647583008 6.808351993560791
			vertex 8.200926780700684 23.738845825195312 6.599400997161865
		endloop
	endfacet
	facet normal 0.09666401133171804 0.38098483582355686 0.9195143412616027
		outer loop
			vertex 6.053142547607422 25.264713287353516 6.300195693969727
			vertex 6.724048614501953 25.09449005126953 6.300195693969727
			vertex 5.785152912139893 26.145618438720703 5.963380336761475
		endloop
	endfacet
	facet normal 0.0505432779058567 0.13328786337253368 0.9897877158947347
		outer loop
			vertex 7.9343695640563965 21.323123931884766 7.102718353271484
			vertex 8.19929313659668 21.22266387939453 7.102718353271484
			vertex 8.147741317749023 21.896547317504883 7.014603614807129
		endloop
	endfacet
	facet normal 0.0344542512726389 0.09085943228265181 0.99526753595931
		outer loop
			vertex 7.9343695640563965 21.323123931884766 7.102718353271484
			vertex 8.29565143585205 20.547212600708008 7.161045551300049
			vertex 8.19929313659668 21.22266387939453 7.102718353271484
		endloop
	endfacet
	facet normal 0.0796817680151561 0.2602213750286545 0.9622555023610806
		outer loop
			vertex 6.929945468902588 23.355363845825195 6.808351993560791
			vertex 7.335212707519531 23.23126792907715 6.808351993560791
			vertex 8.200926780700684 23.738845825195312 6.599400997161865
		endloop
	endfacet
	facet normal 0.06868111389574126 0.29213289959941113 0.953908419905014
		outer loop
			vertex 6.929945468902588 23.355363845825195 6.808351993560791
			vertex 8.200926780700684 23.738845825195312 6.599400997161865
			vertex 7.390181541442871 24.906455993652344 6.300195693969727
		endloop
	endfacet
	facet normal 0.08114911729806387 0.3801889646127368 0.9213420493760394
		outer loop
			vertex 5.6126933097839355 25.36619758605957 6.300195693969727
			vertex 5.785152912139893 26.145618438720703 5.963380336761475
			vertex 5.233179092407227 25.447202682495117 6.300195693969727
		endloop
	endfacet
	facet normal 0.0680128503011396 0.3186446876726319 0.9454310208639897
		outer loop
			vertex 5.6126933097839355 25.36619758605957 6.300195693969727
			vertex 5.233179092407227 25.447202682495117 6.300195693969727
			vertex 4.767212390899658 24.658906936645508 6.599400997161865
		endloop
	endfacet
	facet normal 0.08728663384560201 0.37883033966494195 0.921340663002154
		outer loop
			vertex 5.6126933097839355 25.36619758605957 6.300195693969727
			vertex 6.053142547607422 25.264713287353516 6.300195693969727
			vertex 5.785152912139893 26.145618438720703 5.963380336761475
		endloop
	endfacet
	facet normal 0.07234613830336306 0.3139875023178112 0.9466667231189725
		outer loop
			vertex 5.6126933097839355 25.36619758605957 6.300195693969727
			vertex 4.767212390899658 24.658906936645508 6.599400997161865
			vertex 6.053142547607422 25.264713287353516 6.300195693969727
		endloop
	endfacet
	facet normal 0.011778535232565081 0.02735535268648879 0.9995563769929005
		outer loop
			vertex 8.340553283691406 19.707714080810547 7.197393417358398
			vertex 8.58519172668457 19.602378845214844 7.197393417358398
			vertex 8.446269035339355 19.95750617980957 7.189311504364014
		endloop
	endfacet
	facet normal 0.0042091012902783905 0.009775532187599982 0.999943359614322
		outer loop
			vertex 8.340553283691406 19.707714080810547 7.197393417358398
			vertex 8.757136344909668 19.261783599853516 7.1999993324279785
			vertex 8.58519172668457 19.602378845214844 7.197393417358398
		endloop
	endfacet
	facet normal 0.02068544899000356 0.1829488193971978 0.982904797872741
		outer loop
			vertex 7.429008960723877 21.504409790039062 7.102718353271484
			vertex 8.147741317749023 21.896547317504883 7.014603614807129
			vertex 7.954823017120361 23.026460647583008 6.808351993560791
		endloop
	endfacet
	facet normal 0.048135171973098814 0.13418376809698893 0.9897867051028792
		outer loop
			vertex 7.429008960723877 21.504409790039062 7.102718353271484
			vertex 7.9343695640563965 21.323123931884766 7.102718353271484
			vertex 8.147741317749023 21.896547317504883 7.014603614807129
		endloop
	endfacet
	facet normal 0.08140886509257288 0.28840054972093 0.9540428290202726
		outer loop
			vertex 6.305296897888184 23.531688690185547 6.808351993560791
			vertex 7.390181541442871 24.906455993652344 6.300195693969727
			vertex 6.724048614501953 25.09449005126953 6.300195693969727
		endloop
	endfacet
	facet normal 0.08140919735449823 0.2884003044459886 0.9540428748130546
		outer loop
			vertex 6.305296897888184 23.531688690185547 6.808351993560791
			vertex 6.929945468902588 23.355363845825195 6.808351993560791
			vertex 7.390181541442871 24.906455993652344 6.300195693969727
		endloop
	endfacet
	facet normal 0.0037842864003396095 0.00932600199568661 0.9999493511489554
		outer loop
			vertex 8.01162052154541 19.843708038330078 7.197393417358398
			vertex 7.141005516052246 19.917573928833008 7.1999993324279785
			vertex 8.757136344909668 19.261783599853516 7.1999993324279785
		endloop
	endfacet
	facet normal 0.005658820305779678 0.04931847458807981 0.998767072853852
		outer loop
			vertex 8.01162052154541 19.843708038330078 7.197393417358398
			vertex 8.446269035339355 19.95750617980957 7.189311504364014
			vertex 8.29565143585205 20.547212600708008 7.161045551300049
		endloop
	endfacet
	facet normal 0.011379599844498283 0.02752418767156906 0.9995563634935248
		outer loop
			vertex 8.01162052154541 19.843708038330078 7.197393417358398
			vertex 8.340553283691406 19.707714080810547 7.197393417358398
			vertex 8.446269035339355 19.95750617980957 7.189311504364014
		endloop
	endfacet
	facet normal 0.0039362026998092095 0.009520614371626188 0.9999469306969709
		outer loop
			vertex 8.01162052154541 19.843708038330078 7.197393417358398
			vertex 8.757136344909668 19.261783599853516 7.1999993324279785
			vertex 8.340553283691406 19.707714080810547 7.197393417358398
		endloop
	endfacet
	facet normal 0.05643988602892504 0.17075007262948066 0.9836965751501167
		outer loop
			vertex 6.8503546714782715 21.6956787109375 7.102718353271484
			vertex 7.429008960723877 21.504409790039062 7.102718353271484
			vertex 7.954823017120361 23.026460647583008 6.808351993560791
		endloop
	endfacet
	facet normal 0.05644004247205116 0.17074994567999333 0.9836965882100195
		outer loop
			vertex 6.8503546714782715 21.6956787109375 7.102718353271484
			vertex 7.954823017120361 23.026460647583008 6.808351993560791
			vertex 7.335212707519531 23.23126792907715 6.808351993560791
		endloop
	endfacet
	facet normal 0.08658710144673731 0.28733517958627386 0.9539083647998775
		outer loop
			vertex 5.676173210144043 23.69131088256836 6.808351993560791
			vertex 6.053142547607422 25.264713287353516 6.300195693969727
			vertex 4.767212390899658 24.658906936645508 6.599400997161865
		endloop
	endfacet
	facet normal 0.07369764065418187 0.2904667739151017 0.9540428245175163
		outer loop
			vertex 5.676173210144043 23.69131088256836 6.808351993560791
			vertex 6.724048614501953 25.09449005126953 6.300195693969727
			vertex 6.053142547607422 25.264713287353516 6.300195693969727
		endloop
	endfacet
	facet normal 0.0736976565895075 0.29046676279510003 0.9540428266721314
		outer loop
			vertex 5.676173210144043 23.69131088256836 6.808351993560791
			vertex 6.305296897888184 23.531688690185547 6.808351993560791
			vertex 6.724048614501953 25.09449005126953 6.300195693969727
		endloop
	endfacet
	facet normal 0.00383112459984606 0.009878250443523076 0.9999438697509354
		outer loop
			vertex 7.463043212890625 20.05646514892578 7.197393417358398
			vertex 7.141005516052246 19.917573928833008 7.1999993324279785
			vertex 8.01162052154541 19.843708038330078 7.197393417358398
		endloop
	endfacet
	facet normal -0.0005101549422901926 0.07472478732106076 0.9972040643227228
		outer loop
			vertex 7.463043212890625 20.05646514892578 7.197393417358398
			vertex 8.29565143585205 20.547212600708008 7.161045551300049
			vertex 7.9343695640563965 21.323123931884766 7.102718353271484
		endloop
	endfacet
	facet normal 0.017305472079822744 0.044620785044358555 0.998854096541692
		outer loop
			vertex 7.463043212890625 20.05646514892578 7.197393417358398
			vertex 8.01162052154541 19.843708038330078 7.197393417358398
			vertex 8.29565143585205 20.547212600708008 7.161045551300049
		endloop
	endfacet
	facet normal 0.052650970136182744 0.1719466511216989 0.9836982385425684
		outer loop
			vertex 6.471875190734863 21.81157112121582 7.102718353271484
			vertex 6.8503546714782715 21.6956787109375 7.102718353271484
			vertex 7.335212707519531 23.23126792907715 6.808351993560791
		endloop
	endfacet
	facet normal 0.05265131226761979 0.17194644667945935 0.9836982559661299
		outer loop
			vertex 6.471875190734863 21.81157112121582 7.102718353271484
			vertex 7.335212707519531 23.23126792907715 6.808351993560791
			vertex 6.929945468902588 23.355363845825195 6.808351993560791
		endloop
	endfacet
	facet normal 0.06110409762858456 0.2651989849606186 0.9622555729268882
		outer loop
			vertex 5.263153076171875 23.786474227905273 6.808351993560791
			vertex 5.676173210144043 23.69131088256836 6.808351993560791
			vertex 4.767212390899658 24.658906936645508 6.599400997161865
		endloop
	endfacet
	facet normal 0.003674138658173075 0.010242185505942587 0.9999407974181185
		outer loop
			vertex 6.9877028465271 20.22698211669922 7.197393417358398
			vertex 7.141005516052246 19.917573928833008 7.1999993324279785
			vertex 7.463043212890625 20.05646514892578 7.197393417358398
		endloop
	endfacet
	facet normal 0.023597205470086428 0.0657806301866887 0.9975550514063096
		outer loop
			vertex 6.9877028465271 20.22698211669922 7.197393417358398
			vertex 7.9343695640563965 21.323123931884766 7.102718353271484
			vertex 7.429008960723877 21.504409790039062 7.102718353271484
		endloop
	endfacet
	facet normal 0.023597220426035157 0.06578061731296932 0.9975550519014428
		outer loop
			vertex 6.9877028465271 20.22698211669922 7.197393417358398
			vertex 7.463043212890625 20.05646514892578 7.197393417358398
			vertex 7.9343695640563965 21.323123931884766 7.102718353271484
		endloop
	endfacet
	facet normal 0.04885472430088684 0.17307279545634874 0.9836966114541664
		outer loop
			vertex 5.888516426086426 21.976242065429688 7.102718353271484
			vertex 6.929945468902588 23.355363845825195 6.808351993560791
			vertex 6.305296897888184 23.531688690185547 6.808351993560791
		endloop
	endfacet
	facet normal 0.048855049217037934 0.17307255566030716 0.9836966375073215
		outer loop
			vertex 5.888516426086426 21.976242065429688 7.102718353271484
			vertex 6.471875190734863 21.81157112121582 7.102718353271484
			vertex 6.929945468902588 23.355363845825195 6.808351993560791
		endloop
	endfacet
	facet normal 0.04956564077520586 0.26252258046816584 0.963651981785374
		outer loop
			vertex 4.624151706695557 23.918912887573242 6.808351993560791
			vertex 4.767212390899658 24.658906936645508 6.599400997161865
			vertex 4.415369510650635 23.958332061767578 6.808351993560791
		endloop
	endfacet
	facet normal 0.03738420588191881 0.19800406175287158 0.9794880360065372
		outer loop
			vertex 4.624151706695557 23.918912887573242 6.808351993560791
			vertex 4.415369510650635 23.958332061767578 6.808351993560791
			vertex 3.892122983932495 23.036836624145508 7.014603614807129
		endloop
	endfacet
	facet normal 0.05422317211504501 0.26162059723142844 0.9636464656242212
		outer loop
			vertex 4.624151706695557 23.918912887573242 6.808351993560791
			vertex 5.263153076171875 23.786474227905273 6.808351993560791
			vertex 4.767212390899658 24.658906936645508 6.599400997161865
		endloop
	endfacet
	facet normal 0.02193318516633221 0.06635548313527208 0.9975549534969711
		outer loop
			vertex 6.443422317504883 20.406888961791992 7.197393417358398
			vertex 6.9877028465271 20.22698211669922 7.197393417358398
			vertex 7.429008960723877 21.504409790039062 7.102718353271484
		endloop
	endfacet
	facet normal 0.003003950260008579 0.009607896640213186 0.9999493310188204
		outer loop
			vertex 6.443422317504883 20.406888961791992 7.197393417358398
			vertex 5.476355075836182 20.438034057617188 7.1999993324279785
			vertex 7.141005516052246 19.917573928833008 7.1999993324279785
		endloop
	endfacet
	facet normal 0.0033289312336682144 0.010071170177016775 0.9999437432916449
		outer loop
			vertex 6.443422317504883 20.406888961791992 7.197393417358398
			vertex 7.141005516052246 19.917573928833008 7.1999993324279785
			vertex 6.9877028465271 20.22698211669922 7.197393417358398
		endloop
	endfacet
	facet normal 0.02193319847882158 0.06635547122360001 0.997554953996612
		outer loop
			vertex 6.443422317504883 20.406888961791992 7.197393417358398
			vertex 7.429008960723877 21.504409790039062 7.102718353271484
			vertex 6.8503546714782715 21.6956787109375 7.102718353271484
		endloop
	endfacet
	facet normal 0.044226779418919865 0.1743128489023794 0.9836966111000721
		outer loop
			vertex 5.30097770690918 22.12531280517578 7.102718353271484
			vertex 5.888516426086426 21.976242065429688 7.102718353271484
			vertex 6.305296897888184 23.531688690185547 6.808351993560791
		endloop
	endfacet
	facet normal 0.04422689358363184 0.17431276925499825 0.9836966200809047
		outer loop
			vertex 5.30097770690918 22.12531280517578 7.102718353271484
			vertex 6.305296897888184 23.531688690185547 6.808351993560791
			vertex 5.676173210144043 23.69131088256836 6.808351993560791
		endloop
	endfacet
	facet normal 0.020460914789888287 0.06682035992618464 0.9975552067255706
		outer loop
			vertex 6.08742618560791 20.515897750854492 7.197393417358398
			vertex 6.443422317504883 20.406888961791992 7.197393417358398
			vertex 6.8503546714782715 21.6956787109375 7.102718353271484
		endloop
	endfacet
	facet normal 0.0030112235963172863 0.009833922216595074 0.9999471118545676
		outer loop
			vertex 6.08742618560791 20.515897750854492 7.197393417358398
			vertex 5.476355075836182 20.438034057617188 7.1999993324279785
			vertex 6.443422317504883 20.406888961791992 7.197393417358398
		endloop
	endfacet
	facet normal 0.02046077393392126 0.06682045075705383 0.9975552035304358
		outer loop
			vertex 6.08742618560791 20.515897750854492 7.197393417358398
			vertex 6.8503546714782715 21.6956787109375 7.102718353271484
			vertex 6.471875190734863 21.81157112121582 7.102718353271484
		endloop
	endfacet
	facet normal 0.0403757652940621 0.17523576057275653 0.9836982391940154
		outer loop
			vertex 4.915258407592773 22.21418571472168 7.102718353271484
			vertex 5.30097770690918 22.12531280517578 7.102718353271484
			vertex 5.676173210144043 23.69131088256836 6.808351993560791
		endloop
	endfacet
	facet normal 0.04037580261199143 0.17523574171335743 0.9836982410219138
		outer loop
			vertex 4.915258407592773 22.21418571472168 7.102718353271484
			vertex 5.676173210144043 23.69131088256836 6.808351993560791
			vertex 5.263153076171875 23.786474227905273 6.808351993560791
		endloop
	endfacet
	facet normal 0.018985658830372655 0.06725807357331112 0.9975549590363351
		outer loop
			vertex 5.53872013092041 20.670785903930664 7.197393417358398
			vertex 6.471875190734863 21.81157112121582 7.102718353271484
			vertex 5.888516426086426 21.976242065429688 7.102718353271484
		endloop
	endfacet
	facet normal 0.018985559329618554 0.06725815466769285 0.9975549554624238
		outer loop
			vertex 5.53872013092041 20.670785903930664 7.197393417358398
			vertex 6.08742618560791 20.515897750854492 7.197393417358398
			vertex 6.471875190734863 21.81157112121582 7.102718353271484
		endloop
	endfacet
	facet normal 0.0029380215589425796 0.010408221585555271 0.9999415167662283
		outer loop
			vertex 5.53872013092041 20.670785903930664 7.197393417358398
			vertex 5.476355075836182 20.438034057617188 7.1999993324279785
			vertex 6.08742618560791 20.515897750854492 7.197393417358398
		endloop
	endfacet
	facet normal 0.017187043686422706 0.06774001156205291 0.9975549590688697
		outer loop
			vertex 5.53872013092041 20.670785903930664 7.197393417358398
			vertex 5.888516426086426 21.976242065429688 7.102718353271484
			vertex 5.30097770690918 22.12531280517578 7.102718353271484
		endloop
	endfacet
	facet normal 0.07356000822774501 0.16878095797558637 0.9829048343631126
		outer loop
			vertex 4.31849479675293 22.33786964416504 7.102718353271484
			vertex 4.624151706695557 23.918912887573242 6.808351993560791
			vertex 3.892122983932495 23.036836624145508 7.014603614807129
		endloop
	endfacet
	facet normal 0.036496954858844154 0.17609362851440338 0.9836966027605579
		outer loop
			vertex 4.31849479675293 22.33786964416504 7.102718353271484
			vertex 5.263153076171875 23.786474227905273 6.808351993560791
			vertex 4.624151706695557 23.918912887573242 6.808351993560791
		endloop
	endfacet
	facet normal 0.03649680290718095 0.17609372523189012 0.9836965910846242
		outer loop
			vertex 4.31849479675293 22.33786964416504 7.102718353271484
			vertex 4.915258407592773 22.21418571472168 7.102718353271484
			vertex 5.263153076171875 23.786474227905273 6.808351993560791
		endloop
	endfacet
	facet normal 0.0026596925993013338 0.01048279887114072 0.9999415167714082
		outer loop
			vertex 4.986083030700684 20.81100082397461 7.197393417358398
			vertex 5.476355075836182 20.438034057617188 7.1999993324279785
			vertex 5.53872013092041 20.670785903930664 7.197393417358398
		endloop
	endfacet
	facet normal 0.017186972590300286 0.06774000007190831 0.9975549610740445
		outer loop
			vertex 4.986083030700684 20.81100082397461 7.197393417358398
			vertex 5.53872013092041 20.670785903930664 7.197393417358398
			vertex 5.30097770690918 22.12531280517578 7.102718353271484
		endloop
	endfacet
	facet normal 0.025405608829652735 0.14027419636680008 0.9897866966542049
		outer loop
			vertex 3.790196657180786 22.433551788330078 7.102718353271484
			vertex 4.31849479675293 22.33786964416504 7.102718353271484
			vertex 3.892122983932495 23.036836624145508 7.014603614807129
		endloop
	endfacet
	facet normal 0.022871619460535945 0.14070246711461482 0.9897877069205868
		outer loop
			vertex 3.790196657180786 22.433551788330078 7.102718353271484
			vertex 3.892122983932495 23.036836624145508 7.014603614807129
			vertex 3.510535717010498 22.47901153564453 7.102718353271484
		endloop
	endfacet
	facet normal 0.015591145763850097 0.09591418211126006 0.9952674946182551
		outer loop
			vertex 3.790196657180786 22.433551788330078 7.102718353271484
			vertex 3.510535717010498 22.47901153564453 7.102718353271484
			vertex 3.0893614292144775 21.94223403930664 7.161045551300049
		endloop
	endfacet
	facet normal 0.015690490129755427 0.06809864659212748 0.9975552029094975
		outer loop
			vertex 4.623276710510254 20.894596099853516 7.197393417358398
			vertex 5.30097770690918 22.12531280517578 7.102718353271484
			vertex 4.915258407592773 22.21418571472168 7.102718353271484
		endloop
	endfacet
	facet normal 0.0022024463183950276 0.009822635088480991 0.9999493312514055
		outer loop
			vertex 4.623276710510254 20.894596099853516 7.197393417358398
			vertex 3.7744948863983154 20.81962776184082 7.1999993324279785
			vertex 5.476355075836182 20.438034057617188 7.1999993324279785
		endloop
	endfacet
	facet normal 0.015690774355998874 0.06809849055686606 0.9975552090906977
		outer loop
			vertex 4.623276710510254 20.894596099853516 7.197393417358398
			vertex 4.986083030700684 20.81100082397461 7.197393417358398
			vertex 5.30097770690918 22.12531280517578 7.102718353271484
		endloop
	endfacet
	facet normal 0.0023092339314275314 0.010022153241454957 0.99994711054288
		outer loop
			vertex 4.623276710510254 20.894596099853516 7.197393417358398
			vertex 5.476355075836182 20.438034057617188 7.1999993324279785
			vertex 4.986083030700684 20.81100082397461 7.197393417358398
		endloop
	endfacet
	facet normal 0.014182900161151493 0.06843220842433186 0.9975549499617492
		outer loop
			vertex 4.061963081359863 21.01093101501465 7.197393417358398
			vertex 4.623276710510254 20.894596099853516 7.197393417358398
			vertex 4.915258407592773 22.21418571472168 7.102718353271484
		endloop
	endfacet
	facet normal 0.0021526336059931104 0.010386413914837972 0.9999437427048324
		outer loop
			vertex 4.061963081359863 21.01093101501465 7.197393417358398
			vertex 3.7744948863983154 20.81962776184082 7.1999993324279785
			vertex 4.623276710510254 20.894596099853516 7.197393417358398
		endloop
	endfacet
	facet normal 0.014183083933148795 0.06843207859648802 0.9975549562550975
		outer loop
			vertex 4.061963081359863 21.01093101501465 7.197393417358398
			vertex 4.915258407592773 22.21418571472168 7.102718353271484
			vertex 4.31849479675293 22.33786964416504 7.102718353271484
		endloop
	endfacet
	facet normal 0.012454526657380657 0.06876626062012939 0.9975550542030577
		outer loop
			vertex 4.061963081359863 21.01093101501465 7.197393417358398
			vertex 4.31849479675293 22.33786964416504 7.102718353271484
			vertex 3.790196657180786 22.433551788330078 7.102718353271484
		endloop
	endfacet
	facet normal 0.037804247600399216 0.06445842964935865 0.997204066232437
		outer loop
			vertex 3.565047264099121 21.100929260253906 7.197393417358398
			vertex 3.790196657180786 22.433551788330078 7.102718353271484
			vertex 3.0893614292144775 21.94223403930664 7.161045551300049
		endloop
	endfacet
	facet normal 0.001939201232808701 0.010707095042491309 0.9999407970546705
		outer loop
			vertex 3.565047264099121 21.100929260253906 7.197393417358398
			vertex 3.7744948863983154 20.81962776184082 7.1999993324279785
			vertex 4.061963081359863 21.01093101501465 7.197393417358398
		endloop
	endfacet
	facet normal 0.012454508933911786 0.06876625726449583 0.9975550546556557
		outer loop
			vertex 3.565047264099121 21.100929260253906 7.197393417358398
			vertex 4.061963081359863 21.01093101501465 7.197393417358398
			vertex 3.790196657180786 22.433551788330078 7.102718353271484
		endloop
	endfacet
	facet normal 0.019758532022005258 0.04554044345724059 0.9987670741579607
		outer loop
			vertex 2.983586549758911 21.19096565246582 7.197393417358398
			vertex 3.0893614292144775 21.94223403930664 7.161045551300049
			vertex 2.664069652557373 21.5068416595459 7.189311504364014
		endloop
	endfacet
	facet normal 0.0013857036530711213 0.009968677445315915 0.9999493513650465
		outer loop
			vertex 2.983586549758911 21.19096565246582 7.197393417358398
			vertex 2.0469889640808105 21.05976104736328 7.1999993324279785
			vertex 3.7744948863983154 20.81962776184082 7.1999993324279785
		endloop
	endfacet
	facet normal 0.0016212942291491186 0.010470420654104811 0.9999438692728451
		outer loop
			vertex 2.983586549758911 21.19096565246582 7.197393417358398
			vertex 3.7744948863983154 20.81962776184082 7.1999993324279785
			vertex 3.565047264099121 21.100929260253906 7.197393417358398
		endloop
	endfacet
	facet normal 0.007323472542330599 0.04729544877688894 0.9988540970907185
		outer loop
			vertex 2.983586549758911 21.19096565246582 7.197393417358398
			vertex 3.565047264099121 21.100929260253906 7.197393417358398
			vertex 3.0893614292144775 21.94223403930664 7.161045551300049
		endloop
	endfacet
	facet normal 0.0034773059312869247 0.029579681363281537 0.9995563769962688
		outer loop
			vertex 2.630725622177124 21.23765754699707 7.197393417358398
			vertex 2.664069652557373 21.5068416595459 7.189311504364014
			vertex 2.3661956787109375 21.268754959106445 7.197393417358398
		endloop
	endfacet
	facet normal 0.001242609633148392 0.010570251146660103 0.9999433612520243
		outer loop
			vertex 2.630725622177124 21.23765754699707 7.197393417358398
			vertex 2.3661956787109375 21.268754959106445 7.197393417358398
			vertex 2.0469889640808105 21.05976104736328 7.1999993324279785
		endloop
	endfacet
	facet normal 0.003907051451193058 0.029526448070233007 0.9995563634999847
		outer loop
			vertex 2.630725622177124 21.23765754699707 7.197393417358398
			vertex 2.983586549758911 21.19096565246582 7.197393417358398
			vertex 2.664069652557373 21.5068416595459 7.189311504364014
		endloop
	endfacet
	facet normal 0.0013514460647143978 0.010213175472087914 0.9999469309119914
		outer loop
			vertex 2.630725622177124 21.23765754699707 7.197393417358398
			vertex 2.0469889640808105 21.05976104736328 7.1999993324279785
			vertex 2.983586549758911 21.19096565246582 7.197393417358398
		endloop
	endfacet
	facet normal 0.00017995948520553657 0.0004434333032655457 0.9999998854907383
		outer loop
			vertex 7.141297340393066 19.916467666625977 7.199999809265137
			vertex 8.757926940917969 19.260387420654297 7.199999809265137
			vertex 8.757136344909668 19.261783599853516 7.1999993324279785
		endloop
	endfacet
	facet normal 0.00019587054999354182 0.000482703724531017 0.9999998643159119
		outer loop
			vertex 7.141297340393066 19.916467666625977 7.199999809265137
			vertex 8.757136344909668 19.261783599853516 7.1999993324279785
			vertex 7.141005516052246 19.917573928833008 7.1999993324279785
		endloop
	endfacet
	facet normal 0.00015086639876074354 0.0004825342100605458 0.999999872200025
		outer loop
			vertex 5.476110458374023 20.437122344970703 7.199999809265137
			vertex 7.141005516052246 19.917573928833008 7.1999993324279785
			vertex 5.476355075836182 20.438034057617188 7.1999993324279785
		endloop
	endfacet
	facet normal 0.00014688699929803323 0.0004697822079460485 0.9999998788644361
		outer loop
			vertex 5.476110458374023 20.437122344970703 7.199999809265137
			vertex 7.141297340393066 19.916467666625977 7.199999809265137
			vertex 7.141005516052246 19.917573928833008 7.1999993324279785
		endloop
	endfacet
	facet normal 0.00011061601846583621 0.000493333606025127 0.9999998721930168
		outer loop
			vertex 3.7744948863983154 20.81962776184082 7.1999993324279785
			vertex 5.476110458374023 20.437122344970703 7.199999809265137
			vertex 5.476355075836182 20.438034057617188 7.1999993324279785
		endloop
	endfacet
	facet normal 0.000107623372783721 0.0004800205070041607 0.999999878998754
		outer loop
			vertex 3.773688316345215 20.818815231323242 7.199999809265137
			vertex 5.476110458374023 20.437122344970703 7.199999809265137
			vertex 3.7744948863983154 20.81962776184082 7.1999993324279785
		endloop
	endfacet
	facet normal 0.00007168465917832065 0.0005156955771476245 0.9999998644596817
		outer loop
			vertex 2.0469889640808105 21.05976104736328 7.1999993324279785
			vertex 3.773688316345215 20.818815231323242 7.199999809265137
			vertex 3.7744948863983154 20.81962776184082 7.1999993324279785
		endloop
	endfacet
	facet normal 0.00006595622256843119 0.0004746436595984143 0.99999988518158
		outer loop
			vertex 2.0456066131591797 21.058948516845703 7.199999809265137
			vertex 3.773688316345215 20.818815231323242 7.199999809265137
			vertex 2.0469889640808105 21.05976104736328 7.1999993324279785
		endloop
	endfacet
	facet normal -0.5227485877537774 0.8524868996069275 0
		outer loop
			vertex 15.241310119628906 18.196414947509766 0.25323691964149475
			vertex 15.802988052368164 18.54083824157715 6.808351993560791
			vertex 15.802988052368164 18.54083824157715 0.3916480243206024
		endloop
	endfacet
	facet normal -0.5065178767499898 0.8622273603460354 -0.0019025255295078737
		outer loop
			vertex 15.241310119628906 18.196414947509766 0.25323691964149475
			vertex 14.8890962600708 18.004425048828125 7.014603614807129
			vertex 15.802988052368164 18.54083824157715 6.808351993560791
		endloop
	endfacet
	facet normal -0.4325758663808431 0.901597214529784 -0.000763267317253814
		outer loop
			vertex 14.648510932922363 17.883180618286133 0.14645348489284515
			vertex 14.279719352722168 17.712127685546875 7.102718353271484
			vertex 14.8890962600708 18.004425048828125 7.014603614807129
		endloop
	endfacet
	facet normal -0.46729509610663605 0.884101076148849 0.0007617789293303057
		outer loop
			vertex 14.648510932922363 17.883180618286133 0.14645348489284515
			vertex 14.8890962600708 18.004425048828125 7.014603614807129
			vertex 15.241310119628906 18.196414947509766 0.25323691964149475
		endloop
	endfacet
	facet normal -0.37268107349051927 0.9279594912828653 0
		outer loop
			vertex 13.64658260345459 17.45785140991211 0.03895439952611923
			vertex 13.64658260345459 17.45785140991211 7.161045551300049
			vertex 14.279719352722168 17.712127685546875 7.102718353271484
		endloop
	endfacet
	facet normal -0.3909317233493173 0.9204177039863316 0.0019073194966925157
		outer loop
			vertex 13.64658260345459 17.45785140991211 0.03895439952611923
			vertex 14.279719352722168 17.712127685546875 7.102718353271484
			vertex 14.648510932922363 17.883180618286133 0.14645348489284515
		endloop
	endfacet
	facet normal -0.012747945779307684 -0.009928917833543022 -0.9998694447121897
		outer loop
			vertex -16.14307975769043 -13.678622245788574 8.907265964808175e-7
			vertex -17.266263961791992 -12.910470962524414 0.006693144794553518
			vertex -17.214794158935547 -12.30262565612793 8.907265964808175e-7
		endloop
	endfacet
	facet normal -0.024665736085506314 -0.02735978398175118 -0.9993212915193153
		outer loop
			vertex -16.14307975769043 -13.678622245788574 8.907265964808175e-7
			vertex -17.344751358032227 -13.283390045166016 0.018840324133634567
			vertex -17.266263961791992 -12.910470962524414 0.006693144794553518
		endloop
	endfacet
	facet normal -0.03069718873755855 -0.04573794905494781 -0.9984817087057017
		outer loop
			vertex -17.45785140991211 -13.64658260345459 0.03895439952611923
			vertex -17.344751358032227 -13.283390045166016 0.018840324133634567
			vertex -16.14307975769043 -13.678622245788574 8.907265964808175e-7
		endloop
	endfacet
	facet normal -0.02735978398175118 -0.024665736085506314 -0.9993212915193153
		outer loop
			vertex -13.283390045166016 -17.344751358032227 0.018840324133634567
			vertex -13.678622245788574 -16.14307975769043 8.907265964808175e-7
			vertex -12.910470962524414 -17.266263961791992 0.006693144794553518
		endloop
	endfacet
	facet normal -0.04573794905494782 -0.03069718873755855 -0.9984817087057017
		outer loop
			vertex -13.64658260345459 -17.45785140991211 0.03895439952611923
			vertex -13.678622245788574 -16.14307975769043 8.907265964808175e-7
			vertex -13.283390045166016 -17.344751358032227 0.018840324133634567
		endloop
	endfacet
	facet normal -0.009928917833543022 -0.012747945779307684 -0.9998694447121897
		outer loop
			vertex -12.30262565612793 -17.214794158935547 8.907265964808175e-7
			vertex -12.910470962524414 -17.266263961791992 0.006693144794553518
			vertex -13.678622245788574 -16.14307975769043 8.907265964808175e-7
		endloop
	endfacet
	facet normal -0.08479087994784643 -0.07064216139566432 -0.9938914385942857
		outer loop
			vertex -17.63676643371582 -14.944278717041016 0.14645348489284515
			vertex -17.883180618286133 -14.648510932922363 0.14645348489284515
			vertex -17.45785140991211 -13.64658260345459 0.03895439952611923
		endloop
	endfacet
	facet normal -0.13038349873979302 -0.10862692033592687 -0.9854949697663113
		outer loop
			vertex -17.63676643371582 -14.944278717041016 0.14645348489284515
			vertex -18.196414947509766 -15.241310119628906 0.25323691964149475
			vertex -17.883180618286133 -14.648510932922363 0.14645348489284515
		endloop
	endfacet
	facet normal -0.031428063230817496 -0.0782105925030429 -0.9964413580647296
		outer loop
			vertex -17.63676643371582 -14.944278717041016 0.14645348489284515
			vertex -17.45785140991211 -13.64658260345459 0.03895439952611923
			vertex -16.14307975769043 -13.678622245788574 8.907265964808175e-7
		endloop
	endfacet
	facet normal -0.056346524331309794 -0.04889197340617798 -0.9972134396067026
		outer loop
			vertex -17.28114128112793 -15.3541259765625 0.14645348489284515
			vertex -17.63676643371582 -14.944278717041016 0.14645348489284515
			vertex -16.14307975769043 -13.678622245788574 8.907265964808175e-7
		endloop
	endfacet
	facet normal -0.1287292178431529 -0.11169855763203237 -0.9853690784149935
		outer loop
			vertex -17.28114128112793 -15.3541259765625 0.14645348489284515
			vertex -18.196414947509766 -15.241310119628906 0.25323691964149475
			vertex -17.63676643371582 -14.944278717041016 0.14645348489284515
		endloop
	endfacet
	facet normal -0.05444736987672254 -0.0501334924217456 -0.9972572972162733
		outer loop
			vertex -16.775712966918945 -15.904792785644531 0.14645348489284515
			vertex -16.14307975769043 -13.678622245788574 8.907265964808175e-7
			vertex -14.961679458618164 -14.961679458618164 8.907265964808175e-7
		endloop
	endfacet
	facet normal -0.05457943385125354 -0.05009561278608032 -0.9972519816877097
		outer loop
			vertex -16.775712966918945 -15.904792785644531 0.14645348489284515
			vertex -17.28114128112793 -15.3541259765625 0.14645348489284515
			vertex -16.14307975769043 -13.678622245788574 8.907265964808175e-7
		endloop
	endfacet
	facet normal -0.1622285690006341 -0.14117909931177886 -0.9766014301226071
		outer loop
			vertex -18.211837768554688 -16.181041717529297 0.3916480243206024
			vertex -18.54083824157715 -15.802988052368164 0.3916480243206024
			vertex -18.196414947509766 -15.241310119628906 0.25323691964149475
		endloop
	endfacet
	facet normal -0.20121871281159315 -0.1751101967699979 -0.9637673207790448
		outer loop
			vertex -18.211837768554688 -16.181041717529297 0.3916480243206024
			vertex -18.971633911132812 -16.45798110961914 0.6005989909172058
			vertex -18.54083824157715 -15.802988052368164 0.3916480243206024
		endloop
	endfacet
	facet normal -0.1423773809679228 -0.13068076458806083 -0.9811479089084353
		outer loop
			vertex -18.211837768554688 -16.181041717529297 0.3916480243206024
			vertex -17.28114128112793 -15.3541259765625 0.14645348489284515
			vertex -16.775712966918945 -15.904792785644531 0.14645348489284515
		endloop
	endfacet
	facet normal -0.13199164954492879 -0.14232035838272475 -0.9809806930007448
		outer loop
			vertex -18.211837768554688 -16.181041717529297 0.3916480243206024
			vertex -18.196414947509766 -15.241310119628906 0.25323691964149475
			vertex -17.28114128112793 -15.3541259765625 0.14645348489284515
		endloop
	endfacet
	facet normal -0.05345015796288119 -0.05204475436791514 -0.9972133293115002
		outer loop
			vertex -16.346054077148438 -16.346054077148438 0.14645348489284515
			vertex -16.775712966918945 -15.904792785644531 0.14645348489284515
			vertex -14.961679458618164 -14.961679458618164 8.907265964808175e-7
		endloop
	endfacet
	facet normal -0.19845222020461256 -0.1821485305730363 -0.9630361515051986
		outer loop
			vertex -17.679189682006836 -16.76136589050293 0.3916480243206024
			vertex -18.971633911132812 -16.45798110961914 0.6005989909172058
			vertex -18.211837768554688 -16.181041717529297 0.3916480243206024
		endloop
	endfacet
	facet normal -0.14237743164126465 -0.13068052316814802 -0.9811479337101702
		outer loop
			vertex -17.679189682006836 -16.76136589050293 0.3916480243206024
			vertex -18.211837768554688 -16.181041717529297 0.3916480243206024
			vertex -16.775712966918945 -15.904792785644531 0.14645348489284515
		endloop
	endfacet
	facet normal -0.05204475436791514 -0.05345015796288119 -0.9972133293115002
		outer loop
			vertex -15.904792785644531 -16.775712966918945 0.14645348489284515
			vertex -16.346054077148438 -16.346054077148438 0.14645348489284515
			vertex -14.961679458618164 -14.961679458618164 8.907265964808175e-7
		endloop
	endfacet
	facet normal -0.05007378213223707 -0.05438252164730003 -0.9972638355431598
		outer loop
			vertex -15.610536575317383 -17.04987144470215 0.14645348489284515
			vertex -14.961679458618164 -14.961679458618164 8.907265964808175e-7
			vertex -13.678622245788574 -16.14307975769043 8.907265964808175e-7
		endloop
	endfacet
	facet normal -0.05053396137485723 -0.054238453930805355 -0.9972484689699757
		outer loop
			vertex -15.610536575317383 -17.04987144470215 0.14645348489284515
			vertex -15.904792785644531 -16.775712966918945 0.14645348489284515
			vertex -14.961679458618164 -14.961679458618164 8.907265964808175e-7
		endloop
	endfacet
	facet normal -0.13845664498695207 -0.134816441488421 -0.9811494710610389
		outer loop
			vertex -17.226390838623047 -17.226390838623047 0.3916480243206024
			vertex -17.679189682006836 -16.76136589050293 0.3916480243206024
			vertex -16.775712966918945 -15.904792785644531 0.14645348489284515
		endloop
	endfacet
	facet normal -0.1384568980604089 -0.13481635087218394 -0.9811494477993645
		outer loop
			vertex -17.226390838623047 -17.226390838623047 0.3916480243206024
			vertex -16.775712966918945 -15.904792785644531 0.14645348489284515
			vertex -16.346054077148438 -16.346054077148438 0.14645348489284515
		endloop
	endfacet
	facet normal -0.049518273779840874 -0.05556002584967373 -0.9972266663549709
		outer loop
			vertex -15.148261070251465 -17.461877822875977 0.14645348489284515
			vertex -15.610536575317383 -17.04987144470215 0.14645348489284515
			vertex -13.678622245788574 -16.14307975769043 8.907265964808175e-7
		endloop
	endfacet
	facet normal -0.1348162663210763 -0.1384568112261042 -0.9811494716710312
		outer loop
			vertex -16.76136589050293 -17.679189682006836 0.3916480243206024
			vertex -16.346054077148438 -16.346054077148438 0.14645348489284515
			vertex -15.904792785644531 -16.775712966918945 0.14645348489284515
		endloop
	endfacet
	facet normal -0.13481652171881203 -0.13845672738365863 -0.9811494484092871
		outer loop
			vertex -16.76136589050293 -17.679189682006836 0.3916480243206024
			vertex -17.226390838623047 -17.226390838623047 0.3916480243206024
			vertex -16.346054077148438 -16.346054077148438 0.14645348489284515
		endloop
	endfacet
	facet normal -0.07050259468868185 -0.08511515015233205 -0.9938736314827501
		outer loop
			vertex -14.843595504760742 -17.721588134765625 0.14645348489284515
			vertex -13.64658260345459 -17.45785140991211 0.03895439952611923
			vertex -14.648510932922363 -17.883180618286133 0.14645348489284515
		endloop
	endfacet
	facet normal -0.1083788005098285 -0.13084167922410636 -0.9854615622021322
		outer loop
			vertex -14.843595504760742 -17.721588134765625 0.14645348489284515
			vertex -14.648510932922363 -17.883180618286133 0.14645348489284515
			vertex -15.241310119628906 -18.196414947509766 0.25323691964149475
		endloop
	endfacet
	facet normal -0.04841163160452236 -0.05679157293295071 -0.9972116280756005
		outer loop
			vertex -14.843595504760742 -17.721588134765625 0.14645348489284515
			vertex -15.148261070251465 -17.461877822875977 0.14645348489284515
			vertex -13.678622245788574 -16.14307975769043 8.907265964808175e-7
		endloop
	endfacet
	facet normal -0.08250980655518678 -0.03152246805437437 -0.9960915951005643
		outer loop
			vertex -14.843595504760742 -17.721588134765625 0.14645348489284515
			vertex -13.678622245788574 -16.14307975769043 8.907265964808175e-7
			vertex -13.64658260345459 -17.45785140991211 0.03895439952611923
		endloop
	endfacet
	facet normal -0.11022025915860789 -0.129299130792156 -0.985460922232537
		outer loop
			vertex -14.843595504760742 -17.721588134765625 0.14645348489284515
			vertex -15.241310119628906 -18.196414947509766 0.25323691964149475
			vertex -15.148261070251465 -17.461877822875977 0.14645348489284515
		endloop
	endfacet
	facet normal -0.2394239738251612 -0.21975434808460603 -0.9457188732682026
		outer loop
			vertex -18.85331153869629 -17.87453269958496 0.8998043537139893
			vertex -19.421335220336914 -17.255666732788086 0.8998043537139893
			vertex -18.971633911132812 -16.45798110961914 0.6005989909172058
		endloop
	endfacet
	facet normal -0.28537102685103694 -0.2619266691049041 -0.9219315576796332
		outer loop
			vertex -18.85331153869629 -17.87453269958496 0.8998043537139893
			vertex -19.750192642211914 -18.08289909362793 1.2366195917129517
			vertex -19.421335220336914 -17.255666732788086 0.8998043537139893
		endloop
	endfacet
	facet normal -0.20554579831475098 -0.2186543518005315 -0.9539083809432861
		outer loop
			vertex -18.85331153869629 -17.87453269958496 0.8998043537139893
			vertex -18.971633911132812 -16.45798110961914 0.6005989909172058
			vertex -17.679189682006836 -16.76136589050293 0.3916480243206024
		endloop
	endfacet
	facet normal -0.18551781616216043 -0.199116904032933 -0.9622554746088811
		outer loop
			vertex -16.451261520385742 -17.968114852905273 0.3916480243206024
			vertex -16.45798110961914 -18.971633911132812 0.6005989909172058
			vertex -16.76136589050293 -17.679189682006836 0.3916480243206024
		endloop
	endfacet
	facet normal -0.13172856720996984 -0.14138471990537188 -0.981151336725425
		outer loop
			vertex -16.451261520385742 -17.968114852905273 0.3916480243206024
			vertex -16.76136589050293 -17.679189682006836 0.3916480243206024
			vertex -15.904792785644531 -16.775712966918945 0.14645348489284515
		endloop
	endfacet
	facet normal -0.1317282617875609 -0.14138486403926556 -0.9811513569613132
		outer loop
			vertex -16.451261520385742 -17.968114852905273 0.3916480243206024
			vertex -15.904792785644531 -16.775712966918945 0.14645348489284515
			vertex -15.610536575317383 -17.04987144470215 0.14645348489284515
		endloop
	endfacet
	facet normal -0.3171775350715117 -0.2867710210310071 -0.90396946449689
		outer loop
			vertex -18.370441436767578 -18.370441436767578 0.8998043537139893
			vertex -18.08289909362793 -19.750192642211914 1.2366195917129517
			vertex -18.92637062072754 -19.96274757385254 1.600000023841858
		endloop
	endfacet
	facet normal -0.2960066096660476 -0.2960066096660476 -0.908163076802853
		outer loop
			vertex -18.370441436767578 -18.370441436767578 0.8998043537139893
			vertex -18.92637062072754 -19.96274757385254 1.600000023841858
			vertex -19.96274757385254 -18.92637062072754 1.600000023841858
		endloop
	endfacet
	facet normal -0.2867710210310071 -0.3171775350715117 -0.90396946449689
		outer loop
			vertex -18.370441436767578 -18.370441436767578 0.8998043537139893
			vertex -19.96274757385254 -18.92637062072754 1.600000023841858
			vertex -19.750192642211914 -18.08289909362793 1.2366195917129517
		endloop
	endfacet
	facet normal -0.21470241817308924 -0.20905761510964357 -0.9540428633951916
		outer loop
			vertex -18.370441436767578 -18.370441436767578 0.8998043537139893
			vertex -17.679189682006836 -16.76136589050293 0.3916480243206024
			vertex -17.226390838623047 -17.226390838623047 0.3916480243206024
		endloop
	endfacet
	facet normal -0.2816104217134957 -0.27420620537868884 -0.9195142888036965
		outer loop
			vertex -18.370441436767578 -18.370441436767578 0.8998043537139893
			vertex -19.750192642211914 -18.08289909362793 1.2366195917129517
			vertex -18.85331153869629 -17.87453269958496 0.8998043537139893
		endloop
	endfacet
	facet normal -0.21470258509007997 -0.2090575369488341 -0.9540428429585979
		outer loop
			vertex -18.370441436767578 -18.370441436767578 0.8998043537139893
			vertex -18.85331153869629 -17.87453269958496 0.8998043537139893
			vertex -17.679189682006836 -16.76136589050293 0.3916480243206024
		endloop
	endfacet
	facet normal -0.14046710104393717 -0.16335545015110475 -0.9765162520051791
		outer loop
			vertex -15.964089393615723 -18.40230941772461 0.3916480243206024
			vertex -15.241310119628906 -18.196414947509766 0.25323691964149475
			vertex -15.802988052368164 -18.54083824157715 0.3916480243206024
		endloop
	endfacet
	facet normal -0.17418575455820018 -0.20256837461794241 -0.9636521034655793
		outer loop
			vertex -15.964089393615723 -18.40230941772461 0.3916480243206024
			vertex -15.802988052368164 -18.54083824157715 0.3916480243206024
			vertex -16.45798110961914 -18.971633911132812 0.6005989909172058
		endloop
	endfacet
	facet normal -0.1285794559164436 -0.14426750670300822 -0.9811494330762918
		outer loop
			vertex -15.964089393615723 -18.40230941772461 0.3916480243206024
			vertex -15.610536575317383 -17.04987144470215 0.14645348489284515
			vertex -15.148261070251465 -17.461877822875977 0.14645348489284515
		endloop
	endfacet
	facet normal -0.17776832906981976 -0.19945845011056682 -0.9636465886720167
		outer loop
			vertex -15.964089393615723 -18.40230941772461 0.3916480243206024
			vertex -16.45798110961914 -18.971633911132812 0.6005989909172058
			vertex -16.451261520385742 -17.968114852905273 0.3916480243206024
		endloop
	endfacet
	facet normal -0.1526788651329466 -0.12320892593077003 -0.9805655127082034
		outer loop
			vertex -15.964089393615723 -18.40230941772461 0.3916480243206024
			vertex -15.148261070251465 -17.461877822875977 0.14645348489284515
			vertex -15.241310119628906 -18.196414947509766 0.25323691964149475
		endloop
	endfacet
	facet normal -0.12857919314480915 -0.14426757969389542 -0.9811494567799013
		outer loop
			vertex -15.964089393615723 -18.40230941772461 0.3916480243206024
			vertex -16.451261520385742 -17.968114852905273 0.3916480243206024
			vertex -15.610536575317383 -17.04987144470215 0.14645348489284515
		endloop
	endfacet
	facet normal -0.2186543518005315 -0.20554579831475098 -0.9539083809432861
		outer loop
			vertex -17.87453269958496 -18.85331153869629 0.8998043537139893
			vertex -16.76136589050293 -17.679189682006836 0.3916480243206024
			vertex -16.45798110961914 -18.971633911132812 0.6005989909172058
		endloop
	endfacet
	facet normal -0.20905766195805903 -0.21470246628646739 -0.9540428423017169
		outer loop
			vertex -17.87453269958496 -18.85331153869629 0.8998043537139893
			vertex -17.226390838623047 -17.226390838623047 0.3916480243206024
			vertex -16.76136589050293 -17.679189682006836 0.3916480243206024
		endloop
	endfacet
	facet normal -0.27420620537868884 -0.2816104217134957 -0.9195142888036965
		outer loop
			vertex -17.87453269958496 -18.85331153869629 0.8998043537139893
			vertex -18.08289909362793 -19.750192642211914 1.2366195917129517
			vertex -18.370441436767578 -18.370441436767578 0.8998043537139893
		endloop
	endfacet
	facet normal -0.2090574930180064 -0.214702539973016 -0.9540428627384421
		outer loop
			vertex -17.87453269958496 -18.85331153869629 0.8998043537139893
			vertex -18.370441436767578 -18.370441436767578 0.8998043537139893
			vertex -17.226390838623047 -17.226390838623047 0.3916480243206024
		endloop
	endfacet
	facet normal -0.21822378889303726 -0.24194738657306084 -0.9454310340218546
		outer loop
			vertex -17.543832778930664 -19.16142463684082 0.8998043537139893
			vertex -16.45798110961914 -18.971633911132812 0.6005989909172058
			vertex -17.255666732788086 -19.421335220336914 0.8998043537139893
		endloop
	endfacet
	facet normal -0.26037214647151974 -0.28867778666458854 -0.9213422170009621
		outer loop
			vertex -17.543832778930664 -19.16142463684082 0.8998043537139893
			vertex -17.255666732788086 -19.421335220336914 0.8998043537139893
			vertex -18.08289909362793 -19.750192642211914 1.2366195917129517
		endloop
	endfacet
	facet normal -0.26500677512327625 -0.2844336058216162 -0.9213408343376923
		outer loop
			vertex -17.543832778930664 -19.16142463684082 0.8998043537139893
			vertex -18.08289909362793 -19.750192642211914 1.2366195917129517
			vertex -17.87453269958496 -18.85331153869629 0.8998043537139893
		endloop
	endfacet
	facet normal -0.21964753817216204 -0.23574922287585612 -0.9466663947179803
		outer loop
			vertex -17.543832778930664 -19.16142463684082 0.8998043537139893
			vertex -17.87453269958496 -18.85331153869629 0.8998043537139893
			vertex -16.45798110961914 -18.971633911132812 0.6005989909172058
		endloop
	endfacet
	facet normal -0.9899771223477268 -0.14122782030504527 0
		outer loop
			vertex -8.29565143585205 -20.547212600708008 0.03895439952611923
			vertex -8.19929313659668 -21.22266387939453 7.102718353271484
			vertex -8.29565143585205 -20.547212600708008 7.161045551300049
		endloop
	endfacet
	facet normal -0.9970939805290454 -0.07617749965817504 -0.0007632421453298237
		outer loop
			vertex -8.163033485412598 -21.627573013305664 0.14645348489284515
			vertex -8.147741317749023 -21.896547317504883 7.014603614807129
			vertex -8.19929313659668 -21.22266387939453 7.102718353271484
		endloop
	endfacet
	facet normal -0.9925710157919164 -0.1216517194910369 0.0019072898776730104
		outer loop
			vertex -8.163033485412598 -21.627573013305664 0.14645348489284515
			vertex -8.19929313659668 -21.22266387939453 7.102718353271484
			vertex -8.29565143585205 -20.547212600708008 0.03895439952611923
		endloop
	endfacet
	facet normal -0.9999697349041553 0.007543837586810482 -0.0019025746180696367
		outer loop
			vertex -8.13790225982666 -22.297569274902344 0.25323691964149475
			vertex -8.155343055725098 -22.956209182739258 6.808351993560791
			vertex -8.147741317749023 -21.896547317504883 7.014603614807129
		endloop
	endfacet
	facet normal -0.9993015105729748 -0.037361887535928805 0.0007617915222631135
		outer loop
			vertex -8.13790225982666 -22.297569274902344 0.25323691964149475
			vertex -8.147741317749023 -21.896547317504883 7.014603614807129
			vertex -8.163033485412598 -21.627573013305664 0.14645348489284515
		endloop
	endfacet
	facet normal -0.999649588620463 0.02647073801274051 0
		outer loop
			vertex -8.155343055725098 -22.956209182739258 0.3916480243206024
			vertex -8.155343055725098 -22.956209182739258 6.808351993560791
			vertex -8.13790225982666 -22.297569274902344 0.25323691964149475
		endloop
	endfacet
	facet normal -0.0004105343644437542 -0.0003197504949404648 0.9999998646105692
		outer loop
			vertex -16.142778396606445 -13.677517890930176 7.199999809265137
			vertex -17.214794158935547 -12.30262565612793 7.1999993324279785
			vertex -16.14307975769043 -13.678622245788574 7.1999993324279785
		endloop
	endfacet
	facet normal -0.00037766462262684493 -0.00029412166349506 0.9999998854309335
		outer loop
			vertex -16.142778396606445 -13.677517890930176 7.199999809265137
			vertex -17.214780807495117 -12.301021575927734 7.199999809265137
			vertex -17.214794158935547 -12.30262565612793 7.1999993324279785
		endloop
	endfacet
	facet normal -0.00037240667805379945 -0.00034290081255145195 0.9999998718661414
		outer loop
			vertex -14.961012840270996 -14.961012840270996 7.199999809265137
			vertex -16.14307975769043 -13.678622245788574 7.1999993324279785
			vertex -14.961679458618164 -14.961679458618164 7.1999993324279785
		endloop
	endfacet
	facet normal -0.00036173757991778566 -0.0003330663767695631 0.9999998791063488
		outer loop
			vertex -14.961012840270996 -14.961012840270996 7.199999809265137
			vertex -16.142778396606445 -13.677517890930176 7.199999809265137
			vertex -16.14307975769043 -13.678622245788574 7.1999993324279785
		endloop
	endfacet
	facet normal -0.00034290081255145195 -0.00037240667805379945 0.9999998718661414
		outer loop
			vertex -13.678622245788574 -16.14307975769043 7.1999993324279785
			vertex -14.961012840270996 -14.961012840270996 7.199999809265137
			vertex -14.961679458618164 -14.961679458618164 7.1999993324279785
		endloop
	endfacet
	facet normal -0.0003330663767695631 -0.00036173757991778566 0.9999998791063488
		outer loop
			vertex -13.677517890930176 -16.142778396606445 7.199999809265137
			vertex -14.961012840270996 -14.961012840270996 7.199999809265137
			vertex -13.678622245788574 -16.14307975769043 7.1999993324279785
		endloop
	endfacet
	facet normal -0.0003197504949404648 -0.0004105343644437542 0.9999998646105692
		outer loop
			vertex -12.30262565612793 -17.214794158935547 7.1999993324279785
			vertex -13.677517890930176 -16.142778396606445 7.199999809265137
			vertex -13.678622245788574 -16.14307975769043 7.1999993324279785
		endloop
	endfacet
	facet normal -0.00029412166349506 -0.00037766462262684493 0.9999998854309335
		outer loop
			vertex -12.301021575927734 -17.214780807495117 7.199999809265137
			vertex -13.677517890930176 -16.142778396606445 7.199999809265137
			vertex -12.30262565612793 -17.214794158935547 7.1999993324279785
		endloop
	endfacet
	facet normal -0.2886778733954466 -0.2603722246981819 0.9213421677192475
		outer loop
			vertex -19.16142463684082 -17.543832778930664 6.300195693969727
			vertex -19.421335220336914 -17.255666732788086 6.300195693969727
			vertex -19.750192642211914 -18.08289909362793 5.963380336761475
		endloop
	endfacet
	facet normal -0.24194734349150412 -0.21822375003574407 0.9454310540159666
		outer loop
			vertex -19.16142463684082 -17.543832778930664 6.300195693969727
			vertex -18.971633911132812 -16.45798110961914 6.599400997161865
			vertex -19.421335220336914 -17.255666732788086 6.300195693969727
		endloop
	endfacet
	facet normal -0.2844336912770887 -0.2650068547421353 0.9213407850552208
		outer loop
			vertex -18.85331153869629 -17.87453269958496 6.300195693969727
			vertex -19.16142463684082 -17.543832778930664 6.300195693969727
			vertex -19.750192642211914 -18.08289909362793 5.963380336761475
		endloop
	endfacet
	facet normal -0.2357491807881811 -0.2196474989590775 0.9466664142974144
		outer loop
			vertex -18.85331153869629 -17.87453269958496 6.300195693969727
			vertex -18.971633911132812 -16.45798110961914 6.599400997161865
			vertex -19.16142463684082 -17.543832778930664 6.300195693969727
		endloop
	endfacet
	facet normal -0.15278451993546446 -0.1313780815077945 0.979487973467475
		outer loop
			vertex -18.40230941772461 -15.964088439941406 6.808351993560791
			vertex -18.004425048828125 -14.8890962600708 7.014603614807129
			vertex -18.54083824157715 -15.802988052368164 6.808351993560791
		endloop
	endfacet
	facet normal -0.20256773410878393 -0.1741862349263804 0.9636521512766962
		outer loop
			vertex -18.40230941772461 -15.964088439941406 6.808351993560791
			vertex -18.54083824157715 -15.802988052368164 6.808351993560791
			vertex -18.971633911132812 -16.45798110961914 6.599400997161865
		endloop
	endfacet
	facet normal -0.2867710908345465 -0.3171775115035321 0.9039694506220833
		outer loop
			vertex -18.370441436767578 -18.370441436767578 6.300195693969727
			vertex -19.750192642211914 -18.08289909362793 5.963380336761475
			vertex -19.96274757385254 -18.92637062072754 5.599999904632568
		endloop
	endfacet
	facet normal -0.2960066512302786 -0.2960066512302786 0.9081630497079656
		outer loop
			vertex -18.370441436767578 -18.370441436767578 6.300195693969727
			vertex -19.96274757385254 -18.92637062072754 5.599999904632568
			vertex -18.92637062072754 -19.96274757385254 5.599999904632568
		endloop
	endfacet
	facet normal -0.3171775115035321 -0.2867710908345465 0.9039694506220833
		outer loop
			vertex -18.370441436767578 -18.370441436767578 6.300195693969727
			vertex -18.92637062072754 -19.96274757385254 5.599999904632568
			vertex -18.08289909362793 -19.750192642211914 5.963380336761475
		endloop
	endfacet
	facet normal -0.2816105059856353 -0.2742062874351109 0.9195142385246506
		outer loop
			vertex -18.370441436767578 -18.370441436767578 6.300195693969727
			vertex -18.85331153869629 -17.87453269958496 6.300195693969727
			vertex -19.750192642211914 -18.08289909362793 5.963380336761475
		endloop
	endfacet
	facet normal -0.19945849101812588 -0.17776801753526256 0.9636466376750116
		outer loop
			vertex -17.968114852905273 -16.451261520385742 6.808351993560791
			vertex -18.40230941772461 -15.964088439941406 6.808351993560791
			vertex -18.971633911132812 -16.45798110961914 6.599400997161865
		endloop
	endfacet
	facet normal -0.2742062874351109 -0.2816105059856353 0.9195142385246506
		outer loop
			vertex -17.87453269958496 -18.85331153869629 6.300195693969727
			vertex -18.370441436767578 -18.370441436767578 6.300195693969727
			vertex -18.08289909362793 -19.750192642211914 5.963380336761475
		endloop
	endfacet
	facet normal -0.11041617959313574 -0.09015853109744563 0.9897877078214335
		outer loop
			vertex -17.532928466796875 -14.49918270111084 7.102718353271484
			vertex -17.712127685546875 -14.279719352722168 7.102718353271484
			vertex -18.004425048828125 -14.8890962600708 7.014603614807129
		endloop
	endfacet
	facet normal -0.07526856550110682 -0.061459319896751206 0.9952674992409
		outer loop
			vertex -17.532928466796875 -14.49918270111084 7.102718353271484
			vertex -17.45785140991211 -13.64658260345459 7.161045551300049
			vertex -17.712127685546875 -14.279719352722168 7.102718353271484
		endloop
	endfacet
	facet normal -0.199116930329232 -0.185517840662501 0.9622554644439214
		outer loop
			vertex -17.679189682006836 -16.76136589050293 6.808351993560791
			vertex -17.968114852905273 -16.451261520385742 6.808351993560791
			vertex -18.971633911132812 -16.45798110961914 6.599400997161865
		endloop
	endfacet
	facet normal -0.20554581235435102 -0.21865431402529692 0.9539083865768855
		outer loop
			vertex -17.679189682006836 -16.76136589050293 6.808351993560791
			vertex -18.971633911132812 -16.45798110961914 6.599400997161865
			vertex -18.85331153869629 -17.87453269958496 6.300195693969727
		endloop
	endfacet
	facet normal -0.2603722246981819 -0.2886778733954466 0.9213421677192475
		outer loop
			vertex -17.543832778930664 -19.16142463684082 6.300195693969727
			vertex -18.08289909362793 -19.750192642211914 5.963380336761475
			vertex -17.255666732788086 -19.421335220336914 6.300195693969727
		endloop
	endfacet
	facet normal -0.21822375003574407 -0.24194734349150412 0.9454310540159666
		outer loop
			vertex -17.543832778930664 -19.16142463684082 6.300195693969727
			vertex -17.255666732788086 -19.421335220336914 6.300195693969727
			vertex -16.45798110961914 -18.971633911132812 6.599400997161865
		endloop
	endfacet
	facet normal -0.2650068547421353 -0.2844336912770887 0.9213407850552208
		outer loop
			vertex -17.543832778930664 -19.16142463684082 6.300195693969727
			vertex -17.87453269958496 -18.85331153869629 6.300195693969727
			vertex -18.08289909362793 -19.750192642211914 5.963380336761475
		endloop
	endfacet
	facet normal -0.2196474989590775 -0.2357491807881811 0.9466664142974144
		outer loop
			vertex -17.543832778930664 -19.16142463684082 6.300195693969727
			vertex -16.45798110961914 -18.971633911132812 6.599400997161865
			vertex -17.87453269958496 -18.85331153869629 6.300195693969727
		endloop
	endfacet
	facet normal -0.02387822491955114 -0.01780122872786352 0.9995563749136261
		outer loop
			vertex -17.076988220214844 -12.897104263305664 7.197393417358398
			vertex -17.236183166503906 -12.683563232421875 7.197393417358398
			vertex -17.29343605041504 -13.060572624206543 7.189311504364014
		endloop
	endfacet
	facet normal -0.008532920119250375 -0.0063612962551078825 0.9999433599880513
		outer loop
			vertex -17.076988220214844 -12.897104263305664 7.197393417358398
			vertex -17.214794158935547 -12.30262565612793 7.1999993324279785
			vertex -17.236183166503906 -12.683563232421875 7.197393417358398
		endloop
	endfacet
	facet normal -0.10938838902931937 -0.14809575318657042 0.9829047910320068
		outer loop
			vertex -17.185914993286133 -14.90886116027832 7.102718353271484
			vertex -18.004425048828125 -14.8890962600708 7.014603614807129
			vertex -18.40230941772461 -15.964088439941406 6.808351993560791
		endloop
	endfacet
	facet normal -0.10877803814956778 -0.09213919847451396 0.9897866974862843
		outer loop
			vertex -17.185914993286133 -14.90886116027832 7.102718353271484
			vertex -17.532928466796875 -14.49918270111084 7.102718353271484
			vertex -18.004425048828125 -14.8890962600708 7.014603614807129
		endloop
	endfacet
	facet normal -0.21470245482538688 -0.2090576507983051 0.9540428473263907
		outer loop
			vertex -17.226390838623047 -17.226390838623047 6.808351993560791
			vertex -17.679189682006836 -16.76136589050293 6.808351993560791
			vertex -18.85331153869629 -17.87453269958496 6.300195693969727
		endloop
	endfacet
	facet normal -0.21470252851193117 -0.2090574818582611 0.954042867763114
		outer loop
			vertex -17.226390838623047 -17.226390838623047 6.808351993560791
			vertex -18.85331153869629 -17.87453269958496 6.300195693969727
			vertex -18.370441436767578 -18.370441436767578 6.300195693969727
		endloop
	endfacet
	facet normal -0.2090574818582611 -0.21470252851193117 0.954042867763114
		outer loop
			vertex -17.226390838623047 -17.226390838623047 6.808351993560791
			vertex -18.370441436767578 -18.370441436767578 6.300195693969727
			vertex -17.87453269958496 -18.85331153869629 6.300195693969727
		endloop
	endfacet
	facet normal -0.007940315387839713 -0.006184426920472781 0.9999493508449352
		outer loop
			vertex -16.86012077331543 -13.179344177246094 7.197393417358398
			vertex -16.14307975769043 -13.678622245788574 7.1999993324279785
			vertex -17.214794158935547 -12.30262565612793 7.1999993324279785
		endloop
	endfacet
	facet normal -0.029559876669411515 -0.03988158288021372 0.9987670764689123
		outer loop
			vertex -16.86012077331543 -13.179344177246094 7.197393417358398
			vertex -17.29343605041504 -13.060572624206543 7.189311504364014
			vertex -17.45785140991211 -13.64658260345459 7.161045551300049
		endloop
	endfacet
	facet normal -0.023617138296996493 -0.018146931856778497 0.9995563614138254
		outer loop
			vertex -16.86012077331543 -13.179344177246094 7.197393417358398
			vertex -17.076988220214844 -12.897104263305664 7.197393417358398
			vertex -17.29343605041504 -13.060572624206543 7.189311504364014
		endloop
	endfacet
	facet normal -0.008169106492656064 -0.006276976363044346 0.9999469312252773
		outer loop
			vertex -16.86012077331543 -13.179344177246094 7.197393417358398
			vertex -17.214794158935547 -12.30262565612793 7.1999993324279785
			vertex -17.076988220214844 -12.897104263305664 7.197393417358398
		endloop
	endfacet
	facet normal -0.13425334841446837 -0.1196539922129927 0.9836965795340535
		outer loop
			vertex -16.780420303344727 -15.363831520080566 7.102718353271484
			vertex -17.185914993286133 -14.90886116027832 7.102718353271484
			vertex -18.40230941772461 -15.964088439941406 6.808351993560791
		endloop
	endfacet
	facet normal -0.13157045545560628 -0.12258458761265092 0.9836982434319178
		outer loop
			vertex -16.780420303344727 -15.363831520080566 7.102718353271484
			vertex -17.968114852905273 -16.451261520385742 6.808351993560791
			vertex -17.679189682006836 -16.76136589050293 6.808351993560791
		endloop
	endfacet
	facet normal -0.1342534244356388 -0.11965379356587462 0.9836965933216397
		outer loop
			vertex -16.780420303344727 -15.363831520080566 7.102718353271484
			vertex -18.40230941772461 -15.964088439941406 6.808351993560791
			vertex -17.968114852905273 -16.451261520385742 6.808351993560791
		endloop
	endfacet
	facet normal -0.21865431402529692 -0.20554581235435102 0.9539083865768855
		outer loop
			vertex -16.76136589050293 -17.679189682006836 6.808351993560791
			vertex -17.87453269958496 -18.85331153869629 6.300195693969727
			vertex -16.45798110961914 -18.971633911132812 6.599400997161865
		endloop
	endfacet
	facet normal -0.2090576507983051 -0.21470245482538688 0.9540428473263907
		outer loop
			vertex -16.76136589050293 -17.679189682006836 6.808351993560791
			vertex -17.226390838623047 -17.226390838623047 6.808351993560791
			vertex -17.87453269958496 -18.85331153869629 6.300195693969727
		endloop
	endfacet
	facet normal -0.008257024594988059 -0.006639299247044012 0.9999438690498312
		outer loop
			vertex -16.491416931152344 -13.637886047363281 7.197393417358398
			vertex -16.14307975769043 -13.678622245788574 7.1999993324279785
			vertex -16.86012077331543 -13.179344177246094 7.197393417358398
		endloop
	endfacet
	facet normal -0.036920492452847335 -0.0649686031283453 0.9972040703108822
		outer loop
			vertex -16.491416931152344 -13.637886047363281 7.197393417358398
			vertex -17.45785140991211 -13.64658260345459 7.161045551300049
			vertex -17.532928466796875 -14.49918270111084 7.102718353271484
		endloop
	endfacet
	facet normal -0.037297309100796906 -0.029989979245065673 0.9988540993952623
		outer loop
			vertex -16.491416931152344 -13.637886047363281 7.197393417358398
			vertex -16.86012077331543 -13.179344177246094 7.197393417358398
			vertex -17.45785140991211 -13.64658260345459 7.161045551300049
		endloop
	endfacet
	facet normal -0.13157099526511618 -0.12258423451579606 0.9836982152332713
		outer loop
			vertex -16.510595321655273 -15.653437614440918 7.102718353271484
			vertex -16.780420303344727 -15.363831520080566 7.102718353271484
			vertex -17.679189682006836 -16.76136589050293 6.808351993560791
		endloop
	endfacet
	facet normal -0.12884577211560336 -0.12545825084155865 0.9836965966718145
		outer loop
			vertex -16.510595321655273 -15.653437614440918 7.102718353271484
			vertex -17.679189682006836 -16.76136589050293 6.808351993560791
			vertex -17.226390838623047 -17.226390838623047 6.808351993560791
		endloop
	endfacet
	facet normal -0.185517840662501 -0.199116930329232 0.9622554644439214
		outer loop
			vertex -16.451261520385742 -17.968114852905273 6.808351993560791
			vertex -16.76136589050293 -17.679189682006836 6.808351993560791
			vertex -16.45798110961914 -18.971633911132812 6.599400997161865
		endloop
	endfacet
	facet normal -0.00830303385075968 -0.0070329231019331286 0.9999407970582637
		outer loop
			vertex -16.165019989013672 -14.023228645324707 7.197393417358398
			vertex -16.14307975769043 -13.678622245788574 7.1999993324279785
			vertex -16.491416931152344 -13.637886047363281 7.197393417358398
		endloop
	endfacet
	facet normal -0.05217244391477682 -0.04649896089473429 0.9975549522365521
		outer loop
			vertex -16.165019989013672 -14.023228645324707 7.197393417358398
			vertex -17.185914993286133 -14.90886116027832 7.102718353271484
			vertex -16.780420303344727 -15.363831520080566 7.102718353271484
		endloop
	endfacet
	facet normal -0.05332602591988977 -0.04516920299053326 0.997555050140488
		outer loop
			vertex -16.165019989013672 -14.023228645324707 7.197393417358398
			vertex -17.532928466796875 -14.49918270111084 7.102718353271484
			vertex -17.185914993286133 -14.90886116027832 7.102718353271484
		endloop
	endfacet
	facet normal -0.053326142323661396 -0.04516887020167193 0.9975550589865109
		outer loop
			vertex -16.165019989013672 -14.023228645324707 7.197393417358398
			vertex -16.491416931152344 -13.637886047363281 7.197393417358398
			vertex -17.532928466796875 -14.49918270111084 7.102718353271484
		endloop
	endfacet
	facet normal -0.12884623159571507 -0.12545803562228888 0.9836965639369591
		outer loop
			vertex -16.087726593017578 -16.087726593017578 7.102718353271484
			vertex -16.510595321655273 -15.653437614440918 7.102718353271484
			vertex -17.226390838623047 -17.226390838623047 6.808351993560791
		endloop
	endfacet
	facet normal -0.1741862349263804 -0.20256773410878393 0.9636521512766962
		outer loop
			vertex -15.964088439941406 -18.40230941772461 6.808351993560791
			vertex -16.45798110961914 -18.971633911132812 6.599400997161865
			vertex -15.802988052368164 -18.54083824157715 6.808351993560791
		endloop
	endfacet
	facet normal -0.1313780815077945 -0.15278451993546446 0.979487973467475
		outer loop
			vertex -15.964088439941406 -18.40230941772461 6.808351993560791
			vertex -15.802988052368164 -18.54083824157715 6.808351993560791
			vertex -14.8890962600708 -18.004425048828125 7.014603614807129
		endloop
	endfacet
	facet normal -0.17776801753526256 -0.19945849101812588 0.9636466376750116
		outer loop
			vertex -15.964088439941406 -18.40230941772461 6.808351993560791
			vertex -16.451261520385742 -17.968114852905273 6.808351993560791
			vertex -16.45798110961914 -18.971633911132812 6.599400997161865
		endloop
	endfacet
	facet normal -0.052172419797407533 -0.046498972018211716 0.9975549529793999
		outer loop
			vertex -15.783612251281738 -14.451172828674316 7.197393417358398
			vertex -16.165019989013672 -14.023228645324707 7.197393417358398
			vertex -16.780420303344727 -15.363831520080566 7.102718353271484
		endloop
	endfacet
	facet normal -0.007405449431947272 -0.006818713995124881 0.9999493309454053
		outer loop
			vertex -15.783612251281738 -14.451172828674316 7.197393417358398
			vertex -14.961679458618164 -14.961679458618164 7.1999993324279785
			vertex -16.14307975769043 -13.678622245788574 7.1999993324279785
		endloop
	endfacet
	facet normal -0.007918519478377128 -0.007057426454063354 0.9999437433081504
		outer loop
			vertex -15.783612251281738 -14.451172828674316 7.197393417358398
			vertex -16.14307975769043 -13.678622245788574 7.1999993324279785
			vertex -16.165019989013672 -14.023228645324707 7.197393417358398
		endloop
	endfacet
	facet normal -0.12545803562228888 -0.12884623159571507 0.9836965639369591
		outer loop
			vertex -15.653437614440918 -16.510595321655273 7.102718353271484
			vertex -16.087726593017578 -16.087726593017578 7.102718353271484
			vertex -17.226390838623047 -17.226390838623047 6.808351993560791
		endloop
	endfacet
	facet normal -0.12545825084155865 -0.12884577211560336 0.9836965966718145
		outer loop
			vertex -15.653437614440918 -16.510595321655273 7.102718353271484
			vertex -17.226390838623047 -17.226390838623047 6.808351993560791
			vertex -16.76136589050293 -17.679189682006836 6.808351993560791
		endloop
	endfacet
	facet normal -0.007524793144650745 -0.007010872705398389 0.9999471111774059
		outer loop
			vertex -15.529813766479492 -14.723575592041016 7.197393417358398
			vertex -14.961679458618164 -14.961679458618164 7.1999993324279785
			vertex -15.783612251281738 -14.451172828674316 7.197393417358398
		endloop
	endfacet
	facet normal -0.051129780055187424 -0.047637771900316365 0.9975552056301856
		outer loop
			vertex -15.529813766479492 -14.723575592041016 7.197393417358398
			vertex -15.783612251281738 -14.451172828674316 7.197393417358398
			vertex -16.780420303344727 -15.363831520080566 7.102718353271484
		endloop
	endfacet
	facet normal -0.05112989651699309 -0.047637545135065525 0.9975552104899589
		outer loop
			vertex -15.529813766479492 -14.723575592041016 7.197393417358398
			vertex -16.780420303344727 -15.363831520080566 7.102718353271484
			vertex -16.510595321655273 -15.653437614440918 7.102718353271484
		endloop
	endfacet
	facet normal -0.11965379356587462 -0.1342534244356388 0.9836965933216397
		outer loop
			vertex -15.363831520080566 -16.780420303344727 7.102718353271484
			vertex -16.451261520385742 -17.968114852905273 6.808351993560791
			vertex -15.964088439941406 -18.40230941772461 6.808351993560791
		endloop
	endfacet
	facet normal -0.12258423451579606 -0.13157099526511618 0.9836982152332713
		outer loop
			vertex -15.363831520080566 -16.780420303344727 7.102718353271484
			vertex -15.653437614440918 -16.510595321655273 7.102718353271484
			vertex -16.76136589050293 -17.679189682006836 6.808351993560791
		endloop
	endfacet
	facet normal -0.12258458761265092 -0.13157045545560628 0.9836982434319178
		outer loop
			vertex -15.363831520080566 -16.780420303344727 7.102718353271484
			vertex -16.76136589050293 -17.679189682006836 6.808351993560791
			vertex -16.451261520385742 -17.968114852905273 6.808351993560791
		endloop
	endfacet
	facet normal -0.007748539111942004 -0.00754480918403867 0.9999415162878313
		outer loop
			vertex -15.132064819335938 -15.132064819335938 7.197393417358398
			vertex -14.961679458618164 -14.961679458618164 7.1999993324279785
			vertex -15.529813766479492 -14.723575592041016 7.197393417358398
		endloop
	endfacet
	facet normal -0.05007095224152299 -0.04875445227387165 0.9975549624582608
		outer loop
			vertex -15.132064819335938 -15.132064819335938 7.197393417358398
			vertex -15.529813766479492 -14.723575592041016 7.197393417358398
			vertex -16.510595321655273 -15.653437614440918 7.102718353271484
		endloop
	endfacet
	facet normal -0.05007100423172884 -0.0487543155492405 0.9975549665309434
		outer loop
			vertex -15.132064819335938 -15.132064819335938 7.197393417358398
			vertex -16.510595321655273 -15.653437614440918 7.102718353271484
			vertex -16.087726593017578 -16.087726593017578 7.102718353271484
		endloop
	endfacet
	facet normal -0.1196539922129927 -0.13425334841446837 0.9836965795340535
		outer loop
			vertex -14.90886116027832 -17.185914993286133 7.102718353271484
			vertex -15.363831520080566 -16.780420303344727 7.102718353271484
			vertex -15.964088439941406 -18.40230941772461 6.808351993560791
		endloop
	endfacet
	facet normal -0.14809575318657042 -0.10938838902931937 0.9829047910320068
		outer loop
			vertex -14.90886116027832 -17.185914993286133 7.102718353271484
			vertex -15.964088439941406 -18.40230941772461 6.808351993560791
			vertex -14.8890962600708 -18.004425048828125 7.014603614807129
		endloop
	endfacet
	facet normal -0.00754480918403867 -0.007748539111942004 0.9999415162878313
		outer loop
			vertex -14.723575592041016 -15.529813766479492 7.197393417358398
			vertex -14.961679458618164 -14.961679458618164 7.1999993324279785
			vertex -15.132064819335938 -15.132064819335938 7.197393417358398
		endloop
	endfacet
	facet normal -0.04875441047714569 -0.05007090931617419 0.9975549666556113
		outer loop
			vertex -14.723575592041016 -15.529813766479492 7.197393417358398
			vertex -15.132064819335938 -15.132064819335938 7.197393417358398
			vertex -16.087726593017578 -16.087726593017578 7.102718353271484
		endloop
	endfacet
	facet normal -0.04875435486294953 -0.05007104460716779 0.9975549625829369
		outer loop
			vertex -14.723575592041016 -15.529813766479492 7.197393417358398
			vertex -16.087726593017578 -16.087726593017578 7.102718353271484
			vertex -15.653437614440918 -16.510595321655273 7.102718353271484
		endloop
	endfacet
	facet normal -0.09015853109744563 -0.11041617959313574 0.9897877078214335
		outer loop
			vertex -14.49918270111084 -17.532928466796875 7.102718353271484
			vertex -14.8890962600708 -18.004425048828125 7.014603614807129
			vertex -14.279719352722168 -17.712127685546875 7.102718353271484
		endloop
	endfacet
	facet normal -0.061459319896751206 -0.07526856550110682 0.9952674992409
		outer loop
			vertex -14.49918270111084 -17.532928466796875 7.102718353271484
			vertex -14.279719352722168 -17.712127685546875 7.102718353271484
			vertex -13.64658260345459 -17.45785140991211 7.161045551300049
		endloop
	endfacet
	facet normal -0.09213919847451396 -0.10877803814956778 0.9897866974862843
		outer loop
			vertex -14.49918270111084 -17.532928466796875 7.102718353271484
			vertex -14.90886116027832 -17.185914993286133 7.102718353271484
			vertex -14.8890962600708 -18.004425048828125 7.014603614807129
		endloop
	endfacet
	facet normal -0.04649895405574651 -0.05217243624134284 0.9975549529566603
		outer loop
			vertex -14.451172828674316 -15.783612251281738 7.197393417358398
			vertex -15.363831520080566 -16.780420303344727 7.102718353271484
			vertex -14.90886116027832 -17.185914993286133 7.102718353271484
		endloop
	endfacet
	facet normal -0.006818713995124881 -0.007405449431947272 0.9999493309454053
		outer loop
			vertex -14.451172828674316 -15.783612251281738 7.197393417358398
			vertex -13.678622245788574 -16.14307975769043 7.1999993324279785
			vertex -14.961679458618164 -14.961679458618164 7.1999993324279785
		endloop
	endfacet
	facet normal -0.047637590976827744 -0.05112994571945622 0.9975552057789334
		outer loop
			vertex -14.451172828674316 -15.783612251281738 7.197393417358398
			vertex -15.653437614440918 -16.510595321655273 7.102718353271484
			vertex -15.363831520080566 -16.780420303344727 7.102718353271484
		endloop
	endfacet
	facet normal -0.007010872705398389 -0.007524793144650745 0.9999471111774059
		outer loop
			vertex -14.451172828674316 -15.783612251281738 7.197393417358398
			vertex -14.961679458618164 -14.961679458618164 7.1999993324279785
			vertex -14.723575592041016 -15.529813766479492 7.197393417358398
		endloop
	endfacet
	facet normal -0.047637723163438124 -0.05112972774573286 0.9975552106387151
		outer loop
			vertex -14.451172828674316 -15.783612251281738 7.197393417358398
			vertex -14.723575592041016 -15.529813766479492 7.197393417358398
			vertex -15.653437614440918 -16.510595321655273 7.102718353271484
		endloop
	endfacet
	facet normal -0.007057426454063354 -0.007918519478377128 0.9999437433081504
		outer loop
			vertex -14.023228645324707 -16.165019989013672 7.197393417358398
			vertex -13.678622245788574 -16.14307975769043 7.1999993324279785
			vertex -14.451172828674316 -15.783612251281738 7.197393417358398
		endloop
	endfacet
	facet normal -0.04649897928910616 -0.05217242795544071 0.9975549522138144
		outer loop
			vertex -14.023228645324707 -16.165019989013672 7.197393417358398
			vertex -14.451172828674316 -15.783612251281738 7.197393417358398
			vertex -14.90886116027832 -17.185914993286133 7.102718353271484
		endloop
	endfacet
	facet normal -0.0070329231019331286 -0.00830303385075968 0.9999407970582637
		outer loop
			vertex -13.637886047363281 -16.491416931152344 7.197393417358398
			vertex -13.678622245788574 -16.14307975769043 7.1999993324279785
			vertex -14.023228645324707 -16.165019989013672 7.197393417358398
		endloop
	endfacet
	facet normal -0.0649686031283453 -0.036920492452847335 0.9972040703108822
		outer loop
			vertex -13.637886047363281 -16.491416931152344 7.197393417358398
			vertex -14.49918270111084 -17.532928466796875 7.102718353271484
			vertex -13.64658260345459 -17.45785140991211 7.161045551300049
		endloop
	endfacet
	facet normal -0.04516912387597423 -0.05332593251852897 0.9975550587157115
		outer loop
			vertex -13.637886047363281 -16.491416931152344 7.197393417358398
			vertex -14.90886116027832 -17.185914993286133 7.102718353271484
			vertex -14.49918270111084 -17.532928466796875 7.102718353271484
		endloop
	endfacet
	facet normal -0.045168954312486284 -0.05332624162446829 0.9975550498696929
		outer loop
			vertex -13.637886047363281 -16.491416931152344 7.197393417358398
			vertex -14.023228645324707 -16.165019989013672 7.197393417358398
			vertex -14.90886116027832 -17.185914993286133 7.102718353271484
		endloop
	endfacet
	facet normal -0.03988158288021372 -0.029559876669411515 0.9987670764689123
		outer loop
			vertex -13.179344177246094 -16.86012077331543 7.197393417358398
			vertex -13.64658260345459 -17.45785140991211 7.161045551300049
			vertex -13.060572624206543 -17.29343605041504 7.189311504364014
		endloop
	endfacet
	facet normal -0.006184426920472781 -0.007940315387839713 0.9999493508449352
		outer loop
			vertex -13.179344177246094 -16.86012077331543 7.197393417358398
			vertex -12.30262565612793 -17.214794158935547 7.1999993324279785
			vertex -13.678622245788574 -16.14307975769043 7.1999993324279785
		endloop
	endfacet
	facet normal -0.029989979245065673 -0.037297309100796906 0.9988540993952623
		outer loop
			vertex -13.179344177246094 -16.86012077331543 7.197393417358398
			vertex -13.637886047363281 -16.491416931152344 7.197393417358398
			vertex -13.64658260345459 -17.45785140991211 7.161045551300049
		endloop
	endfacet
	facet normal -0.006639299247044012 -0.008257024594988059 0.9999438690498312
		outer loop
			vertex -13.179344177246094 -16.86012077331543 7.197393417358398
			vertex -13.678622245788574 -16.14307975769043 7.1999993324279785
			vertex -13.637886047363281 -16.491416931152344 7.197393417358398
		endloop
	endfacet
	facet normal -0.01780122872786352 -0.02387822491955114 0.9995563749136261
		outer loop
			vertex -12.897104263305664 -17.076988220214844 7.197393417358398
			vertex -13.060572624206543 -17.29343605041504 7.189311504364014
			vertex -12.683563232421875 -17.236183166503906 7.197393417358398
		endloop
	endfacet
	facet normal -0.0063612962551078825 -0.008532920119250375 0.9999433599880513
		outer loop
			vertex -12.897104263305664 -17.076988220214844 7.197393417358398
			vertex -12.683563232421875 -17.236183166503906 7.197393417358398
			vertex -12.30262565612793 -17.214794158935547 7.1999993324279785
		endloop
	endfacet
	facet normal -0.018146931856778497 -0.023617138296996493 0.9995563614138254
		outer loop
			vertex -12.897104263305664 -17.076988220214844 7.197393417358398
			vertex -13.179344177246094 -16.86012077331543 7.197393417358398
			vertex -13.060572624206543 -17.29343605041504 7.189311504364014
		endloop
	endfacet
	facet normal -0.006276976363044346 -0.008169106492656064 0.9999469312252773
		outer loop
			vertex -12.897104263305664 -17.076988220214844 7.197393417358398
			vertex -12.30262565612793 -17.214794158935547 7.1999993324279785
			vertex -13.179344177246094 -16.86012077331543 7.197393417358398
		endloop
	endfacet
	facet normal 0.5227485877537774 -0.8524868996069275 0
		outer loop
			vertex -15.241310119628906 -18.196414947509766 0.25323691964149475
			vertex -15.802988052368164 -18.54083824157715 6.808351993560791
			vertex -15.802988052368164 -18.54083824157715 0.3916480243206024
		endloop
	endfacet
	facet normal 0.5065178767499898 -0.8622273603460354 -0.0019025255295078737
		outer loop
			vertex -15.241310119628906 -18.196414947509766 0.25323691964149475
			vertex -14.8890962600708 -18.004425048828125 7.014603614807129
			vertex -15.802988052368164 -18.54083824157715 6.808351993560791
		endloop
	endfacet
	facet normal 0.4325758663808431 -0.901597214529784 -0.000763267317253814
		outer loop
			vertex -14.648510932922363 -17.883180618286133 0.14645348489284515
			vertex -14.279719352722168 -17.712127685546875 7.102718353271484
			vertex -14.8890962600708 -18.004425048828125 7.014603614807129
		endloop
	endfacet
	facet normal 0.46729509610663605 -0.884101076148849 0.0007617789293303057
		outer loop
			vertex -14.648510932922363 -17.883180618286133 0.14645348489284515
			vertex -14.8890962600708 -18.004425048828125 7.014603614807129
			vertex -15.241310119628906 -18.196414947509766 0.25323691964149475
		endloop
	endfacet
	facet normal 0.37268107349051927 -0.9279594912828653 0
		outer loop
			vertex -13.64658260345459 -17.45785140991211 0.03895439952611923
			vertex -13.64658260345459 -17.45785140991211 7.161045551300049
			vertex -14.279719352722168 -17.712127685546875 7.102718353271484
		endloop
	endfacet
	facet normal 0.3909317233493173 -0.9204177039863316 0.0019073194966925157
		outer loop
			vertex -13.64658260345459 -17.45785140991211 0.03895439952611923
			vertex -14.279719352722168 -17.712127685546875 7.102718353271484
			vertex -14.648510932922363 -17.883180618286133 0.14645348489284515
		endloop
	endfacet
	facet normal -0.0022247154156222783 0.01600448287540321 -0.9998694450623095
		outer loop
			vertex -3.7744948863983154 20.81962776184082 8.907265964808175e-7
			vertex -2.547664165496826 21.40825843811035 0.006693144794553518
			vertex -2.0469889640808105 21.05976104736328 8.907265964808175e-7
		endloop
	endfacet
	facet normal -0.011361363804442757 0.03504095688553742 -0.9993212950563244
		outer loop
			vertex -3.7744948863983154 20.81962776184082 8.907265964808175e-7
			vertex -2.8313775062561035 21.662691116333008 0.018840324133634567
			vertex -2.547664165496826 21.40825843811035 0.006693144794553518
		endloop
	endfacet
	facet normal -0.024261740044943133 0.04945357670122186 -0.9984817032482107
		outer loop
			vertex -3.0893614292144775 21.94223403930664 0.03895439952611923
			vertex -2.8313775062561035 21.662691116333008 0.018840324133634567
			vertex -3.7744948863983154 20.81962776184082 8.907265964808175e-7
		endloop
	endfacet
	facet normal -0.00768127777407962 0.0360270799798688 -0.999321293418629
		outer loop
			vertex -8.379300117492676 20.176128387451172 0.018840324133634567
			vertex -7.141005516052246 19.917573928833008 8.907265964808175e-7
			vertex -8.497787475585938 19.813926696777344 0.006693144794553518
		endloop
	endfacet
	facet normal -0.0037155850494547836 0.054958792260838704 -0.9984817101885094
		outer loop
			vertex -8.29565143585205 20.547212600708008 0.03895439952611923
			vertex -7.141005516052246 19.917573928833008 8.907265964808175e-7
			vertex -8.379300117492676 20.176128387451172 0.018840324133634567
		endloop
	endfacet
	facet normal -0.006075597080154648 0.014972712025555234 -0.9998694439849232
		outer loop
			vertex -8.757136344909668 19.261783599853516 8.907265964808175e-7
			vertex -8.497787475585938 19.813926696777344 0.006693144794553518
			vertex -7.141005516052246 19.917573928833008 8.907265964808175e-7
		endloop
	endfacet
	facet normal -0.01878255717978157 0.10875203131968966 -0.9938914484135729
		outer loop
			vertex -4.123741626739502 22.74602699279785 0.14645348489284515
			vertex -3.744392156600952 22.81154441833496 0.14645348489284515
			vertex -3.0893614292144775 21.94223403930664 0.03895439952611923
		endloop
	endfacet
	facet normal -0.02888213896849984 0.16722916116358397 -0.9854949161234311
		outer loop
			vertex -4.123741626739502 22.74602699279785 0.14645348489284515
			vertex -4.101154327392578 23.37921142578125 0.25323691964149475
			vertex -3.744392156600952 22.81154441833496 0.14645348489284515
		endloop
	endfacet
	facet normal -0.05201833604429434 0.06632279820390896 -0.9964413576089597
		outer loop
			vertex -4.123741626739502 22.74602699279785 0.14645348489284515
			vertex -3.0893614292144775 21.94223403930664 0.03895439952611923
			vertex -3.7744948863983154 20.81962776184082 8.907265964808175e-7
		endloop
	endfacet
	facet normal -0.014168560164132288 0.07324347390888011 -0.9972134402587215
		outer loop
			vertex -4.656492710113525 22.642969131469727 0.14645348489284515
			vertex -4.123741626739502 22.74602699279785 0.14645348489284515
			vertex -3.7744948863983154 20.81962776184082 8.907265964808175e-7
		endloop
	endfacet
	facet normal -0.03236954931309697 0.16733233392041158 -0.9853690183388226
		outer loop
			vertex -4.656492710113525 22.642969131469727 0.14645348489284515
			vertex -4.101154327392578 23.37921142578125 0.25323691964149475
			vertex -4.123741626739502 22.74602699279785 0.14645348489284515
		endloop
	endfacet
	facet normal -0.016193171579017316 0.0722195197301149 -0.9972572998801084
		outer loop
			vertex -5.3860979080200195 22.4805908203125 0.14645348489284515
			vertex -3.7744948863983154 20.81962776184082 8.907265964808175e-7
			vertex -5.476355075836182 20.438034057617188 8.907265964808175e-7
		endloop
	endfacet
	facet normal -0.016094187263770886 0.07231509306903608 -0.9972519764085381
		outer loop
			vertex -5.3860979080200195 22.4805908203125 0.14645348489284515
			vertex -4.656492710113525 22.642969131469727 0.14645348489284515
			vertex -3.7744948863983154 20.81962776184082 8.907265964808175e-7
		endloop
	endfacet
	facet normal -0.04115094580803916 0.21108254800151943 -0.9766016371009677
		outer loop
			vertex -4.907273769378662 23.86243438720703 0.3916480243206024
			vertex -4.415369510650635 23.958332061767578 0.3916480243206024
			vertex -4.101154327392578 23.37921142578125 0.25323691964149475
		endloop
	endfacet
	facet normal -0.0510414750553772 0.2618157225037641 -0.9637672412330703
		outer loop
			vertex -4.907273769378662 23.86243438720703 0.3916480243206024
			vertex -4.767212390899658 24.658906936645508 0.6005989909172058
			vertex -4.415369510650635 23.958332061767578 0.3916480243206024
		endloop
	endfacet
	facet normal -0.057257146681859016 0.18546826407290518 -0.9809807042830329
		outer loop
			vertex -4.907273769378662 23.86243438720703 0.3916480243206024
			vertex -4.101154327392578 23.37921142578125 0.25323691964149475
			vertex -4.656492710113525 22.642969131469727 0.14645348489284515
		endloop
	endfacet
	facet normal -0.0183469278425562 0.07231153817141572 -0.9972133330867695
		outer loop
			vertex -5.983071327209473 22.329126358032227 0.14645348489284515
			vertex -5.3860979080200195 22.4805908203125 0.14645348489284515
			vertex -5.476355075836182 20.438034057617188 8.907265964808175e-7
		endloop
	endfacet
	facet normal -0.04198367530837539 0.1886428520773908 -0.9811479222664179
		outer loop
			vertex -5.676173210144043 23.69131088256836 0.3916480243206024
			vertex -4.656492710113525 22.642969131469727 0.14645348489284515
			vertex -5.3860979080200195 22.4805908203125 0.14645348489284515
		endloop
	endfacet
	facet normal -0.05851872354102852 0.26293882830420023 -0.9630362047011228
		outer loop
			vertex -5.676173210144043 23.69131088256836 0.3916480243206024
			vertex -4.767212390899658 24.658906936645508 0.6005989909172058
			vertex -4.907273769378662 23.86243438720703 0.3916480243206024
		endloop
	endfacet
	facet normal -0.041983676928722825 0.18864285055364763 -0.9811479224900489
		outer loop
			vertex -5.676173210144043 23.69131088256836 0.3916480243206024
			vertex -4.907273769378662 23.86243438720703 0.3916480243206024
			vertex -4.656492710113525 22.642969131469727 0.14645348489284515
		endloop
	endfacet
	facet normal -0.02026685609992909 0.07179709535312967 -0.997213333065036
		outer loop
			vertex -6.5757975578308105 22.16181182861328 0.14645348489284515
			vertex -5.983071327209473 22.329126358032227 0.14645348489284515
			vertex -5.476355075836182 20.438034057617188 8.907265964808175e-7
		endloop
	endfacet
	facet normal -0.022059754561455373 0.07055637523583007 -0.9972638392834011
		outer loop
			vertex -6.960354328155518 22.044057846069336 0.14645348489284515
			vertex -5.476355075836182 20.438034057617188 8.907265964808175e-7
			vertex -7.141005516052246 19.917573928833008 8.907265964808175e-7
		endloop
	endfacet
	facet normal -0.02170484650376906 0.07088291615757426 -0.9972484704602189
		outer loop
			vertex -6.960354328155518 22.044057846069336 0.14645348489284515
			vertex -6.5757975578308105 22.16181182861328 0.14645348489284515
			vertex -5.476355075836182 20.438034057617188 8.907265964808175e-7
		endloop
	endfacet
	facet normal -0.04752591577110426 0.18731530338605976 -0.981149460809874
		outer loop
			vertex -6.305296897888184 23.531688690185547 0.3916480243206024
			vertex -5.676173210144043 23.69131088256836 0.3916480243206024
			vertex -5.3860979080200195 22.4805908203125 0.14645348489284515
		endloop
	endfacet
	facet normal -0.04752578242287104 0.1873154164713291 -0.9811494456795389
		outer loop
			vertex -6.305296897888184 23.531688690185547 0.3916480243206024
			vertex -5.3860979080200195 22.4805908203125 0.14645348489284515
			vertex -5.983071327209473 22.329126358032227 0.14645348489284515
		endloop
	endfacet
	facet normal -0.023357306055628274 0.07066404616317189 -0.9972266687336802
		outer loop
			vertex -7.548300266265869 21.84971809387207 0.14645348489284515
			vertex -6.960354328155518 22.044057846069336 0.14645348489284515
			vertex -7.141005516052246 19.917573928833008 8.907265964808175e-7
		endloop
	endfacet
	facet normal -0.052498957192127584 0.18598285856296953 -0.9811494462183046
		outer loop
			vertex -6.929945468902588 23.355363845825195 0.3916480243206024
			vertex -6.305296897888184 23.531688690185547 0.3916480243206024
			vertex -5.983071327209473 22.329126358032227 0.14645348489284515
		endloop
	endfacet
	facet normal -0.052499126160881614 0.18598270734956224 -0.9811494658405879
		outer loop
			vertex -6.929945468902588 23.355363845825195 0.3916480243206024
			vertex -5.983071327209473 22.329126358032227 0.14645348489284515
			vertex -6.5757975578308105 22.16181182861328 0.14645348489284515
		endloop
	endfacet
	facet normal -0.03846056757487218 0.10361455988430698 -0.9938736377034055
		outer loop
			vertex -7.925548076629639 21.71572494506836 0.14645348489284515
			vertex -8.29565143585205 20.547212600708008 0.03895439952611923
			vertex -8.163033485412598 21.627573013305664 0.14645348489284515
		endloop
	endfacet
	facet normal -0.05912284332557193 0.1592796928532673 -0.9854615511736969
		outer loop
			vertex -7.925548076629639 21.71572494506836 0.14645348489284515
			vertex -8.163033485412598 21.627573013305664 0.14645348489284515
			vertex -8.13790225982666 22.297569274902344 0.25323691964149475
		endloop
	endfacet
	facet normal 0.013955628164435813 0.08721680284691462 -0.9960915970650985
		outer loop
			vertex -7.925548076629639 21.71572494506836 0.14645348489284515
			vertex -7.141005516052246 19.917573928833008 8.907265964808175e-7
			vertex -8.29565143585205 20.547212600708008 0.03895439952611923
		endloop
	endfacet
	facet normal -0.024977190919230514 0.07032143559161273 -0.997211630312302
		outer loop
			vertex -7.925548076629639 21.71572494506836 0.14645348489284515
			vertex -7.548300266265869 21.84971809387207 0.14645348489284515
			vertex -7.141005516052246 19.917573928833008 8.907265964808175e-7
		endloop
	endfacet
	facet normal -0.056866386175525245 0.16010310870031064 -0.9854609118112361
		outer loop
			vertex -7.925548076629639 21.71572494506836 0.14645348489284515
			vertex -8.13790225982666 22.297569274902344 0.25323691964149475
			vertex -7.548300266265869 21.84971809387207 0.14645348489284515
		endloop
	endfacet
	facet normal -0.0706007906247794 0.3172242867901459 -0.9457189224254952
		outer loop
			vertex -6.053142547607422 25.264713287353516 0.8998043537139893
			vertex -5.233179092407227 25.447202682495117 0.8998043537139893
			vertex -4.767212390899658 24.658906936645508 0.6005989909172058
		endloop
	endfacet
	facet normal -0.08414956591169627 0.3781018001896014 -0.921931602262476
		outer loop
			vertex -6.053142547607422 25.264713287353516 0.8998043537139893
			vertex -5.785152912139893 26.145618438720703 1.2366195917129517
			vertex -5.233179092407227 25.447202682495117 0.8998043537139893
		endloop
	endfacet
	facet normal -0.08658714118086205 0.2873351863152516 -0.9539083591662803
		outer loop
			vertex -6.053142547607422 25.264713287353516 0.8998043537139893
			vertex -4.767212390899658 24.658906936645508 0.6005989909172058
			vertex -5.676173210144043 23.69131088256836 0.3916480243206024
		endloop
	endfacet
	facet normal -0.07968175749201394 0.2602213406626183 -0.9622555125260304
		outer loop
			vertex -7.335212707519531 23.23126792907715 0.3916480243206024
			vertex -8.200926780700684 23.738845825195312 0.6005989909172058
			vertex -6.929945468902588 23.355363845825195 0.3916480243206024
		endloop
	endfacet
	facet normal -0.05657868261819661 0.1847726504601272 -0.9811513238614772
		outer loop
			vertex -7.335212707519531 23.23126792907715 0.3916480243206024
			vertex -6.5757975578308105 22.16181182861328 0.14645348489284515
			vertex -6.960354328155518 22.044057846069336 0.14645348489284515
		endloop
	endfacet
	facet normal -0.05657877416796248 0.18477258698153487 -0.9811513305366314
		outer loop
			vertex -7.335212707519531 23.23126792907715 0.3916480243206024
			vertex -6.929945468902588 23.355363845825195 0.3916480243206024
			vertex -6.5757975578308105 22.16181182861328 0.14645348489284515
		endloop
	endfacet
	facet normal -0.08976282788925499 0.4180690477958424 -0.9039695271436985
		outer loop
			vertex -6.724048614501953 25.09449005126953 0.8998043537139893
			vertex -8.062719345092773 25.53534507751465 1.2366195917129517
			vertex -7.825061321258545 26.37209129333496 1.600000023841858
		endloop
	endfacet
	facet normal -0.10834615380663865 0.40435256480921666 -0.9081630438899815
		outer loop
			vertex -6.724048614501953 25.09449005126953 0.8998043537139893
			vertex -7.825061321258545 26.37209129333496 1.600000023841858
			vertex -6.409343719482422 26.751432418823242 1.600000023841858
		endloop
	endfacet
	facet normal -0.13129807564896367 0.406939731469213 -0.9039695073854229
		outer loop
			vertex -6.724048614501953 25.09449005126953 0.8998043537139893
			vertex -6.409343719482422 26.751432418823242 1.600000023841858
			vertex -5.785152912139893 26.145618438720703 1.2366195917129517
		endloop
	endfacet
	facet normal -0.07369766052357865 0.2904667783005715 -0.9540428216474552
		outer loop
			vertex -6.724048614501953 25.09449005126953 0.8998043537139893
			vertex -5.676173210144043 23.69131088256836 0.3916480243206024
			vertex -6.305296897888184 23.531688690185547 0.3916480243206024
		endloop
	endfacet
	facet normal -0.09666398240493902 0.3809847218135546 -0.9195143915405927
		outer loop
			vertex -6.724048614501953 25.09449005126953 0.8998043537139893
			vertex -5.785152912139893 26.145618438720703 1.2366195917129517
			vertex -6.053142547607422 25.264713287353516 0.8998043537139893
		endloop
	endfacet
	facet normal -0.07369764458825215 0.2904667894205737 -0.9540428194928402
		outer loop
			vertex -6.724048614501953 25.09449005126953 0.8998043537139893
			vertex -6.053142547607422 25.264713287353516 0.8998043537139893
			vertex -5.676173210144043 23.69131088256836 0.3916480243206024
		endloop
	endfacet
	facet normal -0.07123437340809313 0.2033255724637865 -0.9765164492354598
		outer loop
			vertex -7.954823017120361 23.026460647583008 0.3916480243206024
			vertex -8.13790225982666 22.297569274902344 0.25323691964149475
			vertex -8.155343055725098 22.956209182739258 0.3916480243206024
		endloop
	endfacet
	facet normal -0.08833428623530154 0.2521341658201784 -0.9636521241098693
		outer loop
			vertex -7.954823017120361 23.026460647583008 0.3916480243206024
			vertex -8.155343055725098 22.956209182739258 0.3916480243206024
			vertex -8.200926780700684 23.738845825195312 0.6005989909172058
		endloop
	endfacet
	facet normal -0.06064981929422355 0.18348698348122772 -0.9811493904154136
		outer loop
			vertex -7.954823017120361 23.026460647583008 0.3916480243206024
			vertex -6.960354328155518 22.044057846069336 0.14645348489284515
			vertex -7.548300266265869 21.84971809387207 0.14645348489284515
		endloop
	endfacet
	facet normal -0.0838522260698926 0.25368094033009936 -0.9636466077854268
		outer loop
			vertex -7.954823017120361 23.026460647583008 0.3916480243206024
			vertex -8.200926780700684 23.738845825195312 0.6005989909172058
			vertex -7.335212707519531 23.23126792907715 0.3916480243206024
		endloop
	endfacet
	facet normal -0.03036257527295145 0.19382847984578797 -0.9805654666688327
		outer loop
			vertex -7.954823017120361 23.026460647583008 0.3916480243206024
			vertex -7.548300266265869 21.84971809387207 0.14645348489284515
			vertex -8.13790225982666 22.297569274902344 0.25323691964149475
		endloop
	endfacet
	facet normal -0.06065008365939047 0.18348672390628012 -0.981149422617294
		outer loop
			vertex -7.954823017120361 23.026460647583008 0.3916480243206024
			vertex -7.335212707519531 23.23126792907715 0.3916480243206024
			vertex -6.960354328155518 22.044057846069336 0.14645348489284515
		endloop
	endfacet
	facet normal -0.0686810828494861 0.2921329252939211 -0.9539084142714324
		outer loop
			vertex -7.390181541442871 24.906455993652344 0.8998043537139893
			vertex -6.929945468902588 23.355363845825195 0.3916480243206024
			vertex -8.200926780700684 23.738845825195312 0.6005989909172058
		endloop
	endfacet
	facet normal -0.0814092017002213 0.2884003198411515 -0.9540428697883834
		outer loop
			vertex -7.390181541442871 24.906455993652344 0.8998043537139893
			vertex -6.305296897888184 23.531688690185547 0.3916480243206024
			vertex -6.929945468902588 23.355363845825195 0.3916480243206024
		endloop
	endfacet
	facet normal -0.10677862431942434 0.3782759275313389 -0.9195138106840791
		outer loop
			vertex -7.390181541442871 24.906455993652344 0.8998043537139893
			vertex -8.062719345092773 25.53534507751465 1.2366195917129517
			vertex -6.724048614501953 25.09449005126953 0.8998043537139893
		endloop
	endfacet
	facet normal -0.0814088694382778 0.2884005651161045 -0.9540428239955968
		outer loop
			vertex -7.390181541442871 24.906455993652344 0.8998043537139893
			vertex -6.724048614501953 25.09449005126953 0.8998043537139893
			vertex -6.305296897888184 23.531688690185547 0.3916480243206024
		endloop
	endfacet
	facet normal -0.100421086559552 0.30996064467721957 -0.9454311207726777
		outer loop
			vertex -7.82236385345459 24.774118423461914 0.8998043537139893
			vertex -8.200926780700684 23.738845825195312 0.6005989909172058
			vertex -8.191534996032715 24.65451431274414 0.8998043537139893
		endloop
	endfacet
	facet normal -0.11981706799041181 0.36982845844451473 -0.9213418375080635
		outer loop
			vertex -7.82236385345459 24.774118423461914 0.8998043537139893
			vertex -8.191534996032715 24.65451431274414 0.8998043537139893
			vertex -8.062719345092773 25.53534507751465 1.2366195917129517
		endloop
	endfacet
	facet normal -0.11382362229689381 0.371720261865422 -0.9213404527784049
		outer loop
			vertex -7.82236385345459 24.774118423461914 0.8998043537139893
			vertex -8.062719345092773 25.53534507751465 1.2366195917129517
			vertex -7.390181541442871 24.906455993652344 0.8998043537139893
		endloop
	endfacet
	facet normal -0.0943408892567501 0.30809439509546277 -0.9466665940683693
		outer loop
			vertex -7.82236385345459 24.774118423461914 0.8998043537139893
			vertex -7.390181541442871 24.906455993652344 0.8998043537139893
			vertex -8.200926780700684 23.738845825195312 0.6005989909172058
		endloop
	endfacet
	facet normal 0.7867307511515056 0.6172963025910553 0
		outer loop
			vertex -3.0893614292144775 21.94223403930664 0.03895439952611923
			vertex -3.510535717010498 22.47901153564453 7.102718353271484
			vertex -3.0893614292144775 21.94223403930664 7.161045551300049
		endloop
	endfacet
	facet normal 0.8254200994088733 0.5645184470442131 -0.000763176674130632
		outer loop
			vertex -3.744392156600952 22.81154441833496 0.14645348489284515
			vertex -3.892122983932495 23.036836624145508 7.014603614807129
			vertex -3.510535717010498 22.47901153564453 7.102718353271484
		endloop
	endfacet
	facet normal 0.7987657879466782 0.601639076108384 0.0019073818108864622
		outer loop
			vertex -3.744392156600952 22.81154441833496 0.14645348489284515
			vertex -3.510535717010498 22.47901153564453 7.102718353271484
			vertex -3.0893614292144775 21.94223403930664 0.03895439952611923
		endloop
	endfacet
	facet normal 0.8697716759859482 0.49345071852389544 -0.001902640493146997
		outer loop
			vertex -4.101154327392578 23.37921142578125 0.25323691964149475
			vertex -4.415369510650635 23.958332061767578 6.808351993560791
			vertex -3.892122983932495 23.036836624145508 7.014603614807129
		endloop
	endfacet
	facet normal 0.8467392233578878 0.5320076195438775 0.0007618231673301852
		outer loop
			vertex -4.101154327392578 23.37921142578125 0.25323691964149475
			vertex -3.892122983932495 23.036836624145508 7.014603614807129
			vertex -3.744392156600952 22.81154441833496 0.14645348489284515
		endloop
	endfacet
	facet normal 0.8789581528930503 0.47689890486646874 0
		outer loop
			vertex -4.415369510650635 23.958332061767578 0.3916480243206024
			vertex -4.415369510650635 23.958332061767578 6.808351993560791
			vertex -4.101154327392578 23.37921142578125 0.25323691964149475
		endloop
	endfacet
	facet normal -0.08114911729806387 0.3801889646127368 0.9213420493760394
		outer loop
			vertex -5.6126933097839355 25.36619758605957 6.300195693969727
			vertex -5.233179092407227 25.447202682495117 6.300195693969727
			vertex -5.785152912139893 26.145618438720703 5.963380336761475
		endloop
	endfacet
	facet normal -0.0680128503011396 0.3186446876726319 0.9454310208639897
		outer loop
			vertex -5.6126933097839355 25.36619758605957 6.300195693969727
			vertex -4.767212390899658 24.658906936645508 6.599400997161865
			vertex -5.233179092407227 25.447202682495117 6.300195693969727
		endloop
	endfacet
	facet normal -0.07234613830336306 0.3139875023178112 0.9466667231189725
		outer loop
			vertex -6.053142547607422 25.264713287353516 6.300195693969727
			vertex -4.767212390899658 24.658906936645508 6.599400997161865
			vertex -5.6126933097839355 25.36619758605957 6.300195693969727
		endloop
	endfacet
	facet normal -0.08728663384560201 0.37883033966494195 0.921340663002154
		outer loop
			vertex -6.053142547607422 25.264713287353516 6.300195693969727
			vertex -5.6126933097839355 25.36619758605957 6.300195693969727
			vertex -5.785152912139893 26.145618438720703 5.963380336761475
		endloop
	endfacet
	facet normal -0.03738420588191881 0.19800406175287158 0.9794880360065372
		outer loop
			vertex -4.624151706695557 23.918912887573242 6.808351993560791
			vertex -3.892122983932495 23.036836624145508 7.014603614807129
			vertex -4.415369510650635 23.958332061767578 6.808351993560791
		endloop
	endfacet
	facet normal -0.04956564077520586 0.26252258046816584 0.963651981785374
		outer loop
			vertex -4.624151706695557 23.918912887573242 6.808351993560791
			vertex -4.415369510650635 23.958332061767578 6.808351993560791
			vertex -4.767212390899658 24.658906936645508 6.599400997161865
		endloop
	endfacet
	facet normal -0.13129802033676474 0.4069397801368418 0.9039694935106082
		outer loop
			vertex -6.724048614501953 25.09449005126953 6.300195693969727
			vertex -5.785152912139893 26.145618438720703 5.963380336761475
			vertex -6.409343719482422 26.751432418823242 5.599999904632568
		endloop
	endfacet
	facet normal -0.10834616902023217 0.4043526215870103 0.9081630167950858
		outer loop
			vertex -6.724048614501953 25.09449005126953 6.300195693969727
			vertex -6.409343719482422 26.751432418823242 5.599999904632568
			vertex -7.825061321258545 26.37209129333496 5.599999904632568
		endloop
	endfacet
	facet normal -0.089762900124901 0.4180690622871335 0.9039695132688513
		outer loop
			vertex -6.724048614501953 25.09449005126953 6.300195693969727
			vertex -7.825061321258545 26.37209129333496 5.599999904632568
			vertex -8.062719345092773 25.53534507751465 5.963380336761475
		endloop
	endfacet
	facet normal -0.09666401133171804 0.38098483582355686 0.9195143412616027
		outer loop
			vertex -6.724048614501953 25.09449005126953 6.300195693969727
			vertex -6.053142547607422 25.264713287353516 6.300195693969727
			vertex -5.785152912139893 26.145618438720703 5.963380336761475
		endloop
	endfacet
	facet normal -0.05422317211504501 0.26162059723142844 0.9636464656242212
		outer loop
			vertex -5.263153076171875 23.786474227905273 6.808351993560791
			vertex -4.624151706695557 23.918912887573242 6.808351993560791
			vertex -4.767212390899658 24.658906936645508 6.599400997161865
		endloop
	endfacet
	facet normal -0.1067786562729782 0.3782760407305892 0.9195137604047733
		outer loop
			vertex -7.390181541442871 24.906455993652344 6.300195693969727
			vertex -6.724048614501953 25.09449005126953 6.300195693969727
			vertex -8.062719345092773 25.53534507751465 5.963380336761475
		endloop
	endfacet
	facet normal -0.022871619460535945 0.14070246711461482 0.9897877069205868
		outer loop
			vertex -3.790196657180786 22.433551788330078 7.102718353271484
			vertex -3.510535717010498 22.47901153564453 7.102718353271484
			vertex -3.892122983932495 23.036836624145508 7.014603614807129
		endloop
	endfacet
	facet normal -0.015591145763850097 0.09591418211126006 0.9952674946182551
		outer loop
			vertex -3.790196657180786 22.433551788330078 7.102718353271484
			vertex -3.0893614292144775 21.94223403930664 7.161045551300049
			vertex -3.510535717010498 22.47901153564453 7.102718353271484
		endloop
	endfacet
	facet normal -0.07369764065418187 0.2904667739151017 0.9540428245175163
		outer loop
			vertex -5.676173210144043 23.69131088256836 6.808351993560791
			vertex -6.053142547607422 25.264713287353516 6.300195693969727
			vertex -6.724048614501953 25.09449005126953 6.300195693969727
		endloop
	endfacet
	facet normal -0.06110409762858456 0.2651989849606186 0.9622555729268882
		outer loop
			vertex -5.676173210144043 23.69131088256836 6.808351993560791
			vertex -5.263153076171875 23.786474227905273 6.808351993560791
			vertex -4.767212390899658 24.658906936645508 6.599400997161865
		endloop
	endfacet
	facet normal -0.08658710144673731 0.28733517958627386 0.9539083647998775
		outer loop
			vertex -5.676173210144043 23.69131088256836 6.808351993560791
			vertex -4.767212390899658 24.658906936645508 6.599400997161865
			vertex -6.053142547607422 25.264713287353516 6.300195693969727
		endloop
	endfacet
	facet normal -0.1198171039884312 0.3698285695563308 0.9213417882261413
		outer loop
			vertex -7.82236385345459 24.774118423461914 6.300195693969727
			vertex -8.062719345092773 25.53534507751465 5.963380336761475
			vertex -8.191534996032715 24.65451431274414 6.300195693969727
		endloop
	endfacet
	facet normal -0.1004210686784019 0.3099605894850981 0.9454311407667606
		outer loop
			vertex -7.82236385345459 24.774118423461914 6.300195693969727
			vertex -8.191534996032715 24.65451431274414 6.300195693969727
			vertex -8.200926780700684 23.738845825195312 6.599400997161865
		endloop
	endfacet
	facet normal -0.1138236564941306 0.3717203735452786 0.9213404034957247
		outer loop
			vertex -7.82236385345459 24.774118423461914 6.300195693969727
			vertex -7.390181541442871 24.906455993652344 6.300195693969727
			vertex -8.062719345092773 25.53534507751465 5.963380336761475
		endloop
	endfacet
	facet normal -0.09434087241431768 0.3080943400921755 0.9466666136477364
		outer loop
			vertex -7.82236385345459 24.774118423461914 6.300195693969727
			vertex -8.200926780700684 23.738845825195312 6.599400997161865
			vertex -7.390181541442871 24.906455993652344 6.300195693969727
		endloop
	endfacet
	facet normal -0.0034773059312869247 0.029579681363281537 0.9995563769962688
		outer loop
			vertex -2.630725622177124 21.23765754699707 7.197393417358398
			vertex -2.3661956787109375 21.268754959106445 7.197393417358398
			vertex -2.664069652557373 21.5068416595459 7.189311504364014
		endloop
	endfacet
	facet normal -0.001242609633148392 0.010570251146660103 0.9999433612520243
		outer loop
			vertex -2.630725622177124 21.23765754699707 7.197393417358398
			vertex -2.0469889640808105 21.05976104736328 7.1999993324279785
			vertex -2.3661956787109375 21.268754959106445 7.197393417358398
		endloop
	endfacet
	facet normal -0.07356000822774501 0.16878095797558637 0.9829048343631126
		outer loop
			vertex -4.31849479675293 22.33786964416504 7.102718353271484
			vertex -3.892122983932495 23.036836624145508 7.014603614807129
			vertex -4.624151706695557 23.918912887573242 6.808351993560791
		endloop
	endfacet
	facet normal -0.036496954858844154 0.17609362851440338 0.9836966027605579
		outer loop
			vertex -4.31849479675293 22.33786964416504 7.102718353271484
			vertex -4.624151706695557 23.918912887573242 6.808351993560791
			vertex -5.263153076171875 23.786474227905273 6.808351993560791
		endloop
	endfacet
	facet normal -0.025405608829652735 0.14027419636680008 0.9897866966542049
		outer loop
			vertex -4.31849479675293 22.33786964416504 7.102718353271484
			vertex -3.790196657180786 22.433551788330078 7.102718353271484
			vertex -3.892122983932495 23.036836624145508 7.014603614807129
		endloop
	endfacet
	facet normal -0.0736976565895075 0.29046676279510003 0.9540428266721314
		outer loop
			vertex -6.305296897888184 23.531688690185547 6.808351993560791
			vertex -5.676173210144043 23.69131088256836 6.808351993560791
			vertex -6.724048614501953 25.09449005126953 6.300195693969727
		endloop
	endfacet
	facet normal -0.0013857036530711213 0.009968677445315915 0.9999493513650465
		outer loop
			vertex -2.983586549758911 21.19096565246582 7.197393417358398
			vertex -3.7744948863983154 20.81962776184082 7.1999993324279785
			vertex -2.0469889640808105 21.05976104736328 7.1999993324279785
		endloop
	endfacet
	facet normal -0.019758532022005258 0.04554044345724059 0.9987670741579607
		outer loop
			vertex -2.983586549758911 21.19096565246582 7.197393417358398
			vertex -2.664069652557373 21.5068416595459 7.189311504364014
			vertex -3.0893614292144775 21.94223403930664 7.161045551300049
		endloop
	endfacet
	facet normal -0.003907051451193058 0.029526448070233007 0.9995563634999847
		outer loop
			vertex -2.983586549758911 21.19096565246582 7.197393417358398
			vertex -2.630725622177124 21.23765754699707 7.197393417358398
			vertex -2.664069652557373 21.5068416595459 7.189311504364014
		endloop
	endfacet
	facet normal -0.0013514460647143978 0.010213175472087914 0.9999469309119914
		outer loop
			vertex -2.983586549758911 21.19096565246582 7.197393417358398
			vertex -2.0469889640808105 21.05976104736328 7.1999993324279785
			vertex -2.630725622177124 21.23765754699707 7.197393417358398
		endloop
	endfacet
	facet normal -0.03649680290718095 0.17609372523189012 0.9836965910846242
		outer loop
			vertex -4.915258407592773 22.21418571472168 7.102718353271484
			vertex -4.31849479675293 22.33786964416504 7.102718353271484
			vertex -5.263153076171875 23.786474227905273 6.808351993560791
		endloop
	endfacet
	facet normal -0.06868111389574126 0.29213289959941113 0.953908419905014
		outer loop
			vertex -6.929945468902588 23.355363845825195 6.808351993560791
			vertex -7.390181541442871 24.906455993652344 6.300195693969727
			vertex -8.200926780700684 23.738845825195312 6.599400997161865
		endloop
	endfacet
	facet normal -0.08140882676062028 0.2884004139254464 0.9540428733411778
		outer loop
			vertex -6.929945468902588 23.355363845825195 6.808351993560791
			vertex -6.724048614501953 25.09449005126953 6.300195693969727
			vertex -7.390181541442871 24.906455993652344 6.300195693969727
		endloop
	endfacet
	facet normal -0.08140923823233626 0.2884004492598587 0.9540428275487127
		outer loop
			vertex -6.929945468902588 23.355363845825195 6.808351993560791
			vertex -6.305296897888184 23.531688690185547 6.808351993560791
			vertex -6.724048614501953 25.09449005126953 6.300195693969727
		endloop
	endfacet
	facet normal -0.0016212942291491186 0.010470420654104811 0.9999438692728451
		outer loop
			vertex -3.565047264099121 21.100929260253906 7.197393417358398
			vertex -3.7744948863983154 20.81962776184082 7.1999993324279785
			vertex -2.983586549758911 21.19096565246582 7.197393417358398
		endloop
	endfacet
	facet normal -0.037804247600399216 0.06445842964935865 0.997204066232437
		outer loop
			vertex -3.565047264099121 21.100929260253906 7.197393417358398
			vertex -3.0893614292144775 21.94223403930664 7.161045551300049
			vertex -3.790196657180786 22.433551788330078 7.102718353271484
		endloop
	endfacet
	facet normal -0.007323472542330599 0.04729544877688894 0.9988540970907185
		outer loop
			vertex -3.565047264099121 21.100929260253906 7.197393417358398
			vertex -2.983586549758911 21.19096565246582 7.197393417358398
			vertex -3.0893614292144775 21.94223403930664 7.161045551300049
		endloop
	endfacet
	facet normal -0.040375762972291555 0.17523575049598836 0.9836982410843851
		outer loop
			vertex -5.30097770690918 22.12531280517578 7.102718353271484
			vertex -4.915258407592773 22.21418571472168 7.102718353271484
			vertex -5.263153076171875 23.786474227905273 6.808351993560791
		endloop
	endfacet
	facet normal -0.0403758047802938 0.17523575112404527 0.9836982392564985
		outer loop
			vertex -5.30097770690918 22.12531280517578 7.102718353271484
			vertex -5.263153076171875 23.786474227905273 6.808351993560791
			vertex -5.676173210144043 23.69131088256836 6.808351993560791
		endloop
	endfacet
	facet normal -0.0796817680151561 0.2602213750286545 0.9622555023610806
		outer loop
			vertex -7.335212707519531 23.23126792907715 6.808351993560791
			vertex -6.929945468902588 23.355363845825195 6.808351993560791
			vertex -8.200926780700684 23.738845825195312 6.599400997161865
		endloop
	endfacet
	facet normal -0.001939201232808701 0.010707095042491309 0.9999407970546705
		outer loop
			vertex -4.061963081359863 21.01093101501465 7.197393417358398
			vertex -3.7744948863983154 20.81962776184082 7.1999993324279785
			vertex -3.565047264099121 21.100929260253906 7.197393417358398
		endloop
	endfacet
	facet normal -0.012454526657380657 0.06876626062012939 0.9975550542030577
		outer loop
			vertex -4.061963081359863 21.01093101501465 7.197393417358398
			vertex -3.790196657180786 22.433551788330078 7.102718353271484
			vertex -4.31849479675293 22.33786964416504 7.102718353271484
		endloop
	endfacet
	facet normal -0.012454508933911786 0.06876625726449583 0.9975550546556557
		outer loop
			vertex -4.061963081359863 21.01093101501465 7.197393417358398
			vertex -3.565047264099121 21.100929260253906 7.197393417358398
			vertex -3.790196657180786 22.433551788330078 7.102718353271484
		endloop
	endfacet
	facet normal -0.044226905251935955 0.1743128152436318 0.9836966114070312
		outer loop
			vertex -5.888516426086426 21.976242065429688 7.102718353271484
			vertex -5.676173210144043 23.69131088256836 6.808351993560791
			vertex -6.305296897888184 23.531688690185547 6.808351993560791
		endloop
	endfacet
	facet normal -0.04422676692478686 0.17431279965873228 0.9836966203878691
		outer loop
			vertex -5.888516426086426 21.976242065429688 7.102718353271484
			vertex -5.30097770690918 22.12531280517578 7.102718353271484
			vertex -5.676173210144043 23.69131088256836 6.808351993560791
		endloop
	endfacet
	facet normal -0.04885472430088684 0.17307279545634874 0.9836966114541664
		outer loop
			vertex -5.888516426086426 21.976242065429688 7.102718353271484
			vertex -6.305296897888184 23.531688690185547 6.808351993560791
			vertex -6.929945468902588 23.355363845825195 6.808351993560791
		endloop
	endfacet
	facet normal -0.08833429793502474 0.2521341992149119 0.9636521142998554
		outer loop
			vertex -7.954823017120361 23.026460647583008 6.808351993560791
			vertex -8.200926780700684 23.738845825195312 6.599400997161865
			vertex -8.155343055725098 22.956209182739258 6.808351993560791
		endloop
	endfacet
	facet normal -0.0666249203468433 0.1901687264415107 0.9794881191073176
		outer loop
			vertex -7.954823017120361 23.026460647583008 6.808351993560791
			vertex -8.155343055725098 22.956209182739258 6.808351993560791
			vertex -8.147741317749023 21.896547317504883 7.014603614807129
		endloop
	endfacet
	facet normal -0.08385223717584757 0.2536809739293159 0.9636465979740079
		outer loop
			vertex -7.954823017120361 23.026460647583008 6.808351993560791
			vertex -7.335212707519531 23.23126792907715 6.808351993560791
			vertex -8.200926780700684 23.738845825195312 6.599400997161865
		endloop
	endfacet
	facet normal -0.0022024463183950276 0.009822635088480991 0.9999493312514055
		outer loop
			vertex -4.623276710510254 20.894596099853516 7.197393417358398
			vertex -5.476355075836182 20.438034057617188 7.1999993324279785
			vertex -3.7744948863983154 20.81962776184082 7.1999993324279785
		endloop
	endfacet
	facet normal -0.0021526336059931104 0.010386413914837972 0.9999437427048324
		outer loop
			vertex -4.623276710510254 20.894596099853516 7.197393417358398
			vertex -3.7744948863983154 20.81962776184082 7.1999993324279785
			vertex -4.061963081359863 21.01093101501465 7.197393417358398
		endloop
	endfacet
	facet normal -0.014182881372699782 0.0684321177704297 0.9975549564477248
		outer loop
			vertex -4.623276710510254 20.894596099853516 7.197393417358398
			vertex -4.061963081359863 21.01093101501465 7.197393417358398
			vertex -4.31849479675293 22.33786964416504 7.102718353271484
		endloop
	endfacet
	facet normal -0.014183101605737368 0.06843216386510632 0.9975549501544166
		outer loop
			vertex -4.623276710510254 20.894596099853516 7.197393417358398
			vertex -4.31849479675293 22.33786964416504 7.102718353271484
			vertex -4.915258407592773 22.21418571472168 7.102718353271484
		endloop
	endfacet
	facet normal -0.048855049217037934 0.17307255566030716 0.9836966375073215
		outer loop
			vertex -6.471875190734863 21.81157112121582 7.102718353271484
			vertex -5.888516426086426 21.976242065429688 7.102718353271484
			vertex -6.929945468902588 23.355363845825195 6.808351993560791
		endloop
	endfacet
	facet normal -0.05265131226761979 0.17194644667945935 0.9836982559661299
		outer loop
			vertex -6.471875190734863 21.81157112121582 7.102718353271484
			vertex -6.929945468902588 23.355363845825195 6.808351993560791
			vertex -7.335212707519531 23.23126792907715 6.808351993560791
		endloop
	endfacet
	facet normal -0.0023092339314275314 0.010022153241454957 0.99994711054288
		outer loop
			vertex -4.986083030700684 20.81100082397461 7.197393417358398
			vertex -5.476355075836182 20.438034057617188 7.1999993324279785
			vertex -4.623276710510254 20.894596099853516 7.197393417358398
		endloop
	endfacet
	facet normal -0.015690794773811096 0.06809857917086058 0.9975552027202688
		outer loop
			vertex -4.986083030700684 20.81100082397461 7.197393417358398
			vertex -4.623276710510254 20.894596099853516 7.197393417358398
			vertex -4.915258407592773 22.21418571472168 7.102718353271484
		endloop
	endfacet
	facet normal -0.015690470925179938 0.06809856324192055 0.9975552089015085
		outer loop
			vertex -4.986083030700684 20.81100082397461 7.197393417358398
			vertex -4.915258407592773 22.21418571472168 7.102718353271484
			vertex -5.30097770690918 22.12531280517578 7.102718353271484
		endloop
	endfacet
	facet normal -0.05644004247205116 0.17074994567999333 0.9836965882100195
		outer loop
			vertex -6.8503546714782715 21.6956787109375 7.102718353271484
			vertex -7.335212707519531 23.23126792907715 6.808351993560791
			vertex -7.954823017120361 23.026460647583008 6.808351993560791
		endloop
	endfacet
	facet normal -0.052650970136182744 0.1719466511216989 0.9836982385425684
		outer loop
			vertex -6.8503546714782715 21.6956787109375 7.102718353271484
			vertex -6.471875190734863 21.81157112121582 7.102718353271484
			vertex -7.335212707519531 23.23126792907715 6.808351993560791
		endloop
	endfacet
	facet normal -0.017187043686422706 0.06774001156205291 0.9975549590688697
		outer loop
			vertex -5.53872013092041 20.670785903930664 7.197393417358398
			vertex -5.30097770690918 22.12531280517578 7.102718353271484
			vertex -5.888516426086426 21.976242065429688 7.102718353271484
		endloop
	endfacet
	facet normal -0.0026596925993013338 0.01048279887114072 0.9999415167714082
		outer loop
			vertex -5.53872013092041 20.670785903930664 7.197393417358398
			vertex -5.476355075836182 20.438034057617188 7.1999993324279785
			vertex -4.986083030700684 20.81100082397461 7.197393417358398
		endloop
	endfacet
	facet normal -0.017186972590300286 0.06774000007190831 0.9975549610740445
		outer loop
			vertex -5.53872013092041 20.670785903930664 7.197393417358398
			vertex -4.986083030700684 20.81100082397461 7.197393417358398
			vertex -5.30097770690918 22.12531280517578 7.102718353271484
		endloop
	endfacet
	facet normal -0.018985658830372655 0.06725807357331112 0.9975549590363351
		outer loop
			vertex -5.53872013092041 20.670785903930664 7.197393417358398
			vertex -5.888516426086426 21.976242065429688 7.102718353271484
			vertex -6.471875190734863 21.81157112121582 7.102718353271484
		endloop
	endfacet
	facet normal -0.02068544899000356 0.1829488193971978 0.982904797872741
		outer loop
			vertex -7.429008960723877 21.504409790039062 7.102718353271484
			vertex -7.954823017120361 23.026460647583008 6.808351993560791
			vertex -8.147741317749023 21.896547317504883 7.014603614807129
		endloop
	endfacet
	facet normal -0.05643988602892504 0.17075007262948066 0.9836965751501167
		outer loop
			vertex -7.429008960723877 21.504409790039062 7.102718353271484
			vertex -6.8503546714782715 21.6956787109375 7.102718353271484
			vertex -7.954823017120361 23.026460647583008 6.808351993560791
		endloop
	endfacet
	facet normal -0.0029380215589425796 0.010408221585555271 0.9999415167662283
		outer loop
			vertex -6.08742618560791 20.515897750854492 7.197393417358398
			vertex -5.476355075836182 20.438034057617188 7.1999993324279785
			vertex -5.53872013092041 20.670785903930664 7.197393417358398
		endloop
	endfacet
	facet normal -0.018985559329618554 0.06725815466769285 0.9975549554624238
		outer loop
			vertex -6.08742618560791 20.515897750854492 7.197393417358398
			vertex -5.53872013092041 20.670785903930664 7.197393417358398
			vertex -6.471875190734863 21.81157112121582 7.102718353271484
		endloop
	endfacet
	facet normal -0.048135171973098814 0.13418376809698893 0.9897867051028792
		outer loop
			vertex -7.9343695640563965 21.323123931884766 7.102718353271484
			vertex -7.429008960723877 21.504409790039062 7.102718353271484
			vertex -8.147741317749023 21.896547317504883 7.014603614807129
		endloop
	endfacet
	facet normal -0.0505432779058567 0.13328786337253368 0.9897877158947347
		outer loop
			vertex -7.9343695640563965 21.323123931884766 7.102718353271484
			vertex -8.147741317749023 21.896547317504883 7.014603614807129
			vertex -8.19929313659668 21.22266387939453 7.102718353271484
		endloop
	endfacet
	facet normal -0.0344542512726389 0.09085943228265181 0.99526753595931
		outer loop
			vertex -7.9343695640563965 21.323123931884766 7.102718353271484
			vertex -8.19929313659668 21.22266387939453 7.102718353271484
			vertex -8.29565143585205 20.547212600708008 7.161045551300049
		endloop
	endfacet
	facet normal -0.003003950260008579 0.009607896640213186 0.9999493310188204
		outer loop
			vertex -6.443422317504883 20.406888961791992 7.197393417358398
			vertex -7.141005516052246 19.917573928833008 7.1999993324279785
			vertex -5.476355075836182 20.438034057617188 7.1999993324279785
		endloop
	endfacet
	facet normal -0.02046076098886667 0.06682040848131265 0.997555206627757
		outer loop
			vertex -6.443422317504883 20.406888961791992 7.197393417358398
			vertex -6.471875190734863 21.81157112121582 7.102718353271484
			vertex -6.8503546714782715 21.6956787109375 7.102718353271484
		endloop
	endfacet
	facet normal -0.0030112235963172863 0.009833922216595074 0.9999471118545676
		outer loop
			vertex -6.443422317504883 20.406888961791992 7.197393417358398
			vertex -5.476355075836182 20.438034057617188 7.1999993324279785
			vertex -6.08742618560791 20.515897750854492 7.197393417358398
		endloop
	endfacet
	facet normal -0.02193319847882158 0.06635547122360001 0.997554953996612
		outer loop
			vertex -6.443422317504883 20.406888961791992 7.197393417358398
			vertex -6.8503546714782715 21.6956787109375 7.102718353271484
			vertex -7.429008960723877 21.504409790039062 7.102718353271484
		endloop
	endfacet
	facet normal -0.020460928552596826 0.06682040487183578 0.9975552034326369
		outer loop
			vertex -6.443422317504883 20.406888961791992 7.197393417358398
			vertex -6.08742618560791 20.515897750854492 7.197393417358398
			vertex -6.471875190734863 21.81157112121582 7.102718353271484
		endloop
	endfacet
	facet normal -0.023597205470086428 0.0657806301866887 0.9975550514063096
		outer loop
			vertex -6.9877028465271 20.22698211669922 7.197393417358398
			vertex -7.429008960723877 21.504409790039062 7.102718353271484
			vertex -7.9343695640563965 21.323123931884766 7.102718353271484
		endloop
	endfacet
	facet normal -0.0033289312336682144 0.010071170177016775 0.9999437432916449
		outer loop
			vertex -6.9877028465271 20.22698211669922 7.197393417358398
			vertex -7.141005516052246 19.917573928833008 7.1999993324279785
			vertex -6.443422317504883 20.406888961791992 7.197393417358398
		endloop
	endfacet
	facet normal -0.02193318516633221 0.06635548313527208 0.9975549534969711
		outer loop
			vertex -6.9877028465271 20.22698211669922 7.197393417358398
			vertex -6.443422317504883 20.406888961791992 7.197393417358398
			vertex -7.429008960723877 21.504409790039062 7.102718353271484
		endloop
	endfacet
	facet normal 0.0005101549422901926 0.07472478732106076 0.9972040643227228
		outer loop
			vertex -7.463043212890625 20.05646514892578 7.197393417358398
			vertex -7.9343695640563965 21.323123931884766 7.102718353271484
			vertex -8.29565143585205 20.547212600708008 7.161045551300049
		endloop
	endfacet
	facet normal -0.023597220426035157 0.06578061731296932 0.9975550519014428
		outer loop
			vertex -7.463043212890625 20.05646514892578 7.197393417358398
			vertex -6.9877028465271 20.22698211669922 7.197393417358398
			vertex -7.9343695640563965 21.323123931884766 7.102718353271484
		endloop
	endfacet
	facet normal -0.003674138658173075 0.010242185505942587 0.9999407974181185
		outer loop
			vertex -7.463043212890625 20.05646514892578 7.197393417358398
			vertex -7.141005516052246 19.917573928833008 7.1999993324279785
			vertex -6.9877028465271 20.22698211669922 7.197393417358398
		endloop
	endfacet
	facet normal -0.005658820305779678 0.04931847458807981 0.998767072853852
		outer loop
			vertex -8.01162052154541 19.843708038330078 7.197393417358398
			vertex -8.29565143585205 20.547212600708008 7.161045551300049
			vertex -8.446269035339355 19.95750617980957 7.189311504364014
		endloop
	endfacet
	facet normal -0.0037842864003396095 0.00932600199568661 0.9999493511489554
		outer loop
			vertex -8.01162052154541 19.843708038330078 7.197393417358398
			vertex -8.757136344909668 19.261783599853516 7.1999993324279785
			vertex -7.141005516052246 19.917573928833008 7.1999993324279785
		endloop
	endfacet
	facet normal -0.00383112459984606 0.009878250443523076 0.9999438697509354
		outer loop
			vertex -8.01162052154541 19.843708038330078 7.197393417358398
			vertex -7.141005516052246 19.917573928833008 7.1999993324279785
			vertex -7.463043212890625 20.05646514892578 7.197393417358398
		endloop
	endfacet
	facet normal -0.017305472079822744 0.044620785044358555 0.998854096541692
		outer loop
			vertex -8.01162052154541 19.843708038330078 7.197393417358398
			vertex -7.463043212890625 20.05646514892578 7.197393417358398
			vertex -8.29565143585205 20.547212600708008 7.161045551300049
		endloop
	endfacet
	facet normal -0.011778535232565081 0.02735535268648879 0.9995563769929005
		outer loop
			vertex -8.340553283691406 19.707714080810547 7.197393417358398
			vertex -8.446269035339355 19.95750617980957 7.189311504364014
			vertex -8.58519172668457 19.602378845214844 7.197393417358398
		endloop
	endfacet
	facet normal -0.0042091012902783905 0.009775532187599982 0.999943359614322
		outer loop
			vertex -8.340553283691406 19.707714080810547 7.197393417358398
			vertex -8.58519172668457 19.602378845214844 7.197393417358398
			vertex -8.757136344909668 19.261783599853516 7.1999993324279785
		endloop
	endfacet
	facet normal -0.011379599844498283 0.02752418767156906 0.9995563634935248
		outer loop
			vertex -8.340553283691406 19.707714080810547 7.197393417358398
			vertex -8.01162052154541 19.843708038330078 7.197393417358398
			vertex -8.446269035339355 19.95750617980957 7.189311504364014
		endloop
	endfacet
	facet normal -0.0039362026998092095 0.009520614371626188 0.9999469306969709
		outer loop
			vertex -8.340553283691406 19.707714080810547 7.197393417358398
			vertex -8.757136344909668 19.261783599853516 7.1999993324279785
			vertex -8.01162052154541 19.843708038330078 7.197393417358398
		endloop
	endfacet
	facet normal -0.00006595622256843119 0.0004746436595984143 0.99999988518158
		outer loop
			vertex -3.773688316345215 20.818815231323242 7.199999809265137
			vertex -2.0456066131591797 21.058948516845703 7.199999809265137
			vertex -2.0469889640808105 21.05976104736328 7.1999993324279785
		endloop
	endfacet
	facet normal -0.00007168465917832065 0.0005156955771476245 0.9999998644596817
		outer loop
			vertex -3.773688316345215 20.818815231323242 7.199999809265137
			vertex -2.0469889640808105 21.05976104736328 7.1999993324279785
			vertex -3.7744948863983154 20.81962776184082 7.1999993324279785
		endloop
	endfacet
	facet normal -0.00011061601846583621 0.000493333606025127 0.9999998721930168
		outer loop
			vertex -5.476110458374023 20.437122344970703 7.199999809265137
			vertex -3.7744948863983154 20.81962776184082 7.1999993324279785
			vertex -5.476355075836182 20.438034057617188 7.1999993324279785
		endloop
	endfacet
	facet normal -0.000107623372783721 0.0004800205070041607 0.999999878998754
		outer loop
			vertex -5.476110458374023 20.437122344970703 7.199999809265137
			vertex -3.773688316345215 20.818815231323242 7.199999809265137
			vertex -3.7744948863983154 20.81962776184082 7.1999993324279785
		endloop
	endfacet
	facet normal -0.00015086639876074354 0.0004825342100605458 0.999999872200025
		outer loop
			vertex -7.141005516052246 19.917573928833008 7.1999993324279785
			vertex -5.476110458374023 20.437122344970703 7.199999809265137
			vertex -5.476355075836182 20.438034057617188 7.1999993324279785
		endloop
	endfacet
	facet normal -0.00014688699929803323 0.0004697822079460485 0.9999998788644361
		outer loop
			vertex -7.141297340393066 19.916467666625977 7.199999809265137
			vertex -5.476110458374023 20.437122344970703 7.199999809265137
			vertex -7.141005516052246 19.917573928833008 7.1999993324279785
		endloop
	endfacet
	facet normal -0.00019587054999354182 0.000482703724531017 0.9999998643159119
		outer loop
			vertex -8.757136344909668 19.261783599853516 7.1999993324279785
			vertex -7.141297340393066 19.916467666625977 7.199999809265137
			vertex -7.141005516052246 19.917573928833008 7.1999993324279785
		endloop
	endfacet
	facet normal -0.00017995948520553657 0.0004434333032655457 0.9999998854907383
		outer loop
			vertex -8.757926940917969 19.260387420654297 7.199999809265137
			vertex -7.141297340393066 19.916467666625977 7.199999809265137
			vertex -8.757136344909668 19.261783599853516 7.1999993324279785
		endloop
	endfacet
	facet normal -0.8789581528930503 0.47689890486646874 0
		outer loop
			vertex 4.101154327392578 23.37921142578125 0.25323691964149475
			vertex 4.415369510650635 23.958332061767578 6.808351993560791
			vertex 4.415369510650635 23.958332061767578 0.3916480243206024
		endloop
	endfacet
	facet normal -0.8697716759859482 0.49345071852389544 -0.001902640493146997
		outer loop
			vertex 4.101154327392578 23.37921142578125 0.25323691964149475
			vertex 3.892122983932495 23.036836624145508 7.014603614807129
			vertex 4.415369510650635 23.958332061767578 6.808351993560791
		endloop
	endfacet
	facet normal -0.8254200994088733 0.5645184470442131 -0.000763176674130632
		outer loop
			vertex 3.744392156600952 22.81154441833496 0.14645348489284515
			vertex 3.510535717010498 22.47901153564453 7.102718353271484
			vertex 3.892122983932495 23.036836624145508 7.014603614807129
		endloop
	endfacet
	facet normal -0.8467392233578878 0.5320076195438775 0.0007618231673301852
		outer loop
			vertex 3.744392156600952 22.81154441833496 0.14645348489284515
			vertex 3.892122983932495 23.036836624145508 7.014603614807129
			vertex 4.101154327392578 23.37921142578125 0.25323691964149475
		endloop
	endfacet
	facet normal -0.7867307511515056 0.6172963025910553 0
		outer loop
			vertex 3.0893614292144775 21.94223403930664 0.03895439952611923
			vertex 3.0893614292144775 21.94223403930664 7.161045551300049
			vertex 3.510535717010498 22.47901153564453 7.102718353271484
		endloop
	endfacet
	facet normal -0.7987657879466782 0.601639076108384 0.0019073818108864622
		outer loop
			vertex 3.0893614292144775 21.94223403930664 0.03895439952611923
			vertex 3.510535717010498 22.47901153564453 7.102718353271484
			vertex 3.744392156600952 22.81154441833496 0.14645348489284515
		endloop
	endfacet
	facet normal -0.01600448287540321 -0.0022247154156222783 -0.9998694450623095
		outer loop
			vertex -20.81962776184082 -3.7744948863983154 8.907265964808175e-7
			vertex -21.40825843811035 -2.547664165496826 0.006693144794553518
			vertex -21.05976104736328 -2.0469889640808105 8.907265964808175e-7
		endloop
	endfacet
	facet normal -0.03504095688553742 -0.011361363804442757 -0.9993212950563244
		outer loop
			vertex -20.81962776184082 -3.7744948863983154 8.907265964808175e-7
			vertex -21.662691116333008 -2.8313775062561035 0.018840324133634567
			vertex -21.40825843811035 -2.547664165496826 0.006693144794553518
		endloop
	endfacet
	facet normal -0.04945357670122186 -0.024261740044943133 -0.9984817032482107
		outer loop
			vertex -21.94223403930664 -3.0893614292144775 0.03895439952611923
			vertex -21.662691116333008 -2.8313775062561035 0.018840324133634567
			vertex -20.81962776184082 -3.7744948863983154 8.907265964808175e-7
		endloop
	endfacet
	facet normal -0.0360270799798688 -0.00768127777407962 -0.999321293418629
		outer loop
			vertex -20.176128387451172 -8.379300117492676 0.018840324133634567
			vertex -19.917573928833008 -7.141005516052246 8.907265964808175e-7
			vertex -19.813926696777344 -8.497787475585938 0.006693144794553518
		endloop
	endfacet
	facet normal -0.054958792260838704 -0.0037155850494547836 -0.9984817101885094
		outer loop
			vertex -20.547212600708008 -8.29565143585205 0.03895439952611923
			vertex -19.917573928833008 -7.141005516052246 8.907265964808175e-7
			vertex -20.176128387451172 -8.379300117492676 0.018840324133634567
		endloop
	endfacet
	facet normal -0.014972712025555234 -0.006075597080154648 -0.9998694439849232
		outer loop
			vertex -19.261783599853516 -8.757136344909668 8.907265964808175e-7
			vertex -19.813926696777344 -8.497787475585938 0.006693144794553518
			vertex -19.917573928833008 -7.141005516052246 8.907265964808175e-7
		endloop
	endfacet
	facet normal -0.10875203131968966 -0.01878255717978157 -0.9938914484135729
		outer loop
			vertex -22.74602699279785 -4.123741626739502 0.14645348489284515
			vertex -22.81154441833496 -3.744392156600952 0.14645348489284515
			vertex -21.94223403930664 -3.0893614292144775 0.03895439952611923
		endloop
	endfacet
	facet normal -0.16722916116358397 -0.02888213896849984 -0.9854949161234311
		outer loop
			vertex -22.74602699279785 -4.123741626739502 0.14645348489284515
			vertex -23.37921142578125 -4.101154327392578 0.25323691964149475
			vertex -22.81154441833496 -3.744392156600952 0.14645348489284515
		endloop
	endfacet
	facet normal -0.06632279820390896 -0.05201833604429434 -0.9964413576089597
		outer loop
			vertex -22.74602699279785 -4.123741626739502 0.14645348489284515
			vertex -21.94223403930664 -3.0893614292144775 0.03895439952611923
			vertex -20.81962776184082 -3.7744948863983154 8.907265964808175e-7
		endloop
	endfacet
	facet normal -0.07324347390888011 -0.014168560164132288 -0.9972134402587215
		outer loop
			vertex -22.642969131469727 -4.656492710113525 0.14645348489284515
			vertex -22.74602699279785 -4.123741626739502 0.14645348489284515
			vertex -20.81962776184082 -3.7744948863983154 8.907265964808175e-7
		endloop
	endfacet
	facet normal -0.16733233392041158 -0.03236954931309697 -0.9853690183388226
		outer loop
			vertex -22.642969131469727 -4.656492710113525 0.14645348489284515
			vertex -23.37921142578125 -4.101154327392578 0.25323691964149475
			vertex -22.74602699279785 -4.123741626739502 0.14645348489284515
		endloop
	endfacet
	facet normal -0.0722195197301149 -0.016193171579017316 -0.9972572998801084
		outer loop
			vertex -22.4805908203125 -5.3860979080200195 0.14645348489284515
			vertex -20.81962776184082 -3.7744948863983154 8.907265964808175e-7
			vertex -20.438034057617188 -5.476355075836182 8.907265964808175e-7
		endloop
	endfacet
	facet normal -0.07231509306903608 -0.016094187263770886 -0.9972519764085381
		outer loop
			vertex -22.4805908203125 -5.3860979080200195 0.14645348489284515
			vertex -22.642969131469727 -4.656492710113525 0.14645348489284515
			vertex -20.81962776184082 -3.7744948863983154 8.907265964808175e-7
		endloop
	endfacet
	facet normal -0.21108254800151943 -0.04115094580803916 -0.9766016371009677
		outer loop
			vertex -23.86243438720703 -4.907273769378662 0.3916480243206024
			vertex -23.958332061767578 -4.415369510650635 0.3916480243206024
			vertex -23.37921142578125 -4.101154327392578 0.25323691964149475
		endloop
	endfacet
	facet normal -0.2618157225037641 -0.0510414750553772 -0.9637672412330703
		outer loop
			vertex -23.86243438720703 -4.907273769378662 0.3916480243206024
			vertex -24.658906936645508 -4.767212390899658 0.6005989909172058
			vertex -23.958332061767578 -4.415369510650635 0.3916480243206024
		endloop
	endfacet
	facet normal -0.18546826407290518 -0.057257146681859016 -0.9809807042830329
		outer loop
			vertex -23.86243438720703 -4.907273769378662 0.3916480243206024
			vertex -23.37921142578125 -4.101154327392578 0.25323691964149475
			vertex -22.642969131469727 -4.656492710113525 0.14645348489284515
		endloop
	endfacet
	facet normal -0.07231153817141572 -0.0183469278425562 -0.9972133330867695
		outer loop
			vertex -22.329126358032227 -5.983071327209473 0.14645348489284515
			vertex -22.4805908203125 -5.3860979080200195 0.14645348489284515
			vertex -20.438034057617188 -5.476355075836182 8.907265964808175e-7
		endloop
	endfacet
	facet normal -0.1886428520773908 -0.04198367530837539 -0.9811479222664179
		outer loop
			vertex -23.69131088256836 -5.676173210144043 0.3916480243206024
			vertex -22.642969131469727 -4.656492710113525 0.14645348489284515
			vertex -22.4805908203125 -5.3860979080200195 0.14645348489284515
		endloop
	endfacet
	facet normal -0.26293882830420023 -0.05851872354102852 -0.9630362047011228
		outer loop
			vertex -23.69131088256836 -5.676173210144043 0.3916480243206024
			vertex -24.658906936645508 -4.767212390899658 0.6005989909172058
			vertex -23.86243438720703 -4.907273769378662 0.3916480243206024
		endloop
	endfacet
	facet normal -0.18864285055364763 -0.041983676928722825 -0.9811479224900489
		outer loop
			vertex -23.69131088256836 -5.676173210144043 0.3916480243206024
			vertex -23.86243438720703 -4.907273769378662 0.3916480243206024
			vertex -22.642969131469727 -4.656492710113525 0.14645348489284515
		endloop
	endfacet
	facet normal -0.07179709535312967 -0.02026685609992909 -0.997213333065036
		outer loop
			vertex -22.16181182861328 -6.5757975578308105 0.14645348489284515
			vertex -22.329126358032227 -5.983071327209473 0.14645348489284515
			vertex -20.438034057617188 -5.476355075836182 8.907265964808175e-7
		endloop
	endfacet
	facet normal -0.07055637523583007 -0.022059754561455373 -0.9972638392834011
		outer loop
			vertex -22.044057846069336 -6.960354328155518 0.14645348489284515
			vertex -20.438034057617188 -5.476355075836182 8.907265964808175e-7
			vertex -19.917573928833008 -7.141005516052246 8.907265964808175e-7
		endloop
	endfacet
	facet normal -0.07088291615757426 -0.02170484650376906 -0.9972484704602189
		outer loop
			vertex -22.044057846069336 -6.960354328155518 0.14645348489284515
			vertex -22.16181182861328 -6.5757975578308105 0.14645348489284515
			vertex -20.438034057617188 -5.476355075836182 8.907265964808175e-7
		endloop
	endfacet
	facet normal -0.18731530338605976 -0.04752591577110426 -0.981149460809874
		outer loop
			vertex -23.531688690185547 -6.305296897888184 0.3916480243206024
			vertex -23.69131088256836 -5.676173210144043 0.3916480243206024
			vertex -22.4805908203125 -5.3860979080200195 0.14645348489284515
		endloop
	endfacet
	facet normal -0.1873154164713291 -0.04752578242287104 -0.9811494456795389
		outer loop
			vertex -23.531688690185547 -6.305296897888184 0.3916480243206024
			vertex -22.4805908203125 -5.3860979080200195 0.14645348489284515
			vertex -22.329126358032227 -5.983071327209473 0.14645348489284515
		endloop
	endfacet
	facet normal -0.07066404616317189 -0.023357306055628274 -0.9972266687336802
		outer loop
			vertex -21.84971809387207 -7.548300266265869 0.14645348489284515
			vertex -22.044057846069336 -6.960354328155518 0.14645348489284515
			vertex -19.917573928833008 -7.141005516052246 8.907265964808175e-7
		endloop
	endfacet
	facet normal -0.18598285856296953 -0.052498957192127584 -0.9811494462183046
		outer loop
			vertex -23.355363845825195 -6.929945468902588 0.3916480243206024
			vertex -23.531688690185547 -6.305296897888184 0.3916480243206024
			vertex -22.329126358032227 -5.983071327209473 0.14645348489284515
		endloop
	endfacet
	facet normal -0.18598270734956224 -0.052499126160881614 -0.9811494658405879
		outer loop
			vertex -23.355363845825195 -6.929945468902588 0.3916480243206024
			vertex -22.329126358032227 -5.983071327209473 0.14645348489284515
			vertex -22.16181182861328 -6.5757975578308105 0.14645348489284515
		endloop
	endfacet
	facet normal -0.18477261720351806 -0.056578672434789444 -0.981151330711669
		outer loop
			vertex -23.355363845825195 -6.929945468902588 0.3916480243206024
			vertex -22.16181182861328 -6.5757975578308105 0.14645348489284515
			vertex -22.044057846069336 -6.960354328155518 0.14645348489284515
		endloop
	endfacet
	facet normal -0.10361455988430698 -0.03846056757487218 -0.9938736377034055
		outer loop
			vertex -21.71572494506836 -7.925548076629639 0.14645348489284515
			vertex -20.547212600708008 -8.29565143585205 0.03895439952611923
			vertex -21.627573013305664 -8.163033485412598 0.14645348489284515
		endloop
	endfacet
	facet normal -0.1592796928532673 -0.05912284332557193 -0.9854615511736969
		outer loop
			vertex -21.71572494506836 -7.925548076629639 0.14645348489284515
			vertex -21.627573013305664 -8.163033485412598 0.14645348489284515
			vertex -22.297569274902344 -8.13790225982666 0.25323691964149475
		endloop
	endfacet
	facet normal -0.08721680284691462 0.013955628164435813 -0.9960915970650985
		outer loop
			vertex -21.71572494506836 -7.925548076629639 0.14645348489284515
			vertex -19.917573928833008 -7.141005516052246 8.907265964808175e-7
			vertex -20.547212600708008 -8.29565143585205 0.03895439952611923
		endloop
	endfacet
	facet normal -0.07032143559161273 -0.024977190919230514 -0.997211630312302
		outer loop
			vertex -21.71572494506836 -7.925548076629639 0.14645348489284515
			vertex -21.84971809387207 -7.548300266265869 0.14645348489284515
			vertex -19.917573928833008 -7.141005516052246 8.907265964808175e-7
		endloop
	endfacet
	facet normal -0.16010310870031064 -0.056866386175525245 -0.9854609118112361
		outer loop
			vertex -21.71572494506836 -7.925548076629639 0.14645348489284515
			vertex -22.297569274902344 -8.13790225982666 0.25323691964149475
			vertex -21.84971809387207 -7.548300266265869 0.14645348489284515
		endloop
	endfacet
	facet normal -0.3172242867901459 -0.0706007906247794 -0.9457189224254952
		outer loop
			vertex -25.264713287353516 -6.053142547607422 0.8998043537139893
			vertex -25.447202682495117 -5.233179092407227 0.8998043537139893
			vertex -24.658906936645508 -4.767212390899658 0.6005989909172058
		endloop
	endfacet
	facet normal -0.3781018001896014 -0.08414956591169627 -0.921931602262476
		outer loop
			vertex -25.264713287353516 -6.053142547607422 0.8998043537139893
			vertex -26.145618438720703 -5.785152912139893 1.2366195917129517
			vertex -25.447202682495117 -5.233179092407227 0.8998043537139893
		endloop
	endfacet
	facet normal -0.29046678516311913 -0.07369766226475437 -0.95404281942359
		outer loop
			vertex -25.264713287353516 -6.053142547607422 0.8998043537139893
			vertex -23.69131088256836 -5.676173210144043 0.3916480243206024
			vertex -23.531688690185547 -6.305296897888184 0.3916480243206024
		endloop
	endfacet
	facet normal -0.2873351863152516 -0.08658714118086205 -0.9539083591662803
		outer loop
			vertex -25.264713287353516 -6.053142547607422 0.8998043537139893
			vertex -24.658906936645508 -4.767212390899658 0.6005989909172058
			vertex -23.69131088256836 -5.676173210144043 0.3916480243206024
		endloop
	endfacet
	facet normal -0.2602213406626183 -0.07968175749201394 -0.9622555125260304
		outer loop
			vertex -23.23126792907715 -7.335212707519531 0.3916480243206024
			vertex -23.738845825195312 -8.200926780700684 0.6005989909172058
			vertex -23.355363845825195 -6.929945468902588 0.3916480243206024
		endloop
	endfacet
	facet normal -0.18477261853861293 -0.056578783830980264 -0.9811513240365074
		outer loop
			vertex -23.23126792907715 -7.335212707519531 0.3916480243206024
			vertex -23.355363845825195 -6.929945468902588 0.3916480243206024
			vertex -22.044057846069336 -6.960354328155518 0.14645348489284515
		endloop
	endfacet
	facet normal -0.4180690477958424 -0.08976282788925499 -0.9039695271436985
		outer loop
			vertex -25.09449005126953 -6.724048614501953 0.8998043537139893
			vertex -25.53534507751465 -8.062719345092773 1.2366195917129517
			vertex -26.37209129333496 -7.825061321258545 1.600000023841858
		endloop
	endfacet
	facet normal -0.40435256480921666 -0.10834615380663865 -0.9081630438899815
		outer loop
			vertex -25.09449005126953 -6.724048614501953 0.8998043537139893
			vertex -26.37209129333496 -7.825061321258545 1.600000023841858
			vertex -26.751432418823242 -6.409343719482422 1.600000023841858
		endloop
	endfacet
	facet normal -0.406939731469213 -0.13129807564896367 -0.9039695073854229
		outer loop
			vertex -25.09449005126953 -6.724048614501953 0.8998043537139893
			vertex -26.751432418823242 -6.409343719482422 1.600000023841858
			vertex -26.145618438720703 -5.785152912139893 1.2366195917129517
		endloop
	endfacet
	facet normal -0.3809847218135546 -0.09666398240493902 -0.9195143915405927
		outer loop
			vertex -25.09449005126953 -6.724048614501953 0.8998043537139893
			vertex -26.145618438720703 -5.785152912139893 1.2366195917129517
			vertex -25.264713287353516 -6.053142547607422 0.8998043537139893
		endloop
	endfacet
	facet normal -0.29046678298540846 -0.07369764295551293 -0.9540428215782086
		outer loop
			vertex -25.09449005126953 -6.724048614501953 0.8998043537139893
			vertex -25.264713287353516 -6.053142547607422 0.8998043537139893
			vertex -23.531688690185547 -6.305296897888184 0.3916480243206024
		endloop
	endfacet
	facet normal -0.2033255724637865 -0.07123437340809313 -0.9765164492354598
		outer loop
			vertex -23.026460647583008 -7.954823017120361 0.3916480243206024
			vertex -22.297569274902344 -8.13790225982666 0.25323691964149475
			vertex -22.956209182739258 -8.155343055725098 0.3916480243206024
		endloop
	endfacet
	facet normal -0.2521341658201784 -0.08833428623530154 -0.9636521241098693
		outer loop
			vertex -23.026460647583008 -7.954823017120361 0.3916480243206024
			vertex -22.956209182739258 -8.155343055725098 0.3916480243206024
			vertex -23.738845825195312 -8.200926780700684 0.6005989909172058
		endloop
	endfacet
	facet normal -0.25368094033009936 -0.0838522260698926 -0.9636466077854268
		outer loop
			vertex -23.026460647583008 -7.954823017120361 0.3916480243206024
			vertex -23.738845825195312 -8.200926780700684 0.6005989909172058
			vertex -23.23126792907715 -7.335212707519531 0.3916480243206024
		endloop
	endfacet
	facet normal -0.18348698348122772 -0.06064981929422355 -0.9811493904154136
		outer loop
			vertex -23.026460647583008 -7.954823017120361 0.3916480243206024
			vertex -22.044057846069336 -6.960354328155518 0.14645348489284515
			vertex -21.84971809387207 -7.548300266265869 0.14645348489284515
		endloop
	endfacet
	facet normal -0.19382847984578797 -0.03036257527295145 -0.9805654666688327
		outer loop
			vertex -23.026460647583008 -7.954823017120361 0.3916480243206024
			vertex -21.84971809387207 -7.548300266265869 0.14645348489284515
			vertex -22.297569274902344 -8.13790225982666 0.25323691964149475
		endloop
	endfacet
	facet normal -0.18348672390628012 -0.06065008365939047 -0.981149422617294
		outer loop
			vertex -23.026460647583008 -7.954823017120361 0.3916480243206024
			vertex -23.23126792907715 -7.335212707519531 0.3916480243206024
			vertex -22.044057846069336 -6.960354328155518 0.14645348489284515
		endloop
	endfacet
	facet normal -0.2921329252939211 -0.0686810828494861 -0.9539084142714324
		outer loop
			vertex -24.906455993652344 -7.390181541442871 0.8998043537139893
			vertex -23.355363845825195 -6.929945468902588 0.3916480243206024
			vertex -23.738845825195312 -8.200926780700684 0.6005989909172058
		endloop
	endfacet
	facet normal -0.3782759275313389 -0.10677862431942434 -0.9195138106840791
		outer loop
			vertex -24.906455993652344 -7.390181541442871 0.8998043537139893
			vertex -25.53534507751465 -8.062719345092773 1.2366195917129517
			vertex -25.09449005126953 -6.724048614501953 0.8998043537139893
		endloop
	endfacet
	facet normal -0.2884003198411515 -0.0814092017002213 -0.9540428697883834
		outer loop
			vertex -24.906455993652344 -7.390181541442871 0.8998043537139893
			vertex -23.531688690185547 -6.305296897888184 0.3916480243206024
			vertex -23.355363845825195 -6.929945468902588 0.3916480243206024
		endloop
	endfacet
	facet normal -0.2884005651161045 -0.0814088694382778 -0.9540428239955968
		outer loop
			vertex -24.906455993652344 -7.390181541442871 0.8998043537139893
			vertex -25.09449005126953 -6.724048614501953 0.8998043537139893
			vertex -23.531688690185547 -6.305296897888184 0.3916480243206024
		endloop
	endfacet
	facet normal -0.30996064467721957 -0.100421086559552 -0.9454311207726777
		outer loop
			vertex -24.774118423461914 -7.82236385345459 0.8998043537139893
			vertex -23.738845825195312 -8.200926780700684 0.6005989909172058
			vertex -24.65451431274414 -8.191534996032715 0.8998043537139893
		endloop
	endfacet
	facet normal -0.36982845844451473 -0.11981706799041181 -0.9213418375080635
		outer loop
			vertex -24.774118423461914 -7.82236385345459 0.8998043537139893
			vertex -24.65451431274414 -8.191534996032715 0.8998043537139893
			vertex -25.53534507751465 -8.062719345092773 1.2366195917129517
		endloop
	endfacet
	facet normal -0.371720261865422 -0.11382362229689381 -0.9213404527784049
		outer loop
			vertex -24.774118423461914 -7.82236385345459 0.8998043537139893
			vertex -25.53534507751465 -8.062719345092773 1.2366195917129517
			vertex -24.906455993652344 -7.390181541442871 0.8998043537139893
		endloop
	endfacet
	facet normal -0.30809439509546277 -0.0943408892567501 -0.9466665940683693
		outer loop
			vertex -24.774118423461914 -7.82236385345459 0.8998043537139893
			vertex -24.906455993652344 -7.390181541442871 0.8998043537139893
			vertex -23.738845825195312 -8.200926780700684 0.6005989909172058
		endloop
	endfacet
	facet normal -0.9279594912828653 0.37268107349051927 0
		outer loop
			vertex -17.45785140991211 -13.64658260345459 0.03895439952611923
			vertex -17.712127685546875 -14.279719352722168 7.102718353271484
			vertex -17.45785140991211 -13.64658260345459 7.161045551300049
		endloop
	endfacet
	facet normal -0.901597214529784 0.4325758663808431 -0.000763267317253814
		outer loop
			vertex -17.883180618286133 -14.648510932922363 0.14645348489284515
			vertex -18.004425048828125 -14.8890962600708 7.014603614807129
			vertex -17.712127685546875 -14.279719352722168 7.102718353271484
		endloop
	endfacet
	facet normal -0.9204177039863316 0.3909317233493173 0.0019073194966925157
		outer loop
			vertex -17.883180618286133 -14.648510932922363 0.14645348489284515
			vertex -17.712127685546875 -14.279719352722168 7.102718353271484
			vertex -17.45785140991211 -13.64658260345459 0.03895439952611923
		endloop
	endfacet
	facet normal -0.8622273603460354 0.5065178767499898 -0.0019025255295078737
		outer loop
			vertex -18.196414947509766 -15.241310119628906 0.25323691964149475
			vertex -18.54083824157715 -15.802988052368164 6.808351993560791
			vertex -18.004425048828125 -14.8890962600708 7.014603614807129
		endloop
	endfacet
	facet normal -0.884101076148849 0.46729509610663605 0.0007617789293303057
		outer loop
			vertex -18.196414947509766 -15.241310119628906 0.25323691964149475
			vertex -18.004425048828125 -14.8890962600708 7.014603614807129
			vertex -17.883180618286133 -14.648510932922363 0.14645348489284515
		endloop
	endfacet
	facet normal -0.8524868996069275 0.5227485877537774 0
		outer loop
			vertex -18.54083824157715 -15.802988052368164 0.3916480243206024
			vertex -18.54083824157715 -15.802988052368164 6.808351993560791
			vertex -18.196414947509766 -15.241310119628906 0.25323691964149475
		endloop
	endfacet
	facet normal -0.0005156955771476245 -0.00007168465917832065 0.9999998644596817
		outer loop
			vertex -20.818815231323242 -3.773688316345215 7.199999809265137
			vertex -21.05976104736328 -2.0469889640808105 7.1999993324279785
			vertex -20.81962776184082 -3.7744948863983154 7.1999993324279785
		endloop
	endfacet
	facet normal -0.0004746436595984143 -0.00006595622256843119 0.99999988518158
		outer loop
			vertex -20.818815231323242 -3.773688316345215 7.199999809265137
			vertex -21.058948516845703 -2.0456066131591797 7.199999809265137
			vertex -21.05976104736328 -2.0469889640808105 7.1999993324279785
		endloop
	endfacet
	facet normal -0.000493333606025127 -0.00011061601846583621 0.9999998721930168
		outer loop
			vertex -20.437122344970703 -5.476110458374023 7.199999809265137
			vertex -20.81962776184082 -3.7744948863983154 7.1999993324279785
			vertex -20.438034057617188 -5.476355075836182 7.1999993324279785
		endloop
	endfacet
	facet normal -0.0004800205070041607 -0.000107623372783721 0.999999878998754
		outer loop
			vertex -20.437122344970703 -5.476110458374023 7.199999809265137
			vertex -20.818815231323242 -3.773688316345215 7.199999809265137
			vertex -20.81962776184082 -3.7744948863983154 7.1999993324279785
		endloop
	endfacet
	facet normal -0.0004825342100605458 -0.00015086639876074354 0.999999872200025
		outer loop
			vertex -19.917573928833008 -7.141005516052246 7.1999993324279785
			vertex -20.437122344970703 -5.476110458374023 7.199999809265137
			vertex -20.438034057617188 -5.476355075836182 7.1999993324279785
		endloop
	endfacet
	facet normal -0.0004697822079460485 -0.00014688699929803323 0.9999998788644361
		outer loop
			vertex -19.916467666625977 -7.141297340393066 7.199999809265137
			vertex -20.437122344970703 -5.476110458374023 7.199999809265137
			vertex -19.917573928833008 -7.141005516052246 7.1999993324279785
		endloop
	endfacet
	facet normal -0.000482703724531017 -0.00019587054999354182 0.9999998643159119
		outer loop
			vertex -19.261783599853516 -8.757136344909668 7.1999993324279785
			vertex -19.916467666625977 -7.141297340393066 7.199999809265137
			vertex -19.917573928833008 -7.141005516052246 7.1999993324279785
		endloop
	endfacet
	facet normal -0.0004434333032655457 -0.00017995948520553657 0.9999998854907383
		outer loop
			vertex -19.260387420654297 -8.757926940917969 7.199999809265137
			vertex -19.916467666625977 -7.141297340393066 7.199999809265137
			vertex -19.261783599853516 -8.757136344909668 7.1999993324279785
		endloop
	endfacet
	facet normal -0.3801889646127368 -0.08114911729806387 0.9213420493760394
		outer loop
			vertex -25.36619758605957 -5.6126933097839355 6.300195693969727
			vertex -25.447202682495117 -5.233179092407227 6.300195693969727
			vertex -26.145618438720703 -5.785152912139893 5.963380336761475
		endloop
	endfacet
	facet normal -0.3186446876726319 -0.0680128503011396 0.9454310208639897
		outer loop
			vertex -25.36619758605957 -5.6126933097839355 6.300195693969727
			vertex -24.658906936645508 -4.767212390899658 6.599400997161865
			vertex -25.447202682495117 -5.233179092407227 6.300195693969727
		endloop
	endfacet
	facet normal -0.3139875023178112 -0.07234613830336306 0.9466667231189725
		outer loop
			vertex -25.264713287353516 -6.053142547607422 6.300195693969727
			vertex -24.658906936645508 -4.767212390899658 6.599400997161865
			vertex -25.36619758605957 -5.6126933097839355 6.300195693969727
		endloop
	endfacet
	facet normal -0.37883033966494195 -0.08728663384560201 0.921340663002154
		outer loop
			vertex -25.264713287353516 -6.053142547607422 6.300195693969727
			vertex -25.36619758605957 -5.6126933097839355 6.300195693969727
			vertex -26.145618438720703 -5.785152912139893 5.963380336761475
		endloop
	endfacet
	facet normal -0.19800406175287158 -0.03738420588191881 0.9794880360065372
		outer loop
			vertex -23.918912887573242 -4.624151706695557 6.808351993560791
			vertex -23.036836624145508 -3.892122983932495 7.014603614807129
			vertex -23.958332061767578 -4.415369510650635 6.808351993560791
		endloop
	endfacet
	facet normal -0.26252258046816584 -0.04956564077520586 0.963651981785374
		outer loop
			vertex -23.918912887573242 -4.624151706695557 6.808351993560791
			vertex -23.958332061767578 -4.415369510650635 6.808351993560791
			vertex -24.658906936645508 -4.767212390899658 6.599400997161865
		endloop
	endfacet
	facet normal -0.4069397801368418 -0.13129802033676474 0.9039694935106082
		outer loop
			vertex -25.09449005126953 -6.724048614501953 6.300195693969727
			vertex -26.145618438720703 -5.785152912139893 5.963380336761475
			vertex -26.751432418823242 -6.409343719482422 5.599999904632568
		endloop
	endfacet
	facet normal -0.4043526215870103 -0.10834616902023217 0.9081630167950858
		outer loop
			vertex -25.09449005126953 -6.724048614501953 6.300195693969727
			vertex -26.751432418823242 -6.409343719482422 5.599999904632568
			vertex -26.37209129333496 -7.825061321258545 5.599999904632568
		endloop
	endfacet
	facet normal -0.4180690622871335 -0.089762900124901 0.9039695132688513
		outer loop
			vertex -25.09449005126953 -6.724048614501953 6.300195693969727
			vertex -26.37209129333496 -7.825061321258545 5.599999904632568
			vertex -25.53534507751465 -8.062719345092773 5.963380336761475
		endloop
	endfacet
	facet normal -0.38098483582355686 -0.09666401133171804 0.9195143412616027
		outer loop
			vertex -25.09449005126953 -6.724048614501953 6.300195693969727
			vertex -25.264713287353516 -6.053142547607422 6.300195693969727
			vertex -26.145618438720703 -5.785152912139893 5.963380336761475
		endloop
	endfacet
	facet normal -0.26162059723142844 -0.05422317211504501 0.9636464656242212
		outer loop
			vertex -23.786474227905273 -5.263153076171875 6.808351993560791
			vertex -23.918912887573242 -4.624151706695557 6.808351993560791
			vertex -24.658906936645508 -4.767212390899658 6.599400997161865
		endloop
	endfacet
	facet normal -0.3782760407305892 -0.1067786562729782 0.9195137604047733
		outer loop
			vertex -24.906455993652344 -7.390181541442871 6.300195693969727
			vertex -25.09449005126953 -6.724048614501953 6.300195693969727
			vertex -25.53534507751465 -8.062719345092773 5.963380336761475
		endloop
	endfacet
	facet normal -0.14070246711461482 -0.022871619460535945 0.9897877069205868
		outer loop
			vertex -22.433551788330078 -3.790196657180786 7.102718353271484
			vertex -22.47901153564453 -3.510535717010498 7.102718353271484
			vertex -23.036836624145508 -3.892122983932495 7.014603614807129
		endloop
	endfacet
	facet normal -0.09591418211126006 -0.015591145763850097 0.9952674946182551
		outer loop
			vertex -22.433551788330078 -3.790196657180786 7.102718353271484
			vertex -21.94223403930664 -3.0893614292144775 7.161045551300049
			vertex -22.47901153564453 -3.510535717010498 7.102718353271484
		endloop
	endfacet
	facet normal -0.2651989849606186 -0.06110409762858456 0.9622555729268882
		outer loop
			vertex -23.69131088256836 -5.676173210144043 6.808351993560791
			vertex -23.786474227905273 -5.263153076171875 6.808351993560791
			vertex -24.658906936645508 -4.767212390899658 6.599400997161865
		endloop
	endfacet
	facet normal -0.28733517958627386 -0.08658710144673731 0.9539083647998775
		outer loop
			vertex -23.69131088256836 -5.676173210144043 6.808351993560791
			vertex -24.658906936645508 -4.767212390899658 6.599400997161865
			vertex -25.264713287353516 -6.053142547607422 6.300195693969727
		endloop
	endfacet
	facet normal -0.3698285695563308 -0.1198171039884312 0.9213417882261413
		outer loop
			vertex -24.774118423461914 -7.82236385345459 6.300195693969727
			vertex -25.53534507751465 -8.062719345092773 5.963380336761475
			vertex -24.65451431274414 -8.191534996032715 6.300195693969727
		endloop
	endfacet
	facet normal -0.3099605894850981 -0.1004210686784019 0.9454311407667606
		outer loop
			vertex -24.774118423461914 -7.82236385345459 6.300195693969727
			vertex -24.65451431274414 -8.191534996032715 6.300195693969727
			vertex -23.738845825195312 -8.200926780700684 6.599400997161865
		endloop
	endfacet
	facet normal -0.3717203735452786 -0.1138236564941306 0.9213404034957247
		outer loop
			vertex -24.774118423461914 -7.82236385345459 6.300195693969727
			vertex -24.906455993652344 -7.390181541442871 6.300195693969727
			vertex -25.53534507751465 -8.062719345092773 5.963380336761475
		endloop
	endfacet
	facet normal -0.3080943400921755 -0.09434087241431768 0.9466666136477364
		outer loop
			vertex -24.774118423461914 -7.82236385345459 6.300195693969727
			vertex -23.738845825195312 -8.200926780700684 6.599400997161865
			vertex -24.906455993652344 -7.390181541442871 6.300195693969727
		endloop
	endfacet
	facet normal -0.029579681363281537 -0.0034773059312869247 0.9995563769962688
		outer loop
			vertex -21.23765754699707 -2.630725622177124 7.197393417358398
			vertex -21.268754959106445 -2.3661956787109375 7.197393417358398
			vertex -21.5068416595459 -2.664069652557373 7.189311504364014
		endloop
	endfacet
	facet normal -0.010570251146660103 -0.001242609633148392 0.9999433612520243
		outer loop
			vertex -21.23765754699707 -2.630725622177124 7.197393417358398
			vertex -21.05976104736328 -2.0469889640808105 7.1999993324279785
			vertex -21.268754959106445 -2.3661956787109375 7.197393417358398
		endloop
	endfacet
	facet normal -0.16878095797558637 -0.07356000822774501 0.9829048343631126
		outer loop
			vertex -22.33786964416504 -4.31849479675293 7.102718353271484
			vertex -23.036836624145508 -3.892122983932495 7.014603614807129
			vertex -23.918912887573242 -4.624151706695557 6.808351993560791
		endloop
	endfacet
	facet normal -0.14027419636680008 -0.025405608829652735 0.9897866966542049
		outer loop
			vertex -22.33786964416504 -4.31849479675293 7.102718353271484
			vertex -22.433551788330078 -3.790196657180786 7.102718353271484
			vertex -23.036836624145508 -3.892122983932495 7.014603614807129
		endloop
	endfacet
	facet normal -0.29046676747993666 -0.0736976390214427 0.9540428266028844
		outer loop
			vertex -23.531688690185547 -6.305296897888184 6.808351993560791
			vertex -25.264713287353516 -6.053142547607422 6.300195693969727
			vertex -25.09449005126953 -6.724048614501953 6.300195693969727
		endloop
	endfacet
	facet normal -0.29046676965764734 -0.07369765833068315 0.9540428244482662
		outer loop
			vertex -23.531688690185547 -6.305296897888184 6.808351993560791
			vertex -23.69131088256836 -5.676173210144043 6.808351993560791
			vertex -25.264713287353516 -6.053142547607422 6.300195693969727
		endloop
	endfacet
	facet normal -0.28840054972093 -0.08140886509257288 0.9540428290202726
		outer loop
			vertex -23.531688690185547 -6.305296897888184 6.808351993560791
			vertex -25.09449005126953 -6.724048614501953 6.300195693969727
			vertex -24.906455993652344 -7.390181541442871 6.300195693969727
		endloop
	endfacet
	facet normal -0.009968677445315915 -0.0013857036530711213 0.9999493513650465
		outer loop
			vertex -21.19096565246582 -2.983586549758911 7.197393417358398
			vertex -20.81962776184082 -3.7744948863983154 7.1999993324279785
			vertex -21.05976104736328 -2.0469889640808105 7.1999993324279785
		endloop
	endfacet
	facet normal -0.04554044345724059 -0.019758532022005258 0.9987670741579607
		outer loop
			vertex -21.19096565246582 -2.983586549758911 7.197393417358398
			vertex -21.5068416595459 -2.664069652557373 7.189311504364014
			vertex -21.94223403930664 -3.0893614292144775 7.161045551300049
		endloop
	endfacet
	facet normal -0.029526448070233007 -0.003907051451193058 0.9995563634999847
		outer loop
			vertex -21.19096565246582 -2.983586549758911 7.197393417358398
			vertex -21.23765754699707 -2.630725622177124 7.197393417358398
			vertex -21.5068416595459 -2.664069652557373 7.189311504364014
		endloop
	endfacet
	facet normal -0.010213175472087914 -0.0013514460647143978 0.9999469309119914
		outer loop
			vertex -21.19096565246582 -2.983586549758911 7.197393417358398
			vertex -21.05976104736328 -2.0469889640808105 7.1999993324279785
			vertex -21.23765754699707 -2.630725622177124 7.197393417358398
		endloop
	endfacet
	facet normal -0.17609366055637235 -0.036496789502673654 0.9836966031596607
		outer loop
			vertex -22.21418571472168 -4.915258407592773 7.102718353271484
			vertex -22.33786964416504 -4.31849479675293 7.102718353271484
			vertex -23.918912887573242 -4.624151706695557 6.808351993560791
		endloop
	endfacet
	facet normal -0.17609368891486946 -0.03649696737737252 0.9836965914836792
		outer loop
			vertex -22.21418571472168 -4.915258407592773 7.102718353271484
			vertex -23.918912887573242 -4.624151706695557 6.808351993560791
			vertex -23.786474227905273 -5.263153076171875 6.808351993560791
		endloop
	endfacet
	facet normal -0.29213289959941113 -0.06868111389574126 0.953908419905014
		outer loop
			vertex -23.355363845825195 -6.929945468902588 6.808351993560791
			vertex -24.906455993652344 -7.390181541442871 6.300195693969727
			vertex -23.738845825195312 -8.200926780700684 6.599400997161865
		endloop
	endfacet
	facet normal -0.2884003044459886 -0.08140919735449823 0.9540428748130546
		outer loop
			vertex -23.355363845825195 -6.929945468902588 6.808351993560791
			vertex -23.531688690185547 -6.305296897888184 6.808351993560791
			vertex -24.906455993652344 -7.390181541442871 6.300195693969727
		endloop
	endfacet
	facet normal -0.010470420654104811 -0.0016212942291491186 0.9999438692728451
		outer loop
			vertex -21.100929260253906 -3.565047264099121 7.197393417358398
			vertex -20.81962776184082 -3.7744948863983154 7.1999993324279785
			vertex -21.19096565246582 -2.983586549758911 7.197393417358398
		endloop
	endfacet
	facet normal -0.06445842964935865 -0.037804247600399216 0.997204066232437
		outer loop
			vertex -21.100929260253906 -3.565047264099121 7.197393417358398
			vertex -21.94223403930664 -3.0893614292144775 7.161045551300049
			vertex -22.433551788330078 -3.790196657180786 7.102718353271484
		endloop
	endfacet
	facet normal -0.04729544877688894 -0.007323472542330599 0.9988540970907185
		outer loop
			vertex -21.100929260253906 -3.565047264099121 7.197393417358398
			vertex -21.19096565246582 -2.983586549758911 7.197393417358398
			vertex -21.94223403930664 -3.0893614292144775 7.161045551300049
		endloop
	endfacet
	facet normal -0.17523575049598836 -0.040375762972291555 0.9836982410843851
		outer loop
			vertex -22.12531280517578 -5.30097770690918 7.102718353271484
			vertex -22.21418571472168 -4.915258407592773 7.102718353271484
			vertex -23.786474227905273 -5.263153076171875 6.808351993560791
		endloop
	endfacet
	facet normal -0.17523575112404527 -0.0403758047802938 0.9836982392564985
		outer loop
			vertex -22.12531280517578 -5.30097770690918 7.102718353271484
			vertex -23.786474227905273 -5.263153076171875 6.808351993560791
			vertex -23.69131088256836 -5.676173210144043 6.808351993560791
		endloop
	endfacet
	facet normal -0.2602213750286545 -0.0796817680151561 0.9622555023610806
		outer loop
			vertex -23.23126792907715 -7.335212707519531 6.808351993560791
			vertex -23.355363845825195 -6.929945468902588 6.808351993560791
			vertex -23.738845825195312 -8.200926780700684 6.599400997161865
		endloop
	endfacet
	facet normal -0.010707095042491309 -0.001939201232808701 0.9999407970546705
		outer loop
			vertex -21.01093101501465 -4.061963081359863 7.197393417358398
			vertex -20.81962776184082 -3.7744948863983154 7.1999993324279785
			vertex -21.100929260253906 -3.565047264099121 7.197393417358398
		endloop
	endfacet
	facet normal -0.06876626062012939 -0.012454526657380657 0.9975550542030577
		outer loop
			vertex -21.01093101501465 -4.061963081359863 7.197393417358398
			vertex -22.433551788330078 -3.790196657180786 7.102718353271484
			vertex -22.33786964416504 -4.31849479675293 7.102718353271484
		endloop
	endfacet
	facet normal -0.06876625726449583 -0.012454508933911786 0.9975550546556557
		outer loop
			vertex -21.01093101501465 -4.061963081359863 7.197393417358398
			vertex -21.100929260253906 -3.565047264099121 7.197393417358398
			vertex -22.433551788330078 -3.790196657180786 7.102718353271484
		endloop
	endfacet
	facet normal -0.1743128152436318 -0.044226905251935955 0.9836966114070312
		outer loop
			vertex -21.976242065429688 -5.888516426086426 7.102718353271484
			vertex -23.69131088256836 -5.676173210144043 6.808351993560791
			vertex -23.531688690185547 -6.305296897888184 6.808351993560791
		endloop
	endfacet
	facet normal -0.17431279965873228 -0.04422676692478686 0.9836966203878691
		outer loop
			vertex -21.976242065429688 -5.888516426086426 7.102718353271484
			vertex -22.12531280517578 -5.30097770690918 7.102718353271484
			vertex -23.69131088256836 -5.676173210144043 6.808351993560791
		endloop
	endfacet
	facet normal -0.2521341992149119 -0.08833429793502474 0.9636521142998554
		outer loop
			vertex -23.026460647583008 -7.954823017120361 6.808351993560791
			vertex -23.738845825195312 -8.200926780700684 6.599400997161865
			vertex -22.956209182739258 -8.155343055725098 6.808351993560791
		endloop
	endfacet
	facet normal -0.1901687264415107 -0.0666249203468433 0.9794881191073176
		outer loop
			vertex -23.026460647583008 -7.954823017120361 6.808351993560791
			vertex -22.956209182739258 -8.155343055725098 6.808351993560791
			vertex -21.896547317504883 -8.147741317749023 7.014603614807129
		endloop
	endfacet
	facet normal -0.2536809739293159 -0.08385223717584757 0.9636465979740079
		outer loop
			vertex -23.026460647583008 -7.954823017120361 6.808351993560791
			vertex -23.23126792907715 -7.335212707519531 6.808351993560791
			vertex -23.738845825195312 -8.200926780700684 6.599400997161865
		endloop
	endfacet
	facet normal -0.009822635088480991 -0.0022024463183950276 0.9999493312514055
		outer loop
			vertex -20.894596099853516 -4.623276710510254 7.197393417358398
			vertex -20.438034057617188 -5.476355075836182 7.1999993324279785
			vertex -20.81962776184082 -3.7744948863983154 7.1999993324279785
		endloop
	endfacet
	facet normal -0.0684321177704297 -0.014182881372699782 0.9975549564477248
		outer loop
			vertex -20.894596099853516 -4.623276710510254 7.197393417358398
			vertex -21.01093101501465 -4.061963081359863 7.197393417358398
			vertex -22.33786964416504 -4.31849479675293 7.102718353271484
		endloop
	endfacet
	facet normal -0.010386413914837972 -0.0021526336059931104 0.9999437427048324
		outer loop
			vertex -20.894596099853516 -4.623276710510254 7.197393417358398
			vertex -20.81962776184082 -3.7744948863983154 7.1999993324279785
			vertex -21.01093101501465 -4.061963081359863 7.197393417358398
		endloop
	endfacet
	facet normal -0.06843216386510632 -0.014183101605737368 0.9975549501544166
		outer loop
			vertex -20.894596099853516 -4.623276710510254 7.197393417358398
			vertex -22.33786964416504 -4.31849479675293 7.102718353271484
			vertex -22.21418571472168 -4.915258407592773 7.102718353271484
		endloop
	endfacet
	facet normal -0.06809864659212748 -0.015690490129755427 0.9975552029094975
		outer loop
			vertex -20.894596099853516 -4.623276710510254 7.197393417358398
			vertex -22.21418571472168 -4.915258407592773 7.102718353271484
			vertex -22.12531280517578 -5.30097770690918 7.102718353271484
		endloop
	endfacet
	facet normal -0.17307269749863363 -0.048855089255265806 0.9836966105636467
		outer loop
			vertex -21.81157112121582 -6.471875190734863 7.102718353271484
			vertex -21.976242065429688 -5.888516426086426 7.102718353271484
			vertex -23.531688690185547 -6.305296897888184 6.808351993560791
		endloop
	endfacet
	facet normal -0.17307266299350021 -0.048854686909476315 0.9836966366168564
		outer loop
			vertex -21.81157112121582 -6.471875190734863 7.102718353271484
			vertex -23.531688690185547 -6.305296897888184 6.808351993560791
			vertex -23.355363845825195 -6.929945468902588 6.808351993560791
		endloop
	endfacet
	facet normal -0.010022153241454957 -0.0023092339314275314 0.99994711054288
		outer loop
			vertex -20.81100082397461 -4.986083030700684 7.197393417358398
			vertex -20.438034057617188 -5.476355075836182 7.1999993324279785
			vertex -20.894596099853516 -4.623276710510254 7.197393417358398
		endloop
	endfacet
	facet normal -0.06809849055686606 -0.015690774355998874 0.9975552090906977
		outer loop
			vertex -20.81100082397461 -4.986083030700684 7.197393417358398
			vertex -20.894596099853516 -4.623276710510254 7.197393417358398
			vertex -22.12531280517578 -5.30097770690918 7.102718353271484
		endloop
	endfacet
	facet normal -0.17194655687252733 -0.052650941276590035 0.9836982565616206
		outer loop
			vertex -21.6956787109375 -6.8503546714782715 7.102718353271484
			vertex -21.81157112121582 -6.471875190734863 7.102718353271484
			vertex -23.355363845825195 -6.929945468902588 6.808351993560791
		endloop
	endfacet
	facet normal -0.17194653469873925 -0.05265133921979404 0.98369823913813
		outer loop
			vertex -21.6956787109375 -6.8503546714782715 7.102718353271484
			vertex -23.355363845825195 -6.929945468902588 6.808351993560791
			vertex -23.23126792907715 -7.335212707519531 6.808351993560791
		endloop
	endfacet
	facet normal -0.06774001156205291 -0.017187043686422706 0.9975549590688697
		outer loop
			vertex -20.670785903930664 -5.53872013092041 7.197393417358398
			vertex -22.12531280517578 -5.30097770690918 7.102718353271484
			vertex -21.976242065429688 -5.888516426086426 7.102718353271484
		endloop
	endfacet
	facet normal -0.06774000007190831 -0.017186972590300286 0.9975549610740445
		outer loop
			vertex -20.670785903930664 -5.53872013092041 7.197393417358398
			vertex -20.81100082397461 -4.986083030700684 7.197393417358398
			vertex -22.12531280517578 -5.30097770690918 7.102718353271484
		endloop
	endfacet
	facet normal -0.01048279887114072 -0.0026596925993013338 0.9999415167714082
		outer loop
			vertex -20.670785903930664 -5.53872013092041 7.197393417358398
			vertex -20.438034057617188 -5.476355075836182 7.1999993324279785
			vertex -20.81100082397461 -4.986083030700684 7.197393417358398
		endloop
	endfacet
	facet normal -0.1829488193971978 -0.02068544899000356 0.982904797872741
		outer loop
			vertex -21.504409790039062 -7.429008960723877 7.102718353271484
			vertex -23.026460647583008 -7.954823017120361 6.808351993560791
			vertex -21.896547317504883 -8.147741317749023 7.014603614807129
		endloop
	endfacet
	facet normal -0.17075001118972064 -0.056440064125772786 0.9836965755964534
		outer loop
			vertex -21.504409790039062 -7.429008960723877 7.102718353271484
			vertex -23.23126792907715 -7.335212707519531 6.808351993560791
			vertex -23.026460647583008 -7.954823017120361 6.808351993560791
		endloop
	endfacet
	facet normal -0.1707500024830542 -0.05643986284266072 0.9836965886564508
		outer loop
			vertex -21.504409790039062 -7.429008960723877 7.102718353271484
			vertex -21.6956787109375 -6.8503546714782715 7.102718353271484
			vertex -23.23126792907715 -7.335212707519531 6.808351993560791
		endloop
	endfacet
	facet normal -0.06725812116583085 -0.018985672264824376 0.9975549555718198
		outer loop
			vertex -20.515897750854492 -6.08742618560791 7.197393417358398
			vertex -21.976242065429688 -5.888516426086426 7.102718353271484
			vertex -21.81157112121582 -6.471875190734863 7.102718353271484
		endloop
	endfacet
	facet normal -0.010408221585555271 -0.0029380215589425796 0.9999415167662283
		outer loop
			vertex -20.515897750854492 -6.08742618560791 7.197393417358398
			vertex -20.438034057617188 -5.476355075836182 7.1999993324279785
			vertex -20.670785903930664 -5.53872013092041 7.197393417358398
		endloop
	endfacet
	facet normal -0.06725810406949059 -0.018985545046812616 0.997554959145737
		outer loop
			vertex -20.515897750854492 -6.08742618560791 7.197393417358398
			vertex -20.670785903930664 -5.53872013092041 7.197393417358398
			vertex -21.976242065429688 -5.888516426086426 7.102718353271484
		endloop
	endfacet
	facet normal -0.13328786337253368 -0.0505432779058567 0.9897877158947347
		outer loop
			vertex -21.323123931884766 -7.9343695640563965 7.102718353271484
			vertex -21.896547317504883 -8.147741317749023 7.014603614807129
			vertex -21.22266387939453 -8.19929313659668 7.102718353271484
		endloop
	endfacet
	facet normal -0.09085943228265181 -0.0344542512726389 0.99526753595931
		outer loop
			vertex -21.323123931884766 -7.9343695640563965 7.102718353271484
			vertex -21.22266387939453 -8.19929313659668 7.102718353271484
			vertex -20.547212600708008 -8.29565143585205 7.161045551300049
		endloop
	endfacet
	facet normal -0.13418376809698893 -0.048135171973098814 0.9897867051028792
		outer loop
			vertex -21.323123931884766 -7.9343695640563965 7.102718353271484
			vertex -21.504409790039062 -7.429008960723877 7.102718353271484
			vertex -21.896547317504883 -8.147741317749023 7.014603614807129
		endloop
	endfacet
	facet normal -0.06682040848131265 -0.02046076098886667 0.997555206627757
		outer loop
			vertex -20.406888961791992 -6.443422317504883 7.197393417358398
			vertex -21.81157112121582 -6.471875190734863 7.102718353271484
			vertex -21.6956787109375 -6.8503546714782715 7.102718353271484
		endloop
	endfacet
	facet normal -0.009607896640213186 -0.003003950260008579 0.9999493310188204
		outer loop
			vertex -20.406888961791992 -6.443422317504883 7.197393417358398
			vertex -19.917573928833008 -7.141005516052246 7.1999993324279785
			vertex -20.438034057617188 -5.476355075836182 7.1999993324279785
		endloop
	endfacet
	facet normal -0.06682040487183578 -0.020460928552596826 0.9975552034326369
		outer loop
			vertex -20.406888961791992 -6.443422317504883 7.197393417358398
			vertex -20.515897750854492 -6.08742618560791 7.197393417358398
			vertex -21.81157112121582 -6.471875190734863 7.102718353271484
		endloop
	endfacet
	facet normal -0.06635547122360001 -0.02193319847882158 0.997554953996612
		outer loop
			vertex -20.406888961791992 -6.443422317504883 7.197393417358398
			vertex -21.6956787109375 -6.8503546714782715 7.102718353271484
			vertex -21.504409790039062 -7.429008960723877 7.102718353271484
		endloop
	endfacet
	facet normal -0.009833922216595074 -0.0030112235963172863 0.9999471118545676
		outer loop
			vertex -20.406888961791992 -6.443422317504883 7.197393417358398
			vertex -20.438034057617188 -5.476355075836182 7.1999993324279785
			vertex -20.515897750854492 -6.08742618560791 7.197393417358398
		endloop
	endfacet
	facet normal -0.010071170177016775 -0.0033289312336682144 0.9999437432916449
		outer loop
			vertex -20.22698211669922 -6.9877028465271 7.197393417358398
			vertex -19.917573928833008 -7.141005516052246 7.1999993324279785
			vertex -20.406888961791992 -6.443422317504883 7.197393417358398
		endloop
	endfacet
	facet normal -0.06635548313527208 -0.02193318516633221 0.9975549534969711
		outer loop
			vertex -20.22698211669922 -6.9877028465271 7.197393417358398
			vertex -20.406888961791992 -6.443422317504883 7.197393417358398
			vertex -21.504409790039062 -7.429008960723877 7.102718353271484
		endloop
	endfacet
	facet normal -0.010242185505942587 -0.003674138658173075 0.9999407974181185
		outer loop
			vertex -20.05646514892578 -7.463043212890625 7.197393417358398
			vertex -19.917573928833008 -7.141005516052246 7.1999993324279785
			vertex -20.22698211669922 -6.9877028465271 7.197393417358398
		endloop
	endfacet
	facet normal -0.07472478732106076 0.0005101549422901926 0.9972040643227228
		outer loop
			vertex -20.05646514892578 -7.463043212890625 7.197393417358398
			vertex -21.323123931884766 -7.9343695640563965 7.102718353271484
			vertex -20.547212600708008 -8.29565143585205 7.161045551300049
		endloop
	endfacet
	facet normal -0.06578062373779132 -0.023597203156700924 0.997555051886285
		outer loop
			vertex -20.05646514892578 -7.463043212890625 7.197393417358398
			vertex -21.504409790039062 -7.429008960723877 7.102718353271484
			vertex -21.323123931884766 -7.9343695640563965 7.102718353271484
		endloop
	endfacet
	facet normal -0.06578062416914705 -0.02359722288552465 0.9975550513911542
		outer loop
			vertex -20.05646514892578 -7.463043212890625 7.197393417358398
			vertex -20.22698211669922 -6.9877028465271 7.197393417358398
			vertex -21.504409790039062 -7.429008960723877 7.102718353271484
		endloop
	endfacet
	facet normal -0.04931847458807981 -0.005658820305779678 0.998767072853852
		outer loop
			vertex -19.843708038330078 -8.01162052154541 7.197393417358398
			vertex -20.547212600708008 -8.29565143585205 7.161045551300049
			vertex -19.95750617980957 -8.446269035339355 7.189311504364014
		endloop
	endfacet
	facet normal -0.00932600199568661 -0.0037842864003396095 0.9999493511489554
		outer loop
			vertex -19.843708038330078 -8.01162052154541 7.197393417358398
			vertex -19.261783599853516 -8.757136344909668 7.1999993324279785
			vertex -19.917573928833008 -7.141005516052246 7.1999993324279785
		endloop
	endfacet
	facet normal -0.044620785044358555 -0.017305472079822744 0.998854096541692
		outer loop
			vertex -19.843708038330078 -8.01162052154541 7.197393417358398
			vertex -20.05646514892578 -7.463043212890625 7.197393417358398
			vertex -20.547212600708008 -8.29565143585205 7.161045551300049
		endloop
	endfacet
	facet normal -0.009878250443523076 -0.00383112459984606 0.9999438697509354
		outer loop
			vertex -19.843708038330078 -8.01162052154541 7.197393417358398
			vertex -19.917573928833008 -7.141005516052246 7.1999993324279785
			vertex -20.05646514892578 -7.463043212890625 7.197393417358398
		endloop
	endfacet
	facet normal -0.02735535268648879 -0.011778535232565081 0.9995563769929005
		outer loop
			vertex -19.707714080810547 -8.340553283691406 7.197393417358398
			vertex -19.95750617980957 -8.446269035339355 7.189311504364014
			vertex -19.602378845214844 -8.58519172668457 7.197393417358398
		endloop
	endfacet
	facet normal -0.009775532187599982 -0.0042091012902783905 0.999943359614322
		outer loop
			vertex -19.707714080810547 -8.340553283691406 7.197393417358398
			vertex -19.602378845214844 -8.58519172668457 7.197393417358398
			vertex -19.261783599853516 -8.757136344909668 7.1999993324279785
		endloop
	endfacet
	facet normal -0.02752418767156906 -0.011379599844498283 0.9995563634935248
		outer loop
			vertex -19.707714080810547 -8.340553283691406 7.197393417358398
			vertex -19.843708038330078 -8.01162052154541 7.197393417358398
			vertex -19.95750617980957 -8.446269035339355 7.189311504364014
		endloop
	endfacet
	facet normal -0.009520614371626188 -0.0039362026998092095 0.9999469306969709
		outer loop
			vertex -19.707714080810547 -8.340553283691406 7.197393417358398
			vertex -19.261783599853516 -8.757136344909668 7.1999993324279785
			vertex -19.843708038330078 -8.01162052154541 7.197393417358398
		endloop
	endfacet
	facet normal 0.02647073801274051 -0.999649588620463 0
		outer loop
			vertex -22.297569274902344 -8.13790225982666 0.25323691964149475
			vertex -22.956209182739258 -8.155343055725098 6.808351993560791
			vertex -22.956209182739258 -8.155343055725098 0.3916480243206024
		endloop
	endfacet
	facet normal 0.007543837586810482 -0.9999697349041553 -0.0019025746180696367
		outer loop
			vertex -22.297569274902344 -8.13790225982666 0.25323691964149475
			vertex -21.896547317504883 -8.147741317749023 7.014603614807129
			vertex -22.956209182739258 -8.155343055725098 6.808351993560791
		endloop
	endfacet
	facet normal -0.07617749965817504 -0.9970939805290454 -0.0007632421453298237
		outer loop
			vertex -21.627573013305664 -8.163033485412598 0.14645348489284515
			vertex -21.22266387939453 -8.19929313659668 7.102718353271484
			vertex -21.896547317504883 -8.147741317749023 7.014603614807129
		endloop
	endfacet
	facet normal -0.037361887535928805 -0.9993015105729748 0.0007617915222631135
		outer loop
			vertex -21.627573013305664 -8.163033485412598 0.14645348489284515
			vertex -21.896547317504883 -8.147741317749023 7.014603614807129
			vertex -22.297569274902344 -8.13790225982666 0.25323691964149475
		endloop
	endfacet
	facet normal -0.14122782030504527 -0.9899771223477268 0
		outer loop
			vertex -20.547212600708008 -8.29565143585205 0.03895439952611923
			vertex -20.547212600708008 -8.29565143585205 7.161045551300049
			vertex -21.22266387939453 -8.19929313659668 7.102718353271484
		endloop
	endfacet
	facet normal -0.1216517194910369 -0.9925710157919164 0.0019072898776730104
		outer loop
			vertex -20.547212600708008 -8.29565143585205 0.03895439952611923
			vertex -21.22266387939453 -8.19929313659668 7.102718353271484
			vertex -21.627573013305664 -8.163033485412598 0.14645348489284515
		endloop
	endfacet
	facet normal -0.009928917833543022 0.012747945779307684 -0.9998694447121897
		outer loop
			vertex -13.678622245788574 16.14307975769043 8.907265964808175e-7
			vertex -12.910470962524414 17.266263961791992 0.006693144794553518
			vertex -12.30262565612793 17.214794158935547 8.907265964808175e-7
		endloop
	endfacet
	facet normal -0.02735978398175118 0.024665736085506314 -0.9993212915193153
		outer loop
			vertex -13.678622245788574 16.14307975769043 8.907265964808175e-7
			vertex -13.283390045166016 17.344751358032227 0.018840324133634567
			vertex -12.910470962524414 17.266263961791992 0.006693144794553518
		endloop
	endfacet
	facet normal -0.04573794905494781 0.03069718873755855 -0.9984817087057017
		outer loop
			vertex -13.64658260345459 17.45785140991211 0.03895439952611923
			vertex -13.283390045166016 17.344751358032227 0.018840324133634567
			vertex -13.678622245788574 16.14307975769043 8.907265964808175e-7
		endloop
	endfacet
	facet normal -0.024665736085506314 0.02735978398175118 -0.9993212915193153
		outer loop
			vertex -17.344751358032227 13.283390045166016 0.018840324133634567
			vertex -16.14307975769043 13.678622245788574 8.907265964808175e-7
			vertex -17.266263961791992 12.910470962524414 0.006693144794553518
		endloop
	endfacet
	facet normal -0.03069718873755855 0.04573794905494782 -0.9984817087057017
		outer loop
			vertex -17.45785140991211 13.64658260345459 0.03895439952611923
			vertex -16.14307975769043 13.678622245788574 8.907265964808175e-7
			vertex -17.344751358032227 13.283390045166016 0.018840324133634567
		endloop
	endfacet
	facet normal -0.012747945779307684 0.009928917833543022 -0.9998694447121897
		outer loop
			vertex -17.214794158935547 12.30262565612793 8.907265964808175e-7
			vertex -17.266263961791992 12.910470962524414 0.006693144794553518
			vertex -16.14307975769043 13.678622245788574 8.907265964808175e-7
		endloop
	endfacet
	facet normal -0.07064216139566432 0.08479087994784643 -0.9938914385942857
		outer loop
			vertex -14.944278717041016 17.63676643371582 0.14645348489284515
			vertex -14.648510932922363 17.883180618286133 0.14645348489284515
			vertex -13.64658260345459 17.45785140991211 0.03895439952611923
		endloop
	endfacet
	facet normal -0.10862692033592687 0.13038349873979302 -0.9854949697663113
		outer loop
			vertex -14.944278717041016 17.63676643371582 0.14645348489284515
			vertex -15.241310119628906 18.196414947509766 0.25323691964149475
			vertex -14.648510932922363 17.883180618286133 0.14645348489284515
		endloop
	endfacet
	facet normal -0.0782105925030429 0.031428063230817496 -0.9964413580647296
		outer loop
			vertex -14.944278717041016 17.63676643371582 0.14645348489284515
			vertex -13.64658260345459 17.45785140991211 0.03895439952611923
			vertex -13.678622245788574 16.14307975769043 8.907265964808175e-7
		endloop
	endfacet
	facet normal -0.04889197340617798 0.056346524331309794 -0.9972134396067026
		outer loop
			vertex -15.3541259765625 17.28114128112793 0.14645348489284515
			vertex -14.944278717041016 17.63676643371582 0.14645348489284515
			vertex -13.678622245788574 16.14307975769043 8.907265964808175e-7
		endloop
	endfacet
	facet normal -0.11169855763203237 0.1287292178431529 -0.9853690784149935
		outer loop
			vertex -15.3541259765625 17.28114128112793 0.14645348489284515
			vertex -15.241310119628906 18.196414947509766 0.25323691964149475
			vertex -14.944278717041016 17.63676643371582 0.14645348489284515
		endloop
	endfacet
	facet normal -0.0501334924217456 0.05444736987672254 -0.9972572972162733
		outer loop
			vertex -15.904792785644531 16.775712966918945 0.14645348489284515
			vertex -13.678622245788574 16.14307975769043 8.907265964808175e-7
			vertex -14.961679458618164 14.961679458618164 8.907265964808175e-7
		endloop
	endfacet
	facet normal -0.05009561278608032 0.05457943385125354 -0.9972519816877097
		outer loop
			vertex -15.904792785644531 16.775712966918945 0.14645348489284515
			vertex -15.3541259765625 17.28114128112793 0.14645348489284515
			vertex -13.678622245788574 16.14307975769043 8.907265964808175e-7
		endloop
	endfacet
	facet normal -0.14117909931177886 0.1622285690006341 -0.9766014301226071
		outer loop
			vertex -16.181041717529297 18.211837768554688 0.3916480243206024
			vertex -15.802988052368164 18.54083824157715 0.3916480243206024
			vertex -15.241310119628906 18.196414947509766 0.25323691964149475
		endloop
	endfacet
	facet normal -0.1751101967699979 0.20121871281159315 -0.9637673207790448
		outer loop
			vertex -16.181041717529297 18.211837768554688 0.3916480243206024
			vertex -16.45798110961914 18.971633911132812 0.6005989909172058
			vertex -15.802988052368164 18.54083824157715 0.3916480243206024
		endloop
	endfacet
	facet normal -0.14232035838272475 0.13199164954492879 -0.9809806930007448
		outer loop
			vertex -16.181041717529297 18.211837768554688 0.3916480243206024
			vertex -15.241310119628906 18.196414947509766 0.25323691964149475
			vertex -15.3541259765625 17.28114128112793 0.14645348489284515
		endloop
	endfacet
	facet normal -0.05204475436791514 0.05345015796288119 -0.9972133293115002
		outer loop
			vertex -16.346054077148438 16.346054077148438 0.14645348489284515
			vertex -15.904792785644531 16.775712966918945 0.14645348489284515
			vertex -14.961679458618164 14.961679458618164 8.907265964808175e-7
		endloop
	endfacet
	facet normal -0.13068067721189391 0.142377285771129 -0.9811479343605056
		outer loop
			vertex -16.76136589050293 17.679189682006836 0.3916480243206024
			vertex -15.3541259765625 17.28114128112793 0.14645348489284515
			vertex -15.904792785644531 16.775712966918945 0.14645348489284515
		endloop
	endfacet
	facet normal -0.1821485305730363 0.19845222020461256 -0.9630361515051986
		outer loop
			vertex -16.76136589050293 17.679189682006836 0.3916480243206024
			vertex -16.45798110961914 18.971633911132812 0.6005989909172058
			vertex -16.181041717529297 18.211837768554688 0.3916480243206024
		endloop
	endfacet
	facet normal -0.13068060607895574 0.14237752197322517 -0.9811479095587988
		outer loop
			vertex -16.76136589050293 17.679189682006836 0.3916480243206024
			vertex -16.181041717529297 18.211837768554688 0.3916480243206024
			vertex -15.3541259765625 17.28114128112793 0.14645348489284515
		endloop
	endfacet
	facet normal -0.05345015796288119 0.05204475436791514 -0.9972133293115002
		outer loop
			vertex -16.775712966918945 15.904792785644531 0.14645348489284515
			vertex -16.346054077148438 16.346054077148438 0.14645348489284515
			vertex -14.961679458618164 14.961679458618164 8.907265964808175e-7
		endloop
	endfacet
	facet normal -0.05438252164730003 0.05007378213223707 -0.9972638355431598
		outer loop
			vertex -17.04987144470215 15.610536575317383 0.14645348489284515
			vertex -14.961679458618164 14.961679458618164 8.907265964808175e-7
			vertex -16.14307975769043 13.678622245788574 8.907265964808175e-7
		endloop
	endfacet
	facet normal -0.054238453930805355 0.05053396137485723 -0.9972484689699757
		outer loop
			vertex -17.04987144470215 15.610536575317383 0.14645348489284515
			vertex -16.775712966918945 15.904792785644531 0.14645348489284515
			vertex -14.961679458618164 14.961679458618164 8.907265964808175e-7
		endloop
	endfacet
	facet normal -0.134816441488421 0.13845664498695207 -0.9811494710610389
		outer loop
			vertex -17.226390838623047 17.226390838623047 0.3916480243206024
			vertex -16.76136589050293 17.679189682006836 0.3916480243206024
			vertex -15.904792785644531 16.775712966918945 0.14645348489284515
		endloop
	endfacet
	facet normal -0.1384568980604089 0.13481635087218394 -0.9811494477993645
		outer loop
			vertex -17.226390838623047 17.226390838623047 0.3916480243206024
			vertex -16.346054077148438 16.346054077148438 0.14645348489284515
			vertex -16.775712966918945 15.904792785644531 0.14645348489284515
		endloop
	endfacet
	facet normal -0.13481635087218394 0.1384568980604089 -0.9811494477993645
		outer loop
			vertex -17.226390838623047 17.226390838623047 0.3916480243206024
			vertex -15.904792785644531 16.775712966918945 0.14645348489284515
			vertex -16.346054077148438 16.346054077148438 0.14645348489284515
		endloop
	endfacet
	facet normal -0.05556002584967373 0.049518273779840874 -0.9972266663549709
		outer loop
			vertex -17.461877822875977 15.148261070251465 0.14645348489284515
			vertex -17.04987144470215 15.610536575317383 0.14645348489284515
			vertex -16.14307975769043 13.678622245788574 8.907265964808175e-7
		endloop
	endfacet
	facet normal -0.13845664498695207 0.134816441488421 -0.9811494710610389
		outer loop
			vertex -17.679189682006836 16.76136589050293 0.3916480243206024
			vertex -17.226390838623047 17.226390838623047 0.3916480243206024
			vertex -16.775712966918945 15.904792785644531 0.14645348489284515
		endloop
	endfacet
	facet normal -0.08511515015233205 0.07050259468868185 -0.9938736314827501
		outer loop
			vertex -17.721588134765625 14.843595504760742 0.14645348489284515
			vertex -17.45785140991211 13.64658260345459 0.03895439952611923
			vertex -17.883180618286133 14.648510932922363 0.14645348489284515
		endloop
	endfacet
	facet normal -0.13084167922410636 0.1083788005098285 -0.9854615622021322
		outer loop
			vertex -17.721588134765625 14.843595504760742 0.14645348489284515
			vertex -17.883180618286133 14.648510932922363 0.14645348489284515
			vertex -18.196414947509766 15.241310119628906 0.25323691964149475
		endloop
	endfacet
	facet normal -0.03152246805437437 0.08250980655518678 -0.9960915951005643
		outer loop
			vertex -17.721588134765625 14.843595504760742 0.14645348489284515
			vertex -16.14307975769043 13.678622245788574 8.907265964808175e-7
			vertex -17.45785140991211 13.64658260345459 0.03895439952611923
		endloop
	endfacet
	facet normal -0.05679157293295071 0.04841163160452236 -0.9972116280756005
		outer loop
			vertex -17.721588134765625 14.843595504760742 0.14645348489284515
			vertex -17.461877822875977 15.148261070251465 0.14645348489284515
			vertex -16.14307975769043 13.678622245788574 8.907265964808175e-7
		endloop
	endfacet
	facet normal -0.129299130792156 0.11022025915860789 -0.985460922232537
		outer loop
			vertex -17.721588134765625 14.843595504760742 0.14645348489284515
			vertex -18.196414947509766 15.241310119628906 0.25323691964149475
			vertex -17.461877822875977 15.148261070251465 0.14645348489284515
		endloop
	endfacet
	facet normal -0.21975434808460603 0.2394239738251612 -0.9457188732682026
		outer loop
			vertex -17.87453269958496 18.85331153869629 0.8998043537139893
			vertex -17.255666732788086 19.421335220336914 0.8998043537139893
			vertex -16.45798110961914 18.971633911132812 0.6005989909172058
		endloop
	endfacet
	facet normal -0.2619266691049041 0.28537102685103694 -0.9219315576796332
		outer loop
			vertex -17.87453269958496 18.85331153869629 0.8998043537139893
			vertex -18.08289909362793 19.750192642211914 1.2366195917129517
			vertex -17.255666732788086 19.421335220336914 0.8998043537139893
		endloop
	endfacet
	facet normal -0.2186543518005315 0.20554579831475098 -0.9539083809432861
		outer loop
			vertex -17.87453269958496 18.85331153869629 0.8998043537139893
			vertex -16.45798110961914 18.971633911132812 0.6005989909172058
			vertex -16.76136589050293 17.679189682006836 0.3916480243206024
		endloop
	endfacet
	facet normal -0.199116904032933 0.18551781616216043 -0.9622554746088811
		outer loop
			vertex -17.968114852905273 16.451261520385742 0.3916480243206024
			vertex -18.971633911132812 16.45798110961914 0.6005989909172058
			vertex -17.679189682006836 16.76136589050293 0.3916480243206024
		endloop
	endfacet
	facet normal -0.14138486403926556 0.1317282617875609 -0.9811513569613132
		outer loop
			vertex -17.968114852905273 16.451261520385742 0.3916480243206024
			vertex -16.775712966918945 15.904792785644531 0.14645348489284515
			vertex -17.04987144470215 15.610536575317383 0.14645348489284515
		endloop
	endfacet
	facet normal -0.14138471990537188 0.13172856720996984 -0.981151336725425
		outer loop
			vertex -17.968114852905273 16.451261520385742 0.3916480243206024
			vertex -17.679189682006836 16.76136589050293 0.3916480243206024
			vertex -16.775712966918945 15.904792785644531 0.14645348489284515
		endloop
	endfacet
	facet normal -0.2867710210310071 0.3171775350715117 -0.90396946449689
		outer loop
			vertex -18.370441436767578 18.370441436767578 0.8998043537139893
			vertex -19.750192642211914 18.08289909362793 1.2366195917129517
			vertex -19.96274757385254 18.92637062072754 1.600000023841858
		endloop
	endfacet
	facet normal -0.2960066096660476 0.2960066096660476 -0.908163076802853
		outer loop
			vertex -18.370441436767578 18.370441436767578 0.8998043537139893
			vertex -19.96274757385254 18.92637062072754 1.600000023841858
			vertex -18.92637062072754 19.96274757385254 1.600000023841858
		endloop
	endfacet
	facet normal -0.3171775350715117 0.2867710210310071 -0.90396946449689
		outer loop
			vertex -18.370441436767578 18.370441436767578 0.8998043537139893
			vertex -18.92637062072754 19.96274757385254 1.600000023841858
			vertex -18.08289909362793 19.750192642211914 1.2366195917129517
		endloop
	endfacet
	facet normal -0.20905761510964357 0.21470241817308924 -0.9540428633951916
		outer loop
			vertex -18.370441436767578 18.370441436767578 0.8998043537139893
			vertex -16.76136589050293 17.679189682006836 0.3916480243206024
			vertex -17.226390838623047 17.226390838623047 0.3916480243206024
		endloop
	endfacet
	facet normal -0.27420620537868884 0.2816104217134957 -0.9195142888036965
		outer loop
			vertex -18.370441436767578 18.370441436767578 0.8998043537139893
			vertex -18.08289909362793 19.750192642211914 1.2366195917129517
			vertex -17.87453269958496 18.85331153869629 0.8998043537139893
		endloop
	endfacet
	facet normal -0.2090575369488341 0.21470258509007997 -0.9540428429585979
		outer loop
			vertex -18.370441436767578 18.370441436767578 0.8998043537139893
			vertex -17.87453269958496 18.85331153869629 0.8998043537139893
			vertex -16.76136589050293 17.679189682006836 0.3916480243206024
		endloop
	endfacet
	facet normal -0.16335545015110475 0.14046710104393717 -0.9765162520051791
		outer loop
			vertex -18.40230941772461 15.964089393615723 0.3916480243206024
			vertex -18.196414947509766 15.241310119628906 0.25323691964149475
			vertex -18.54083824157715 15.802988052368164 0.3916480243206024
		endloop
	endfacet
	facet normal -0.20256837461794241 0.17418575455820018 -0.9636521034655793
		outer loop
			vertex -18.40230941772461 15.964089393615723 0.3916480243206024
			vertex -18.54083824157715 15.802988052368164 0.3916480243206024
			vertex -18.971633911132812 16.45798110961914 0.6005989909172058
		endloop
	endfacet
	facet normal -0.14426750670300822 0.1285794559164436 -0.9811494330762918
		outer loop
			vertex -18.40230941772461 15.964089393615723 0.3916480243206024
			vertex -17.04987144470215 15.610536575317383 0.14645348489284515
			vertex -17.461877822875977 15.148261070251465 0.14645348489284515
		endloop
	endfacet
	facet normal -0.19945845011056682 0.17776832906981976 -0.9636465886720167
		outer loop
			vertex -18.40230941772461 15.964089393615723 0.3916480243206024
			vertex -18.971633911132812 16.45798110961914 0.6005989909172058
			vertex -17.968114852905273 16.451261520385742 0.3916480243206024
		endloop
	endfacet
	facet normal -0.12320892593077003 0.1526788651329466 -0.9805655127082034
		outer loop
			vertex -18.40230941772461 15.964089393615723 0.3916480243206024
			vertex -17.461877822875977 15.148261070251465 0.14645348489284515
			vertex -18.196414947509766 15.241310119628906 0.25323691964149475
		endloop
	endfacet
	facet normal -0.14426757969389542 0.12857919314480915 -0.9811494567799013
		outer loop
			vertex -18.40230941772461 15.964089393615723 0.3916480243206024
			vertex -17.968114852905273 16.451261520385742 0.3916480243206024
			vertex -17.04987144470215 15.610536575317383 0.14645348489284515
		endloop
	endfacet
	facet normal -0.20554579831475098 0.2186543518005315 -0.9539083809432861
		outer loop
			vertex -18.85331153869629 17.87453269958496 0.8998043537139893
			vertex -17.679189682006836 16.76136589050293 0.3916480243206024
			vertex -18.971633911132812 16.45798110961914 0.6005989909172058
		endloop
	endfacet
	facet normal -0.21470246628646739 0.20905766195805903 -0.9540428423017169
		outer loop
			vertex -18.85331153869629 17.87453269958496 0.8998043537139893
			vertex -17.226390838623047 17.226390838623047 0.3916480243206024
			vertex -17.679189682006836 16.76136589050293 0.3916480243206024
		endloop
	endfacet
	facet normal -0.2816104217134957 0.27420620537868884 -0.9195142888036965
		outer loop
			vertex -18.85331153869629 17.87453269958496 0.8998043537139893
			vertex -19.750192642211914 18.08289909362793 1.2366195917129517
			vertex -18.370441436767578 18.370441436767578 0.8998043537139893
		endloop
	endfacet
	facet normal -0.214702539973016 0.2090574930180064 -0.9540428627384421
		outer loop
			vertex -18.85331153869629 17.87453269958496 0.8998043537139893
			vertex -18.370441436767578 18.370441436767578 0.8998043537139893
			vertex -17.226390838623047 17.226390838623047 0.3916480243206024
		endloop
	endfacet
	facet normal -0.24194738657306084 0.21822378889303726 -0.9454310340218546
		outer loop
			vertex -19.16142463684082 17.543832778930664 0.8998043537139893
			vertex -18.971633911132812 16.45798110961914 0.6005989909172058
			vertex -19.421335220336914 17.255666732788086 0.8998043537139893
		endloop
	endfacet
	facet normal -0.28867778666458854 0.26037214647151974 -0.9213422170009621
		outer loop
			vertex -19.16142463684082 17.543832778930664 0.8998043537139893
			vertex -19.421335220336914 17.255666732788086 0.8998043537139893
			vertex -19.750192642211914 18.08289909362793 1.2366195917129517
		endloop
	endfacet
	facet normal -0.2844336058216162 0.26500677512327625 -0.9213408343376923
		outer loop
			vertex -19.16142463684082 17.543832778930664 0.8998043537139893
			vertex -19.750192642211914 18.08289909362793 1.2366195917129517
			vertex -18.85331153869629 17.87453269958496 0.8998043537139893
		endloop
	endfacet
	facet normal -0.23574922287585612 0.21964753817216204 -0.9466663947179803
		outer loop
			vertex -19.16142463684082 17.543832778930664 0.8998043537139893
			vertex -18.85331153869629 17.87453269958496 0.8998043537139893
			vertex -18.971633911132812 16.45798110961914 0.6005989909172058
		endloop
	endfacet
	facet normal 0.37268107349051927 0.9279594912828653 0
		outer loop
			vertex -13.64658260345459 17.45785140991211 0.03895439952611923
			vertex -14.279719352722168 17.712127685546875 7.102718353271484
			vertex -13.64658260345459 17.45785140991211 7.161045551300049
		endloop
	endfacet
	facet normal 0.4325758663808431 0.901597214529784 -0.000763267317253814
		outer loop
			vertex -14.648510932922363 17.883180618286133 0.14645348489284515
			vertex -14.8890962600708 18.004425048828125 7.014603614807129
			vertex -14.279719352722168 17.712127685546875 7.102718353271484
		endloop
	endfacet
	facet normal 0.3909317233493173 0.9204177039863316 0.0019073194966925157
		outer loop
			vertex -14.648510932922363 17.883180618286133 0.14645348489284515
			vertex -14.279719352722168 17.712127685546875 7.102718353271484
			vertex -13.64658260345459 17.45785140991211 0.03895439952611923
		endloop
	endfacet
	facet normal 0.5065178767499898 0.8622273603460354 -0.0019025255295078737
		outer loop
			vertex -15.241310119628906 18.196414947509766 0.25323691964149475
			vertex -15.802988052368164 18.54083824157715 6.808351993560791
			vertex -14.8890962600708 18.004425048828125 7.014603614807129
		endloop
	endfacet
	facet normal 0.46729509610663605 0.884101076148849 0.0007617789293303057
		outer loop
			vertex -15.241310119628906 18.196414947509766 0.25323691964149475
			vertex -14.8890962600708 18.004425048828125 7.014603614807129
			vertex -14.648510932922363 17.883180618286133 0.14645348489284515
		endloop
	endfacet
	facet normal 0.5227485877537774 0.8524868996069275 0
		outer loop
			vertex -15.802988052368164 18.54083824157715 0.3916480243206024
			vertex -15.802988052368164 18.54083824157715 6.808351993560791
			vertex -15.241310119628906 18.196414947509766 0.25323691964149475
		endloop
	endfacet
	facet normal -0.2603722246981819 0.2886778733954466 0.9213421677192475
		outer loop
			vertex -17.543832778930664 19.16142463684082 6.300195693969727
			vertex -17.255666732788086 19.421335220336914 6.300195693969727
			vertex -18.08289909362793 19.750192642211914 5.963380336761475
		endloop
	endfacet
	facet normal -0.21822375003574407 0.24194734349150412 0.9454310540159666
		outer loop
			vertex -17.543832778930664 19.16142463684082 6.300195693969727
			vertex -16.45798110961914 18.971633911132812 6.599400997161865
			vertex -17.255666732788086 19.421335220336914 6.300195693969727
		endloop
	endfacet
	facet normal -0.2650068547421353 0.2844336912770887 0.9213407850552208
		outer loop
			vertex -17.87453269958496 18.85331153869629 6.300195693969727
			vertex -17.543832778930664 19.16142463684082 6.300195693969727
			vertex -18.08289909362793 19.750192642211914 5.963380336761475
		endloop
	endfacet
	facet normal -0.2196474989590775 0.2357491807881811 0.9466664142974144
		outer loop
			vertex -17.87453269958496 18.85331153869629 6.300195693969727
			vertex -16.45798110961914 18.971633911132812 6.599400997161865
			vertex -17.543832778930664 19.16142463684082 6.300195693969727
		endloop
	endfacet
	facet normal -0.1313780815077945 0.15278451993546446 0.979487973467475
		outer loop
			vertex -15.964088439941406 18.40230941772461 6.808351993560791
			vertex -14.8890962600708 18.004425048828125 7.014603614807129
			vertex -15.802988052368164 18.54083824157715 6.808351993560791
		endloop
	endfacet
	facet normal -0.1741862349263804 0.20256773410878393 0.9636521512766962
		outer loop
			vertex -15.964088439941406 18.40230941772461 6.808351993560791
			vertex -15.802988052368164 18.54083824157715 6.808351993560791
			vertex -16.45798110961914 18.971633911132812 6.599400997161865
		endloop
	endfacet
	facet normal -0.3171775115035321 0.2867710908345465 0.9039694506220833
		outer loop
			vertex -18.370441436767578 18.370441436767578 6.300195693969727
			vertex -18.08289909362793 19.750192642211914 5.963380336761475
			vertex -18.92637062072754 19.96274757385254 5.599999904632568
		endloop
	endfacet
	facet normal -0.2960066512302786 0.2960066512302786 0.9081630497079656
		outer loop
			vertex -18.370441436767578 18.370441436767578 6.300195693969727
			vertex -18.92637062072754 19.96274757385254 5.599999904632568
			vertex -19.96274757385254 18.92637062072754 5.599999904632568
		endloop
	endfacet
	facet normal -0.2867710908345465 0.3171775115035321 0.9039694506220833
		outer loop
			vertex -18.370441436767578 18.370441436767578 6.300195693969727
			vertex -19.96274757385254 18.92637062072754 5.599999904632568
			vertex -19.750192642211914 18.08289909362793 5.963380336761475
		endloop
	endfacet
	facet normal -0.2742062874351109 0.2816105059856353 0.9195142385246506
		outer loop
			vertex -18.370441436767578 18.370441436767578 6.300195693969727
			vertex -17.87453269958496 18.85331153869629 6.300195693969727
			vertex -18.08289909362793 19.750192642211914 5.963380336761475
		endloop
	endfacet
	facet normal -0.17776801753526256 0.19945849101812588 0.9636466376750116
		outer loop
			vertex -16.451261520385742 17.968114852905273 6.808351993560791
			vertex -15.964088439941406 18.40230941772461 6.808351993560791
			vertex -16.45798110961914 18.971633911132812 6.599400997161865
		endloop
	endfacet
	facet normal -0.2816105059856353 0.2742062874351109 0.9195142385246506
		outer loop
			vertex -18.85331153869629 17.87453269958496 6.300195693969727
			vertex -18.370441436767578 18.370441436767578 6.300195693969727
			vertex -19.750192642211914 18.08289909362793 5.963380336761475
		endloop
	endfacet
	facet normal -0.09015853109744563 0.11041617959313574 0.9897877078214335
		outer loop
			vertex -14.49918270111084 17.532928466796875 7.102718353271484
			vertex -14.279719352722168 17.712127685546875 7.102718353271484
			vertex -14.8890962600708 18.004425048828125 7.014603614807129
		endloop
	endfacet
	facet normal -0.061459319896751206 0.07526856550110682 0.9952674992409
		outer loop
			vertex -14.49918270111084 17.532928466796875 7.102718353271484
			vertex -13.64658260345459 17.45785140991211 7.161045551300049
			vertex -14.279719352722168 17.712127685546875 7.102718353271484
		endloop
	endfacet
	facet normal -0.185517840662501 0.199116930329232 0.9622554644439214
		outer loop
			vertex -16.76136589050293 17.679189682006836 6.808351993560791
			vertex -16.451261520385742 17.968114852905273 6.808351993560791
			vertex -16.45798110961914 18.971633911132812 6.599400997161865
		endloop
	endfacet
	facet normal -0.21865431402529692 0.20554581235435102 0.9539083865768855
		outer loop
			vertex -16.76136589050293 17.679189682006836 6.808351993560791
			vertex -16.45798110961914 18.971633911132812 6.599400997161865
			vertex -17.87453269958496 18.85331153869629 6.300195693969727
		endloop
	endfacet
	facet normal -0.2886778733954466 0.2603722246981819 0.9213421677192475
		outer loop
			vertex -19.16142463684082 17.543832778930664 6.300195693969727
			vertex -19.750192642211914 18.08289909362793 5.963380336761475
			vertex -19.421335220336914 17.255666732788086 6.300195693969727
		endloop
	endfacet
	facet normal -0.24194734349150412 0.21822375003574407 0.9454310540159666
		outer loop
			vertex -19.16142463684082 17.543832778930664 6.300195693969727
			vertex -19.421335220336914 17.255666732788086 6.300195693969727
			vertex -18.971633911132812 16.45798110961914 6.599400997161865
		endloop
	endfacet
	facet normal -0.2844336912770887 0.2650068547421353 0.9213407850552208
		outer loop
			vertex -19.16142463684082 17.543832778930664 6.300195693969727
			vertex -18.85331153869629 17.87453269958496 6.300195693969727
			vertex -19.750192642211914 18.08289909362793 5.963380336761475
		endloop
	endfacet
	facet normal -0.2357491807881811 0.2196474989590775 0.9466664142974144
		outer loop
			vertex -19.16142463684082 17.543832778930664 6.300195693969727
			vertex -18.971633911132812 16.45798110961914 6.599400997161865
			vertex -18.85331153869629 17.87453269958496 6.300195693969727
		endloop
	endfacet
	facet normal -0.01780122872786352 0.02387822491955114 0.9995563749136261
		outer loop
			vertex -12.897104263305664 17.076988220214844 7.197393417358398
			vertex -12.683563232421875 17.236183166503906 7.197393417358398
			vertex -13.060572624206543 17.29343605041504 7.189311504364014
		endloop
	endfacet
	facet normal -0.0063612962551078825 0.008532920119250375 0.9999433599880513
		outer loop
			vertex -12.897104263305664 17.076988220214844 7.197393417358398
			vertex -12.30262565612793 17.214794158935547 7.1999993324279785
			vertex -12.683563232421875 17.236183166503906 7.197393417358398
		endloop
	endfacet
	facet normal -0.14809575318657042 0.10938838902931937 0.9829047910320068
		outer loop
			vertex -14.90886116027832 17.185914993286133 7.102718353271484
			vertex -14.8890962600708 18.004425048828125 7.014603614807129
			vertex -15.964088439941406 18.40230941772461 6.808351993560791
		endloop
	endfacet
	facet normal -0.11965384202986948 0.13425347881299768 0.9836965800052875
		outer loop
			vertex -14.90886116027832 17.185914993286133 7.102718353271484
			vertex -15.964088439941406 18.40230941772461 6.808351993560791
			vertex -16.451261520385742 17.968114852905273 6.808351993560791
		endloop
	endfacet
	facet normal -0.09213919847451396 0.10877803814956778 0.9897866974862843
		outer loop
			vertex -14.90886116027832 17.185914993286133 7.102718353271484
			vertex -14.49918270111084 17.532928466796875 7.102718353271484
			vertex -14.8890962600708 18.004425048828125 7.014603614807129
		endloop
	endfacet
	facet normal -0.2090576507983051 0.21470245482538688 0.9540428473263907
		outer loop
			vertex -17.226390838623047 17.226390838623047 6.808351993560791
			vertex -16.76136589050293 17.679189682006836 6.808351993560791
			vertex -17.87453269958496 18.85331153869629 6.300195693969727
		endloop
	endfacet
	facet normal -0.2090574818582611 0.21470252851193117 0.954042867763114
		outer loop
			vertex -17.226390838623047 17.226390838623047 6.808351993560791
			vertex -17.87453269958496 18.85331153869629 6.300195693969727
			vertex -18.370441436767578 18.370441436767578 6.300195693969727
		endloop
	endfacet
	facet normal -0.21470252851193117 0.2090574818582611 0.954042867763114
		outer loop
			vertex -17.226390838623047 17.226390838623047 6.808351993560791
			vertex -18.370441436767578 18.370441436767578 6.300195693969727
			vertex -18.85331153869629 17.87453269958496 6.300195693969727
		endloop
	endfacet
	facet normal -0.006184426920472781 0.007940315387839713 0.9999493508449352
		outer loop
			vertex -13.179344177246094 16.86012077331543 7.197393417358398
			vertex -13.678622245788574 16.14307975769043 7.1999993324279785
			vertex -12.30262565612793 17.214794158935547 7.1999993324279785
		endloop
	endfacet
	facet normal -0.03988158288021372 0.029559876669411515 0.9987670764689123
		outer loop
			vertex -13.179344177246094 16.86012077331543 7.197393417358398
			vertex -13.060572624206543 17.29343605041504 7.189311504364014
			vertex -13.64658260345459 17.45785140991211 7.161045551300049
		endloop
	endfacet
	facet normal -0.018146931856778497 0.023617138296996493 0.9995563614138254
		outer loop
			vertex -13.179344177246094 16.86012077331543 7.197393417358398
			vertex -12.897104263305664 17.076988220214844 7.197393417358398
			vertex -13.060572624206543 17.29343605041504 7.189311504364014
		endloop
	endfacet
	facet normal -0.006276976363044346 0.008169106492656064 0.9999469312252773
		outer loop
			vertex -13.179344177246094 16.86012077331543 7.197393417358398
			vertex -12.30262565612793 17.214794158935547 7.1999993324279785
			vertex -12.897104263305664 17.076988220214844 7.197393417358398
		endloop
	endfacet
	facet normal -0.11965394031871171 0.13425329018840457 0.9836965937929207
		outer loop
			vertex -15.363831520080566 16.780420303344727 7.102718353271484
			vertex -14.90886116027832 17.185914993286133 7.102718353271484
			vertex -16.451261520385742 17.968114852905273 6.808351993560791
		endloop
	endfacet
	facet normal -0.20554581235435102 0.21865431402529692 0.9539083865768855
		outer loop
			vertex -17.679189682006836 16.76136589050293 6.808351993560791
			vertex -18.85331153869629 17.87453269958496 6.300195693969727
			vertex -18.971633911132812 16.45798110961914 6.599400997161865
		endloop
	endfacet
	facet normal -0.21470245482538688 0.2090576507983051 0.9540428473263907
		outer loop
			vertex -17.679189682006836 16.76136589050293 6.808351993560791
			vertex -17.226390838623047 17.226390838623047 6.808351993560791
			vertex -18.85331153869629 17.87453269958496 6.300195693969727
		endloop
	endfacet
	facet normal -0.006639299247044012 0.008257024594988059 0.9999438690498312
		outer loop
			vertex -13.637886047363281 16.491416931152344 7.197393417358398
			vertex -13.678622245788574 16.14307975769043 7.1999993324279785
			vertex -13.179344177246094 16.86012077331543 7.197393417358398
		endloop
	endfacet
	facet normal -0.0649686031283453 0.036920492452847335 0.9972040703108822
		outer loop
			vertex -13.637886047363281 16.491416931152344 7.197393417358398
			vertex -13.64658260345459 17.45785140991211 7.161045551300049
			vertex -14.49918270111084 17.532928466796875 7.102718353271484
		endloop
	endfacet
	facet normal -0.029989979245065673 0.037297309100796906 0.9988540993952623
		outer loop
			vertex -13.637886047363281 16.491416931152344 7.197393417358398
			vertex -13.179344177246094 16.86012077331543 7.197393417358398
			vertex -13.64658260345459 17.45785140991211 7.161045551300049
		endloop
	endfacet
	facet normal -0.12258412577077525 0.13157087854789987 0.983698244395683
		outer loop
			vertex -15.653437614440918 16.510595321655273 7.102718353271484
			vertex -15.363831520080566 16.780420303344727 7.102718353271484
			vertex -16.451261520385742 17.968114852905273 6.808351993560791
		endloop
	endfacet
	facet normal -0.12258468916954379 0.13157056445696533 0.9836982161972654
		outer loop
			vertex -15.653437614440918 16.510595321655273 7.102718353271484
			vertex -16.451261520385742 17.968114852905273 6.808351993560791
			vertex -16.76136589050293 17.679189682006836 6.808351993560791
		endloop
	endfacet
	facet normal -0.199116930329232 0.185517840662501 0.9622554644439214
		outer loop
			vertex -17.968114852905273 16.451261520385742 6.808351993560791
			vertex -17.679189682006836 16.76136589050293 6.808351993560791
			vertex -18.971633911132812 16.45798110961914 6.599400997161865
		endloop
	endfacet
	facet normal -0.0070329231019331286 0.00830303385075968 0.9999407970582637
		outer loop
			vertex -14.023228645324707 16.165019989013672 7.197393417358398
			vertex -13.678622245788574 16.14307975769043 7.1999993324279785
			vertex -13.637886047363281 16.491416931152344 7.197393417358398
		endloop
	endfacet
	facet normal -0.04649896089473429 0.05217244391477682 0.9975549522365521
		outer loop
			vertex -14.023228645324707 16.165019989013672 7.197393417358398
			vertex -14.90886116027832 17.185914993286133 7.102718353271484
			vertex -15.363831520080566 16.780420303344727 7.102718353271484
		endloop
	endfacet
	facet normal -0.04516920299053326 0.05332602591988977 0.997555050140488
		outer loop
			vertex -14.023228645324707 16.165019989013672 7.197393417358398
			vertex -14.49918270111084 17.532928466796875 7.102718353271484
			vertex -14.90886116027832 17.185914993286133 7.102718353271484
		endloop
	endfacet
	facet normal -0.04516887020167193 0.053326142323661396 0.9975550589865109
		outer loop
			vertex -14.023228645324707 16.165019989013672 7.197393417358398
			vertex -13.637886047363281 16.491416931152344 7.197393417358398
			vertex -14.49918270111084 17.532928466796875 7.102718353271484
		endloop
	endfacet
	facet normal -0.12545837148780445 0.1288458960194406 0.9836965650557981
		outer loop
			vertex -16.087726593017578 16.087726593017578 7.102718353271484
			vertex -16.76136589050293 17.679189682006836 6.808351993560791
			vertex -17.226390838623047 17.226390838623047 6.808351993560791
		endloop
	endfacet
	facet normal -0.1254579064375546 0.12884609892213933 0.9836965977906258
		outer loop
			vertex -16.087726593017578 16.087726593017578 7.102718353271484
			vertex -15.653437614440918 16.510595321655273 7.102718353271484
			vertex -16.76136589050293 17.679189682006836 6.808351993560791
		endloop
	endfacet
	facet normal -0.20256773410878393 0.1741862349263804 0.9636521512766962
		outer loop
			vertex -18.40230941772461 15.964088439941406 6.808351993560791
			vertex -18.971633911132812 16.45798110961914 6.599400997161865
			vertex -18.54083824157715 15.802988052368164 6.808351993560791
		endloop
	endfacet
	facet normal -0.15278451993546446 0.1313780815077945 0.979487973467475
		outer loop
			vertex -18.40230941772461 15.964088439941406 6.808351993560791
			vertex -18.54083824157715 15.802988052368164 6.808351993560791
			vertex -18.004425048828125 14.8890962600708 7.014603614807129
		endloop
	endfacet
	facet normal -0.19945849101812588 0.17776801753526256 0.9636466376750116
		outer loop
			vertex -18.40230941772461 15.964088439941406 6.808351993560791
			vertex -17.968114852905273 16.451261520385742 6.808351993560791
			vertex -18.971633911132812 16.45798110961914 6.599400997161865
		endloop
	endfacet
	facet normal -0.046498972018211716 0.052172419797407533 0.9975549529793999
		outer loop
			vertex -14.451172828674316 15.783612251281738 7.197393417358398
			vertex -14.023228645324707 16.165019989013672 7.197393417358398
			vertex -15.363831520080566 16.780420303344727 7.102718353271484
		endloop
	endfacet
	facet normal -0.006818713995124881 0.007405449431947272 0.9999493309454053
		outer loop
			vertex -14.451172828674316 15.783612251281738 7.197393417358398
			vertex -14.961679458618164 14.961679458618164 7.1999993324279785
			vertex -13.678622245788574 16.14307975769043 7.1999993324279785
		endloop
	endfacet
	facet normal -0.007057426454063354 0.007918519478377128 0.9999437433081504
		outer loop
			vertex -14.451172828674316 15.783612251281738 7.197393417358398
			vertex -13.678622245788574 16.14307975769043 7.1999993324279785
			vertex -14.023228645324707 16.165019989013672 7.197393417358398
		endloop
	endfacet
	facet normal -0.12884623159571507 0.12545803562228888 0.9836965639369591
		outer loop
			vertex -16.510595321655273 15.653437614440918 7.102718353271484
			vertex -16.087726593017578 16.087726593017578 7.102718353271484
			vertex -17.226390838623047 17.226390838623047 6.808351993560791
		endloop
	endfacet
	facet normal -0.12884577211560336 0.12545825084155865 0.9836965966718145
		outer loop
			vertex -16.510595321655273 15.653437614440918 7.102718353271484
			vertex -17.226390838623047 17.226390838623047 6.808351993560791
			vertex -17.679189682006836 16.76136589050293 6.808351993560791
		endloop
	endfacet
	facet normal -0.04875435486294953 0.05007104460716779 0.9975549625829369
		outer loop
			vertex -14.723575592041016 15.529813766479492 7.197393417358398
			vertex -15.653437614440918 16.510595321655273 7.102718353271484
			vertex -16.087726593017578 16.087726593017578 7.102718353271484
		endloop
	endfacet
	facet normal -0.007010872705398389 0.007524793144650745 0.9999471111774059
		outer loop
			vertex -14.723575592041016 15.529813766479492 7.197393417358398
			vertex -14.961679458618164 14.961679458618164 7.1999993324279785
			vertex -14.451172828674316 15.783612251281738 7.197393417358398
		endloop
	endfacet
	facet normal -0.047637771900316365 0.051129780055187424 0.9975552056301856
		outer loop
			vertex -14.723575592041016 15.529813766479492 7.197393417358398
			vertex -14.451172828674316 15.783612251281738 7.197393417358398
			vertex -15.363831520080566 16.780420303344727 7.102718353271484
		endloop
	endfacet
	facet normal -0.047637545135065525 0.05112989651699309 0.9975552104899589
		outer loop
			vertex -14.723575592041016 15.529813766479492 7.197393417358398
			vertex -15.363831520080566 16.780420303344727 7.102718353271484
			vertex -15.653437614440918 16.510595321655273 7.102718353271484
		endloop
	endfacet
	facet normal -0.1342534244356388 0.11965379356587462 0.9836965933216397
		outer loop
			vertex -16.780420303344727 15.363831520080566 7.102718353271484
			vertex -17.968114852905273 16.451261520385742 6.808351993560791
			vertex -18.40230941772461 15.964088439941406 6.808351993560791
		endloop
	endfacet
	facet normal -0.13157099526511618 0.12258423451579606 0.9836982152332713
		outer loop
			vertex -16.780420303344727 15.363831520080566 7.102718353271484
			vertex -16.510595321655273 15.653437614440918 7.102718353271484
			vertex -17.679189682006836 16.76136589050293 6.808351993560791
		endloop
	endfacet
	facet normal -0.13157045545560628 0.12258458761265092 0.9836982434319178
		outer loop
			vertex -16.780420303344727 15.363831520080566 7.102718353271484
			vertex -17.679189682006836 16.76136589050293 6.808351993560791
			vertex -17.968114852905273 16.451261520385742 6.808351993560791
		endloop
	endfacet
	facet normal -0.00754480918403867 0.007748539111942004 0.9999415162878313
		outer loop
			vertex -15.132064819335938 15.132064819335938 7.197393417358398
			vertex -14.961679458618164 14.961679458618164 7.1999993324279785
			vertex -14.723575592041016 15.529813766479492 7.197393417358398
		endloop
	endfacet
	facet normal -0.05007100423172884 0.0487543155492405 0.9975549665309434
		outer loop
			vertex -15.132064819335938 15.132064819335938 7.197393417358398
			vertex -16.087726593017578 16.087726593017578 7.102718353271484
			vertex -16.510595321655273 15.653437614440918 7.102718353271484
		endloop
	endfacet
	facet normal -0.04875441047714569 0.05007090931617419 0.9975549666556113
		outer loop
			vertex -15.132064819335938 15.132064819335938 7.197393417358398
			vertex -14.723575592041016 15.529813766479492 7.197393417358398
			vertex -16.087726593017578 16.087726593017578 7.102718353271484
		endloop
	endfacet
	facet normal -0.13425334841446837 0.1196539922129927 0.9836965795340535
		outer loop
			vertex -17.185914993286133 14.90886116027832 7.102718353271484
			vertex -16.780420303344727 15.363831520080566 7.102718353271484
			vertex -18.40230941772461 15.964088439941406 6.808351993560791
		endloop
	endfacet
	facet normal -0.10938838902931937 0.14809575318657042 0.9829047910320068
		outer loop
			vertex -17.185914993286133 14.90886116027832 7.102718353271484
			vertex -18.40230941772461 15.964088439941406 6.808351993560791
			vertex -18.004425048828125 14.8890962600708 7.014603614807129
		endloop
	endfacet
	facet normal -0.05007095224152299 0.04875445227387165 0.9975549624582608
		outer loop
			vertex -15.529813766479492 14.723575592041016 7.197393417358398
			vertex -15.132064819335938 15.132064819335938 7.197393417358398
			vertex -16.510595321655273 15.653437614440918 7.102718353271484
		endloop
	endfacet
	facet normal -0.007748539111942004 0.00754480918403867 0.9999415162878313
		outer loop
			vertex -15.529813766479492 14.723575592041016 7.197393417358398
			vertex -14.961679458618164 14.961679458618164 7.1999993324279785
			vertex -15.132064819335938 15.132064819335938 7.197393417358398
		endloop
	endfacet
	facet normal -0.11041617959313574 0.09015853109744563 0.9897877078214335
		outer loop
			vertex -17.532928466796875 14.49918270111084 7.102718353271484
			vertex -18.004425048828125 14.8890962600708 7.014603614807129
			vertex -17.712127685546875 14.279719352722168 7.102718353271484
		endloop
	endfacet
	facet normal -0.07526856550110682 0.061459319896751206 0.9952674992409
		outer loop
			vertex -17.532928466796875 14.49918270111084 7.102718353271484
			vertex -17.712127685546875 14.279719352722168 7.102718353271484
			vertex -17.45785140991211 13.64658260345459 7.161045551300049
		endloop
	endfacet
	facet normal -0.10877803814956778 0.09213919847451396 0.9897866974862843
		outer loop
			vertex -17.532928466796875 14.49918270111084 7.102718353271484
			vertex -17.185914993286133 14.90886116027832 7.102718353271484
			vertex -18.004425048828125 14.8890962600708 7.014603614807129
		endloop
	endfacet
	facet normal -0.05112994571945622 0.047637590976827744 0.9975552057789334
		outer loop
			vertex -15.783612251281738 14.451172828674316 7.197393417358398
			vertex -16.510595321655273 15.653437614440918 7.102718353271484
			vertex -16.780420303344727 15.363831520080566 7.102718353271484
		endloop
	endfacet
	facet normal -0.007405449431947272 0.006818713995124881 0.9999493309454053
		outer loop
			vertex -15.783612251281738 14.451172828674316 7.197393417358398
			vertex -16.14307975769043 13.678622245788574 7.1999993324279785
			vertex -14.961679458618164 14.961679458618164 7.1999993324279785
		endloop
	endfacet
	facet normal -0.05112972774573286 0.047637723163438124 0.9975552106387151
		outer loop
			vertex -15.783612251281738 14.451172828674316 7.197393417358398
			vertex -15.529813766479492 14.723575592041016 7.197393417358398
			vertex -16.510595321655273 15.653437614440918 7.102718353271484
		endloop
	endfacet
	facet normal -0.007524793144650745 0.007010872705398389 0.9999471111774059
		outer loop
			vertex -15.783612251281738 14.451172828674316 7.197393417358398
			vertex -14.961679458618164 14.961679458618164 7.1999993324279785
			vertex -15.529813766479492 14.723575592041016 7.197393417358398
		endloop
	endfacet
	facet normal -0.052172419797407533 0.046498972018211716 0.9975549529793999
		outer loop
			vertex -16.165019989013672 14.023228645324707 7.197393417358398
			vertex -15.783612251281738 14.451172828674316 7.197393417358398
			vertex -16.780420303344727 15.363831520080566 7.102718353271484
		endloop
	endfacet
	facet normal -0.05217244391477682 0.04649896089473429 0.9975549522365521
		outer loop
			vertex -16.165019989013672 14.023228645324707 7.197393417358398
			vertex -16.780420303344727 15.363831520080566 7.102718353271484
			vertex -17.185914993286133 14.90886116027832 7.102718353271484
		endloop
	endfacet
	facet normal -0.007918519478377128 0.007057426454063354 0.9999437433081504
		outer loop
			vertex -16.165019989013672 14.023228645324707 7.197393417358398
			vertex -16.14307975769043 13.678622245788574 7.1999993324279785
			vertex -15.783612251281738 14.451172828674316 7.197393417358398
		endloop
	endfacet
	facet normal -0.036920492452847335 0.0649686031283453 0.9972040703108822
		outer loop
			vertex -16.491416931152344 13.637886047363281 7.197393417358398
			vertex -17.532928466796875 14.49918270111084 7.102718353271484
			vertex -17.45785140991211 13.64658260345459 7.161045551300049
		endloop
	endfacet
	facet normal -0.05332624162446829 0.045168954312486284 0.9975550498696929
		outer loop
			vertex -16.491416931152344 13.637886047363281 7.197393417358398
			vertex -16.165019989013672 14.023228645324707 7.197393417358398
			vertex -17.185914993286133 14.90886116027832 7.102718353271484
		endloop
	endfacet
	facet normal -0.05332593251852897 0.04516912387597423 0.9975550587157115
		outer loop
			vertex -16.491416931152344 13.637886047363281 7.197393417358398
			vertex -17.185914993286133 14.90886116027832 7.102718353271484
			vertex -17.532928466796875 14.49918270111084 7.102718353271484
		endloop
	endfacet
	facet normal -0.00830303385075968 0.0070329231019331286 0.9999407970582637
		outer loop
			vertex -16.491416931152344 13.637886047363281 7.197393417358398
			vertex -16.14307975769043 13.678622245788574 7.1999993324279785
			vertex -16.165019989013672 14.023228645324707 7.197393417358398
		endloop
	endfacet
	facet normal -0.029559876669411515 0.03988158288021372 0.9987670764689123
		outer loop
			vertex -16.86012077331543 13.179344177246094 7.197393417358398
			vertex -17.45785140991211 13.64658260345459 7.161045551300049
			vertex -17.29343605041504 13.060572624206543 7.189311504364014
		endloop
	endfacet
	facet normal -0.007940315387839713 0.006184426920472781 0.9999493508449352
		outer loop
			vertex -16.86012077331543 13.179344177246094 7.197393417358398
			vertex -17.214794158935547 12.30262565612793 7.1999993324279785
			vertex -16.14307975769043 13.678622245788574 7.1999993324279785
		endloop
	endfacet
	facet normal -0.008257024594988059 0.006639299247044012 0.9999438690498312
		outer loop
			vertex -16.86012077331543 13.179344177246094 7.197393417358398
			vertex -16.14307975769043 13.678622245788574 7.1999993324279785
			vertex -16.491416931152344 13.637886047363281 7.197393417358398
		endloop
	endfacet
	facet normal -0.037297309100796906 0.029989979245065673 0.9988540993952623
		outer loop
			vertex -16.86012077331543 13.179344177246094 7.197393417358398
			vertex -16.491416931152344 13.637886047363281 7.197393417358398
			vertex -17.45785140991211 13.64658260345459 7.161045551300049
		endloop
	endfacet
	facet normal -0.02387822491955114 0.01780122872786352 0.9995563749136261
		outer loop
			vertex -17.076988220214844 12.897104263305664 7.197393417358398
			vertex -17.29343605041504 13.060572624206543 7.189311504364014
			vertex -17.236183166503906 12.683563232421875 7.197393417358398
		endloop
	endfacet
	facet normal -0.008532920119250375 0.0063612962551078825 0.9999433599880513
		outer loop
			vertex -17.076988220214844 12.897104263305664 7.197393417358398
			vertex -17.236183166503906 12.683563232421875 7.197393417358398
			vertex -17.214794158935547 12.30262565612793 7.1999993324279785
		endloop
	endfacet
	facet normal -0.023617138296996493 0.018146931856778497 0.9995563614138254
		outer loop
			vertex -17.076988220214844 12.897104263305664 7.197393417358398
			vertex -16.86012077331543 13.179344177246094 7.197393417358398
			vertex -17.29343605041504 13.060572624206543 7.189311504364014
		endloop
	endfacet
	facet normal -0.008169106492656064 0.006276976363044346 0.9999469312252773
		outer loop
			vertex -17.076988220214844 12.897104263305664 7.197393417358398
			vertex -17.214794158935547 12.30262565612793 7.1999993324279785
			vertex -16.86012077331543 13.179344177246094 7.197393417358398
		endloop
	endfacet
	facet normal -0.00029412166349506 0.00037766462262684493 0.9999998854309335
		outer loop
			vertex -13.677517890930176 16.142778396606445 7.199999809265137
			vertex -12.301021575927734 17.214780807495117 7.199999809265137
			vertex -12.30262565612793 17.214794158935547 7.1999993324279785
		endloop
	endfacet
	facet normal -0.0003197504949404648 0.0004105343644437542 0.9999998646105692
		outer loop
			vertex -13.677517890930176 16.142778396606445 7.199999809265137
			vertex -12.30262565612793 17.214794158935547 7.1999993324279785
			vertex -13.678622245788574 16.14307975769043 7.1999993324279785
		endloop
	endfacet
	facet normal -0.00034290081255145195 0.00037240667805379945 0.9999998718661414
		outer loop
			vertex -14.961012840270996 14.961012840270996 7.199999809265137
			vertex -13.678622245788574 16.14307975769043 7.1999993324279785
			vertex -14.961679458618164 14.961679458618164 7.1999993324279785
		endloop
	endfacet
	facet normal -0.0003330663767695631 0.00036173757991778566 0.9999998791063488
		outer loop
			vertex -14.961012840270996 14.961012840270996 7.199999809265137
			vertex -13.677517890930176 16.142778396606445 7.199999809265137
			vertex -13.678622245788574 16.14307975769043 7.1999993324279785
		endloop
	endfacet
	facet normal -0.00037240667805379945 0.00034290081255145195 0.9999998718661414
		outer loop
			vertex -16.14307975769043 13.678622245788574 7.1999993324279785
			vertex -14.961012840270996 14.961012840270996 7.199999809265137
			vertex -14.961679458618164 14.961679458618164 7.1999993324279785
		endloop
	endfacet
	facet normal -0.00036173757991778566 0.0003330663767695631 0.9999998791063488
		outer loop
			vertex -16.142778396606445 13.677517890930176 7.199999809265137
			vertex -14.961012840270996 14.961012840270996 7.199999809265137
			vertex -16.14307975769043 13.678622245788574 7.1999993324279785
		endloop
	endfacet
	facet normal -0.0004105343644437542 0.0003197504949404648 0.9999998646105692
		outer loop
			vertex -17.214794158935547 12.30262565612793 7.1999993324279785
			vertex -16.142778396606445 13.677517890930176 7.199999809265137
			vertex -16.14307975769043 13.678622245788574 7.1999993324279785
		endloop
	endfacet
	facet normal -0.00037766462262684493 0.00029412166349506 0.9999998854309335
		outer loop
			vertex -17.214780807495117 12.301021575927734 7.199999809265137
			vertex -16.142778396606445 13.677517890930176 7.199999809265137
			vertex -17.214794158935547 12.30262565612793 7.1999993324279785
		endloop
	endfacet
	facet normal -0.999649588620463 -0.02647073801274051 0
		outer loop
			vertex -8.13790225982666 22.297569274902344 0.25323691964149475
			vertex -8.155343055725098 22.956209182739258 6.808351993560791
			vertex -8.155343055725098 22.956209182739258 0.3916480243206024
		endloop
	endfacet
	facet normal -0.9999697349041553 -0.007543837586810482 -0.0019025746180696367
		outer loop
			vertex -8.13790225982666 22.297569274902344 0.25323691964149475
			vertex -8.147741317749023 21.896547317504883 7.014603614807129
			vertex -8.155343055725098 22.956209182739258 6.808351993560791
		endloop
	endfacet
	facet normal -0.9970939805290454 0.07617749965817504 -0.0007632421453298237
		outer loop
			vertex -8.163033485412598 21.627573013305664 0.14645348489284515
			vertex -8.19929313659668 21.22266387939453 7.102718353271484
			vertex -8.147741317749023 21.896547317504883 7.014603614807129
		endloop
	endfacet
	facet normal -0.9993015105729748 0.037361887535928805 0.0007617915222631135
		outer loop
			vertex -8.163033485412598 21.627573013305664 0.14645348489284515
			vertex -8.147741317749023 21.896547317504883 7.014603614807129
			vertex -8.13790225982666 22.297569274902344 0.25323691964149475
		endloop
	endfacet
	facet normal -0.9899771223477268 0.14122782030504527 0
		outer loop
			vertex -8.29565143585205 20.547212600708008 0.03895439952611923
			vertex -8.29565143585205 20.547212600708008 7.161045551300049
			vertex -8.19929313659668 21.22266387939453 7.102718353271484
		endloop
	endfacet
	facet normal -0.9925710157919164 0.1216517194910369 0.0019072898776730104
		outer loop
			vertex -8.29565143585205 20.547212600708008 0.03895439952611923
			vertex -8.19929313659668 21.22266387939453 7.102718353271484
			vertex -8.163033485412598 21.627573013305664 0.14645348489284515
		endloop
	endfacet
	facet normal -0.014972712025555234 0.006075597080154648 -0.9998694439849232
		outer loop
			vertex -19.917573928833008 7.141005516052246 8.907265964808175e-7
			vertex -19.813926696777344 8.497787475585938 0.006693144794553518
			vertex -19.261783599853516 8.757136344909668 8.907265964808175e-7
		endloop
	endfacet
	facet normal -0.0360270799798688 0.00768127777407962 -0.999321293418629
		outer loop
			vertex -19.917573928833008 7.141005516052246 8.907265964808175e-7
			vertex -20.176128387451172 8.379300117492676 0.018840324133634567
			vertex -19.813926696777344 8.497787475585938 0.006693144794553518
		endloop
	endfacet
	facet normal -0.0549587922608387 0.0037155850494547836 -0.9984817101885094
		outer loop
			vertex -20.547212600708008 8.29565143585205 0.03895439952611923
			vertex -20.176128387451172 8.379300117492676 0.018840324133634567
			vertex -19.917573928833008 7.141005516052246 8.907265964808175e-7
		endloop
	endfacet
	facet normal -0.03504095688553742 0.011361363804442757 -0.9993212950563244
		outer loop
			vertex -21.662691116333008 2.8313775062561035 0.018840324133634567
			vertex -20.81962776184082 3.7744948863983154 8.907265964808175e-7
			vertex -21.40825843811035 2.547664165496826 0.006693144794553518
		endloop
	endfacet
	facet normal -0.049453576701221864 0.024261740044943126 -0.9984817032482107
		outer loop
			vertex -21.94223403930664 3.0893614292144775 0.03895439952611923
			vertex -20.81962776184082 3.7744948863983154 8.907265964808175e-7
			vertex -21.662691116333008 2.8313775062561035 0.018840324133634567
		endloop
	endfacet
	facet normal -0.01600448287540321 0.0022247154156222783 -0.9998694450623095
		outer loop
			vertex -21.05976104736328 2.0469889640808105 8.907265964808175e-7
			vertex -21.40825843811035 2.547664165496826 0.006693144794553518
			vertex -20.81962776184082 3.7744948863983154 8.907265964808175e-7
		endloop
	endfacet
	facet normal -0.10357326775021242 0.038109741689940094 -0.9938914557414551
		outer loop
			vertex -21.760507583618164 7.801748752593994 0.14645348489284515
			vertex -21.627573013305664 8.163033485412598 0.14645348489284515
			vertex -20.547212600708008 8.29565143585205 0.03895439952611923
		endloop
	endfacet
	facet normal -0.159265471489324 0.058601665375882746 -0.9854949793918063
		outer loop
			vertex -21.760507583618164 7.801748752593994 0.14645348489284515
			vertex -22.297569274902344 8.13790225982666 0.25323691964149475
			vertex -21.627573013305664 8.163033485412598 0.14645348489284515
		endloop
	endfacet
	facet normal -0.0834464150820083 -0.011887802659000773 -0.9964413560054108
		outer loop
			vertex -21.760507583618164 7.801748752593994 0.14645348489284515
			vertex -20.547212600708008 8.29565143585205 0.03895439952611923
			vertex -19.917573928833008 7.141005516052246 8.907265964808175e-7
		endloop
	endfacet
	facet normal -0.07051494744984564 0.02435155510326388 -0.9972134395154321
		outer loop
			vertex -21.937633514404297 7.288844108581543 0.14645348489284515
			vertex -21.760507583618164 7.801748752593994 0.14645348489284515
			vertex -19.917573928833008 7.141005516052246 8.907265964808175e-7
		endloop
	endfacet
	facet normal -0.16109825668481864 0.055633496394369056 -0.9853691012874568
		outer loop
			vertex -21.937633514404297 7.288844108581543 0.14645348489284515
			vertex -22.297569274902344 8.13790225982666 0.25323691964149475
			vertex -21.760507583618164 7.801748752593994 0.14645348489284515
		endloop
	endfacet
	facet normal -0.07064052234260723 0.022086063516760353 -0.9972572999991013
		outer loop
			vertex -22.16181182861328 6.5757975578308105 0.14645348489284515
			vertex -19.917573928833008 7.141005516052246 8.907265964808175e-7
			vertex -20.438034057617188 5.476355075836182 8.907265964808175e-7
		endloop
	endfacet
	facet normal -0.07067377759118317 0.022219486655522345 -0.9972519799798629
		outer loop
			vertex -22.16181182861328 6.5757975578308105 0.14645348489284515
			vertex -21.937633514404297 7.288844108581543 0.14645348489284515
			vertex -19.917573928833008 7.141005516052246 8.907265964808175e-7
		endloop
	endfacet
	facet normal -0.20337867954747849 0.06990400369755657 -0.9766015272221196
		outer loop
			vertex -23.119112014770508 7.681393623352051 0.3916480243206024
			vertex -22.956209182739258 8.155343055725098 0.3916480243206024
			vertex -22.297569274902344 8.13790225982666 0.25323691964149475
		endloop
	endfacet
	facet normal -0.252259780953006 0.08670509956953042 -0.9637672066542727
		outer loop
			vertex -23.119112014770508 7.681393623352051 0.3916480243206024
			vertex -23.738845825195312 8.200926780700684 0.6005989909172058
			vertex -22.956209182739258 8.155343055725098 0.3916480243206024
		endloop
	endfacet
	facet normal -0.1892488344960184 0.04314788757488518 -0.9809807023788611
		outer loop
			vertex -23.119112014770508 7.681393623352051 0.3916480243206024
			vertex -22.297569274902344 8.13790225982666 0.25323691964149475
			vertex -21.937633514404297 7.288844108581543 0.14645348489284515
		endloop
	endfacet
	facet normal -0.07179709535312967 0.02026685609992909 -0.997213333065036
		outer loop
			vertex -22.329126358032227 5.983071327209473 0.14645348489284515
			vertex -22.16181182861328 6.5757975578308105 0.14645348489284515
			vertex -20.438034057617188 5.476355075836182 8.907265964808175e-7
		endloop
	endfacet
	facet normal -0.18436137019860588 0.05796230433043647 -0.981147927916682
		outer loop
			vertex -23.355363845825195 6.929945468902588 0.3916480243206024
			vertex -21.937633514404297 7.288844108581543 0.14645348489284515
			vertex -22.16181182861328 6.5757975578308105 0.14645348489284515
		endloop
	endfacet
	facet normal -0.25697146755909606 0.08079064321360256 -0.9630361035961513
		outer loop
			vertex -23.355363845825195 6.929945468902588 0.3916480243206024
			vertex -23.738845825195312 8.200926780700684 0.6005989909172058
			vertex -23.119112014770508 7.681393623352051 0.3916480243206024
		endloop
	endfacet
	facet normal -0.18436138530203228 0.05796236852200977 -0.9811479212865074
		outer loop
			vertex -23.355363845825195 6.929945468902588 0.3916480243206024
			vertex -23.119112014770508 7.681393623352051 0.3916480243206024
			vertex -21.937633514404297 7.288844108581543 0.14645348489284515
		endloop
	endfacet
	facet normal -0.07231153817141572 0.0183469278425562 -0.9972133330867695
		outer loop
			vertex -22.4805908203125 5.3860979080200195 0.14645348489284515
			vertex -22.329126358032227 5.983071327209473 0.14645348489284515
			vertex -20.438034057617188 5.476355075836182 8.907265964808175e-7
		endloop
	endfacet
	facet normal -0.07213352196754888 0.01617388902867847 -0.9972638368667769
		outer loop
			vertex -22.570890426635742 4.994184970855713 0.14645348489284515
			vertex -20.438034057617188 5.476355075836182 8.907265964808175e-7
			vertex -20.81962776184082 3.7744948863983154 8.907265964808175e-7
		endloop
	endfacet
	facet normal -0.07223882383274968 0.016644353209030616 -0.9972484734696334
		outer loop
			vertex -22.570890426635742 4.994184970855713 0.14645348489284515
			vertex -22.4805908203125 5.3860979080200195 0.14645348489284515
			vertex -20.438034057617188 5.476355075836182 8.907265964808175e-7
		endloop
	endfacet
	facet normal -0.1859827651996914 0.05249893083768407 -0.9811494653260412
		outer loop
			vertex -23.531688690185547 6.305296897888184 0.3916480243206024
			vertex -23.355363845825195 6.929945468902588 0.3916480243206024
			vertex -22.16181182861328 6.5757975578308105 0.14645348489284515
		endloop
	endfacet
	facet normal -0.1859828057410296 0.052499153934786685 -0.9811494457037757
		outer loop
			vertex -23.531688690185547 6.305296897888184 0.3916480243206024
			vertex -22.16181182861328 6.5757975578308105 0.14645348489284515
			vertex -22.329126358032227 5.983071327209473 0.14645348489284515
		endloop
	endfacet
	facet normal -0.1873154164713291 0.04752578242287104 -0.9811494456795389
		outer loop
			vertex -23.531688690185547 6.305296897888184 0.3916480243206024
			vertex -22.329126358032227 5.983071327209473 0.14645348489284515
			vertex -22.4805908203125 5.3860979080200195 0.14645348489284515
		endloop
	endfacet
	facet normal -0.07287556395194535 0.01510398256715151 -0.9972266652518359
		outer loop
			vertex -22.69655990600586 4.387839317321777 0.14645348489284515
			vertex -22.570890426635742 4.994184970855713 0.14645348489284515
			vertex -20.81962776184082 3.7744948863983154 8.907265964808175e-7
		endloop
	endfacet
	facet normal -0.18731530338605976 0.04752591577110426 -0.981149460809874
		outer loop
			vertex -23.69131088256836 5.676173210144043 0.3916480243206024
			vertex -23.531688690185547 6.305296897888184 0.3916480243206024
			vertex -22.4805908203125 5.3860979080200195 0.14645348489284515
		endloop
	endfacet
	facet normal -0.10896275296736356 0.01849998442940521 -0.9938736685524399
		outer loop
			vertex -22.769142150878906 3.9941365718841553 0.14645348489284515
			vertex -21.94223403930664 3.0893614292144775 0.03895439952611923
			vertex -22.81154441833496 3.744392156600952 0.14645348489284515
		endloop
	endfacet
	facet normal -0.16750148379337143 0.028438844996948483 -0.9854615593833475
		outer loop
			vertex -22.769142150878906 3.9941365718841553 0.14645348489284515
			vertex -22.81154441833496 3.744392156600952 0.14645348489284515
			vertex -23.37921142578125 4.101154327392578 0.25323691964149475
		endloop
	endfacet
	facet normal -0.06855419179209896 0.05569440981073149 -0.9960915899170951
		outer loop
			vertex -22.769142150878906 3.9941365718841553 0.14645348489284515
			vertex -20.81962776184082 3.7744948863983154 8.907265964808175e-7
			vertex -21.94223403930664 3.0893614292144775 0.03895439952611923
		endloop
	endfacet
	facet normal -0.07338879874960166 0.013529811065608395 -0.9972116267024865
		outer loop
			vertex -22.769142150878906 3.9941365718841553 0.14645348489284515
			vertex -22.69655990600586 4.387839317321777 0.14645348489284515
			vertex -20.81962776184082 3.7744948863983154 8.907265964808175e-7
		endloop
	endfacet
	facet normal -0.16708652501395274 0.03080373508716277 -0.985460919094939
		outer loop
			vertex -22.769142150878906 3.9941365718841553 0.14645348489284515
			vertex -23.37921142578125 4.101154327392578 0.25323691964149475
			vertex -22.69655990600586 4.387839317321777 0.14645348489284515
		endloop
	endfacet
	facet normal -0.3100244423783158 0.09747019706229289 -0.9457189888189051
		outer loop
			vertex -24.906455993652344 7.390181541442871 0.8998043537139893
			vertex -24.65451431274414 8.191534996032715 0.8998043537139893
			vertex -23.738845825195312 8.200926780700684 0.6005989909172058
		endloop
	endfacet
	facet normal -0.3695213121198515 0.11617572741922022 -0.9219312340125148
		outer loop
			vertex -24.906455993652344 7.390181541442871 0.8998043537139893
			vertex -25.53534507751465 8.062719345092773 1.2366195917129517
			vertex -24.65451431274414 8.191534996032715 0.8998043537139893
		endloop
	endfacet
	facet normal -0.2921329252939211 0.0686810828494861 -0.9539084142714324
		outer loop
			vertex -24.906455993652344 7.390181541442871 0.8998043537139893
			vertex -23.738845825195312 8.200926780700684 0.6005989909172058
			vertex -23.355363845825195 6.929945468902588 0.3916480243206024
		endloop
	endfacet
	facet normal -0.2651989499372112 0.061104089558894153 -0.9622555830918205
		outer loop
			vertex -23.786474227905273 5.263153076171875 0.3916480243206024
			vertex -24.658906936645508 4.767212390899658 0.6005989909172058
			vertex -23.69131088256836 5.676173210144043 0.3916480243206024
		endloop
	endfacet
	facet normal -0.18830716386400959 0.04338734742414868 -0.9811513390507038
		outer loop
			vertex -23.786474227905273 5.263153076171875 0.3916480243206024
			vertex -22.4805908203125 5.3860979080200195 0.14645348489284515
			vertex -22.570890426635742 4.994184970855713 0.14645348489284515
		endloop
	endfacet
	facet normal -0.18830718260175033 0.043387573566956585 -0.9811513254542151
		outer loop
			vertex -23.786474227905273 5.263153076171875 0.3916480243206024
			vertex -23.69131088256836 5.676173210144043 0.3916480243206024
			vertex -22.4805908203125 5.3860979080200195 0.14645348489284515
		endloop
	endfacet
	facet normal -0.406939731469213 0.13129807564896367 -0.9039695073854229
		outer loop
			vertex -25.09449005126953 6.724048614501953 0.8998043537139893
			vertex -26.145618438720703 5.785152912139893 1.2366195917129517
			vertex -26.751432418823242 6.409343719482422 1.600000023841858
		endloop
	endfacet
	facet normal -0.40435256480921666 0.10834615380663865 -0.9081630438899815
		outer loop
			vertex -25.09449005126953 6.724048614501953 0.8998043537139893
			vertex -26.751432418823242 6.409343719482422 1.600000023841858
			vertex -26.37209129333496 7.825061321258545 1.600000023841858
		endloop
	endfacet
	facet normal -0.4180690477958424 0.08976282788925499 -0.9039695271436985
		outer loop
			vertex -25.09449005126953 6.724048614501953 0.8998043537139893
			vertex -26.37209129333496 7.825061321258545 1.600000023841858
			vertex -25.53534507751465 8.062719345092773 1.2366195917129517
		endloop
	endfacet
	facet normal -0.28840046465502783 0.08140924257806108 -0.9540428225240366
		outer loop
			vertex -25.09449005126953 6.724048614501953 0.8998043537139893
			vertex -23.355363845825195 6.929945468902588 0.3916480243206024
			vertex -23.531688690185547 6.305296897888184 0.3916480243206024
		endloop
	endfacet
	facet normal -0.3782759275313389 0.10677862431942434 -0.9195138106840791
		outer loop
			vertex -25.09449005126953 6.724048614501953 0.8998043537139893
			vertex -25.53534507751465 8.062719345092773 1.2366195917129517
			vertex -24.906455993652344 7.390181541442871 0.8998043537139893
		endloop
	endfacet
	facet normal -0.2884004293206152 0.08140883110632356 -0.9540428683165066
		outer loop
			vertex -25.09449005126953 6.724048614501953 0.8998043537139893
			vertex -24.906455993652344 7.390181541442871 0.8998043537139893
			vertex -23.355363845825195 6.929945468902588 0.3916480243206024
		endloop
	endfacet
	facet normal -0.21170262667130788 0.039970566821508104 -0.9765164369576358
		outer loop
			vertex -23.918912887573242 4.624151706695557 0.3916480243206024
			vertex -23.37921142578125 4.101154327392578 0.25323691964149475
			vertex -23.958332061767578 4.415369510650635 0.3916480243206024
		endloop
	endfacet
	facet normal -0.2625225456975189 0.04956563421032527 -0.9636519915954217
		outer loop
			vertex -23.918912887573242 4.624151706695557 0.3916480243206024
			vertex -23.958332061767578 4.415369510650635 0.3916480243206024
			vertex -24.658906936645508 4.767212390899658 0.6005989909172058
		endloop
	endfacet
	facet normal -0.18922892804677088 0.03921905060390136 -0.9811494681545717
		outer loop
			vertex -23.918912887573242 4.624151706695557 0.3916480243206024
			vertex -22.570890426635742 4.994184970855713 0.14645348489284515
			vertex -22.69655990600586 4.387839317321777 0.14645348489284515
		endloop
	endfacet
	facet normal -0.26162056258064426 0.05422316493336492 -0.9636464754356736
		outer loop
			vertex -23.918912887573242 4.624151706695557 0.3916480243206024
			vertex -24.658906936645508 4.767212390899658 0.6005989909172058
			vertex -23.786474227905273 5.263153076171875 0.3916480243206024
		endloop
	endfacet
	facet normal -0.18304142187046613 0.07061878588489659 -0.980565563825174
		outer loop
			vertex -23.918912887573242 4.624151706695557 0.3916480243206024
			vertex -22.69655990600586 4.387839317321777 0.14645348489284515
			vertex -23.37921142578125 4.101154327392578 0.25323691964149475
		endloop
	endfacet
	facet normal -0.1892290128035903 0.03921937889826256 -0.9811494386851645
		outer loop
			vertex -23.918912887573242 4.624151706695557 0.3916480243206024
			vertex -23.786474227905273 5.263153076171875 0.3916480243206024
			vertex -22.570890426635742 4.994184970855713 0.14645348489284515
		endloop
	endfacet
	facet normal -0.2873351863152516 0.08658714118086205 -0.9539083591662803
		outer loop
			vertex -25.264713287353516 6.053142547607422 0.8998043537139893
			vertex -23.69131088256836 5.676173210144043 0.3916480243206024
			vertex -24.658906936645508 4.767212390899658 0.6005989909172058
		endloop
	endfacet
	facet normal -0.29046678516311913 0.07369766226475437 -0.95404281942359
		outer loop
			vertex -25.264713287353516 6.053142547607422 0.8998043537139893
			vertex -23.531688690185547 6.305296897888184 0.3916480243206024
			vertex -23.69131088256836 5.676173210144043 0.3916480243206024
		endloop
	endfacet
	facet normal -0.3809847218135546 0.09666398240493902 -0.9195143915405927
		outer loop
			vertex -25.264713287353516 6.053142547607422 0.8998043537139893
			vertex -26.145618438720703 5.785152912139893 1.2366195917129517
			vertex -25.09449005126953 6.724048614501953 0.8998043537139893
		endloop
	endfacet
	facet normal -0.29046678298540846 0.07369764295551293 -0.9540428215782086
		outer loop
			vertex -25.264713287353516 6.053142547607422 0.8998043537139893
			vertex -25.09449005126953 6.724048614501953 0.8998043537139893
			vertex -23.531688690185547 6.305296897888184 0.3916480243206024
		endloop
	endfacet
	facet normal -0.3186447444110446 0.06801286241162291 -0.9454310008698668
		outer loop
			vertex -25.36619758605957 5.6126933097839355 0.8998043537139893
			vertex -24.658906936645508 4.767212390899658 0.6005989909172058
			vertex -25.447202682495117 5.233179092407227 0.8998043537139893
		endloop
	endfacet
	facet normal -0.3801888503881644 0.08114909291749502 -0.9213420986578188
		outer loop
			vertex -25.36619758605957 5.6126933097839355 0.8998043537139893
			vertex -25.447202682495117 5.233179092407227 0.8998043537139893
			vertex -26.145618438720703 5.785152912139893 1.2366195917129517
		endloop
	endfacet
	facet normal -0.37883022584889947 0.08728660762114691 -0.9213407122846923
		outer loop
			vertex -25.36619758605957 5.6126933097839355 0.8998043537139893
			vertex -26.145618438720703 5.785152912139893 1.2366195917129517
			vertex -25.264713287353516 6.053142547607422 0.8998043537139893
		endloop
	endfacet
	facet normal -0.31398755837320247 0.07234615121913537 -0.9466667035396423
		outer loop
			vertex -25.36619758605957 5.6126933097839355 0.8998043537139893
			vertex -25.264713287353516 6.053142547607422 0.8998043537139893
			vertex -24.658906936645508 4.767212390899658 0.6005989909172058
		endloop
	endfacet
	facet normal -0.6172963025910553 0.7867307511515056 0
		outer loop
			vertex -21.94223403930664 -3.0893614292144775 0.03895439952611923
			vertex -22.47901153564453 -3.510535717010498 7.102718353271484
			vertex -21.94223403930664 -3.0893614292144775 7.161045551300049
		endloop
	endfacet
	facet normal -0.5645184470442131 0.8254200994088733 -0.000763176674130632
		outer loop
			vertex -22.81154441833496 -3.744392156600952 0.14645348489284515
			vertex -23.036836624145508 -3.892122983932495 7.014603614807129
			vertex -22.47901153564453 -3.510535717010498 7.102718353271484
		endloop
	endfacet
	facet normal -0.601639076108384 0.7987657879466782 0.0019073818108864622
		outer loop
			vertex -22.81154441833496 -3.744392156600952 0.14645348489284515
			vertex -22.47901153564453 -3.510535717010498 7.102718353271484
			vertex -21.94223403930664 -3.0893614292144775 0.03895439952611923
		endloop
	endfacet
	facet normal -0.49345071852389544 0.8697716759859482 -0.001902640493146997
		outer loop
			vertex -23.37921142578125 -4.101154327392578 0.25323691964149475
			vertex -23.958332061767578 -4.415369510650635 6.808351993560791
			vertex -23.036836624145508 -3.892122983932495 7.014603614807129
		endloop
	endfacet
	facet normal -0.5320076195438775 0.8467392233578878 0.0007618231673301852
		outer loop
			vertex -23.37921142578125 -4.101154327392578 0.25323691964149475
			vertex -23.036836624145508 -3.892122983932495 7.014603614807129
			vertex -22.81154441833496 -3.744392156600952 0.14645348489284515
		endloop
	endfacet
	facet normal -0.47689890486646874 0.8789581528930503 0
		outer loop
			vertex -23.958332061767578 -4.415369510650635 0.3916480243206024
			vertex -23.958332061767578 -4.415369510650635 6.808351993560791
			vertex -23.37921142578125 -4.101154327392578 0.25323691964149475
		endloop
	endfacet
	facet normal -0.0004434333032655457 0.00017995948520553657 0.9999998854907383
		outer loop
			vertex -19.916467666625977 7.141297340393066 7.199999809265137
			vertex -19.260387420654297 8.757926940917969 7.199999809265137
			vertex -19.261783599853516 8.757136344909668 7.1999993324279785
		endloop
	endfacet
	facet normal -0.000482703724531017 0.00019587054999354182 0.9999998643159119
		outer loop
			vertex -19.916467666625977 7.141297340393066 7.199999809265137
			vertex -19.261783599853516 8.757136344909668 7.1999993324279785
			vertex -19.917573928833008 7.141005516052246 7.1999993324279785
		endloop
	endfacet
	facet normal -0.0004825342100605458 0.00015086639876074354 0.999999872200025
		outer loop
			vertex -20.437122344970703 5.476110458374023 7.199999809265137
			vertex -19.917573928833008 7.141005516052246 7.1999993324279785
			vertex -20.438034057617188 5.476355075836182 7.1999993324279785
		endloop
	endfacet
	facet normal -0.0004697822079460485 0.00014688699929803323 0.9999998788644361
		outer loop
			vertex -20.437122344970703 5.476110458374023 7.199999809265137
			vertex -19.916467666625977 7.141297340393066 7.199999809265137
			vertex -19.917573928833008 7.141005516052246 7.1999993324279785
		endloop
	endfacet
	facet normal -0.000493333606025127 0.00011061601846583621 0.9999998721930168
		outer loop
			vertex -20.81962776184082 3.7744948863983154 7.1999993324279785
			vertex -20.437122344970703 5.476110458374023 7.199999809265137
			vertex -20.438034057617188 5.476355075836182 7.1999993324279785
		endloop
	endfacet
	facet normal -0.0004800205070041607 0.000107623372783721 0.999999878998754
		outer loop
			vertex -20.818815231323242 3.773688316345215 7.199999809265137
			vertex -20.437122344970703 5.476110458374023 7.199999809265137
			vertex -20.81962776184082 3.7744948863983154 7.1999993324279785
		endloop
	endfacet
	facet normal -0.0005156955771476245 0.00007168465917832065 0.9999998644596817
		outer loop
			vertex -21.05976104736328 2.0469889640808105 7.1999993324279785
			vertex -20.818815231323242 3.773688316345215 7.199999809265137
			vertex -20.81962776184082 3.7744948863983154 7.1999993324279785
		endloop
	endfacet
	facet normal -0.0004746436595984143 0.00006595622256843119 0.99999988518158
		outer loop
			vertex -21.058948516845703 2.0456066131591797 7.199999809265137
			vertex -20.818815231323242 3.773688316345215 7.199999809265137
			vertex -21.05976104736328 2.0469889640808105 7.1999993324279785
		endloop
	endfacet
	facet normal -0.3698285695563308 0.1198171039884312 0.9213417882261413
		outer loop
			vertex -24.774118423461914 7.82236385345459 6.300195693969727
			vertex -24.65451431274414 8.191534996032715 6.300195693969727
			vertex -25.53534507751465 8.062719345092773 5.963380336761475
		endloop
	endfacet
	facet normal -0.3099605894850981 0.1004210686784019 0.9454311407667606
		outer loop
			vertex -24.774118423461914 7.82236385345459 6.300195693969727
			vertex -23.738845825195312 8.200926780700684 6.599400997161865
			vertex -24.65451431274414 8.191534996032715 6.300195693969727
		endloop
	endfacet
	facet normal -0.3717203735452786 0.1138236564941306 0.9213404034957247
		outer loop
			vertex -24.906455993652344 7.390181541442871 6.300195693969727
			vertex -24.774118423461914 7.82236385345459 6.300195693969727
			vertex -25.53534507751465 8.062719345092773 5.963380336761475
		endloop
	endfacet
	facet normal -0.3080943400921755 0.09434087241431768 0.9466666136477364
		outer loop
			vertex -24.906455993652344 7.390181541442871 6.300195693969727
			vertex -23.738845825195312 8.200926780700684 6.599400997161865
			vertex -24.774118423461914 7.82236385345459 6.300195693969727
		endloop
	endfacet
	facet normal -0.1901687264415107 0.0666249203468433 0.9794881191073176
		outer loop
			vertex -23.026460647583008 7.954823017120361 6.808351993560791
			vertex -21.896547317504883 8.147741317749023 7.014603614807129
			vertex -22.956209182739258 8.155343055725098 6.808351993560791
		endloop
	endfacet
	facet normal -0.2521341992149119 0.08833429793502474 0.9636521142998554
		outer loop
			vertex -23.026460647583008 7.954823017120361 6.808351993560791
			vertex -22.956209182739258 8.155343055725098 6.808351993560791
			vertex -23.738845825195312 8.200926780700684 6.599400997161865
		endloop
	endfacet
	facet normal -0.4180690622871335 0.089762900124901 0.9039695132688513
		outer loop
			vertex -25.09449005126953 6.724048614501953 6.300195693969727
			vertex -25.53534507751465 8.062719345092773 5.963380336761475
			vertex -26.37209129333496 7.825061321258545 5.599999904632568
		endloop
	endfacet
	facet normal -0.4043526215870103 0.10834616902023217 0.9081630167950858
		outer loop
			vertex -25.09449005126953 6.724048614501953 6.300195693969727
			vertex -26.37209129333496 7.825061321258545 5.599999904632568
			vertex -26.751432418823242 6.409343719482422 5.599999904632568
		endloop
	endfacet
	facet normal -0.4069397801368418 0.13129802033676474 0.9039694935106082
		outer loop
			vertex -25.09449005126953 6.724048614501953 6.300195693969727
			vertex -26.751432418823242 6.409343719482422 5.599999904632568
			vertex -26.145618438720703 5.785152912139893 5.963380336761475
		endloop
	endfacet
	facet normal -0.3782760407305892 0.1067786562729782 0.9195137604047733
		outer loop
			vertex -25.09449005126953 6.724048614501953 6.300195693969727
			vertex -24.906455993652344 7.390181541442871 6.300195693969727
			vertex -25.53534507751465 8.062719345092773 5.963380336761475
		endloop
	endfacet
	facet normal -0.2536809739293159 0.08385223717584757 0.9636465979740079
		outer loop
			vertex -23.23126792907715 7.335212707519531 6.808351993560791
			vertex -23.026460647583008 7.954823017120361 6.808351993560791
			vertex -23.738845825195312 8.200926780700684 6.599400997161865
		endloop
	endfacet
	facet normal -0.38098483582355686 0.09666401133171804 0.9195143412616027
		outer loop
			vertex -25.264713287353516 6.053142547607422 6.300195693969727
			vertex -25.09449005126953 6.724048614501953 6.300195693969727
			vertex -26.145618438720703 5.785152912139893 5.963380336761475
		endloop
	endfacet
	facet normal -0.13328786337253368 0.0505432779058567 0.9897877158947347
		outer loop
			vertex -21.323123931884766 7.9343695640563965 7.102718353271484
			vertex -21.22266387939453 8.19929313659668 7.102718353271484
			vertex -21.896547317504883 8.147741317749023 7.014603614807129
		endloop
	endfacet
	facet normal -0.09085943228265181 0.0344542512726389 0.99526753595931
		outer loop
			vertex -21.323123931884766 7.9343695640563965 7.102718353271484
			vertex -20.547212600708008 8.29565143585205 7.161045551300049
			vertex -21.22266387939453 8.19929313659668 7.102718353271484
		endloop
	endfacet
	facet normal -0.2884004139254464 0.08140882676062028 0.9540428733411778
		outer loop
			vertex -23.355363845825195 6.929945468902588 6.808351993560791
			vertex -24.906455993652344 7.390181541442871 6.300195693969727
			vertex -25.09449005126953 6.724048614501953 6.300195693969727
		endloop
	endfacet
	facet normal -0.29213289959941113 0.06868111389574126 0.953908419905014
		outer loop
			vertex -23.355363845825195 6.929945468902588 6.808351993560791
			vertex -23.738845825195312 8.200926780700684 6.599400997161865
			vertex -24.906455993652344 7.390181541442871 6.300195693969727
		endloop
	endfacet
	facet normal -0.2602213750286545 0.0796817680151561 0.9622555023610806
		outer loop
			vertex -23.355363845825195 6.929945468902588 6.808351993560791
			vertex -23.23126792907715 7.335212707519531 6.808351993560791
			vertex -23.738845825195312 8.200926780700684 6.599400997161865
		endloop
	endfacet
	facet normal -0.3801889646127368 0.08114911729806387 0.9213420493760394
		outer loop
			vertex -25.36619758605957 5.6126933097839355 6.300195693969727
			vertex -26.145618438720703 5.785152912139893 5.963380336761475
			vertex -25.447202682495117 5.233179092407227 6.300195693969727
		endloop
	endfacet
	facet normal -0.3186446876726319 0.0680128503011396 0.9454310208639897
		outer loop
			vertex -25.36619758605957 5.6126933097839355 6.300195693969727
			vertex -25.447202682495117 5.233179092407227 6.300195693969727
			vertex -24.658906936645508 4.767212390899658 6.599400997161865
		endloop
	endfacet
	facet normal -0.37883033966494195 0.08728663384560201 0.921340663002154
		outer loop
			vertex -25.36619758605957 5.6126933097839355 6.300195693969727
			vertex -25.264713287353516 6.053142547607422 6.300195693969727
			vertex -26.145618438720703 5.785152912139893 5.963380336761475
		endloop
	endfacet
	facet normal -0.3139875023178112 0.07234613830336306 0.9466667231189725
		outer loop
			vertex -25.36619758605957 5.6126933097839355 6.300195693969727
			vertex -24.658906936645508 4.767212390899658 6.599400997161865
			vertex -25.264713287353516 6.053142547607422 6.300195693969727
		endloop
	endfacet
	facet normal -0.02735535268648879 0.011778535232565081 0.9995563769929005
		outer loop
			vertex -19.707714080810547 8.340553283691406 7.197393417358398
			vertex -19.602378845214844 8.58519172668457 7.197393417358398
			vertex -19.95750617980957 8.446269035339355 7.189311504364014
		endloop
	endfacet
	facet normal -0.009775532187599982 0.0042091012902783905 0.999943359614322
		outer loop
			vertex -19.707714080810547 8.340553283691406 7.197393417358398
			vertex -19.261783599853516 8.757136344909668 7.1999993324279785
			vertex -19.602378845214844 8.58519172668457 7.197393417358398
		endloop
	endfacet
	facet normal -0.1829488193971978 0.02068544899000356 0.982904797872741
		outer loop
			vertex -21.504409790039062 7.429008960723877 7.102718353271484
			vertex -21.896547317504883 8.147741317749023 7.014603614807129
			vertex -23.026460647583008 7.954823017120361 6.808351993560791
		endloop
	endfacet
	facet normal -0.13418376809698893 0.048135171973098814 0.9897867051028792
		outer loop
			vertex -21.504409790039062 7.429008960723877 7.102718353271484
			vertex -21.323123931884766 7.9343695640563965 7.102718353271484
			vertex -21.896547317504883 8.147741317749023 7.014603614807129
		endloop
	endfacet
	facet normal -0.2884004492598587 0.08140923823233626 0.9540428275487127
		outer loop
			vertex -23.531688690185547 6.305296897888184 6.808351993560791
			vertex -23.355363845825195 6.929945468902588 6.808351993560791
			vertex -25.09449005126953 6.724048614501953 6.300195693969727
		endloop
	endfacet
	facet normal -0.00932600199568661 0.0037842864003396095 0.9999493511489554
		outer loop
			vertex -19.843708038330078 8.01162052154541 7.197393417358398
			vertex -19.917573928833008 7.141005516052246 7.1999993324279785
			vertex -19.261783599853516 8.757136344909668 7.1999993324279785
		endloop
	endfacet
	facet normal -0.04931847458807981 0.005658820305779678 0.998767072853852
		outer loop
			vertex -19.843708038330078 8.01162052154541 7.197393417358398
			vertex -19.95750617980957 8.446269035339355 7.189311504364014
			vertex -20.547212600708008 8.29565143585205 7.161045551300049
		endloop
	endfacet
	facet normal -0.02752418767156906 0.011379599844498283 0.9995563634935248
		outer loop
			vertex -19.843708038330078 8.01162052154541 7.197393417358398
			vertex -19.707714080810547 8.340553283691406 7.197393417358398
			vertex -19.95750617980957 8.446269035339355 7.189311504364014
		endloop
	endfacet
	facet normal -0.009520614371626188 0.0039362026998092095 0.9999469306969709
		outer loop
			vertex -19.843708038330078 8.01162052154541 7.197393417358398
			vertex -19.261783599853516 8.757136344909668 7.1999993324279785
			vertex -19.707714080810547 8.340553283691406 7.197393417358398
		endloop
	endfacet
	facet normal -0.17075007262948066 0.05643988602892504 0.9836965751501167
		outer loop
			vertex -21.6956787109375 6.8503546714782715 7.102718353271484
			vertex -21.504409790039062 7.429008960723877 7.102718353271484
			vertex -23.026460647583008 7.954823017120361 6.808351993560791
		endloop
	endfacet
	facet normal -0.17074994567999333 0.05644004247205116 0.9836965882100195
		outer loop
			vertex -21.6956787109375 6.8503546714782715 7.102718353271484
			vertex -23.026460647583008 7.954823017120361 6.808351993560791
			vertex -23.23126792907715 7.335212707519531 6.808351993560791
		endloop
	endfacet
	facet normal -0.2904667739151017 0.07369764065418187 0.9540428245175163
		outer loop
			vertex -23.69131088256836 5.676173210144043 6.808351993560791
			vertex -25.09449005126953 6.724048614501953 6.300195693969727
			vertex -25.264713287353516 6.053142547607422 6.300195693969727
		endloop
	endfacet
	facet normal -0.28733517958627386 0.08658710144673731 0.9539083647998775
		outer loop
			vertex -23.69131088256836 5.676173210144043 6.808351993560791
			vertex -25.264713287353516 6.053142547607422 6.300195693969727
			vertex -24.658906936645508 4.767212390899658 6.599400997161865
		endloop
	endfacet
	facet normal -0.29046676279510003 0.0736976565895075 0.9540428266721314
		outer loop
			vertex -23.69131088256836 5.676173210144043 6.808351993560791
			vertex -23.531688690185547 6.305296897888184 6.808351993560791
			vertex -25.09449005126953 6.724048614501953 6.300195693969727
		endloop
	endfacet
	facet normal -0.009878250443523076 0.00383112459984606 0.9999438697509354
		outer loop
			vertex -20.05646514892578 7.463043212890625 7.197393417358398
			vertex -19.917573928833008 7.141005516052246 7.1999993324279785
			vertex -19.843708038330078 8.01162052154541 7.197393417358398
		endloop
	endfacet
	facet normal -0.07472478732106076 -0.0005101549422901926 0.9972040643227228
		outer loop
			vertex -20.05646514892578 7.463043212890625 7.197393417358398
			vertex -20.547212600708008 8.29565143585205 7.161045551300049
			vertex -21.323123931884766 7.9343695640563965 7.102718353271484
		endloop
	endfacet
	facet normal -0.044620785044358555 0.017305472079822744 0.998854096541692
		outer loop
			vertex -20.05646514892578 7.463043212890625 7.197393417358398
			vertex -19.843708038330078 8.01162052154541 7.197393417358398
			vertex -20.547212600708008 8.29565143585205 7.161045551300049
		endloop
	endfacet
	facet normal -0.17194644667945935 0.05265131226761979 0.9836982559661299
		outer loop
			vertex -21.81157112121582 6.471875190734863 7.102718353271484
			vertex -23.23126792907715 7.335212707519531 6.808351993560791
			vertex -23.355363845825195 6.929945468902588 6.808351993560791
		endloop
	endfacet
	facet normal -0.1719466511216989 0.052650970136182744 0.9836982385425684
		outer loop
			vertex -21.81157112121582 6.471875190734863 7.102718353271484
			vertex -21.6956787109375 6.8503546714782715 7.102718353271484
			vertex -23.23126792907715 7.335212707519531 6.808351993560791
		endloop
	endfacet
	facet normal -0.2651989849606186 0.06110409762858456 0.9622555729268882
		outer loop
			vertex -23.786474227905273 5.263153076171875 6.808351993560791
			vertex -23.69131088256836 5.676173210144043 6.808351993560791
			vertex -24.658906936645508 4.767212390899658 6.599400997161865
		endloop
	endfacet
	facet normal -0.010242185505942587 0.003674138658173075 0.9999407974181185
		outer loop
			vertex -20.22698211669922 6.9877028465271 7.197393417358398
			vertex -19.917573928833008 7.141005516052246 7.1999993324279785
			vertex -20.05646514892578 7.463043212890625 7.197393417358398
		endloop
	endfacet
	facet normal -0.0657806301866887 0.023597205470086428 0.9975550514063096
		outer loop
			vertex -20.22698211669922 6.9877028465271 7.197393417358398
			vertex -21.323123931884766 7.9343695640563965 7.102718353271484
			vertex -21.504409790039062 7.429008960723877 7.102718353271484
		endloop
	endfacet
	facet normal -0.06578061731296932 0.023597220426035157 0.9975550519014428
		outer loop
			vertex -20.22698211669922 6.9877028465271 7.197393417358398
			vertex -20.05646514892578 7.463043212890625 7.197393417358398
			vertex -21.323123931884766 7.9343695640563965 7.102718353271484
		endloop
	endfacet
	facet normal -0.17307279545634874 0.04885472430088684 0.9836966114541664
		outer loop
			vertex -21.976242065429688 5.888516426086426 7.102718353271484
			vertex -23.355363845825195 6.929945468902588 6.808351993560791
			vertex -23.531688690185547 6.305296897888184 6.808351993560791
		endloop
	endfacet
	facet normal -0.17307255566030716 0.048855049217037934 0.9836966375073215
		outer loop
			vertex -21.976242065429688 5.888516426086426 7.102718353271484
			vertex -21.81157112121582 6.471875190734863 7.102718353271484
			vertex -23.355363845825195 6.929945468902588 6.808351993560791
		endloop
	endfacet
	facet normal -0.26252258046816584 0.04956564077520586 0.963651981785374
		outer loop
			vertex -23.918912887573242 4.624151706695557 6.808351993560791
			vertex -24.658906936645508 4.767212390899658 6.599400997161865
			vertex -23.958332061767578 4.415369510650635 6.808351993560791
		endloop
	endfacet
	facet normal -0.19800406175287158 0.03738420588191881 0.9794880360065372
		outer loop
			vertex -23.918912887573242 4.624151706695557 6.808351993560791
			vertex -23.958332061767578 4.415369510650635 6.808351993560791
			vertex -23.036836624145508 3.892122983932495 7.014603614807129
		endloop
	endfacet
	facet normal -0.26162059723142844 0.05422317211504501 0.9636464656242212
		outer loop
			vertex -23.918912887573242 4.624151706695557 6.808351993560791
			vertex -23.786474227905273 5.263153076171875 6.808351993560791
			vertex -24.658906936645508 4.767212390899658 6.599400997161865
		endloop
	endfacet
	facet normal -0.06635548313527208 0.02193318516633221 0.9975549534969711
		outer loop
			vertex -20.406888961791992 6.443422317504883 7.197393417358398
			vertex -20.22698211669922 6.9877028465271 7.197393417358398
			vertex -21.504409790039062 7.429008960723877 7.102718353271484
		endloop
	endfacet
	facet normal -0.009607896640213186 0.003003950260008579 0.9999493310188204
		outer loop
			vertex -20.406888961791992 6.443422317504883 7.197393417358398
			vertex -20.438034057617188 5.476355075836182 7.1999993324279785
			vertex -19.917573928833008 7.141005516052246 7.1999993324279785
		endloop
	endfacet
	facet normal -0.010071170177016775 0.0033289312336682144 0.9999437432916449
		outer loop
			vertex -20.406888961791992 6.443422317504883 7.197393417358398
			vertex -19.917573928833008 7.141005516052246 7.1999993324279785
			vertex -20.22698211669922 6.9877028465271 7.197393417358398
		endloop
	endfacet
	facet normal -0.06635547122360001 0.02193319847882158 0.997554953996612
		outer loop
			vertex -20.406888961791992 6.443422317504883 7.197393417358398
			vertex -21.504409790039062 7.429008960723877 7.102718353271484
			vertex -21.6956787109375 6.8503546714782715 7.102718353271484
		endloop
	endfacet
	facet normal -0.1743128489023794 0.044226779418919865 0.9836966111000721
		outer loop
			vertex -22.12531280517578 5.30097770690918 7.102718353271484
			vertex -21.976242065429688 5.888516426086426 7.102718353271484
			vertex -23.531688690185547 6.305296897888184 6.808351993560791
		endloop
	endfacet
	facet normal -0.17431276925499825 0.04422689358363184 0.9836966200809047
		outer loop
			vertex -22.12531280517578 5.30097770690918 7.102718353271484
			vertex -23.531688690185547 6.305296897888184 6.808351993560791
			vertex -23.69131088256836 5.676173210144043 6.808351993560791
		endloop
	endfacet
	facet normal -0.06725812116583085 0.018985672264824376 0.9975549555718198
		outer loop
			vertex -20.515897750854492 6.08742618560791 7.197393417358398
			vertex -21.81157112121582 6.471875190734863 7.102718353271484
			vertex -21.976242065429688 5.888516426086426 7.102718353271484
		endloop
	endfacet
	facet normal -0.06682035992618464 0.020460914789888287 0.9975552067255706
		outer loop
			vertex -20.515897750854492 6.08742618560791 7.197393417358398
			vertex -20.406888961791992 6.443422317504883 7.197393417358398
			vertex -21.6956787109375 6.8503546714782715 7.102718353271484
		endloop
	endfacet
	facet normal -0.06682045075705383 0.02046077393392126 0.9975552035304358
		outer loop
			vertex -20.515897750854492 6.08742618560791 7.197393417358398
			vertex -21.6956787109375 6.8503546714782715 7.102718353271484
			vertex -21.81157112121582 6.471875190734863 7.102718353271484
		endloop
	endfacet
	facet normal -0.009833922216595074 0.0030112235963172863 0.9999471118545676
		outer loop
			vertex -20.515897750854492 6.08742618560791 7.197393417358398
			vertex -20.438034057617188 5.476355075836182 7.1999993324279785
			vertex -20.406888961791992 6.443422317504883 7.197393417358398
		endloop
	endfacet
	facet normal -0.17609368891486946 0.03649696737737252 0.9836965914836792
		outer loop
			vertex -22.21418571472168 4.915258407592773 7.102718353271484
			vertex -23.786474227905273 5.263153076171875 6.808351993560791
			vertex -23.918912887573242 4.624151706695557 6.808351993560791
		endloop
	endfacet
	facet normal -0.17523576057275653 0.0403757652940621 0.9836982391940154
		outer loop
			vertex -22.21418571472168 4.915258407592773 7.102718353271484
			vertex -22.12531280517578 5.30097770690918 7.102718353271484
			vertex -23.69131088256836 5.676173210144043 6.808351993560791
		endloop
	endfacet
	facet normal -0.17523574171335743 0.04037580261199143 0.9836982410219138
		outer loop
			vertex -22.21418571472168 4.915258407592773 7.102718353271484
			vertex -23.69131088256836 5.676173210144043 6.808351993560791
			vertex -23.786474227905273 5.263153076171875 6.808351993560791
		endloop
	endfacet
	facet normal -0.010408221585555271 0.0029380215589425796 0.9999415167662283
		outer loop
			vertex -20.670785903930664 5.53872013092041 7.197393417358398
			vertex -20.438034057617188 5.476355075836182 7.1999993324279785
			vertex -20.515897750854492 6.08742618560791 7.197393417358398
		endloop
	endfacet
	facet normal -0.06725810406949059 0.018985545046812616 0.997554959145737
		outer loop
			vertex -20.670785903930664 5.53872013092041 7.197393417358398
			vertex -20.515897750854492 6.08742618560791 7.197393417358398
			vertex -21.976242065429688 5.888516426086426 7.102718353271484
		endloop
	endfacet
	facet normal -0.17609366055637235 0.036496789502673654 0.9836966031596607
		outer loop
			vertex -22.33786964416504 4.31849479675293 7.102718353271484
			vertex -22.21418571472168 4.915258407592773 7.102718353271484
			vertex -23.918912887573242 4.624151706695557 6.808351993560791
		endloop
	endfacet
	facet normal -0.16878095797558637 0.07356000822774501 0.9829048343631126
		outer loop
			vertex -22.33786964416504 4.31849479675293 7.102718353271484
			vertex -23.918912887573242 4.624151706695557 6.808351993560791
			vertex -23.036836624145508 3.892122983932495 7.014603614807129
		endloop
	endfacet
	facet normal -0.01048279887114072 0.0026596925993013338 0.9999415167714082
		outer loop
			vertex -20.81100082397461 4.986083030700684 7.197393417358398
			vertex -20.438034057617188 5.476355075836182 7.1999993324279785
			vertex -20.670785903930664 5.53872013092041 7.197393417358398
		endloop
	endfacet
	facet normal -0.06774002866396571 0.017186979844668552 0.9975549590074846
		outer loop
			vertex -20.81100082397461 4.986083030700684 7.197393417358398
			vertex -20.670785903930664 5.53872013092041 7.197393417358398
			vertex -21.976242065429688 5.888516426086426 7.102718353271484
		endloop
	endfacet
	facet normal -0.06773998466846513 0.017187036862962576 0.997554961012669
		outer loop
			vertex -20.81100082397461 4.986083030700684 7.197393417358398
			vertex -21.976242065429688 5.888516426086426 7.102718353271484
			vertex -22.12531280517578 5.30097770690918 7.102718353271484
		endloop
	endfacet
	facet normal -0.14070246711461482 0.022871619460535945 0.9897877069205868
		outer loop
			vertex -22.433551788330078 3.790196657180786 7.102718353271484
			vertex -23.036836624145508 3.892122983932495 7.014603614807129
			vertex -22.47901153564453 3.510535717010498 7.102718353271484
		endloop
	endfacet
	facet normal -0.09591418211126006 0.015591145763850097 0.9952674946182551
		outer loop
			vertex -22.433551788330078 3.790196657180786 7.102718353271484
			vertex -22.47901153564453 3.510535717010498 7.102718353271484
			vertex -21.94223403930664 3.0893614292144775 7.161045551300049
		endloop
	endfacet
	facet normal -0.14027419636680008 0.025405608829652735 0.9897866966542049
		outer loop
			vertex -22.433551788330078 3.790196657180786 7.102718353271484
			vertex -22.33786964416504 4.31849479675293 7.102718353271484
			vertex -23.036836624145508 3.892122983932495 7.014603614807129
		endloop
	endfacet
	facet normal -0.06809864659212748 0.015690490129755427 0.9975552029094975
		outer loop
			vertex -20.894596099853516 4.623276710510254 7.197393417358398
			vertex -22.12531280517578 5.30097770690918 7.102718353271484
			vertex -22.21418571472168 4.915258407592773 7.102718353271484
		endloop
	endfacet
	facet normal -0.009822635088480991 0.0022024463183950276 0.9999493312514055
		outer loop
			vertex -20.894596099853516 4.623276710510254 7.197393417358398
			vertex -20.81962776184082 3.7744948863983154 7.1999993324279785
			vertex -20.438034057617188 5.476355075836182 7.1999993324279785
		endloop
	endfacet
	facet normal -0.06809849055686606 0.015690774355998874 0.9975552090906977
		outer loop
			vertex -20.894596099853516 4.623276710510254 7.197393417358398
			vertex -20.81100082397461 4.986083030700684 7.197393417358398
			vertex -22.12531280517578 5.30097770690918 7.102718353271484
		endloop
	endfacet
	facet normal -0.010022153241454957 0.0023092339314275314 0.99994711054288
		outer loop
			vertex -20.894596099853516 4.623276710510254 7.197393417358398
			vertex -20.438034057617188 5.476355075836182 7.1999993324279785
			vertex -20.81100082397461 4.986083030700684 7.197393417358398
		endloop
	endfacet
	facet normal -0.06843220842433186 0.014182900161151493 0.9975549499617492
		outer loop
			vertex -21.01093101501465 4.061963081359863 7.197393417358398
			vertex -20.894596099853516 4.623276710510254 7.197393417358398
			vertex -22.21418571472168 4.915258407592773 7.102718353271484
		endloop
	endfacet
	facet normal -0.06843207859648802 0.014183083933148795 0.9975549562550975
		outer loop
			vertex -21.01093101501465 4.061963081359863 7.197393417358398
			vertex -22.21418571472168 4.915258407592773 7.102718353271484
			vertex -22.33786964416504 4.31849479675293 7.102718353271484
		endloop
	endfacet
	facet normal -0.010386413914837972 0.0021526336059931104 0.9999437427048324
		outer loop
			vertex -21.01093101501465 4.061963081359863 7.197393417358398
			vertex -20.81962776184082 3.7744948863983154 7.1999993324279785
			vertex -20.894596099853516 4.623276710510254 7.197393417358398
		endloop
	endfacet
	facet normal -0.06445842964935865 0.037804247600399216 0.997204066232437
		outer loop
			vertex -21.100929260253906 3.565047264099121 7.197393417358398
			vertex -22.433551788330078 3.790196657180786 7.102718353271484
			vertex -21.94223403930664 3.0893614292144775 7.161045551300049
		endloop
	endfacet
	facet normal -0.06876626381614859 0.012454510120505633 0.9975550541892042
		outer loop
			vertex -21.100929260253906 3.565047264099121 7.197393417358398
			vertex -21.01093101501465 4.061963081359863 7.197393417358398
			vertex -22.33786964416504 4.31849479675293 7.102718353271484
		endloop
	endfacet
	facet normal -0.06876625445766285 0.012454525541272219 0.9975550546418006
		outer loop
			vertex -21.100929260253906 3.565047264099121 7.197393417358398
			vertex -22.33786964416504 4.31849479675293 7.102718353271484
			vertex -22.433551788330078 3.790196657180786 7.102718353271484
		endloop
	endfacet
	facet normal -0.010707095042491309 0.001939201232808701 0.9999407970546705
		outer loop
			vertex -21.100929260253906 3.565047264099121 7.197393417358398
			vertex -20.81962776184082 3.7744948863983154 7.1999993324279785
			vertex -21.01093101501465 4.061963081359863 7.197393417358398
		endloop
	endfacet
	facet normal -0.04554044345724059 0.019758532022005258 0.9987670741579607
		outer loop
			vertex -21.19096565246582 2.983586549758911 7.197393417358398
			vertex -21.94223403930664 3.0893614292144775 7.161045551300049
			vertex -21.5068416595459 2.664069652557373 7.189311504364014
		endloop
	endfacet
	facet normal -0.009968677445315915 0.0013857036530711213 0.9999493513650465
		outer loop
			vertex -21.19096565246582 2.983586549758911 7.197393417358398
			vertex -21.05976104736328 2.0469889640808105 7.1999993324279785
			vertex -20.81962776184082 3.7744948863983154 7.1999993324279785
		endloop
	endfacet
	facet normal -0.010470420654104811 0.0016212942291491186 0.9999438692728451
		outer loop
			vertex -21.19096565246582 2.983586549758911 7.197393417358398
			vertex -20.81962776184082 3.7744948863983154 7.1999993324279785
			vertex -21.100929260253906 3.565047264099121 7.197393417358398
		endloop
	endfacet
	facet normal -0.04729544877688894 0.007323472542330599 0.9988540970907185
		outer loop
			vertex -21.19096565246582 2.983586549758911 7.197393417358398
			vertex -21.100929260253906 3.565047264099121 7.197393417358398
			vertex -21.94223403930664 3.0893614292144775 7.161045551300049
		endloop
	endfacet
	facet normal -0.029579681363281537 0.0034773059312869247 0.9995563769962688
		outer loop
			vertex -21.23765754699707 2.630725622177124 7.197393417358398
			vertex -21.5068416595459 2.664069652557373 7.189311504364014
			vertex -21.268754959106445 2.3661956787109375 7.197393417358398
		endloop
	endfacet
	facet normal -0.010570251146660103 0.001242609633148392 0.9999433612520243
		outer loop
			vertex -21.23765754699707 2.630725622177124 7.197393417358398
			vertex -21.268754959106445 2.3661956787109375 7.197393417358398
			vertex -21.05976104736328 2.0469889640808105 7.1999993324279785
		endloop
	endfacet
	facet normal -0.029526448070233007 0.003907051451193058 0.9995563634999847
		outer loop
			vertex -21.23765754699707 2.630725622177124 7.197393417358398
			vertex -21.19096565246582 2.983586549758911 7.197393417358398
			vertex -21.5068416595459 2.664069652557373 7.189311504364014
		endloop
	endfacet
	facet normal -0.010213175472087914 0.0013514460647143978 0.9999469309119914
		outer loop
			vertex -21.23765754699707 2.630725622177124 7.197393417358398
			vertex -21.05976104736328 2.0469889640808105 7.1999993324279785
			vertex -21.19096565246582 2.983586549758911 7.197393417358398
		endloop
	endfacet
	facet normal -0.47689890486646874 -0.8789581528930503 0
		outer loop
			vertex -23.37921142578125 4.101154327392578 0.25323691964149475
			vertex -23.958332061767578 4.415369510650635 6.808351993560791
			vertex -23.958332061767578 4.415369510650635 0.3916480243206024
		endloop
	endfacet
	facet normal -0.49345071852389544 -0.8697716759859482 -0.001902640493146997
		outer loop
			vertex -23.37921142578125 4.101154327392578 0.25323691964149475
			vertex -23.036836624145508 3.892122983932495 7.014603614807129
			vertex -23.958332061767578 4.415369510650635 6.808351993560791
		endloop
	endfacet
	facet normal -0.5645184470442131 -0.8254200994088733 -0.000763176674130632
		outer loop
			vertex -22.81154441833496 3.744392156600952 0.14645348489284515
			vertex -22.47901153564453 3.510535717010498 7.102718353271484
			vertex -23.036836624145508 3.892122983932495 7.014603614807129
		endloop
	endfacet
	facet normal -0.5320076195438775 -0.8467392233578878 0.0007618231673301852
		outer loop
			vertex -22.81154441833496 3.744392156600952 0.14645348489284515
			vertex -23.036836624145508 3.892122983932495 7.014603614807129
			vertex -23.37921142578125 4.101154327392578 0.25323691964149475
		endloop
	endfacet
	facet normal -0.6172963025910553 -0.7867307511515056 0
		outer loop
			vertex -21.94223403930664 3.0893614292144775 0.03895439952611923
			vertex -21.94223403930664 3.0893614292144775 7.161045551300049
			vertex -22.47901153564453 3.510535717010498 7.102718353271484
		endloop
	endfacet
	facet normal -0.601639076108384 -0.7987657879466782 0.0019073818108864622
		outer loop
			vertex -21.94223403930664 3.0893614292144775 0.03895439952611923
			vertex -22.47901153564453 3.510535717010498 7.102718353271484
			vertex -22.81154441833496 3.744392156600952 0.14645348489284515
		endloop
	endfacet
	facet normal -0.14122782030504527 0.9899771223477268 0
		outer loop
			vertex -20.547212600708008 8.29565143585205 0.03895439952611923
			vertex -21.22266387939453 8.19929313659668 7.102718353271484
			vertex -20.547212600708008 8.29565143585205 7.161045551300049
		endloop
	endfacet
	facet normal -0.07617749965817504 0.9970939805290454 -0.0007632421453298237
		outer loop
			vertex -21.627573013305664 8.163033485412598 0.14645348489284515
			vertex -21.896547317504883 8.147741317749023 7.014603614807129
			vertex -21.22266387939453 8.19929313659668 7.102718353271484
		endloop
	endfacet
	facet normal -0.1216517194910369 0.9925710157919164 0.0019072898776730104
		outer loop
			vertex -21.627573013305664 8.163033485412598 0.14645348489284515
			vertex -21.22266387939453 8.19929313659668 7.102718353271484
			vertex -20.547212600708008 8.29565143585205 0.03895439952611923
		endloop
	endfacet
	facet normal 0.007543837586810482 0.9999697349041553 -0.0019025746180696367
		outer loop
			vertex -22.297569274902344 8.13790225982666 0.25323691964149475
			vertex -22.956209182739258 8.155343055725098 6.808351993560791
			vertex -21.896547317504883 8.147741317749023 7.014603614807129
		endloop
	endfacet
	facet normal -0.037361887535928805 0.9993015105729748 0.0007617915222631135
		outer loop
			vertex -22.297569274902344 8.13790225982666 0.25323691964149475
			vertex -21.896547317504883 8.147741317749023 7.014603614807129
			vertex -21.627573013305664 8.163033485412598 0.14645348489284515
		endloop
	endfacet
	facet normal 0.02647073801274051 0.999649588620463 0
		outer loop
			vertex -22.956209182739258 8.155343055725098 0.3916480243206024
			vertex -22.956209182739258 8.155343055725098 6.808351993560791
			vertex -22.297569274902344 8.13790225982666 0.25323691964149475
		endloop
	endfacet
	facet normal -0.8524868996069275 -0.5227485877537774 0
		outer loop
			vertex -18.196414947509766 15.241310119628906 0.25323691964149475
			vertex -18.54083824157715 15.802988052368164 6.808351993560791
			vertex -18.54083824157715 15.802988052368164 0.3916480243206024
		endloop
	endfacet
	facet normal -0.8622273603460354 -0.5065178767499898 -0.0019025255295078737
		outer loop
			vertex -18.196414947509766 15.241310119628906 0.25323691964149475
			vertex -18.004425048828125 14.8890962600708 7.014603614807129
			vertex -18.54083824157715 15.802988052368164 6.808351993560791
		endloop
	endfacet
	facet normal -0.901597214529784 -0.4325758663808431 -0.000763267317253814
		outer loop
			vertex -17.883180618286133 14.648510932922363 0.14645348489284515
			vertex -17.712127685546875 14.279719352722168 7.102718353271484
			vertex -18.004425048828125 14.8890962600708 7.014603614807129
		endloop
	endfacet
	facet normal -0.884101076148849 -0.46729509610663605 0.0007617789293303057
		outer loop
			vertex -17.883180618286133 14.648510932922363 0.14645348489284515
			vertex -18.004425048828125 14.8890962600708 7.014603614807129
			vertex -18.196414947509766 15.241310119628906 0.25323691964149475
		endloop
	endfacet
	facet normal -0.9279594912828653 -0.37268107349051927 0
		outer loop
			vertex -17.45785140991211 13.64658260345459 0.03895439952611923
			vertex -17.45785140991211 13.64658260345459 7.161045551300049
			vertex -17.712127685546875 14.279719352722168 7.102718353271484
		endloop
	endfacet
	facet normal -0.9204177039863316 -0.3909317233493173 0.0019073194966925157
		outer loop
			vertex -17.45785140991211 13.64658260345459 0.03895439952611923
			vertex -17.712127685546875 14.279719352722168 7.102718353271484
			vertex -17.883180618286133 14.648510932922363 0.14645348489284515
		endloop
	endfacet
	facet normal -0.992708879491562 0.12053663583578049 5.1255142092636725e-18
		outer loop
			vertex 2.427354574203491 -0.5982891321182251 0
			vertex 2.5 -3.0616169991140216e-16 7.199999809265137
			vertex 2.5 0 0
		endloop
	endfacet
	facet normal -0.992708879491562 0.12053663583578055 0
		outer loop
			vertex 2.427354574203491 -0.5982891321182251 0
			vertex 2.427354574203491 -0.5982891321182251 7.199999809265137
			vertex 2.5 -3.0616169991140216e-16 7.199999809265137
		endloop
	endfacet
	facet normal -0.9350161751516798 0.35460506511430945 0
		outer loop
			vertex 2.213639974594116 -1.161807894706726 0
			vertex 2.213639974594116 -1.161807894706726 7.199999809265137
			vertex 2.427354574203491 -0.5982891321182251 7.199999809265137
		endloop
	endfacet
	facet normal -0.9350161751516798 0.35460506511430945 0
		outer loop
			vertex 2.213639974594116 -1.161807894706726 0
			vertex 2.427354574203491 -0.5982891321182251 7.199999809265137
			vertex 2.427354574203491 -0.5982891321182251 0
		endloop
	endfacet
	facet normal -0.8229839369732987 0.5680646437545025 0
		outer loop
			vertex 1.87127685546875 -1.657806634902954 0
			vertex 1.87127685546875 -1.657806634902954 7.199999809265137
			vertex 2.213639974594116 -1.161807894706726 7.199999809265137
		endloop
	endfacet
	facet normal -0.8229839369732987 0.5680646437545025 0
		outer loop
			vertex 1.87127685546875 -1.657806634902954 0
			vertex 2.213639974594116 -1.161807894706726 7.199999809265137
			vertex 2.213639974594116 -1.161807894706726 0
		endloop
	endfacet
	facet normal -0.6631225942758643 0.7485108048390802 0
		outer loop
			vertex 1.4201618432998657 -2.057459592819214 0
			vertex 1.4201618432998657 -2.057459592819214 7.199999809265137
			vertex 1.87127685546875 -1.657806634902954 7.199999809265137
		endloop
	endfacet
	facet normal -0.6631225942758643 0.7485108048390802 0
		outer loop
			vertex 1.4201618432998657 -2.057459592819214 0
			vertex 1.87127685546875 -1.657806634902954 7.199999809265137
			vertex 1.87127685546875 -1.657806634902954 0
		endloop
	endfacet
	facet normal -0.4647233090061699 0.885455953769783 0
		outer loop
			vertex 0.8865122199058533 -2.337540626525879 0
			vertex 0.8865122199058533 -2.337540626525879 7.199999809265137
			vertex 1.4201618432998657 -2.057459592819214 7.199999809265137
		endloop
	endfacet
	facet normal -0.4647233090061699 0.885455953769783 0
		outer loop
			vertex 0.8865122199058533 -2.337540626525879 0
			vertex 1.4201618432998657 -2.057459592819214 7.199999809265137
			vertex 1.4201618432998657 -2.057459592819214 0
		endloop
	endfacet
	facet normal -0.23931563560783145 0.9709418244949694 0
		outer loop
			vertex 0.301341712474823 -2.4817721843719482 0
			vertex 0.301341712474823 -2.4817721843719482 7.199999809265137
			vertex 0.8865122199058533 -2.337540626525879 7.199999809265137
		endloop
	endfacet
	facet normal -0.23931563560783145 0.9709418244949694 0
		outer loop
			vertex 0.301341712474823 -2.4817721843719482 0
			vertex 0.8865122199058533 -2.337540626525879 7.199999809265137
			vertex 0.8865122199058533 -2.337540626525879 0
		endloop
	endfacet
	facet normal 0.23931563560783145 0.9709418244949694 0
		outer loop
			vertex -0.301341712474823 -2.4817721843719482 0
			vertex -0.8865122199058533 -2.337540626525879 7.199999809265137
			vertex -0.301341712474823 -2.4817721843719482 7.199999809265137
		endloop
	endfacet
	facet normal 0 1 0
		outer loop
			vertex -0.301341712474823 -2.4817721843719482 0
			vertex -0.301341712474823 -2.4817721843719482 7.199999809265137
			vertex 0.301341712474823 -2.4817721843719482 7.199999809265137
		endloop
	endfacet
	facet normal 0 1 0
		outer loop
			vertex -0.301341712474823 -2.4817721843719482 0
			vertex 0.301341712474823 -2.4817721843719482 7.199999809265137
			vertex 0.301341712474823 -2.4817721843719482 0
		endloop
	endfacet
	facet normal 0.23931563560783145 0.9709418244949694 0
		outer loop
			vertex -0.8865122199058533 -2.337540626525879 0
			vertex -0.8865122199058533 -2.337540626525879 7.199999809265137
			vertex -0.301341712474823 -2.4817721843719482 0
		endloop
	endfacet
	facet normal 0.6631225942758643 0.7485108048390802 0
		outer loop
			vertex -1.4201618432998657 -2.057459592819214 0
			vertex -1.87127685546875 -1.657806634902954 7.199999809265137
			vertex -1.4201618432998657 -2.057459592819214 7.199999809265137
		endloop
	endfacet
	facet normal 0.4647233090061699 0.885455953769783 0
		outer loop
			vertex -1.4201618432998657 -2.057459592819214 0
			vertex -1.4201618432998657 -2.057459592819214 7.199999809265137
			vertex -0.8865122199058533 -2.337540626525879 7.199999809265137
		endloop
	endfacet
	facet normal 0.4647233090061699 0.885455953769783 0
		outer loop
			vertex -1.4201618432998657 -2.057459592819214 0
			vertex -0.8865122199058533 -2.337540626525879 7.199999809265137
			vertex -0.8865122199058533 -2.337540626525879 0
		endloop
	endfacet
	facet normal 0.6631225942758643 0.7485108048390802 0
		outer loop
			vertex -1.87127685546875 -1.657806634902954 0
			vertex -1.87127685546875 -1.657806634902954 7.199999809265137
			vertex -1.4201618432998657 -2.057459592819214 0
		endloop
	endfacet
	facet normal 0.8229839369732987 0.5680646437545025 0
		outer loop
			vertex -2.213639974594116 -1.161807894706726 0
			vertex -1.87127685546875 -1.657806634902954 7.199999809265137
			vertex -1.87127685546875 -1.657806634902954 0
		endloop
	endfacet
	facet normal 0.8229839369732987 0.5680646437545025 0
		outer loop
			vertex -2.213639974594116 -1.161807894706726 0
			vertex -2.213639974594116 -1.161807894706726 7.199999809265137
			vertex -1.87127685546875 -1.657806634902954 7.199999809265137
		endloop
	endfacet
	facet normal 0.9350161751516798 0.35460506511430945 0
		outer loop
			vertex -2.427354574203491 -0.5982891321182251 0
			vertex -2.213639974594116 -1.161807894706726 7.199999809265137
			vertex -2.213639974594116 -1.161807894706726 0
		endloop
	endfacet
	facet normal 0.9350161751516798 0.35460506511430945 0
		outer loop
			vertex -2.427354574203491 -0.5982891321182251 0
			vertex -2.427354574203491 -0.5982891321182251 7.199999809265137
			vertex -2.213639974594116 -1.161807894706726 7.199999809265137
		endloop
	endfacet
	facet normal 0.9927088794915622 0.12053663583577999 0
		outer loop
			vertex -2.5 2.5266078021012744e-15 0
			vertex -2.427354574203491 -0.5982891321182251 7.199999809265137
			vertex -2.427354574203491 -0.5982891321182251 0
		endloop
	endfacet
	facet normal 0.9927088794915622 0.12053663583577999 0
		outer loop
			vertex -2.5 2.5266078021012744e-15 0
			vertex -2.5 2.5266078021012744e-15 7.199999809265137
			vertex -2.427354574203491 -0.5982891321182251 7.199999809265137
		endloop
	endfacet
	facet normal 0.9927088794915621 -0.12053663583578102 0
		outer loop
			vertex -2.427354574203491 0.5982891321182251 0
			vertex -2.5 2.5266078021012744e-15 7.199999809265137
			vertex -2.5 2.5266078021012744e-15 0
		endloop
	endfacet
	facet normal 0.9927088794915621 -0.12053663583578102 0
		outer loop
			vertex -2.427354574203491 0.5982891321182251 0
			vertex -2.427354574203491 0.5982891321182251 7.199999809265137
			vertex -2.5 2.5266078021012744e-15 7.199999809265137
		endloop
	endfacet
	facet normal 0.9350161751516798 -0.35460506511430945 0
		outer loop
			vertex -2.213639974594116 1.161807894706726 0
			vertex -2.427354574203491 0.5982891321182251 7.199999809265137
			vertex -2.427354574203491 0.5982891321182251 0
		endloop
	endfacet
	facet normal 0.8229839369732987 -0.5680646437545025 0
		outer loop
			vertex -2.213639974594116 1.161807894706726 0
			vertex -1.87127685546875 1.657806634902954 7.199999809265137
			vertex -2.213639974594116 1.161807894706726 7.199999809265137
		endloop
	endfacet
	facet normal 0.9350161751516798 -0.35460506511430945 0
		outer loop
			vertex -2.213639974594116 1.161807894706726 0
			vertex -2.213639974594116 1.161807894706726 7.199999809265137
			vertex -2.427354574203491 0.5982891321182251 7.199999809265137
		endloop
	endfacet
	facet normal 0.8229839369732987 -0.5680646437545025 0
		outer loop
			vertex -1.87127685546875 1.657806634902954 0
			vertex -1.87127685546875 1.657806634902954 7.199999809265137
			vertex -2.213639974594116 1.161807894706726 0
		endloop
	endfacet
	facet normal 0.6631225942758643 -0.7485108048390802 0
		outer loop
			vertex -1.4201618432998657 2.057459592819214 0
			vertex -1.87127685546875 1.657806634902954 7.199999809265137
			vertex -1.87127685546875 1.657806634902954 0
		endloop
	endfacet
	facet normal 0.6631225942758643 -0.7485108048390802 0
		outer loop
			vertex -1.4201618432998657 2.057459592819214 0
			vertex -1.4201618432998657 2.057459592819214 7.199999809265137
			vertex -1.87127685546875 1.657806634902954 7.199999809265137
		endloop
	endfacet
	facet normal 0.4647233090061699 -0.885455953769783 0
		outer loop
			vertex -0.8865122199058533 2.337540626525879 0
			vertex -1.4201618432998657 2.057459592819214 7.199999809265137
			vertex -1.4201618432998657 2.057459592819214 0
		endloop
	endfacet
	facet normal 0.4647233090061699 -0.885455953769783 0
		outer loop
			vertex -0.8865122199058533 2.337540626525879 0
			vertex -0.8865122199058533 2.337540626525879 7.199999809265137
			vertex -1.4201618432998657 2.057459592819214 7.199999809265137
		endloop
	endfacet
	facet normal 0 -1 0
		outer loop
			vertex -0.301341712474823 2.4817721843719482 0
			vertex 0.301341712474823 2.4817721843719482 7.199999809265137
			vertex -0.301341712474823 2.4817721843719482 7.199999809265137
		endloop
	endfacet
	facet normal 0.23931563560783145 -0.9709418244949694 0
		outer loop
			vertex -0.301341712474823 2.4817721843719482 0
			vertex -0.301341712474823 2.4817721843719482 7.199999809265137
			vertex -0.8865122199058533 2.337540626525879 7.199999809265137
		endloop
	endfacet
	facet normal 0.23931563560783145 -0.9709418244949694 0
		outer loop
			vertex -0.301341712474823 2.4817721843719482 0
			vertex -0.8865122199058533 2.337540626525879 7.199999809265137
			vertex -0.8865122199058533 2.337540626525879 0
		endloop
	endfacet
	facet normal 0 -1 0
		outer loop
			vertex 0.301341712474823 2.4817721843719482 0
			vertex 0.301341712474823 2.4817721843719482 7.199999809265137
			vertex -0.301341712474823 2.4817721843719482 0
		endloop
	endfacet
	facet normal -0.23931563560783145 -0.9709418244949694 0
		outer loop
			vertex 0.8865122199058533 2.337540626525879 0
			vertex 0.8865122199058533 2.337540626525879 7.199999809265137
			vertex 0.301341712474823 2.4817721843719482 7.199999809265137
		endloop
	endfacet
	facet normal -0.23931563560783145 -0.9709418244949694 0
		outer loop
			vertex 0.8865122199058533 2.337540626525879 0
			vertex 0.301341712474823 2.4817721843719482 7.199999809265137
			vertex 0.301341712474823 2.4817721843719482 0
		endloop
	endfacet
	facet normal -0.6631225942758643 -0.7485108048390802 0
		outer loop
			vertex 1.4201618432998657 2.057459592819214 0
			vertex 1.87127685546875 1.657806634902954 7.199999809265137
			vertex 1.4201618432998657 2.057459592819214 7.199999809265137
		endloop
	endfacet
	facet normal -0.4647233090061699 -0.885455953769783 0
		outer loop
			vertex 1.4201618432998657 2.057459592819214 0
			vertex 1.4201618432998657 2.057459592819214 7.199999809265137
			vertex 0.8865122199058533 2.337540626525879 7.199999809265137
		endloop
	endfacet
	facet normal -0.4647233090061699 -0.885455953769783 0
		outer loop
			vertex 1.4201618432998657 2.057459592819214 0
			vertex 0.8865122199058533 2.337540626525879 7.199999809265137
			vertex 0.8865122199058533 2.337540626525879 0
		endloop
	endfacet
	facet normal -0.6631225942758643 -0.7485108048390802 0
		outer loop
			vertex 1.87127685546875 1.657806634902954 0
			vertex 1.87127685546875 1.657806634902954 7.199999809265137
			vertex 1.4201618432998657 2.057459592819214 0
		endloop
	endfacet
	facet normal -0.9350161751516798 -0.35460506511430945 0
		outer loop
			vertex 2.213639974594116 1.161807894706726 0
			vertex 2.427354574203491 0.5982891321182251 7.199999809265137
			vertex 2.213639974594116 1.161807894706726 7.199999809265137
		endloop
	endfacet
	facet normal -0.8229839369732987 -0.5680646437545025 0
		outer loop
			vertex 2.213639974594116 1.161807894706726 0
			vertex 2.213639974594116 1.161807894706726 7.199999809265137
			vertex 1.87127685546875 1.657806634902954 7.199999809265137
		endloop
	endfacet
	facet normal -0.8229839369732987 -0.5680646437545025 0
		outer loop
			vertex 2.213639974594116 1.161807894706726 0
			vertex 1.87127685546875 1.657806634902954 7.199999809265137
			vertex 1.87127685546875 1.657806634902954 0
		endloop
	endfacet
	facet normal -0.9350161751516798 -0.35460506511430945 0
		outer loop
			vertex 2.427354574203491 0.5982891321182251 0
			vertex 2.427354574203491 0.5982891321182251 7.199999809265137
			vertex 2.213639974594116 1.161807894706726 0
		endloop
	endfacet
	facet normal -0.9927088794915621 -0.1205366358357804 -5.125514209263669e-18
		outer loop
			vertex 2.5 0 0
			vertex 2.5 -3.0616169991140216e-16 7.199999809265137
			vertex 2.427354574203491 0.5982891321182251 7.199999809265137
		endloop
	endfacet
	facet normal -0.992708879491562 -0.12053663583578048 0
		outer loop
			vertex 2.5 0 0
			vertex 2.427354574203491 0.5982891321182251 7.199999809265137
			vertex 2.427354574203491 0.5982891321182251 0
		endloop
	endfacet
	facet normal -0.058145250222564136 -0.9983081337325442 0
		outer loop
			vertex 23.738845825195312 -8.200926780700684 0.6005989909172058
			vertex 22.956209182739258 -8.155343055725098 6.808351993560791
			vertex 22.956209182739258 -8.155343055725098 0.3916480243206024
		endloop
	endfacet
	facet normal -0.058145250222564136 -0.9983081337325442 0
		outer loop
			vertex 23.738845825195312 -8.200926780700684 0.6005989909172058
			vertex 23.738845825195312 -8.200926780700684 6.599400997161865
			vertex 22.956209182739258 -8.155343055725098 6.808351993560791
		endloop
	endfacet
	facet normal 0.2732196783216816 -0.9619516658220397 0
		outer loop
			vertex 26.37209129333496 -7.825061321258545 1.600000023841858
			vertex 26.37209129333496 -7.825061321258545 5.599999904632568
			vertex 25.53534507751465 -8.062719345092773 5.963380336761475
		endloop
	endfacet
	facet normal 0.14470414418146563 -0.989474967170322 0
		outer loop
			vertex 25.53534507751465 -8.062719345092773 1.2366195917129517
			vertex 25.53534507751465 -8.062719345092773 5.963380336761475
			vertex 24.65451431274414 -8.191534996032715 6.300195693969727
		endloop
	endfacet
	facet normal 0.27321967832168154 -0.9619516658220395 0
		outer loop
			vertex 25.53534507751465 -8.062719345092773 1.2366195917129517
			vertex 26.37209129333496 -7.825061321258545 1.600000023841858
			vertex 25.53534507751465 -8.062719345092773 5.963380336761475
		endloop
	endfacet
	facet normal 0.1447041441814656 -0.9894749671703219 0
		outer loop
			vertex 24.65451431274414 -8.191534996032715 0.8998043537139893
			vertex 25.53534507751465 -8.062719345092773 1.2366195917129517
			vertex 24.65451431274414 -8.191534996032715 6.300195693969727
		endloop
	endfacet
	facet normal 0.010256212616517858 -0.9999474036681953 0
		outer loop
			vertex 23.738845825195312 -8.200926780700684 0.6005989909172058
			vertex 24.65451431274414 -8.191534996032715 6.300195693969727
			vertex 23.738845825195312 -8.200926780700684 6.599400997161865
		endloop
	endfacet
	facet normal 0.010256212616517857 -0.9999474036681953 0
		outer loop
			vertex 23.738845825195312 -8.200926780700684 0.6005989909172058
			vertex 24.65451431274414 -8.191534996032715 0.8998043537139893
			vertex 24.65451431274414 -8.191534996032715 6.300195693969727
		endloop
	endfacet
	facet normal 0.9659257005124449 -0.25881951450681406 0
		outer loop
			vertex 26.751432418823242 -6.409343719482422 1.600000023841858
			vertex 26.37209129333496 -7.825061321258545 5.599999904632568
			vertex 26.37209129333496 -7.825061321258545 1.600000023841858
		endloop
	endfacet
	facet normal 0.9659257005124449 -0.25881951450681406 0
		outer loop
			vertex 26.751432418823242 -6.409343719482422 1.600000023841858
			vertex 26.751432418823242 -6.409343719482422 5.599999904632568
			vertex 26.37209129333496 -7.825061321258545 5.599999904632568
		endloop
	endfacet
	facet normal 0.5088552347142603 0.8608521069869639 0
		outer loop
			vertex 24.658906936645508 -4.767212390899658 0.6005989909172058
			vertex 24.658906936645508 -4.767212390899658 6.599400997161865
			vertex 25.447202682495117 -5.233179092407227 6.300195693969727
		endloop
	endfacet
	facet normal 0.5088552347142603 0.8608521069869638 0
		outer loop
			vertex 25.447202682495117 -5.233179092407227 0.8998043537139893
			vertex 24.658906936645508 -4.767212390899658 0.6005989909172058
			vertex 25.447202682495117 -5.233179092407227 6.300195693969727
		endloop
	endfacet
	facet normal 0.6200545459934098 0.784558703981357 0
		outer loop
			vertex 26.145618438720703 -5.785152912139893 1.2366195917129517
			vertex 25.447202682495117 -5.233179092407227 6.300195693969727
			vertex 26.145618438720703 -5.785152912139893 5.963380336761475
		endloop
	endfacet
	facet normal 0.6200545459934098 0.7845587039813572 0
		outer loop
			vertex 26.145618438720703 -5.785152912139893 1.2366195917129517
			vertex 25.447202682495117 -5.233179092407227 0.8998043537139893
			vertex 25.447202682495117 -5.233179092407227 6.300195693969727
		endloop
	endfacet
	facet normal 0.7175911911244748 0.6964645593427978 0
		outer loop
			vertex 26.751432418823242 -6.409343719482422 1.600000023841858
			vertex 26.145618438720703 -5.785152912139893 5.963380336761475
			vertex 26.751432418823242 -6.409343719482422 5.599999904632568
		endloop
	endfacet
	facet normal 0.7175911911244748 0.6964645593427978 0
		outer loop
			vertex 26.751432418823242 -6.409343719482422 1.600000023841858
			vertex 26.145618438720703 -5.785152912139893 1.2366195917129517
			vertex 26.145618438720703 -5.785152912139893 5.963380336761475
		endloop
	endfacet
	facet normal 0.4488001520046125 0.8936321522643627 0
		outer loop
			vertex 24.658906936645508 -4.767212390899658 0.6005989909172058
			vertex 23.958332061767578 -4.415369510650635 6.808351993560791
			vertex 24.658906936645508 -4.767212390899658 6.599400997161865
		endloop
	endfacet
	facet normal 0.4488001520046125 0.8936321522643625 0
		outer loop
			vertex 23.958332061767578 -4.415369510650635 0.3916480243206024
			vertex 23.958332061767578 -4.415369510650635 6.808351993560791
			vertex 24.658906936645508 -4.767212390899658 0.6005989909172058
		endloop
	endfacet
	facet normal -0.5495089413991039 -0.8354878355322931 0
		outer loop
			vertex 16.45798110961914 -18.971633911132812 0.6005989909172058
			vertex 15.802988052368164 -18.54083824157715 6.808351993560791
			vertex 15.802988052368164 -18.54083824157715 0.3916480243206024
		endloop
	endfacet
	facet normal -0.5495089413991039 -0.8354878355322932 0
		outer loop
			vertex 16.45798110961914 -18.971633911132812 0.6005989909172058
			vertex 16.45798110961914 -18.971633911132812 6.599400997161865
			vertex 15.802988052368164 -18.54083824157715 6.808351993560791
		endloop
	endfacet
	facet normal -0.24436059961813344 -0.9696844318407234 0
		outer loop
			vertex 18.92637062072754 -19.96274757385254 1.600000023841858
			vertex 18.92637062072754 -19.96274757385254 5.599999904632568
			vertex 18.08289909362793 -19.750192642211914 5.963380336761475
		endloop
	endfacet
	facet normal -0.36941864670165697 -0.9292630754899908 0
		outer loop
			vertex 18.08289909362793 -19.750192642211914 1.2366195917129517
			vertex 18.08289909362793 -19.750192642211914 5.963380336761475
			vertex 17.255666732788086 -19.421335220336914 6.300195693969727
		endloop
	endfacet
	facet normal -0.24436059961813347 -0.9696844318407234 0
		outer loop
			vertex 18.08289909362793 -19.750192642211914 1.2366195917129517
			vertex 18.92637062072754 -19.96274757385254 1.600000023841858
			vertex 18.08289909362793 -19.750192642211914 5.963380336761475
		endloop
	endfacet
	facet normal -0.369418646701657 -0.9292630754899908 0
		outer loop
			vertex 17.255666732788086 -19.421335220336914 0.8998043537139893
			vertex 18.08289909362793 -19.750192642211914 1.2366195917129517
			vertex 17.255666732788086 -19.421335220336914 6.300195693969727
		endloop
	endfacet
	facet normal -0.4910931899757121 -0.8711070420789165 0
		outer loop
			vertex 16.45798110961914 -18.971633911132812 0.6005989909172058
			vertex 17.255666732788086 -19.421335220336914 6.300195693969727
			vertex 16.45798110961914 -18.971633911132812 6.599400997161865
		endloop
	endfacet
	facet normal -0.49109318997571216 -0.8711070420789166 0
		outer loop
			vertex 16.45798110961914 -18.971633911132812 0.6005989909172058
			vertex 17.255666732788086 -19.421335220336914 0.8998043537139893
			vertex 17.255666732788086 -19.421335220336914 6.300195693969727
		endloop
	endfacet
	facet normal 0.7071067811865476 -0.7071067811865476 0
		outer loop
			vertex 19.96274757385254 -18.92637062072754 1.600000023841858
			vertex 18.92637062072754 -19.96274757385254 5.599999904632568
			vertex 18.92637062072754 -19.96274757385254 1.600000023841858
		endloop
	endfacet
	facet normal 0.7071067811865476 -0.7071067811865476 0
		outer loop
			vertex 19.96274757385254 -18.92637062072754 1.600000023841858
			vertex 19.96274757385254 -18.92637062072754 5.599999904632568
			vertex 18.92637062072754 -19.96274757385254 5.599999904632568
		endloop
	endfacet
	facet normal 0.8711070420789165 0.4910931899757121 0
		outer loop
			vertex 18.971633911132812 -16.45798110961914 0.6005989909172058
			vertex 18.971633911132812 -16.45798110961914 6.599400997161865
			vertex 19.421335220336914 -17.255666732788086 6.300195693969727
		endloop
	endfacet
	facet normal 0.8711070420789166 0.49109318997571216 0
		outer loop
			vertex 19.421335220336914 -17.255666732788086 0.8998043537139893
			vertex 18.971633911132812 -16.45798110961914 0.6005989909172058
			vertex 19.421335220336914 -17.255666732788086 6.300195693969727
		endloop
	endfacet
	facet normal 0.9292630754899908 0.36941864670165697 0
		outer loop
			vertex 19.750192642211914 -18.08289909362793 1.2366195917129517
			vertex 19.421335220336914 -17.255666732788086 6.300195693969727
			vertex 19.750192642211914 -18.08289909362793 5.963380336761475
		endloop
	endfacet
	facet normal 0.9292630754899908 0.369418646701657 0
		outer loop
			vertex 19.750192642211914 -18.08289909362793 1.2366195917129517
			vertex 19.421335220336914 -17.255666732788086 0.8998043537139893
			vertex 19.421335220336914 -17.255666732788086 6.300195693969727
		endloop
	endfacet
	facet normal 0.9696844318407234 0.24436059961813344 0
		outer loop
			vertex 19.96274757385254 -18.92637062072754 1.600000023841858
			vertex 19.750192642211914 -18.08289909362793 5.963380336761475
			vertex 19.96274757385254 -18.92637062072754 5.599999904632568
		endloop
	endfacet
	facet normal 0.9696844318407234 0.24436059961813347 0
		outer loop
			vertex 19.96274757385254 -18.92637062072754 1.600000023841858
			vertex 19.750192642211914 -18.08289909362793 1.2366195917129517
			vertex 19.750192642211914 -18.08289909362793 5.963380336761475
		endloop
	endfacet
	facet normal 0.8354878355322932 0.5495089413991039 0
		outer loop
			vertex 18.971633911132812 -16.45798110961914 0.6005989909172058
			vertex 18.54083824157715 -15.802988052368164 6.808351993560791
			vertex 18.971633911132812 -16.45798110961914 6.599400997161865
		endloop
	endfacet
	facet normal 0.8354878355322931 0.5495089413991039 0
		outer loop
			vertex 18.54083824157715 -15.802988052368164 0.3916480243206024
			vertex 18.54083824157715 -15.802988052368164 6.808351993560791
			vertex 18.971633911132812 -16.45798110961914 0.6005989909172058
		endloop
	endfacet
	facet normal 0.4488001520046125 -0.8936321522643625 0
		outer loop
			vertex 24.658906936645508 4.767212390899658 0.6005989909172058
			vertex 23.958332061767578 4.415369510650635 6.808351993560791
			vertex 23.958332061767578 4.415369510650635 0.3916480243206024
		endloop
	endfacet
	facet normal 0.4488001520046125 -0.8936321522643627 0
		outer loop
			vertex 24.658906936645508 4.767212390899658 0.6005989909172058
			vertex 24.658906936645508 4.767212390899658 6.599400997161865
			vertex 23.958332061767578 4.415369510650635 6.808351993560791
		endloop
	endfacet
	facet normal 0.7175911911244748 -0.6964645593427978 0
		outer loop
			vertex 26.751432418823242 6.409343719482422 1.600000023841858
			vertex 26.751432418823242 6.409343719482422 5.599999904632568
			vertex 26.145618438720703 5.785152912139893 5.963380336761475
		endloop
	endfacet
	facet normal 0.6200545459934098 -0.784558703981357 0
		outer loop
			vertex 26.145618438720703 5.785152912139893 1.2366195917129517
			vertex 26.145618438720703 5.785152912139893 5.963380336761475
			vertex 25.447202682495117 5.233179092407227 6.300195693969727
		endloop
	endfacet
	facet normal 0.7175911911244748 -0.6964645593427978 0
		outer loop
			vertex 26.145618438720703 5.785152912139893 1.2366195917129517
			vertex 26.751432418823242 6.409343719482422 1.600000023841858
			vertex 26.145618438720703 5.785152912139893 5.963380336761475
		endloop
	endfacet
	facet normal 0.6200545459934098 -0.7845587039813572 0
		outer loop
			vertex 25.447202682495117 5.233179092407227 0.8998043537139893
			vertex 26.145618438720703 5.785152912139893 1.2366195917129517
			vertex 25.447202682495117 5.233179092407227 6.300195693969727
		endloop
	endfacet
	facet normal 0.5088552347142603 -0.8608521069869639 0
		outer loop
			vertex 24.658906936645508 4.767212390899658 0.6005989909172058
			vertex 25.447202682495117 5.233179092407227 6.300195693969727
			vertex 24.658906936645508 4.767212390899658 6.599400997161865
		endloop
	endfacet
	facet normal 0.5088552347142603 -0.8608521069869638 0
		outer loop
			vertex 24.658906936645508 4.767212390899658 0.6005989909172058
			vertex 25.447202682495117 5.233179092407227 0.8998043537139893
			vertex 25.447202682495117 5.233179092407227 6.300195693969727
		endloop
	endfacet
	facet normal 0.9659257005124449 0.25881951450681406 0
		outer loop
			vertex 26.37209129333496 7.825061321258545 1.600000023841858
			vertex 26.751432418823242 6.409343719482422 5.599999904632568
			vertex 26.751432418823242 6.409343719482422 1.600000023841858
		endloop
	endfacet
	facet normal 0.9659257005124449 0.25881951450681406 0
		outer loop
			vertex 26.37209129333496 7.825061321258545 1.600000023841858
			vertex 26.37209129333496 7.825061321258545 5.599999904632568
			vertex 26.751432418823242 6.409343719482422 5.599999904632568
		endloop
	endfacet
	facet normal 0.010256212616517858 0.9999474036681953 0
		outer loop
			vertex 23.738845825195312 8.200926780700684 0.6005989909172058
			vertex 23.738845825195312 8.200926780700684 6.599400997161865
			vertex 24.65451431274414 8.191534996032715 6.300195693969727
		endloop
	endfacet
	facet normal 0.010256212616517857 0.9999474036681953 0
		outer loop
			vertex 24.65451431274414 8.191534996032715 0.8998043537139893
			vertex 23.738845825195312 8.200926780700684 0.6005989909172058
			vertex 24.65451431274414 8.191534996032715 6.300195693969727
		endloop
	endfacet
	facet normal 0.14470414418146563 0.989474967170322 0
		outer loop
			vertex 25.53534507751465 8.062719345092773 1.2366195917129517
			vertex 24.65451431274414 8.191534996032715 6.300195693969727
			vertex 25.53534507751465 8.062719345092773 5.963380336761475
		endloop
	endfacet
	facet normal 0.1447041441814656 0.9894749671703219 0
		outer loop
			vertex 25.53534507751465 8.062719345092773 1.2366195917129517
			vertex 24.65451431274414 8.191534996032715 0.8998043537139893
			vertex 24.65451431274414 8.191534996032715 6.300195693969727
		endloop
	endfacet
	facet normal 0.2732196783216816 0.9619516658220397 0
		outer loop
			vertex 26.37209129333496 7.825061321258545 1.600000023841858
			vertex 25.53534507751465 8.062719345092773 5.963380336761475
			vertex 26.37209129333496 7.825061321258545 5.599999904632568
		endloop
	endfacet
	facet normal 0.27321967832168154 0.9619516658220395 0
		outer loop
			vertex 26.37209129333496 7.825061321258545 1.600000023841858
			vertex 25.53534507751465 8.062719345092773 1.2366195917129517
			vertex 25.53534507751465 8.062719345092773 5.963380336761475
		endloop
	endfacet
	facet normal -0.058145250222564136 0.9983081337325442 0
		outer loop
			vertex 23.738845825195312 8.200926780700684 0.6005989909172058
			vertex 22.956209182739258 8.155343055725098 6.808351993560791
			vertex 23.738845825195312 8.200926780700684 6.599400997161865
		endloop
	endfacet
	facet normal -0.058145250222564136 0.9983081337325442 0
		outer loop
			vertex 22.956209182739258 8.155343055725098 0.3916480243206024
			vertex 22.956209182739258 8.155343055725098 6.808351993560791
			vertex 23.738845825195312 8.200926780700684 0.6005989909172058
		endloop
	endfacet
	facet normal -0.8936321522643625 -0.4488001520046125 0
		outer loop
			vertex 4.767212390899658 -24.658906936645508 0.6005989909172058
			vertex 4.415369510650635 -23.958332061767578 6.808351993560791
			vertex 4.415369510650635 -23.958332061767578 0.3916480243206024
		endloop
	endfacet
	facet normal -0.8936321522643627 -0.4488001520046125 0
		outer loop
			vertex 4.767212390899658 -24.658906936645508 0.6005989909172058
			vertex 4.767212390899658 -24.658906936645508 6.599400997161865
			vertex 4.415369510650635 -23.958332061767578 6.808351993560791
		endloop
	endfacet
	facet normal -0.6964645593427978 -0.7175911911244748 0
		outer loop
			vertex 6.409343719482422 -26.751432418823242 1.600000023841858
			vertex 6.409343719482422 -26.751432418823242 5.599999904632568
			vertex 5.785152912139893 -26.145618438720703 5.963380336761475
		endloop
	endfacet
	facet normal -0.784558703981357 -0.6200545459934098 0
		outer loop
			vertex 5.785152912139893 -26.145618438720703 1.2366195917129517
			vertex 5.785152912139893 -26.145618438720703 5.963380336761475
			vertex 5.233179092407227 -25.447202682495117 6.300195693969727
		endloop
	endfacet
	facet normal -0.6964645593427978 -0.7175911911244748 0
		outer loop
			vertex 5.785152912139893 -26.145618438720703 1.2366195917129517
			vertex 6.409343719482422 -26.751432418823242 1.600000023841858
			vertex 5.785152912139893 -26.145618438720703 5.963380336761475
		endloop
	endfacet
	facet normal -0.7845587039813572 -0.6200545459934098 0
		outer loop
			vertex 5.233179092407227 -25.447202682495117 0.8998043537139893
			vertex 5.785152912139893 -26.145618438720703 1.2366195917129517
			vertex 5.233179092407227 -25.447202682495117 6.300195693969727
		endloop
	endfacet
	facet normal -0.8608521069869639 -0.5088552347142603 0
		outer loop
			vertex 4.767212390899658 -24.658906936645508 0.6005989909172058
			vertex 5.233179092407227 -25.447202682495117 6.300195693969727
			vertex 4.767212390899658 -24.658906936645508 6.599400997161865
		endloop
	endfacet
	facet normal -0.8608521069869638 -0.5088552347142603 0
		outer loop
			vertex 4.767212390899658 -24.658906936645508 0.6005989909172058
			vertex 5.233179092407227 -25.447202682495117 0.8998043537139893
			vertex 5.233179092407227 -25.447202682495117 6.300195693969727
		endloop
	endfacet
	facet normal 0.25881951450681406 -0.9659257005124449 0
		outer loop
			vertex 7.825061321258545 -26.37209129333496 1.600000023841858
			vertex 6.409343719482422 -26.751432418823242 5.599999904632568
			vertex 6.409343719482422 -26.751432418823242 1.600000023841858
		endloop
	endfacet
	facet normal 0.25881951450681406 -0.9659257005124449 0
		outer loop
			vertex 7.825061321258545 -26.37209129333496 1.600000023841858
			vertex 7.825061321258545 -26.37209129333496 5.599999904632568
			vertex 6.409343719482422 -26.751432418823242 5.599999904632568
		endloop
	endfacet
	facet normal 0.9999474036681953 -0.010256212616517858 0
		outer loop
			vertex 8.200926780700684 -23.738845825195312 0.6005989909172058
			vertex 8.200926780700684 -23.738845825195312 6.599400997161865
			vertex 8.191534996032715 -24.65451431274414 6.300195693969727
		endloop
	endfacet
	facet normal 0.9999474036681953 -0.010256212616517857 0
		outer loop
			vertex 8.191534996032715 -24.65451431274414 0.8998043537139893
			vertex 8.200926780700684 -23.738845825195312 0.6005989909172058
			vertex 8.191534996032715 -24.65451431274414 6.300195693969727
		endloop
	endfacet
	facet normal 0.989474967170322 -0.14470414418146563 0
		outer loop
			vertex 8.062719345092773 -25.53534507751465 1.2366195917129517
			vertex 8.191534996032715 -24.65451431274414 6.300195693969727
			vertex 8.062719345092773 -25.53534507751465 5.963380336761475
		endloop
	endfacet
	facet normal 0.9894749671703219 -0.1447041441814656 0
		outer loop
			vertex 8.062719345092773 -25.53534507751465 1.2366195917129517
			vertex 8.191534996032715 -24.65451431274414 0.8998043537139893
			vertex 8.191534996032715 -24.65451431274414 6.300195693969727
		endloop
	endfacet
	facet normal 0.9619516658220397 -0.2732196783216816 0
		outer loop
			vertex 7.825061321258545 -26.37209129333496 1.600000023841858
			vertex 8.062719345092773 -25.53534507751465 5.963380336761475
			vertex 7.825061321258545 -26.37209129333496 5.599999904632568
		endloop
	endfacet
	facet normal 0.9619516658220395 -0.27321967832168154 0
		outer loop
			vertex 7.825061321258545 -26.37209129333496 1.600000023841858
			vertex 8.062719345092773 -25.53534507751465 1.2366195917129517
			vertex 8.062719345092773 -25.53534507751465 5.963380336761475
		endloop
	endfacet
	facet normal 0.9983081337325442 0.058145250222564136 0
		outer loop
			vertex 8.200926780700684 -23.738845825195312 0.6005989909172058
			vertex 8.155343055725098 -22.956209182739258 6.808351993560791
			vertex 8.200926780700684 -23.738845825195312 6.599400997161865
		endloop
	endfacet
	facet normal 0.9983081337325442 0.058145250222564136 0
		outer loop
			vertex 8.155343055725098 -22.956209182739258 0.3916480243206024
			vertex 8.155343055725098 -22.956209182739258 6.808351993560791
			vertex 8.200926780700684 -23.738845825195312 0.6005989909172058
		endloop
	endfacet
	facet normal 0.8354878355322931 -0.5495089413991039 0
		outer loop
			vertex 18.971633911132812 16.45798110961914 0.6005989909172058
			vertex 18.54083824157715 15.802988052368164 6.808351993560791
			vertex 18.54083824157715 15.802988052368164 0.3916480243206024
		endloop
	endfacet
	facet normal 0.8354878355322932 -0.5495089413991039 0
		outer loop
			vertex 18.971633911132812 16.45798110961914 0.6005989909172058
			vertex 18.971633911132812 16.45798110961914 6.599400997161865
			vertex 18.54083824157715 15.802988052368164 6.808351993560791
		endloop
	endfacet
	facet normal 0.9696844318407234 -0.24436059961813344 0
		outer loop
			vertex 19.96274757385254 18.92637062072754 1.600000023841858
			vertex 19.96274757385254 18.92637062072754 5.599999904632568
			vertex 19.750192642211914 18.08289909362793 5.963380336761475
		endloop
	endfacet
	facet normal 0.9292630754899908 -0.36941864670165697 0
		outer loop
			vertex 19.750192642211914 18.08289909362793 1.2366195917129517
			vertex 19.750192642211914 18.08289909362793 5.963380336761475
			vertex 19.421335220336914 17.255666732788086 6.300195693969727
		endloop
	endfacet
	facet normal 0.9696844318407234 -0.24436059961813347 0
		outer loop
			vertex 19.750192642211914 18.08289909362793 1.2366195917129517
			vertex 19.96274757385254 18.92637062072754 1.600000023841858
			vertex 19.750192642211914 18.08289909362793 5.963380336761475
		endloop
	endfacet
	facet normal 0.9292630754899908 -0.369418646701657 0
		outer loop
			vertex 19.421335220336914 17.255666732788086 0.8998043537139893
			vertex 19.750192642211914 18.08289909362793 1.2366195917129517
			vertex 19.421335220336914 17.255666732788086 6.300195693969727
		endloop
	endfacet
	facet normal 0.8711070420789165 -0.4910931899757121 0
		outer loop
			vertex 18.971633911132812 16.45798110961914 0.6005989909172058
			vertex 19.421335220336914 17.255666732788086 6.300195693969727
			vertex 18.971633911132812 16.45798110961914 6.599400997161865
		endloop
	endfacet
	facet normal 0.8711070420789166 -0.49109318997571216 0
		outer loop
			vertex 18.971633911132812 16.45798110961914 0.6005989909172058
			vertex 19.421335220336914 17.255666732788086 0.8998043537139893
			vertex 19.421335220336914 17.255666732788086 6.300195693969727
		endloop
	endfacet
	facet normal 0.7071067811865476 0.7071067811865476 0
		outer loop
			vertex 18.92637062072754 19.96274757385254 1.600000023841858
			vertex 19.96274757385254 18.92637062072754 5.599999904632568
			vertex 19.96274757385254 18.92637062072754 1.600000023841858
		endloop
	endfacet
	facet normal 0.7071067811865476 0.7071067811865476 0
		outer loop
			vertex 18.92637062072754 19.96274757385254 1.600000023841858
			vertex 18.92637062072754 19.96274757385254 5.599999904632568
			vertex 19.96274757385254 18.92637062072754 5.599999904632568
		endloop
	endfacet
	facet normal -0.4910931899757121 0.8711070420789165 0
		outer loop
			vertex 16.45798110961914 18.971633911132812 0.6005989909172058
			vertex 16.45798110961914 18.971633911132812 6.599400997161865
			vertex 17.255666732788086 19.421335220336914 6.300195693969727
		endloop
	endfacet
	facet normal -0.49109318997571216 0.8711070420789166 0
		outer loop
			vertex 17.255666732788086 19.421335220336914 0.8998043537139893
			vertex 16.45798110961914 18.971633911132812 0.6005989909172058
			vertex 17.255666732788086 19.421335220336914 6.300195693969727
		endloop
	endfacet
	facet normal -0.36941864670165697 0.9292630754899908 0
		outer loop
			vertex 18.08289909362793 19.750192642211914 1.2366195917129517
			vertex 17.255666732788086 19.421335220336914 6.300195693969727
			vertex 18.08289909362793 19.750192642211914 5.963380336761475
		endloop
	endfacet
	facet normal -0.369418646701657 0.9292630754899908 0
		outer loop
			vertex 18.08289909362793 19.750192642211914 1.2366195917129517
			vertex 17.255666732788086 19.421335220336914 0.8998043537139893
			vertex 17.255666732788086 19.421335220336914 6.300195693969727
		endloop
	endfacet
	facet normal -0.24436059961813344 0.9696844318407234 0
		outer loop
			vertex 18.92637062072754 19.96274757385254 1.600000023841858
			vertex 18.08289909362793 19.750192642211914 5.963380336761475
			vertex 18.92637062072754 19.96274757385254 5.599999904632568
		endloop
	endfacet
	facet normal -0.24436059961813347 0.9696844318407234 0
		outer loop
			vertex 18.92637062072754 19.96274757385254 1.600000023841858
			vertex 18.08289909362793 19.750192642211914 1.2366195917129517
			vertex 18.08289909362793 19.750192642211914 5.963380336761475
		endloop
	endfacet
	facet normal -0.5495089413991039 0.8354878355322932 0
		outer loop
			vertex 16.45798110961914 18.971633911132812 0.6005989909172058
			vertex 15.802988052368164 18.54083824157715 6.808351993560791
			vertex 16.45798110961914 18.971633911132812 6.599400997161865
		endloop
	endfacet
	facet normal -0.5495089413991039 0.8354878355322931 0
		outer loop
			vertex 15.802988052368164 18.54083824157715 0.3916480243206024
			vertex 15.802988052368164 18.54083824157715 6.808351993560791
			vertex 16.45798110961914 18.971633911132812 0.6005989909172058
		endloop
	endfacet
	facet normal -0.9983081337325442 0.058145250222564136 0
		outer loop
			vertex -8.200926780700684 -23.738845825195312 0.6005989909172058
			vertex -8.155343055725098 -22.956209182739258 6.808351993560791
			vertex -8.155343055725098 -22.956209182739258 0.3916480243206024
		endloop
	endfacet
	facet normal -0.9983081337325442 0.058145250222564136 0
		outer loop
			vertex -8.200926780700684 -23.738845825195312 0.6005989909172058
			vertex -8.200926780700684 -23.738845825195312 6.599400997161865
			vertex -8.155343055725098 -22.956209182739258 6.808351993560791
		endloop
	endfacet
	facet normal -0.9619516658220397 -0.2732196783216816 0
		outer loop
			vertex -7.825061321258545 -26.37209129333496 1.600000023841858
			vertex -7.825061321258545 -26.37209129333496 5.599999904632568
			vertex -8.062719345092773 -25.53534507751465 5.963380336761475
		endloop
	endfacet
	facet normal -0.989474967170322 -0.14470414418146563 0
		outer loop
			vertex -8.062719345092773 -25.53534507751465 1.2366195917129517
			vertex -8.062719345092773 -25.53534507751465 5.963380336761475
			vertex -8.191534996032715 -24.65451431274414 6.300195693969727
		endloop
	endfacet
	facet normal -0.9619516658220395 -0.27321967832168154 0
		outer loop
			vertex -8.062719345092773 -25.53534507751465 1.2366195917129517
			vertex -7.825061321258545 -26.37209129333496 1.600000023841858
			vertex -8.062719345092773 -25.53534507751465 5.963380336761475
		endloop
	endfacet
	facet normal -0.9894749671703219 -0.1447041441814656 0
		outer loop
			vertex -8.191534996032715 -24.65451431274414 0.8998043537139893
			vertex -8.062719345092773 -25.53534507751465 1.2366195917129517
			vertex -8.191534996032715 -24.65451431274414 6.300195693969727
		endloop
	endfacet
	facet normal -0.9999474036681953 -0.010256212616517858 0
		outer loop
			vertex -8.200926780700684 -23.738845825195312 0.6005989909172058
			vertex -8.191534996032715 -24.65451431274414 6.300195693969727
			vertex -8.200926780700684 -23.738845825195312 6.599400997161865
		endloop
	endfacet
	facet normal -0.9999474036681953 -0.010256212616517857 0
		outer loop
			vertex -8.200926780700684 -23.738845825195312 0.6005989909172058
			vertex -8.191534996032715 -24.65451431274414 0.8998043537139893
			vertex -8.191534996032715 -24.65451431274414 6.300195693969727
		endloop
	endfacet
	facet normal -0.25881951450681406 -0.9659257005124449 0
		outer loop
			vertex -6.409343719482422 -26.751432418823242 1.600000023841858
			vertex -7.825061321258545 -26.37209129333496 5.599999904632568
			vertex -7.825061321258545 -26.37209129333496 1.600000023841858
		endloop
	endfacet
	facet normal -0.25881951450681406 -0.9659257005124449 0
		outer loop
			vertex -6.409343719482422 -26.751432418823242 1.600000023841858
			vertex -6.409343719482422 -26.751432418823242 5.599999904632568
			vertex -7.825061321258545 -26.37209129333496 5.599999904632568
		endloop
	endfacet
	facet normal 0.8608521069869639 -0.5088552347142603 0
		outer loop
			vertex -4.767212390899658 -24.658906936645508 0.6005989909172058
			vertex -4.767212390899658 -24.658906936645508 6.599400997161865
			vertex -5.233179092407227 -25.447202682495117 6.300195693969727
		endloop
	endfacet
	facet normal 0.8608521069869638 -0.5088552347142603 0
		outer loop
			vertex -5.233179092407227 -25.447202682495117 0.8998043537139893
			vertex -4.767212390899658 -24.658906936645508 0.6005989909172058
			vertex -5.233179092407227 -25.447202682495117 6.300195693969727
		endloop
	endfacet
	facet normal 0.784558703981357 -0.6200545459934098 0
		outer loop
			vertex -5.785152912139893 -26.145618438720703 1.2366195917129517
			vertex -5.233179092407227 -25.447202682495117 6.300195693969727
			vertex -5.785152912139893 -26.145618438720703 5.963380336761475
		endloop
	endfacet
	facet normal 0.7845587039813572 -0.6200545459934098 0
		outer loop
			vertex -5.785152912139893 -26.145618438720703 1.2366195917129517
			vertex -5.233179092407227 -25.447202682495117 0.8998043537139893
			vertex -5.233179092407227 -25.447202682495117 6.300195693969727
		endloop
	endfacet
	facet normal 0.6964645593427978 -0.7175911911244748 0
		outer loop
			vertex -6.409343719482422 -26.751432418823242 1.600000023841858
			vertex -5.785152912139893 -26.145618438720703 5.963380336761475
			vertex -6.409343719482422 -26.751432418823242 5.599999904632568
		endloop
	endfacet
	facet normal 0.6964645593427978 -0.7175911911244748 0
		outer loop
			vertex -6.409343719482422 -26.751432418823242 1.600000023841858
			vertex -5.785152912139893 -26.145618438720703 1.2366195917129517
			vertex -5.785152912139893 -26.145618438720703 5.963380336761475
		endloop
	endfacet
	facet normal 0.8936321522643627 -0.4488001520046125 0
		outer loop
			vertex -4.767212390899658 -24.658906936645508 0.6005989909172058
			vertex -4.415369510650635 -23.958332061767578 6.808351993560791
			vertex -4.767212390899658 -24.658906936645508 6.599400997161865
		endloop
	endfacet
	facet normal 0.8936321522643625 -0.4488001520046125 0
		outer loop
			vertex -4.415369510650635 -23.958332061767578 0.3916480243206024
			vertex -4.415369510650635 -23.958332061767578 6.808351993560791
			vertex -4.767212390899658 -24.658906936645508 0.6005989909172058
		endloop
	endfacet
	facet normal 0.9983081337325442 -0.058145250222564136 0
		outer loop
			vertex 8.200926780700684 23.738845825195312 0.6005989909172058
			vertex 8.155343055725098 22.956209182739258 6.808351993560791
			vertex 8.155343055725098 22.956209182739258 0.3916480243206024
		endloop
	endfacet
	facet normal 0.9983081337325442 -0.058145250222564136 0
		outer loop
			vertex 8.200926780700684 23.738845825195312 0.6005989909172058
			vertex 8.200926780700684 23.738845825195312 6.599400997161865
			vertex 8.155343055725098 22.956209182739258 6.808351993560791
		endloop
	endfacet
	facet normal 0.9619516658220397 0.2732196783216816 0
		outer loop
			vertex 7.825061321258545 26.37209129333496 1.600000023841858
			vertex 7.825061321258545 26.37209129333496 5.599999904632568
			vertex 8.062719345092773 25.53534507751465 5.963380336761475
		endloop
	endfacet
	facet normal 0.989474967170322 0.14470414418146563 0
		outer loop
			vertex 8.062719345092773 25.53534507751465 1.2366195917129517
			vertex 8.062719345092773 25.53534507751465 5.963380336761475
			vertex 8.191534996032715 24.65451431274414 6.300195693969727
		endloop
	endfacet
	facet normal 0.9619516658220395 0.27321967832168154 0
		outer loop
			vertex 8.062719345092773 25.53534507751465 1.2366195917129517
			vertex 7.825061321258545 26.37209129333496 1.600000023841858
			vertex 8.062719345092773 25.53534507751465 5.963380336761475
		endloop
	endfacet
	facet normal 0.9894749671703219 0.1447041441814656 0
		outer loop
			vertex 8.191534996032715 24.65451431274414 0.8998043537139893
			vertex 8.062719345092773 25.53534507751465 1.2366195917129517
			vertex 8.191534996032715 24.65451431274414 6.300195693969727
		endloop
	endfacet
	facet normal 0.9999474036681953 0.010256212616517858 0
		outer loop
			vertex 8.200926780700684 23.738845825195312 0.6005989909172058
			vertex 8.191534996032715 24.65451431274414 6.300195693969727
			vertex 8.200926780700684 23.738845825195312 6.599400997161865
		endloop
	endfacet
	facet normal 0.9999474036681953 0.010256212616517857 0
		outer loop
			vertex 8.200926780700684 23.738845825195312 0.6005989909172058
			vertex 8.191534996032715 24.65451431274414 0.8998043537139893
			vertex 8.191534996032715 24.65451431274414 6.300195693969727
		endloop
	endfacet
	facet normal 0.25881951450681406 0.9659257005124449 0
		outer loop
			vertex 6.409343719482422 26.751432418823242 1.600000023841858
			vertex 7.825061321258545 26.37209129333496 5.599999904632568
			vertex 7.825061321258545 26.37209129333496 1.600000023841858
		endloop
	endfacet
	facet normal 0.25881951450681406 0.9659257005124449 0
		outer loop
			vertex 6.409343719482422 26.751432418823242 1.600000023841858
			vertex 6.409343719482422 26.751432418823242 5.599999904632568
			vertex 7.825061321258545 26.37209129333496 5.599999904632568
		endloop
	endfacet
	facet normal -0.8608521069869639 0.5088552347142603 0
		outer loop
			vertex 4.767212390899658 24.658906936645508 0.6005989909172058
			vertex 4.767212390899658 24.658906936645508 6.599400997161865
			vertex 5.233179092407227 25.447202682495117 6.300195693969727
		endloop
	endfacet
	facet normal -0.8608521069869638 0.5088552347142603 0
		outer loop
			vertex 5.233179092407227 25.447202682495117 0.8998043537139893
			vertex 4.767212390899658 24.658906936645508 0.6005989909172058
			vertex 5.233179092407227 25.447202682495117 6.300195693969727
		endloop
	endfacet
	facet normal -0.784558703981357 0.6200545459934098 0
		outer loop
			vertex 5.785152912139893 26.145618438720703 1.2366195917129517
			vertex 5.233179092407227 25.447202682495117 6.300195693969727
			vertex 5.785152912139893 26.145618438720703 5.963380336761475
		endloop
	endfacet
	facet normal -0.7845587039813572 0.6200545459934098 0
		outer loop
			vertex 5.785152912139893 26.145618438720703 1.2366195917129517
			vertex 5.233179092407227 25.447202682495117 0.8998043537139893
			vertex 5.233179092407227 25.447202682495117 6.300195693969727
		endloop
	endfacet
	facet normal -0.6964645593427978 0.7175911911244748 0
		outer loop
			vertex 6.409343719482422 26.751432418823242 1.600000023841858
			vertex 5.785152912139893 26.145618438720703 5.963380336761475
			vertex 6.409343719482422 26.751432418823242 5.599999904632568
		endloop
	endfacet
	facet normal -0.6964645593427978 0.7175911911244748 0
		outer loop
			vertex 6.409343719482422 26.751432418823242 1.600000023841858
			vertex 5.785152912139893 26.145618438720703 1.2366195917129517
			vertex 5.785152912139893 26.145618438720703 5.963380336761475
		endloop
	endfacet
	facet normal -0.8936321522643627 0.4488001520046125 0
		outer loop
			vertex 4.767212390899658 24.658906936645508 0.6005989909172058
			vertex 4.415369510650635 23.958332061767578 6.808351993560791
			vertex 4.767212390899658 24.658906936645508 6.599400997161865
		endloop
	endfacet
	facet normal -0.8936321522643625 0.4488001520046125 0
		outer loop
			vertex 4.415369510650635 23.958332061767578 0.3916480243206024
			vertex 4.415369510650635 23.958332061767578 6.808351993560791
			vertex 4.767212390899658 24.658906936645508 0.6005989909172058
		endloop
	endfacet
	facet normal -0.8354878355322931 0.5495089413991039 0
		outer loop
			vertex -18.971633911132812 -16.45798110961914 0.6005989909172058
			vertex -18.54083824157715 -15.802988052368164 6.808351993560791
			vertex -18.54083824157715 -15.802988052368164 0.3916480243206024
		endloop
	endfacet
	facet normal -0.8354878355322932 0.5495089413991039 0
		outer loop
			vertex -18.971633911132812 -16.45798110961914 0.6005989909172058
			vertex -18.971633911132812 -16.45798110961914 6.599400997161865
			vertex -18.54083824157715 -15.802988052368164 6.808351993560791
		endloop
	endfacet
	facet normal -0.9696844318407234 0.24436059961813344 0
		outer loop
			vertex -19.96274757385254 -18.92637062072754 1.600000023841858
			vertex -19.96274757385254 -18.92637062072754 5.599999904632568
			vertex -19.750192642211914 -18.08289909362793 5.963380336761475
		endloop
	endfacet
	facet normal -0.9292630754899908 0.36941864670165697 0
		outer loop
			vertex -19.750192642211914 -18.08289909362793 1.2366195917129517
			vertex -19.750192642211914 -18.08289909362793 5.963380336761475
			vertex -19.421335220336914 -17.255666732788086 6.300195693969727
		endloop
	endfacet
	facet normal -0.9696844318407234 0.24436059961813347 0
		outer loop
			vertex -19.750192642211914 -18.08289909362793 1.2366195917129517
			vertex -19.96274757385254 -18.92637062072754 1.600000023841858
			vertex -19.750192642211914 -18.08289909362793 5.963380336761475
		endloop
	endfacet
	facet normal -0.9292630754899908 0.369418646701657 0
		outer loop
			vertex -19.421335220336914 -17.255666732788086 0.8998043537139893
			vertex -19.750192642211914 -18.08289909362793 1.2366195917129517
			vertex -19.421335220336914 -17.255666732788086 6.300195693969727
		endloop
	endfacet
	facet normal -0.8711070420789165 0.4910931899757121 0
		outer loop
			vertex -18.971633911132812 -16.45798110961914 0.6005989909172058
			vertex -19.421335220336914 -17.255666732788086 6.300195693969727
			vertex -18.971633911132812 -16.45798110961914 6.599400997161865
		endloop
	endfacet
	facet normal -0.8711070420789166 0.49109318997571216 0
		outer loop
			vertex -18.971633911132812 -16.45798110961914 0.6005989909172058
			vertex -19.421335220336914 -17.255666732788086 0.8998043537139893
			vertex -19.421335220336914 -17.255666732788086 6.300195693969727
		endloop
	endfacet
	facet normal -0.7071067811865476 -0.7071067811865476 0
		outer loop
			vertex -18.92637062072754 -19.96274757385254 1.600000023841858
			vertex -19.96274757385254 -18.92637062072754 5.599999904632568
			vertex -19.96274757385254 -18.92637062072754 1.600000023841858
		endloop
	endfacet
	facet normal -0.7071067811865476 -0.7071067811865476 0
		outer loop
			vertex -18.92637062072754 -19.96274757385254 1.600000023841858
			vertex -18.92637062072754 -19.96274757385254 5.599999904632568
			vertex -19.96274757385254 -18.92637062072754 5.599999904632568
		endloop
	endfacet
	facet normal 0.4910931899757121 -0.8711070420789165 0
		outer loop
			vertex -16.45798110961914 -18.971633911132812 0.6005989909172058
			vertex -16.45798110961914 -18.971633911132812 6.599400997161865
			vertex -17.255666732788086 -19.421335220336914 6.300195693969727
		endloop
	endfacet
	facet normal 0.49109318997571216 -0.8711070420789166 0
		outer loop
			vertex -17.255666732788086 -19.421335220336914 0.8998043537139893
			vertex -16.45798110961914 -18.971633911132812 0.6005989909172058
			vertex -17.255666732788086 -19.421335220336914 6.300195693969727
		endloop
	endfacet
	facet normal 0.36941864670165697 -0.9292630754899908 0
		outer loop
			vertex -18.08289909362793 -19.750192642211914 1.2366195917129517
			vertex -17.255666732788086 -19.421335220336914 6.300195693969727
			vertex -18.08289909362793 -19.750192642211914 5.963380336761475
		endloop
	endfacet
	facet normal 0.369418646701657 -0.9292630754899908 0
		outer loop
			vertex -18.08289909362793 -19.750192642211914 1.2366195917129517
			vertex -17.255666732788086 -19.421335220336914 0.8998043537139893
			vertex -17.255666732788086 -19.421335220336914 6.300195693969727
		endloop
	endfacet
	facet normal 0.24436059961813344 -0.9696844318407234 0
		outer loop
			vertex -18.92637062072754 -19.96274757385254 1.600000023841858
			vertex -18.08289909362793 -19.750192642211914 5.963380336761475
			vertex -18.92637062072754 -19.96274757385254 5.599999904632568
		endloop
	endfacet
	facet normal 0.24436059961813347 -0.9696844318407234 0
		outer loop
			vertex -18.92637062072754 -19.96274757385254 1.600000023841858
			vertex -18.08289909362793 -19.750192642211914 1.2366195917129517
			vertex -18.08289909362793 -19.750192642211914 5.963380336761475
		endloop
	endfacet
	facet normal 0.5495089413991039 -0.8354878355322932 0
		outer loop
			vertex -16.45798110961914 -18.971633911132812 0.6005989909172058
			vertex -15.802988052368164 -18.54083824157715 6.808351993560791
			vertex -16.45798110961914 -18.971633911132812 6.599400997161865
		endloop
	endfacet
	facet normal 0.5495089413991039 -0.8354878355322931 0
		outer loop
			vertex -15.802988052368164 -18.54083824157715 0.3916480243206024
			vertex -15.802988052368164 -18.54083824157715 6.808351993560791
			vertex -16.45798110961914 -18.971633911132812 0.6005989909172058
		endloop
	endfacet
	facet normal 0.8936321522643625 0.4488001520046125 0
		outer loop
			vertex -4.767212390899658 24.658906936645508 0.6005989909172058
			vertex -4.415369510650635 23.958332061767578 6.808351993560791
			vertex -4.415369510650635 23.958332061767578 0.3916480243206024
		endloop
	endfacet
	facet normal 0.8936321522643627 0.4488001520046125 0
		outer loop
			vertex -4.767212390899658 24.658906936645508 0.6005989909172058
			vertex -4.767212390899658 24.658906936645508 6.599400997161865
			vertex -4.415369510650635 23.958332061767578 6.808351993560791
		endloop
	endfacet
	facet normal 0.6964645593427978 0.7175911911244748 0
		outer loop
			vertex -6.409343719482422 26.751432418823242 1.600000023841858
			vertex -6.409343719482422 26.751432418823242 5.599999904632568
			vertex -5.785152912139893 26.145618438720703 5.963380336761475
		endloop
	endfacet
	facet normal 0.784558703981357 0.6200545459934098 0
		outer loop
			vertex -5.785152912139893 26.145618438720703 1.2366195917129517
			vertex -5.785152912139893 26.145618438720703 5.963380336761475
			vertex -5.233179092407227 25.447202682495117 6.300195693969727
		endloop
	endfacet
	facet normal 0.6964645593427978 0.7175911911244748 0
		outer loop
			vertex -5.785152912139893 26.145618438720703 1.2366195917129517
			vertex -6.409343719482422 26.751432418823242 1.600000023841858
			vertex -5.785152912139893 26.145618438720703 5.963380336761475
		endloop
	endfacet
	facet normal 0.7845587039813572 0.6200545459934098 0
		outer loop
			vertex -5.233179092407227 25.447202682495117 0.8998043537139893
			vertex -5.785152912139893 26.145618438720703 1.2366195917129517
			vertex -5.233179092407227 25.447202682495117 6.300195693969727
		endloop
	endfacet
	facet normal 0.8608521069869639 0.5088552347142603 0
		outer loop
			vertex -4.767212390899658 24.658906936645508 0.6005989909172058
			vertex -5.233179092407227 25.447202682495117 6.300195693969727
			vertex -4.767212390899658 24.658906936645508 6.599400997161865
		endloop
	endfacet
	facet normal 0.8608521069869638 0.5088552347142603 0
		outer loop
			vertex -4.767212390899658 24.658906936645508 0.6005989909172058
			vertex -5.233179092407227 25.447202682495117 0.8998043537139893
			vertex -5.233179092407227 25.447202682495117 6.300195693969727
		endloop
	endfacet
	facet normal -0.25881951450681406 0.9659257005124449 0
		outer loop
			vertex -7.825061321258545 26.37209129333496 1.600000023841858
			vertex -6.409343719482422 26.751432418823242 5.599999904632568
			vertex -6.409343719482422 26.751432418823242 1.600000023841858
		endloop
	endfacet
	facet normal -0.25881951450681406 0.9659257005124449 0
		outer loop
			vertex -7.825061321258545 26.37209129333496 1.600000023841858
			vertex -7.825061321258545 26.37209129333496 5.599999904632568
			vertex -6.409343719482422 26.751432418823242 5.599999904632568
		endloop
	endfacet
	facet normal -0.9999474036681953 0.010256212616517858 0
		outer loop
			vertex -8.200926780700684 23.738845825195312 0.6005989909172058
			vertex -8.200926780700684 23.738845825195312 6.599400997161865
			vertex -8.191534996032715 24.65451431274414 6.300195693969727
		endloop
	endfacet
	facet normal -0.9999474036681953 0.010256212616517857 0
		outer loop
			vertex -8.191534996032715 24.65451431274414 0.8998043537139893
			vertex -8.200926780700684 23.738845825195312 0.6005989909172058
			vertex -8.191534996032715 24.65451431274414 6.300195693969727
		endloop
	endfacet
	facet normal -0.989474967170322 0.14470414418146563 0
		outer loop
			vertex -8.062719345092773 25.53534507751465 1.2366195917129517
			vertex -8.191534996032715 24.65451431274414 6.300195693969727
			vertex -8.062719345092773 25.53534507751465 5.963380336761475
		endloop
	endfacet
	facet normal -0.9894749671703219 0.1447041441814656 0
		outer loop
			vertex -8.062719345092773 25.53534507751465 1.2366195917129517
			vertex -8.191534996032715 24.65451431274414 0.8998043537139893
			vertex -8.191534996032715 24.65451431274414 6.300195693969727
		endloop
	endfacet
	facet normal -0.9619516658220397 0.2732196783216816 0
		outer loop
			vertex -7.825061321258545 26.37209129333496 1.600000023841858
			vertex -8.062719345092773 25.53534507751465 5.963380336761475
			vertex -7.825061321258545 26.37209129333496 5.599999904632568
		endloop
	endfacet
	facet normal -0.9619516658220395 0.27321967832168154 0
		outer loop
			vertex -7.825061321258545 26.37209129333496 1.600000023841858
			vertex -8.062719345092773 25.53534507751465 1.2366195917129517
			vertex -8.062719345092773 25.53534507751465 5.963380336761475
		endloop
	endfacet
	facet normal -0.9983081337325442 -0.058145250222564136 0
		outer loop
			vertex -8.200926780700684 23.738845825195312 0.6005989909172058
			vertex -8.155343055725098 22.956209182739258 6.808351993560791
			vertex -8.200926780700684 23.738845825195312 6.599400997161865
		endloop
	endfacet
	facet normal -0.9983081337325442 -0.058145250222564136 0
		outer loop
			vertex -8.155343055725098 22.956209182739258 0.3916480243206024
			vertex -8.155343055725098 22.956209182739258 6.808351993560791
			vertex -8.200926780700684 23.738845825195312 0.6005989909172058
		endloop
	endfacet
	facet normal -0.4488001520046125 0.8936321522643625 0
		outer loop
			vertex -24.658906936645508 -4.767212390899658 0.6005989909172058
			vertex -23.958332061767578 -4.415369510650635 6.808351993560791
			vertex -23.958332061767578 -4.415369510650635 0.3916480243206024
		endloop
	endfacet
	facet normal -0.4488001520046125 0.8936321522643627 0
		outer loop
			vertex -24.658906936645508 -4.767212390899658 0.6005989909172058
			vertex -24.658906936645508 -4.767212390899658 6.599400997161865
			vertex -23.958332061767578 -4.415369510650635 6.808351993560791
		endloop
	endfacet
	facet normal -0.7175911911244748 0.6964645593427978 0
		outer loop
			vertex -26.751432418823242 -6.409343719482422 1.600000023841858
			vertex -26.751432418823242 -6.409343719482422 5.599999904632568
			vertex -26.145618438720703 -5.785152912139893 5.963380336761475
		endloop
	endfacet
	facet normal -0.6200545459934098 0.784558703981357 0
		outer loop
			vertex -26.145618438720703 -5.785152912139893 1.2366195917129517
			vertex -26.145618438720703 -5.785152912139893 5.963380336761475
			vertex -25.447202682495117 -5.233179092407227 6.300195693969727
		endloop
	endfacet
	facet normal -0.7175911911244748 0.6964645593427978 0
		outer loop
			vertex -26.145618438720703 -5.785152912139893 1.2366195917129517
			vertex -26.751432418823242 -6.409343719482422 1.600000023841858
			vertex -26.145618438720703 -5.785152912139893 5.963380336761475
		endloop
	endfacet
	facet normal -0.6200545459934098 0.7845587039813572 0
		outer loop
			vertex -25.447202682495117 -5.233179092407227 0.8998043537139893
			vertex -26.145618438720703 -5.785152912139893 1.2366195917129517
			vertex -25.447202682495117 -5.233179092407227 6.300195693969727
		endloop
	endfacet
	facet normal -0.5088552347142603 0.8608521069869639 0
		outer loop
			vertex -24.658906936645508 -4.767212390899658 0.6005989909172058
			vertex -25.447202682495117 -5.233179092407227 6.300195693969727
			vertex -24.658906936645508 -4.767212390899658 6.599400997161865
		endloop
	endfacet
	facet normal -0.5088552347142603 0.8608521069869638 0
		outer loop
			vertex -24.658906936645508 -4.767212390899658 0.6005989909172058
			vertex -25.447202682495117 -5.233179092407227 0.8998043537139893
			vertex -25.447202682495117 -5.233179092407227 6.300195693969727
		endloop
	endfacet
	facet normal -0.9659257005124449 -0.25881951450681406 0
		outer loop
			vertex -26.37209129333496 -7.825061321258545 1.600000023841858
			vertex -26.751432418823242 -6.409343719482422 5.599999904632568
			vertex -26.751432418823242 -6.409343719482422 1.600000023841858
		endloop
	endfacet
	facet normal -0.9659257005124449 -0.25881951450681406 0
		outer loop
			vertex -26.37209129333496 -7.825061321258545 1.600000023841858
			vertex -26.37209129333496 -7.825061321258545 5.599999904632568
			vertex -26.751432418823242 -6.409343719482422 5.599999904632568
		endloop
	endfacet
	facet normal -0.010256212616517858 -0.9999474036681953 0
		outer loop
			vertex -23.738845825195312 -8.200926780700684 0.6005989909172058
			vertex -23.738845825195312 -8.200926780700684 6.599400997161865
			vertex -24.65451431274414 -8.191534996032715 6.300195693969727
		endloop
	endfacet
	facet normal -0.010256212616517857 -0.9999474036681953 0
		outer loop
			vertex -24.65451431274414 -8.191534996032715 0.8998043537139893
			vertex -23.738845825195312 -8.200926780700684 0.6005989909172058
			vertex -24.65451431274414 -8.191534996032715 6.300195693969727
		endloop
	endfacet
	facet normal -0.14470414418146563 -0.989474967170322 0
		outer loop
			vertex -25.53534507751465 -8.062719345092773 1.2366195917129517
			vertex -24.65451431274414 -8.191534996032715 6.300195693969727
			vertex -25.53534507751465 -8.062719345092773 5.963380336761475
		endloop
	endfacet
	facet normal -0.1447041441814656 -0.9894749671703219 0
		outer loop
			vertex -25.53534507751465 -8.062719345092773 1.2366195917129517
			vertex -24.65451431274414 -8.191534996032715 0.8998043537139893
			vertex -24.65451431274414 -8.191534996032715 6.300195693969727
		endloop
	endfacet
	facet normal -0.2732196783216816 -0.9619516658220397 0
		outer loop
			vertex -26.37209129333496 -7.825061321258545 1.600000023841858
			vertex -25.53534507751465 -8.062719345092773 5.963380336761475
			vertex -26.37209129333496 -7.825061321258545 5.599999904632568
		endloop
	endfacet
	facet normal -0.27321967832168154 -0.9619516658220395 0
		outer loop
			vertex -26.37209129333496 -7.825061321258545 1.600000023841858
			vertex -25.53534507751465 -8.062719345092773 1.2366195917129517
			vertex -25.53534507751465 -8.062719345092773 5.963380336761475
		endloop
	endfacet
	facet normal 0.058145250222564136 -0.9983081337325442 0
		outer loop
			vertex -23.738845825195312 -8.200926780700684 0.6005989909172058
			vertex -22.956209182739258 -8.155343055725098 6.808351993560791
			vertex -23.738845825195312 -8.200926780700684 6.599400997161865
		endloop
	endfacet
	facet normal 0.058145250222564136 -0.9983081337325442 0
		outer loop
			vertex -22.956209182739258 -8.155343055725098 0.3916480243206024
			vertex -22.956209182739258 -8.155343055725098 6.808351993560791
			vertex -23.738845825195312 -8.200926780700684 0.6005989909172058
		endloop
	endfacet
	facet normal 0.5495089413991039 0.8354878355322931 0
		outer loop
			vertex -16.45798110961914 18.971633911132812 0.6005989909172058
			vertex -15.802988052368164 18.54083824157715 6.808351993560791
			vertex -15.802988052368164 18.54083824157715 0.3916480243206024
		endloop
	endfacet
	facet normal 0.5495089413991039 0.8354878355322932 0
		outer loop
			vertex -16.45798110961914 18.971633911132812 0.6005989909172058
			vertex -16.45798110961914 18.971633911132812 6.599400997161865
			vertex -15.802988052368164 18.54083824157715 6.808351993560791
		endloop
	endfacet
	facet normal 0.24436059961813344 0.9696844318407234 0
		outer loop
			vertex -18.92637062072754 19.96274757385254 1.600000023841858
			vertex -18.92637062072754 19.96274757385254 5.599999904632568
			vertex -18.08289909362793 19.750192642211914 5.963380336761475
		endloop
	endfacet
	facet normal 0.36941864670165697 0.9292630754899908 0
		outer loop
			vertex -18.08289909362793 19.750192642211914 1.2366195917129517
			vertex -18.08289909362793 19.750192642211914 5.963380336761475
			vertex -17.255666732788086 19.421335220336914 6.300195693969727
		endloop
	endfacet
	facet normal 0.24436059961813347 0.9696844318407234 0
		outer loop
			vertex -18.08289909362793 19.750192642211914 1.2366195917129517
			vertex -18.92637062072754 19.96274757385254 1.600000023841858
			vertex -18.08289909362793 19.750192642211914 5.963380336761475
		endloop
	endfacet
	facet normal 0.369418646701657 0.9292630754899908 0
		outer loop
			vertex -17.255666732788086 19.421335220336914 0.8998043537139893
			vertex -18.08289909362793 19.750192642211914 1.2366195917129517
			vertex -17.255666732788086 19.421335220336914 6.300195693969727
		endloop
	endfacet
	facet normal 0.4910931899757121 0.8711070420789165 0
		outer loop
			vertex -16.45798110961914 18.971633911132812 0.6005989909172058
			vertex -17.255666732788086 19.421335220336914 6.300195693969727
			vertex -16.45798110961914 18.971633911132812 6.599400997161865
		endloop
	endfacet
	facet normal 0.49109318997571216 0.8711070420789166 0
		outer loop
			vertex -16.45798110961914 18.971633911132812 0.6005989909172058
			vertex -17.255666732788086 19.421335220336914 0.8998043537139893
			vertex -17.255666732788086 19.421335220336914 6.300195693969727
		endloop
	endfacet
	facet normal -0.7071067811865476 0.7071067811865476 0
		outer loop
			vertex -19.96274757385254 18.92637062072754 1.600000023841858
			vertex -18.92637062072754 19.96274757385254 5.599999904632568
			vertex -18.92637062072754 19.96274757385254 1.600000023841858
		endloop
	endfacet
	facet normal -0.7071067811865476 0.7071067811865476 0
		outer loop
			vertex -19.96274757385254 18.92637062072754 1.600000023841858
			vertex -19.96274757385254 18.92637062072754 5.599999904632568
			vertex -18.92637062072754 19.96274757385254 5.599999904632568
		endloop
	endfacet
	facet normal -0.8711070420789165 -0.4910931899757121 0
		outer loop
			vertex -18.971633911132812 16.45798110961914 0.6005989909172058
			vertex -18.971633911132812 16.45798110961914 6.599400997161865
			vertex -19.421335220336914 17.255666732788086 6.300195693969727
		endloop
	endfacet
	facet normal -0.8711070420789166 -0.49109318997571216 0
		outer loop
			vertex -19.421335220336914 17.255666732788086 0.8998043537139893
			vertex -18.971633911132812 16.45798110961914 0.6005989909172058
			vertex -19.421335220336914 17.255666732788086 6.300195693969727
		endloop
	endfacet
	facet normal -0.9292630754899908 -0.36941864670165697 0
		outer loop
			vertex -19.750192642211914 18.08289909362793 1.2366195917129517
			vertex -19.421335220336914 17.255666732788086 6.300195693969727
			vertex -19.750192642211914 18.08289909362793 5.963380336761475
		endloop
	endfacet
	facet normal -0.9292630754899908 -0.369418646701657 0
		outer loop
			vertex -19.750192642211914 18.08289909362793 1.2366195917129517
			vertex -19.421335220336914 17.255666732788086 0.8998043537139893
			vertex -19.421335220336914 17.255666732788086 6.300195693969727
		endloop
	endfacet
	facet normal -0.9696844318407234 -0.24436059961813344 0
		outer loop
			vertex -19.96274757385254 18.92637062072754 1.600000023841858
			vertex -19.750192642211914 18.08289909362793 5.963380336761475
			vertex -19.96274757385254 18.92637062072754 5.599999904632568
		endloop
	endfacet
	facet normal -0.9696844318407234 -0.24436059961813347 0
		outer loop
			vertex -19.96274757385254 18.92637062072754 1.600000023841858
			vertex -19.750192642211914 18.08289909362793 1.2366195917129517
			vertex -19.750192642211914 18.08289909362793 5.963380336761475
		endloop
	endfacet
	facet normal -0.8354878355322932 -0.5495089413991039 0
		outer loop
			vertex -18.971633911132812 16.45798110961914 0.6005989909172058
			vertex -18.54083824157715 15.802988052368164 6.808351993560791
			vertex -18.971633911132812 16.45798110961914 6.599400997161865
		endloop
	endfacet
	facet normal -0.8354878355322931 -0.5495089413991039 0
		outer loop
			vertex -18.54083824157715 15.802988052368164 0.3916480243206024
			vertex -18.54083824157715 15.802988052368164 6.808351993560791
			vertex -18.971633911132812 16.45798110961914 0.6005989909172058
		endloop
	endfacet
	facet normal 0.058145250222564136 0.9983081337325442 0
		outer loop
			vertex -23.738845825195312 8.200926780700684 0.6005989909172058
			vertex -22.956209182739258 8.155343055725098 6.808351993560791
			vertex -22.956209182739258 8.155343055725098 0.3916480243206024
		endloop
	endfacet
	facet normal 0.058145250222564136 0.9983081337325442 0
		outer loop
			vertex -23.738845825195312 8.200926780700684 0.6005989909172058
			vertex -23.738845825195312 8.200926780700684 6.599400997161865
			vertex -22.956209182739258 8.155343055725098 6.808351993560791
		endloop
	endfacet
	facet normal -0.2732196783216816 0.9619516658220397 0
		outer loop
			vertex -26.37209129333496 7.825061321258545 1.600000023841858
			vertex -26.37209129333496 7.825061321258545 5.599999904632568
			vertex -25.53534507751465 8.062719345092773 5.963380336761475
		endloop
	endfacet
	facet normal -0.14470414418146563 0.989474967170322 0
		outer loop
			vertex -25.53534507751465 8.062719345092773 1.2366195917129517
			vertex -25.53534507751465 8.062719345092773 5.963380336761475
			vertex -24.65451431274414 8.191534996032715 6.300195693969727
		endloop
	endfacet
	facet normal -0.27321967832168154 0.9619516658220395 0
		outer loop
			vertex -25.53534507751465 8.062719345092773 1.2366195917129517
			vertex -26.37209129333496 7.825061321258545 1.600000023841858
			vertex -25.53534507751465 8.062719345092773 5.963380336761475
		endloop
	endfacet
	facet normal -0.1447041441814656 0.9894749671703219 0
		outer loop
			vertex -24.65451431274414 8.191534996032715 0.8998043537139893
			vertex -25.53534507751465 8.062719345092773 1.2366195917129517
			vertex -24.65451431274414 8.191534996032715 6.300195693969727
		endloop
	endfacet
	facet normal -0.010256212616517858 0.9999474036681953 0
		outer loop
			vertex -23.738845825195312 8.200926780700684 0.6005989909172058
			vertex -24.65451431274414 8.191534996032715 6.300195693969727
			vertex -23.738845825195312 8.200926780700684 6.599400997161865
		endloop
	endfacet
	facet normal -0.010256212616517857 0.9999474036681953 0
		outer loop
			vertex -23.738845825195312 8.200926780700684 0.6005989909172058
			vertex -24.65451431274414 8.191534996032715 0.8998043537139893
			vertex -24.65451431274414 8.191534996032715 6.300195693969727
		endloop
	endfacet
	facet normal -0.9659257005124449 0.25881951450681406 0
		outer loop
			vertex -26.751432418823242 6.409343719482422 1.600000023841858
			vertex -26.37209129333496 7.825061321258545 5.599999904632568
			vertex -26.37209129333496 7.825061321258545 1.600000023841858
		endloop
	endfacet
	facet normal -0.9659257005124449 0.25881951450681406 0
		outer loop
			vertex -26.751432418823242 6.409343719482422 1.600000023841858
			vertex -26.751432418823242 6.409343719482422 5.599999904632568
			vertex -26.37209129333496 7.825061321258545 5.599999904632568
		endloop
	endfacet
	facet normal -0.5088552347142603 -0.8608521069869639 0
		outer loop
			vertex -24.658906936645508 4.767212390899658 0.6005989909172058
			vertex -24.658906936645508 4.767212390899658 6.599400997161865
			vertex -25.447202682495117 5.233179092407227 6.300195693969727
		endloop
	endfacet
	facet normal -0.5088552347142603 -0.8608521069869638 0
		outer loop
			vertex -25.447202682495117 5.233179092407227 0.8998043537139893
			vertex -24.658906936645508 4.767212390899658 0.6005989909172058
			vertex -25.447202682495117 5.233179092407227 6.300195693969727
		endloop
	endfacet
	facet normal -0.6200545459934098 -0.784558703981357 0
		outer loop
			vertex -26.145618438720703 5.785152912139893 1.2366195917129517
			vertex -25.447202682495117 5.233179092407227 6.300195693969727
			vertex -26.145618438720703 5.785152912139893 5.963380336761475
		endloop
	endfacet
	facet normal -0.6200545459934098 -0.7845587039813572 0
		outer loop
			vertex -26.145618438720703 5.785152912139893 1.2366195917129517
			vertex -25.447202682495117 5.233179092407227 0.8998043537139893
			vertex -25.447202682495117 5.233179092407227 6.300195693969727
		endloop
	endfacet
	facet normal -0.7175911911244748 -0.6964645593427978 0
		outer loop
			vertex -26.751432418823242 6.409343719482422 1.600000023841858
			vertex -26.145618438720703 5.785152912139893 5.963380336761475
			vertex -26.751432418823242 6.409343719482422 5.599999904632568
		endloop
	endfacet
	facet normal -0.7175911911244748 -0.6964645593427978 0
		outer loop
			vertex -26.751432418823242 6.409343719482422 1.600000023841858
			vertex -26.145618438720703 5.785152912139893 1.2366195917129517
			vertex -26.145618438720703 5.785152912139893 5.963380336761475
		endloop
	endfacet
	facet normal -0.4488001520046125 -0.8936321522643627 0
		outer loop
			vertex -24.658906936645508 4.767212390899658 0.6005989909172058
			vertex -23.958332061767578 4.415369510650635 6.808351993560791
			vertex -24.658906936645508 4.767212390899658 6.599400997161865
		endloop
	endfacet
	facet normal -0.4488001520046125 -0.8936321522643625 0
		outer loop
			vertex -23.958332061767578 4.415369510650635 0.3916480243206024
			vertex -23.958332061767578 4.415369510650635 6.808351993560791
			vertex -24.658906936645508 4.767212390899658 0.6005989909172058
		endloop
	endfacet
endsolid exported
