/* META-MATIC-ID: 55f8bb20e500 */
ISO-10303-21;
HEADER;
FILE_DESCRIPTION(('Sprocket - meta-matic-generator 1.0'),'2;1')
FILE_NAME('Sprocket_55f8bb20e500','2026-04-03T14:56:17',('Takahashi Mizuki @tkhsmz'),('meta-matic.com'),'meta-matic-generator 1.0','Open CASCADE','META-MATIC-ID: 55f8bb20e500');
FILE_SCHEMA(('AUTOMOTIVE_DESIGN { 1 0 10303 214 1 1 1 1 }'));
ENDSEC;
DATA;
#1 = APPLICATION_PROTOCOL_DEFINITION('international standard',
  'automotive_design',2000,#2);
#2 = APPLICATION_CONTEXT(
  'core data for automotive mechanical design processes');
#3 = SHAPE_DEFINITION_REPRESENTATION(#4,#10);
#4 = PRODUCT_DEFINITION_SHAPE('','',#5);
#5 = PRODUCT_DEFINITION('design','',#6,#9);
#6 = PRODUCT_DEFINITION_FORMATION('','',#7);
#7 = PRODUCT('Sprocket meta-matic-generator 1.0 -55f8bb20e500',
  'Sprocket meta-matic-generator 1.0 -55f8bb20e500','',(#8));
#8 = PRODUCT_CONTEXT('',#2,'mechanical');
#9 = PRODUCT_DEFINITION_CONTEXT('part definition',#2,'design');
#10 = ADVANCED_BREP_SHAPE_REPRESENTATION('',(#11,#15),#15208);
#11 = AXIS2_PLACEMENT_3D('',#12,#13,#14);
#12 = CARTESIAN_POINT('',(0.,0.,0.));
#13 = DIRECTION('',(0.,0.,1.));
#14 = DIRECTION('',(1.,0.,-0.));
#15 = MANIFOLD_SOLID_BREP('',#16);
#16 = CLOSED_SHELL('',(#17,#105,#855,#890,#997,#1386,#1751,#1816,#1872,
    #2246,#2602,#2676,#2732,#3106,#3462,#3527,#3583,#3957,#4313,#4378,
    #4443,#4799,#5164,#5229,#5303,#5659,#6009,#6037,#6092,#6372,#6652,
    #6722,#6955,#6983,#7267,#7295,#7550,#7577,#7857,#7927,#8160,#8167,
    #8194,#8474,#8501,#8529,#8784,#8811,#9091,#9161,#9394,#9401,#9428,
    #9708,#9735,#9763,#10018,#10045,#10325,#10395,#10628,#10635,#10662,
    #10942,#10969,#10997,#11252,#11279,#11559,#11629,#11862,#11869,
    #11896,#12176,#12203,#12231,#12486,#12513,#12793,#12863,#13096,
    #13103,#13130,#13410,#13437,#13465,#13720,#13747,#13774,#13801,
    #13828,#13855,#13882,#13909,#13936,#13943,#13970,#13997,#14024,
    #14051,#14058,#14085,#14112,#14139,#14166,#14173,#14200,#14227,
    #14254,#14281,#14288,#14315,#14342,#14369,#14396,#14403,#14430,
    #14457,#14484,#14511,#14518,#14545,#14572,#14599,#14626,#14633,
    #14660,#14687,#14714,#14741,#14748,#14775,#14802,#14829,#14856,
    #14863,#14890,#14917,#14944,#14971,#14978,#15005,#15032,#15059,
    #15086,#15093,#15120,#15147,#15174,#15201));
#17 = ADVANCED_FACE('',(#18),#31,.T.);
#18 = FACE_BOUND('',#19,.T.);
#19 = EDGE_LOOP('',(#20,#54,#77,#104));
#20 = ORIENTED_EDGE('',*,*,#21,.F.);
#21 = EDGE_CURVE('',#22,#22,#24,.T.);
#22 = VERTEX_POINT('',#23);
#23 = CARTESIAN_POINT('',(16.968522628062,-4.156089384543E-15,0.));
#24 = SURFACE_CURVE('',#25,(#30,#42),.PCURVE_S1.);
#25 = CIRCLE('',#26,16.968522628062);
#26 = AXIS2_PLACEMENT_3D('',#27,#28,#29);
#27 = CARTESIAN_POINT('',(0.,0.,0.));
#28 = DIRECTION('',(0.,0.,1.));
#29 = DIRECTION('',(1.,0.,-0.));
#30 = PCURVE('',#31,#36);
#31 = CYLINDRICAL_SURFACE('',#32,16.968522628062);
#32 = AXIS2_PLACEMENT_3D('',#33,#34,#35);
#33 = CARTESIAN_POINT('',(0.,0.,-10.));
#34 = DIRECTION('',(0.,0.,1.));
#35 = DIRECTION('',(1.,0.,-0.));
#36 = DEFINITIONAL_REPRESENTATION('',(#37),#41);
#37 = LINE('',#38,#39);
#38 = CARTESIAN_POINT('',(0.,10.));
#39 = VECTOR('',#40,1.);
#40 = DIRECTION('',(1.,0.));
#41 = ( GEOMETRIC_REPRESENTATION_CONTEXT(2) 
PARAMETRIC_REPRESENTATION_CONTEXT() REPRESENTATION_CONTEXT('2D SPACE',''
  ) );
#42 = PCURVE('',#43,#48);
#43 = PLANE('',#44);
#44 = AXIS2_PLACEMENT_3D('',#45,#46,#47);
#45 = CARTESIAN_POINT('',(0.,0.,0.));
#46 = DIRECTION('',(0.,0.,1.));
#47 = DIRECTION('',(1.,0.,0.));
#48 = DEFINITIONAL_REPRESENTATION('',(#49),#53);
#49 = CIRCLE('',#50,16.968522628062);
#50 = AXIS2_PLACEMENT_2D('',#51,#52);
#51 = CARTESIAN_POINT('',(0.,0.));
#52 = DIRECTION('',(1.,0.));
#53 = ( GEOMETRIC_REPRESENTATION_CONTEXT(2) 
PARAMETRIC_REPRESENTATION_CONTEXT() REPRESENTATION_CONTEXT('2D SPACE',''
  ) );
#54 = ORIENTED_EDGE('',*,*,#55,.F.);
#55 = EDGE_CURVE('',#56,#22,#58,.T.);
#56 = VERTEX_POINT('',#57);
#57 = CARTESIAN_POINT('',(16.968522628062,-4.156089384543E-15,-10.));
#58 = SEAM_CURVE('',#59,(#63,#70),.PCURVE_S1.);
#59 = LINE('',#60,#61);
#60 = CARTESIAN_POINT('',(16.968522628062,-4.156089384543E-15,-10.));
#61 = VECTOR('',#62,1.);
#62 = DIRECTION('',(0.,0.,1.));
#63 = PCURVE('',#31,#64);
#64 = DEFINITIONAL_REPRESENTATION('',(#65),#69);
#65 = LINE('',#66,#67);
#66 = CARTESIAN_POINT('',(6.28318530718,-0.));
#67 = VECTOR('',#68,1.);
#68 = DIRECTION('',(0.,1.));
#69 = ( GEOMETRIC_REPRESENTATION_CONTEXT(2) 
PARAMETRIC_REPRESENTATION_CONTEXT() REPRESENTATION_CONTEXT('2D SPACE',''
  ) );
#70 = PCURVE('',#31,#71);
#71 = DEFINITIONAL_REPRESENTATION('',(#72),#76);
#72 = LINE('',#73,#74);
#73 = CARTESIAN_POINT('',(0.,-0.));
#74 = VECTOR('',#75,1.);
#75 = DIRECTION('',(0.,1.));
#76 = ( GEOMETRIC_REPRESENTATION_CONTEXT(2) 
PARAMETRIC_REPRESENTATION_CONTEXT() REPRESENTATION_CONTEXT('2D SPACE',''
  ) );
#77 = ORIENTED_EDGE('',*,*,#78,.T.);
#78 = EDGE_CURVE('',#56,#56,#79,.T.);
#79 = SURFACE_CURVE('',#80,(#85,#92),.PCURVE_S1.);
#80 = CIRCLE('',#81,16.968522628062);
#81 = AXIS2_PLACEMENT_3D('',#82,#83,#84);
#82 = CARTESIAN_POINT('',(0.,0.,-10.));
#83 = DIRECTION('',(0.,0.,1.));
#84 = DIRECTION('',(1.,0.,-0.));
#85 = PCURVE('',#31,#86);
#86 = DEFINITIONAL_REPRESENTATION('',(#87),#91);
#87 = LINE('',#88,#89);
#88 = CARTESIAN_POINT('',(0.,0.));
#89 = VECTOR('',#90,1.);
#90 = DIRECTION('',(1.,0.));
#91 = ( GEOMETRIC_REPRESENTATION_CONTEXT(2) 
PARAMETRIC_REPRESENTATION_CONTEXT() REPRESENTATION_CONTEXT('2D SPACE',''
  ) );
#92 = PCURVE('',#93,#98);
#93 = PLANE('',#94);
#94 = AXIS2_PLACEMENT_3D('',#95,#96,#97);
#95 = CARTESIAN_POINT('',(0.,0.,-10.));
#96 = DIRECTION('',(0.,0.,1.));
#97 = DIRECTION('',(1.,0.,-0.));
#98 = DEFINITIONAL_REPRESENTATION('',(#99),#103);
#99 = CIRCLE('',#100,16.968522628062);
#100 = AXIS2_PLACEMENT_2D('',#101,#102);
#101 = CARTESIAN_POINT('',(0.,0.));
#102 = DIRECTION('',(1.,0.));
#103 = ( GEOMETRIC_REPRESENTATION_CONTEXT(2) 
PARAMETRIC_REPRESENTATION_CONTEXT() REPRESENTATION_CONTEXT('2D SPACE',''
  ) );
#104 = ORIENTED_EDGE('',*,*,#55,.T.);
#105 = ADVANCED_FACE('',(#106,#852),#43,.F.);
#106 = FACE_BOUND('',#107,.F.);
#107 = EDGE_LOOP('',(#108,#139,#172,#201,#234,#263,#296,#325,#358,#387,
    #420,#449,#482,#511,#544,#573,#606,#635,#668,#697,#730,#759,#792,
    #821));
#108 = ORIENTED_EDGE('',*,*,#109,.T.);
#109 = EDGE_CURVE('',#110,#112,#114,.T.);
#110 = VERTEX_POINT('',#111);
#111 = CARTESIAN_POINT('',(19.26038710642,-8.757926573552,0.));
#112 = VERTEX_POINT('',#113);
#113 = CARTESIAN_POINT('',(21.058947807659,-2.045606656035,0.));
#114 = SURFACE_CURVE('',#115,(#120,#127),.PCURVE_S1.);
#115 = CIRCLE('',#116,21.158066767947);
#116 = AXIS2_PLACEMENT_3D('',#117,#118,#119);
#117 = CARTESIAN_POINT('',(0.,0.,0.));
#118 = DIRECTION('',(0.,0.,1.));
#119 = DIRECTION('',(1.,0.,-0.));
#120 = PCURVE('',#43,#121);
#121 = DEFINITIONAL_REPRESENTATION('',(#122),#126);
#122 = CIRCLE('',#123,21.158066767947);
#123 = AXIS2_PLACEMENT_2D('',#124,#125);
#124 = CARTESIAN_POINT('',(0.,0.));
#125 = DIRECTION('',(1.,0.));
#126 = ( GEOMETRIC_REPRESENTATION_CONTEXT(2) 
PARAMETRIC_REPRESENTATION_CONTEXT() REPRESENTATION_CONTEXT('2D SPACE',''
  ) );
#127 = PCURVE('',#128,#133);
#128 = TOROIDAL_SURFACE('',#129,21.158066767947,0.500000000347);
#129 = AXIS2_PLACEMENT_3D('',#130,#131,#132);
#130 = CARTESIAN_POINT('',(0.,0.,0.500000000347));
#131 = DIRECTION('',(0.,0.,1.));
#132 = DIRECTION('',(1.,0.,-0.));
#133 = DEFINITIONAL_REPRESENTATION('',(#134),#138);
#134 = LINE('',#135,#136);
#135 = CARTESIAN_POINT('',(0.,4.712388980385));
#136 = VECTOR('',#137,1.);
#137 = DIRECTION('',(1.,0.));
#138 = ( GEOMETRIC_REPRESENTATION_CONTEXT(2) 
PARAMETRIC_REPRESENTATION_CONTEXT() REPRESENTATION_CONTEXT('2D SPACE',''
  ) );
#139 = ORIENTED_EDGE('',*,*,#140,.T.);
#140 = EDGE_CURVE('',#112,#141,#143,.T.);
#141 = VERTEX_POINT('',#142);
#142 = CARTESIAN_POINT('',(21.058947807659,2.045606656035,0.));
#143 = SURFACE_CURVE('',#144,(#149,#160),.PCURVE_S1.);
#144 = CIRCLE('',#145,4.032875);
#145 = AXIS2_PLACEMENT_3D('',#146,#147,#148);
#146 = CARTESIAN_POINT('',(24.534515987742,1.110223024625E-16,0.));
#147 = DIRECTION('',(0.,0.,-1.));
#148 = DIRECTION('',(-0.642787609687,-0.766044443119,-0.));
#149 = PCURVE('',#43,#150);
#150 = DEFINITIONAL_REPRESENTATION('',(#151),#159);
#151 = ( BOUNDED_CURVE() B_SPLINE_CURVE(2,(#152,#153,#154,#155,#156,#157
,#158),.UNSPECIFIED.,.T.,.F.) B_SPLINE_CURVE_WITH_KNOTS((1,2,2,2,2,1),(
    -2.094395102393,0.,2.094395102393,4.188790204786,6.28318530718,
8.377580409573),.UNSPECIFIED.) CURVE() GEOMETRIC_REPRESENTATION_ITEM() 
RATIONAL_B_SPLINE_CURVE((1.,0.5,1.,0.5,1.,0.5,1.)) REPRESENTATION_ITEM(
  '') );
#152 = CARTESIAN_POINT('',(21.942233906328,-3.089361483543));
#153 = CARTESIAN_POINT('',(16.591302853884,1.400602789017));
#154 = CARTESIAN_POINT('',(23.155191502228,3.789662878052));
#155 = CARTESIAN_POINT('',(29.719080150572,6.178722967087));
#156 = CARTESIAN_POINT('',(28.506122554671,-0.700301394509));
#157 = CARTESIAN_POINT('',(27.293164958771,-7.579325756104));
#158 = CARTESIAN_POINT('',(21.942233906328,-3.089361483543));
#159 = ( GEOMETRIC_REPRESENTATION_CONTEXT(2) 
PARAMETRIC_REPRESENTATION_CONTEXT() REPRESENTATION_CONTEXT('2D SPACE',''
  ) );
#160 = PCURVE('',#161,#166);
#161 = CYLINDRICAL_SURFACE('',#162,4.032875);
#162 = AXIS2_PLACEMENT_3D('',#163,#164,#165);
#163 = CARTESIAN_POINT('',(24.534515987742,1.110223024625E-16,0.));
#164 = DIRECTION('',(0.,0.,-1.));
#165 = DIRECTION('',(-0.642787609687,-0.766044443119,-0.));
#166 = DEFINITIONAL_REPRESENTATION('',(#167),#171);
#167 = LINE('',#168,#169);
#168 = CARTESIAN_POINT('',(0.,0.));
#169 = VECTOR('',#170,1.);
#170 = DIRECTION('',(1.,0.));
#171 = ( GEOMETRIC_REPRESENTATION_CONTEXT(2) 
PARAMETRIC_REPRESENTATION_CONTEXT() REPRESENTATION_CONTEXT('2D SPACE',''
  ) );
#172 = ORIENTED_EDGE('',*,*,#173,.T.);
#173 = EDGE_CURVE('',#141,#174,#176,.T.);
#174 = VERTEX_POINT('',#175);
#175 = CARTESIAN_POINT('',(19.26038710642,8.757926573552,0.));
#176 = SURFACE_CURVE('',#177,(#182,#189),.PCURVE_S1.);
#177 = CIRCLE('',#178,21.158066767947);
#178 = AXIS2_PLACEMENT_3D('',#179,#180,#181);
#179 = CARTESIAN_POINT('',(0.,0.,0.));
#180 = DIRECTION('',(0.,0.,1.));
#181 = DIRECTION('',(1.,0.,-0.));
#182 = PCURVE('',#43,#183);
#183 = DEFINITIONAL_REPRESENTATION('',(#184),#188);
#184 = CIRCLE('',#185,21.158066767947);
#185 = AXIS2_PLACEMENT_2D('',#186,#187);
#186 = CARTESIAN_POINT('',(0.,0.));
#187 = DIRECTION('',(1.,0.));
#188 = ( GEOMETRIC_REPRESENTATION_CONTEXT(2) 
PARAMETRIC_REPRESENTATION_CONTEXT() REPRESENTATION_CONTEXT('2D SPACE',''
  ) );
#189 = PCURVE('',#190,#195);
#190 = TOROIDAL_SURFACE('',#191,21.158066767947,0.500000000347);
#191 = AXIS2_PLACEMENT_3D('',#192,#193,#194);
#192 = CARTESIAN_POINT('',(0.,0.,0.500000000347));
#193 = DIRECTION('',(0.,0.,1.));
#194 = DIRECTION('',(1.,0.,-0.));
#195 = DEFINITIONAL_REPRESENTATION('',(#196),#200);
#196 = LINE('',#197,#198);
#197 = CARTESIAN_POINT('',(0.,4.712388980385));
#198 = VECTOR('',#199,1.);
#199 = DIRECTION('',(1.,0.));
#200 = ( GEOMETRIC_REPRESENTATION_CONTEXT(2) 
PARAMETRIC_REPRESENTATION_CONTEXT() REPRESENTATION_CONTEXT('2D SPACE',''
  ) );
#201 = ORIENTED_EDGE('',*,*,#202,.T.);
#202 = EDGE_CURVE('',#174,#203,#205,.T.);
#203 = VERTEX_POINT('',#204);
#204 = CARTESIAN_POINT('',(17.214780450386,12.301021234105,0.));
#205 = SURFACE_CURVE('',#206,(#211,#222),.PCURVE_S1.);
#206 = CIRCLE('',#207,4.032875);
#207 = AXIS2_PLACEMENT_3D('',#208,#209,#210);
#208 = CARTESIAN_POINT('',(21.24751411494,12.267257993871,0.));
#209 = DIRECTION('',(0.,0.,-1.));
#210 = DIRECTION('',(-0.173648177667,-0.984807753012,-0.));
#211 = PCURVE('',#43,#212);
#212 = DEFINITIONAL_REPRESENTATION('',(#213),#221);
#213 = ( BOUNDED_CURVE() B_SPLINE_CURVE(2,(#214,#215,#216,#217,#218,#219
,#220),.UNSPECIFIED.,.T.,.F.) B_SPLINE_CURVE_WITH_KNOTS((1,2,2,2,2,1),(
    -2.094395102393,0.,2.094395102393,4.188790204786,6.28318530718,
8.377580409573),.UNSPECIFIED.) CURVE() GEOMETRIC_REPRESENTATION_ITEM() 
RATIONAL_B_SPLINE_CURVE((1.,0.5,1.,0.5,1.,0.5,1.)) REPRESENTATION_ITEM(
  '') );
#214 = CARTESIAN_POINT('',(20.547212720432,8.295651426942));
#215 = CARTESIAN_POINT('',(13.668188358836,9.508609022842));
#216 = CARTESIAN_POINT('',(18.158152631397,14.859540075286));
#217 = CARTESIAN_POINT('',(22.648116903957,20.210471127729));
#218 = CARTESIAN_POINT('',(25.037176992992,13.646582479386));
#219 = CARTESIAN_POINT('',(27.426237082027,7.082693831042));
#220 = CARTESIAN_POINT('',(20.547212720432,8.295651426942));
#221 = ( GEOMETRIC_REPRESENTATION_CONTEXT(2) 
PARAMETRIC_REPRESENTATION_CONTEXT() REPRESENTATION_CONTEXT('2D SPACE',''
  ) );
#222 = PCURVE('',#223,#228);
#223 = CYLINDRICAL_SURFACE('',#224,4.032875);
#224 = AXIS2_PLACEMENT_3D('',#225,#226,#227);
#225 = CARTESIAN_POINT('',(21.24751411494,12.267257993871,0.));
#226 = DIRECTION('',(0.,0.,-1.));
#227 = DIRECTION('',(-0.173648177667,-0.984807753012,-0.));
#228 = DEFINITIONAL_REPRESENTATION('',(#229),#233);
#229 = LINE('',#230,#231);
#230 = CARTESIAN_POINT('',(0.,0.));
#231 = VECTOR('',#232,1.);
#232 = DIRECTION('',(1.,0.));
#233 = ( GEOMETRIC_REPRESENTATION_CONTEXT(2) 
PARAMETRIC_REPRESENTATION_CONTEXT() REPRESENTATION_CONTEXT('2D SPACE',''
  ) );
#234 = ORIENTED_EDGE('',*,*,#235,.T.);
#235 = EDGE_CURVE('',#203,#236,#238,.T.);
#236 = VERTEX_POINT('',#237);
#237 = CARTESIAN_POINT('',(12.301021234105,17.214780450386,0.));
#238 = SURFACE_CURVE('',#239,(#244,#251),.PCURVE_S1.);
#239 = CIRCLE('',#240,21.158066767947);
#240 = AXIS2_PLACEMENT_3D('',#241,#242,#243);
#241 = CARTESIAN_POINT('',(0.,0.,0.));
#242 = DIRECTION('',(0.,0.,1.));
#243 = DIRECTION('',(1.,0.,-0.));
#244 = PCURVE('',#43,#245);
#245 = DEFINITIONAL_REPRESENTATION('',(#246),#250);
#246 = CIRCLE('',#247,21.158066767947);
#247 = AXIS2_PLACEMENT_2D('',#248,#249);
#248 = CARTESIAN_POINT('',(0.,0.));
#249 = DIRECTION('',(1.,0.));
#250 = ( GEOMETRIC_REPRESENTATION_CONTEXT(2) 
PARAMETRIC_REPRESENTATION_CONTEXT() REPRESENTATION_CONTEXT('2D SPACE',''
  ) );
#251 = PCURVE('',#252,#257);
#252 = TOROIDAL_SURFACE('',#253,21.158066767947,0.500000000347);
#253 = AXIS2_PLACEMENT_3D('',#254,#255,#256);
#254 = CARTESIAN_POINT('',(0.,0.,0.500000000347));
#255 = DIRECTION('',(0.,0.,1.));
#256 = DIRECTION('',(1.,0.,-0.));
#257 = DEFINITIONAL_REPRESENTATION('',(#258),#262);
#258 = LINE('',#259,#260);
#259 = CARTESIAN_POINT('',(0.,4.712388980385));
#260 = VECTOR('',#261,1.);
#261 = DIRECTION('',(1.,0.));
#262 = ( GEOMETRIC_REPRESENTATION_CONTEXT(2) 
PARAMETRIC_REPRESENTATION_CONTEXT() REPRESENTATION_CONTEXT('2D SPACE',''
  ) );
#263 = ORIENTED_EDGE('',*,*,#264,.T.);
#264 = EDGE_CURVE('',#236,#265,#267,.T.);
#265 = VERTEX_POINT('',#266);
#266 = CARTESIAN_POINT('',(8.757926573552,19.26038710642,0.));
#267 = SURFACE_CURVE('',#268,(#273,#284),.PCURVE_S1.);
#268 = CIRCLE('',#269,4.032875);
#269 = AXIS2_PLACEMENT_3D('',#270,#271,#272);
#270 = CARTESIAN_POINT('',(12.267257993871,21.24751411494,0.));
#271 = DIRECTION('',(0.,0.,-1.));
#272 = DIRECTION('',(0.342020143326,-0.939692620786,0.));
#273 = PCURVE('',#43,#274);
#274 = DEFINITIONAL_REPRESENTATION('',(#275),#283);
#275 = ( BOUNDED_CURVE() B_SPLINE_CURVE(2,(#276,#277,#278,#279,#280,#281
,#282),.UNSPECIFIED.,.T.,.F.) B_SPLINE_CURVE_WITH_KNOTS((1,2,2,2,2,1),(
    -2.094395102393,0.,2.094395102393,4.188790204786,6.28318530718,
8.377580409573),.UNSPECIFIED.) CURVE() GEOMETRIC_REPRESENTATION_ITEM() 
RATIONAL_B_SPLINE_CURVE((1.,0.5,1.,0.5,1.,0.5,1.)) REPRESENTATION_ITEM(
  '') );
#276 = CARTESIAN_POINT('',(13.646582479386,17.457851236888));
#277 = CARTESIAN_POINT('',(7.082693831042,15.068791147853));
#278 = CARTESIAN_POINT('',(8.295651426942,21.947815509449));
#279 = CARTESIAN_POINT('',(9.508609022842,28.826839871044));
#280 = CARTESIAN_POINT('',(14.859540075286,24.336875598484));
#281 = CARTESIAN_POINT('',(20.210471127729,19.846911325923));
#282 = CARTESIAN_POINT('',(13.646582479386,17.457851236888));
#283 = ( GEOMETRIC_REPRESENTATION_CONTEXT(2) 
PARAMETRIC_REPRESENTATION_CONTEXT() REPRESENTATION_CONTEXT('2D SPACE',''
  ) );
#284 = PCURVE('',#285,#290);
#285 = CYLINDRICAL_SURFACE('',#286,4.032875);
#286 = AXIS2_PLACEMENT_3D('',#287,#288,#289);
#287 = CARTESIAN_POINT('',(12.267257993871,21.24751411494,0.));
#288 = DIRECTION('',(0.,0.,-1.));
#289 = DIRECTION('',(0.342020143326,-0.939692620786,0.));
#290 = DEFINITIONAL_REPRESENTATION('',(#291),#295);
#291 = LINE('',#292,#293);
#292 = CARTESIAN_POINT('',(0.,0.));
#293 = VECTOR('',#294,1.);
#294 = DIRECTION('',(1.,0.));
#295 = ( GEOMETRIC_REPRESENTATION_CONTEXT(2) 
PARAMETRIC_REPRESENTATION_CONTEXT() REPRESENTATION_CONTEXT('2D SPACE',''
  ) );
#296 = ORIENTED_EDGE('',*,*,#297,.T.);
#297 = EDGE_CURVE('',#265,#298,#300,.T.);
#298 = VERTEX_POINT('',#299);
#299 = CARTESIAN_POINT('',(2.045606656035,21.058947807659,0.));
#300 = SURFACE_CURVE('',#301,(#306,#313),.PCURVE_S1.);
#301 = CIRCLE('',#302,21.158066767947);
#302 = AXIS2_PLACEMENT_3D('',#303,#304,#305);
#303 = CARTESIAN_POINT('',(0.,0.,0.));
#304 = DIRECTION('',(0.,0.,1.));
#305 = DIRECTION('',(1.,0.,-0.));
#306 = PCURVE('',#43,#307);
#307 = DEFINITIONAL_REPRESENTATION('',(#308),#312);
#308 = CIRCLE('',#309,21.158066767947);
#309 = AXIS2_PLACEMENT_2D('',#310,#311);
#310 = CARTESIAN_POINT('',(0.,0.));
#311 = DIRECTION('',(1.,0.));
#312 = ( GEOMETRIC_REPRESENTATION_CONTEXT(2) 
PARAMETRIC_REPRESENTATION_CONTEXT() REPRESENTATION_CONTEXT('2D SPACE',''
  ) );
#313 = PCURVE('',#314,#319);
#314 = TOROIDAL_SURFACE('',#315,21.158066767947,0.500000000347);
#315 = AXIS2_PLACEMENT_3D('',#316,#317,#318);
#316 = CARTESIAN_POINT('',(0.,0.,0.500000000347));
#317 = DIRECTION('',(0.,0.,1.));
#318 = DIRECTION('',(1.,0.,-0.));
#319 = DEFINITIONAL_REPRESENTATION('',(#320),#324);
#320 = LINE('',#321,#322);
#321 = CARTESIAN_POINT('',(0.,4.712388980385));
#322 = VECTOR('',#323,1.);
#323 = DIRECTION('',(1.,0.));
#324 = ( GEOMETRIC_REPRESENTATION_CONTEXT(2) 
PARAMETRIC_REPRESENTATION_CONTEXT() REPRESENTATION_CONTEXT('2D SPACE',''
  ) );
#325 = ORIENTED_EDGE('',*,*,#326,.T.);
#326 = EDGE_CURVE('',#298,#327,#329,.T.);
#327 = VERTEX_POINT('',#328);
#328 = CARTESIAN_POINT('',(-2.045606656035,21.058947807659,0.));
#329 = SURFACE_CURVE('',#330,(#335,#346),.PCURVE_S1.);
#330 = CIRCLE('',#331,4.032875);
#331 = AXIS2_PLACEMENT_3D('',#332,#333,#334);
#332 = CARTESIAN_POINT('',(1.221245327088E-15,24.534515987742,0.));
#333 = DIRECTION('',(-0.,0.,-1.));
#334 = DIRECTION('',(0.766044443119,-0.642787609687,-0.));
#335 = PCURVE('',#43,#336);
#336 = DEFINITIONAL_REPRESENTATION('',(#337),#345);
#337 = ( BOUNDED_CURVE() B_SPLINE_CURVE(2,(#338,#339,#340,#341,#342,#343
,#344),.UNSPECIFIED.,.T.,.F.) B_SPLINE_CURVE_WITH_KNOTS((1,2,2,2,2,1),(
    -2.094395102393,0.,2.094395102393,4.188790204786,6.28318530718,
8.377580409573),.UNSPECIFIED.) CURVE() GEOMETRIC_REPRESENTATION_ITEM() 
RATIONAL_B_SPLINE_CURVE((1.,0.5,1.,0.5,1.,0.5,1.)) REPRESENTATION_ITEM(
  '') );
#338 = CARTESIAN_POINT('',(3.089361483543,21.942233906328));
#339 = CARTESIAN_POINT('',(-1.400602789017,16.591302853884));
#340 = CARTESIAN_POINT('',(-3.789662878052,23.155191502228));
#341 = CARTESIAN_POINT('',(-6.178722967087,29.719080150572));
#342 = CARTESIAN_POINT('',(0.700301394509,28.506122554671));
#343 = CARTESIAN_POINT('',(7.579325756104,27.293164958771));
#344 = CARTESIAN_POINT('',(3.089361483543,21.942233906328));
#345 = ( GEOMETRIC_REPRESENTATION_CONTEXT(2) 
PARAMETRIC_REPRESENTATION_CONTEXT() REPRESENTATION_CONTEXT('2D SPACE',''
  ) );
#346 = PCURVE('',#347,#352);
#347 = CYLINDRICAL_SURFACE('',#348,4.032875);
#348 = AXIS2_PLACEMENT_3D('',#349,#350,#351);
#349 = CARTESIAN_POINT('',(1.221245327088E-15,24.534515987742,0.));
#350 = DIRECTION('',(-0.,0.,-1.));
#351 = DIRECTION('',(0.766044443119,-0.642787609687,-0.));
#352 = DEFINITIONAL_REPRESENTATION('',(#353),#357);
#353 = LINE('',#354,#355);
#354 = CARTESIAN_POINT('',(0.,0.));
#355 = VECTOR('',#356,1.);
#356 = DIRECTION('',(1.,0.));
#357 = ( GEOMETRIC_REPRESENTATION_CONTEXT(2) 
PARAMETRIC_REPRESENTATION_CONTEXT() REPRESENTATION_CONTEXT('2D SPACE',''
  ) );
#358 = ORIENTED_EDGE('',*,*,#359,.T.);
#359 = EDGE_CURVE('',#327,#360,#362,.T.);
#360 = VERTEX_POINT('',#361);
#361 = CARTESIAN_POINT('',(-8.757926573552,19.26038710642,0.));
#362 = SURFACE_CURVE('',#363,(#368,#375),.PCURVE_S1.);
#363 = CIRCLE('',#364,21.158066767947);
#364 = AXIS2_PLACEMENT_3D('',#365,#366,#367);
#365 = CARTESIAN_POINT('',(0.,0.,0.));
#366 = DIRECTION('',(0.,0.,1.));
#367 = DIRECTION('',(1.,0.,-0.));
#368 = PCURVE('',#43,#369);
#369 = DEFINITIONAL_REPRESENTATION('',(#370),#374);
#370 = CIRCLE('',#371,21.158066767947);
#371 = AXIS2_PLACEMENT_2D('',#372,#373);
#372 = CARTESIAN_POINT('',(0.,0.));
#373 = DIRECTION('',(1.,0.));
#374 = ( GEOMETRIC_REPRESENTATION_CONTEXT(2) 
PARAMETRIC_REPRESENTATION_CONTEXT() REPRESENTATION_CONTEXT('2D SPACE',''
  ) );
#375 = PCURVE('',#376,#381);
#376 = TOROIDAL_SURFACE('',#377,21.158066767947,0.500000000347);
#377 = AXIS2_PLACEMENT_3D('',#378,#379,#380);
#378 = CARTESIAN_POINT('',(0.,0.,0.500000000347));
#379 = DIRECTION('',(0.,0.,1.));
#380 = DIRECTION('',(1.,0.,-0.));
#381 = DEFINITIONAL_REPRESENTATION('',(#382),#386);
#382 = LINE('',#383,#384);
#383 = CARTESIAN_POINT('',(0.,4.712388980385));
#384 = VECTOR('',#385,1.);
#385 = DIRECTION('',(1.,0.));
#386 = ( GEOMETRIC_REPRESENTATION_CONTEXT(2) 
PARAMETRIC_REPRESENTATION_CONTEXT() REPRESENTATION_CONTEXT('2D SPACE',''
  ) );
#387 = ORIENTED_EDGE('',*,*,#388,.T.);
#388 = EDGE_CURVE('',#360,#389,#391,.T.);
#389 = VERTEX_POINT('',#390);
#390 = CARTESIAN_POINT('',(-12.3010212341,17.214780450386,0.));
#391 = SURFACE_CURVE('',#392,(#397,#408),.PCURVE_S1.);
#392 = CIRCLE('',#393,4.032875);
#393 = AXIS2_PLACEMENT_3D('',#394,#395,#396);
#394 = CARTESIAN_POINT('',(-12.26725799387,21.24751411494,0.));
#395 = DIRECTION('',(0.,0.,-1.));
#396 = DIRECTION('',(0.984807753012,-0.173648177667,0.));
#397 = PCURVE('',#43,#398);
#398 = DEFINITIONAL_REPRESENTATION('',(#399),#407);
#399 = ( BOUNDED_CURVE() B_SPLINE_CURVE(2,(#400,#401,#402,#403,#404,#405
,#406),.UNSPECIFIED.,.T.,.F.) B_SPLINE_CURVE_WITH_KNOTS((1,2,2,2,2,1),(
    -2.094395102393,0.,2.094395102393,4.188790204786,6.28318530718,
8.377580409573),.UNSPECIFIED.) CURVE() GEOMETRIC_REPRESENTATION_ITEM() 
RATIONAL_B_SPLINE_CURVE((1.,0.5,1.,0.5,1.,0.5,1.)) REPRESENTATION_ITEM(
  '') );
#400 = CARTESIAN_POINT('',(-8.295651426942,20.547212720432));
#401 = CARTESIAN_POINT('',(-9.508609022842,13.668188358836));
#402 = CARTESIAN_POINT('',(-14.85954007528,18.158152631397));
#403 = CARTESIAN_POINT('',(-20.21047112772,22.648116903957));
#404 = CARTESIAN_POINT('',(-13.64658247938,25.037176992992));
#405 = CARTESIAN_POINT('',(-7.082693831042,27.426237082027));
#406 = CARTESIAN_POINT('',(-8.295651426942,20.547212720432));
#407 = ( GEOMETRIC_REPRESENTATION_CONTEXT(2) 
PARAMETRIC_REPRESENTATION_CONTEXT() REPRESENTATION_CONTEXT('2D SPACE',''
  ) );
#408 = PCURVE('',#409,#414);
#409 = CYLINDRICAL_SURFACE('',#410,4.032875);
#410 = AXIS2_PLACEMENT_3D('',#411,#412,#413);
#411 = CARTESIAN_POINT('',(-12.26725799387,21.24751411494,0.));
#412 = DIRECTION('',(0.,0.,-1.));
#413 = DIRECTION('',(0.984807753012,-0.173648177667,0.));
#414 = DEFINITIONAL_REPRESENTATION('',(#415),#419);
#415 = LINE('',#416,#417);
#416 = CARTESIAN_POINT('',(0.,0.));
#417 = VECTOR('',#418,1.);
#418 = DIRECTION('',(1.,0.));
#419 = ( GEOMETRIC_REPRESENTATION_CONTEXT(2) 
PARAMETRIC_REPRESENTATION_CONTEXT() REPRESENTATION_CONTEXT('2D SPACE',''
  ) );
#420 = ORIENTED_EDGE('',*,*,#421,.T.);
#421 = EDGE_CURVE('',#389,#422,#424,.T.);
#422 = VERTEX_POINT('',#423);
#423 = CARTESIAN_POINT('',(-17.21478045038,12.301021234105,0.));
#424 = SURFACE_CURVE('',#425,(#430,#437),.PCURVE_S1.);
#425 = CIRCLE('',#426,21.158066767947);
#426 = AXIS2_PLACEMENT_3D('',#427,#428,#429);
#427 = CARTESIAN_POINT('',(0.,0.,0.));
#428 = DIRECTION('',(0.,0.,1.));
#429 = DIRECTION('',(1.,0.,-0.));
#430 = PCURVE('',#43,#431);
#431 = DEFINITIONAL_REPRESENTATION('',(#432),#436);
#432 = CIRCLE('',#433,21.158066767947);
#433 = AXIS2_PLACEMENT_2D('',#434,#435);
#434 = CARTESIAN_POINT('',(0.,0.));
#435 = DIRECTION('',(1.,0.));
#436 = ( GEOMETRIC_REPRESENTATION_CONTEXT(2) 
PARAMETRIC_REPRESENTATION_CONTEXT() REPRESENTATION_CONTEXT('2D SPACE',''
  ) );
#437 = PCURVE('',#438,#443);
#438 = TOROIDAL_SURFACE('',#439,21.158066767947,0.500000000347);
#439 = AXIS2_PLACEMENT_3D('',#440,#441,#442);
#440 = CARTESIAN_POINT('',(0.,0.,0.500000000347));
#441 = DIRECTION('',(0.,0.,1.));
#442 = DIRECTION('',(1.,0.,-0.));
#443 = DEFINITIONAL_REPRESENTATION('',(#444),#448);
#444 = LINE('',#445,#446);
#445 = CARTESIAN_POINT('',(0.,4.712388980385));
#446 = VECTOR('',#447,1.);
#447 = DIRECTION('',(1.,0.));
#448 = ( GEOMETRIC_REPRESENTATION_CONTEXT(2) 
PARAMETRIC_REPRESENTATION_CONTEXT() REPRESENTATION_CONTEXT('2D SPACE',''
  ) );
#449 = ORIENTED_EDGE('',*,*,#450,.T.);
#450 = EDGE_CURVE('',#422,#451,#453,.T.);
#451 = VERTEX_POINT('',#452);
#452 = CARTESIAN_POINT('',(-19.26038710642,8.757926573552,0.));
#453 = SURFACE_CURVE('',#454,(#459,#470),.PCURVE_S1.);
#454 = CIRCLE('',#455,4.032875);
#455 = AXIS2_PLACEMENT_3D('',#456,#457,#458);
#456 = CARTESIAN_POINT('',(-21.24751411494,12.267257993871,0.));
#457 = DIRECTION('',(0.,0.,-1.));
#458 = DIRECTION('',(0.939692620786,0.342020143326,0.));
#459 = PCURVE('',#43,#460);
#460 = DEFINITIONAL_REPRESENTATION('',(#461),#469);
#461 = ( BOUNDED_CURVE() B_SPLINE_CURVE(2,(#462,#463,#464,#465,#466,#467
,#468),.UNSPECIFIED.,.T.,.F.) B_SPLINE_CURVE_WITH_KNOTS((1,2,2,2,2,1),(
    -2.094395102393,0.,2.094395102393,4.188790204786,6.28318530718,
8.377580409573),.UNSPECIFIED.) CURVE() GEOMETRIC_REPRESENTATION_ITEM() 
RATIONAL_B_SPLINE_CURVE((1.,0.5,1.,0.5,1.,0.5,1.)) REPRESENTATION_ITEM(
  '') );
#462 = CARTESIAN_POINT('',(-17.45785123688,13.646582479386));
#463 = CARTESIAN_POINT('',(-15.06879114785,7.082693831042));
#464 = CARTESIAN_POINT('',(-21.94781550944,8.295651426942));
#465 = CARTESIAN_POINT('',(-28.82683987104,9.508609022842));
#466 = CARTESIAN_POINT('',(-24.33687559848,14.859540075286));
#467 = CARTESIAN_POINT('',(-19.84691132592,20.210471127729));
#468 = CARTESIAN_POINT('',(-17.45785123688,13.646582479386));
#469 = ( GEOMETRIC_REPRESENTATION_CONTEXT(2) 
PARAMETRIC_REPRESENTATION_CONTEXT() REPRESENTATION_CONTEXT('2D SPACE',''
  ) );
#470 = PCURVE('',#471,#476);
#471 = CYLINDRICAL_SURFACE('',#472,4.032875);
#472 = AXIS2_PLACEMENT_3D('',#473,#474,#475);
#473 = CARTESIAN_POINT('',(-21.24751411494,12.267257993871,0.));
#474 = DIRECTION('',(0.,0.,-1.));
#475 = DIRECTION('',(0.939692620786,0.342020143326,0.));
#476 = DEFINITIONAL_REPRESENTATION('',(#477),#481);
#477 = LINE('',#478,#479);
#478 = CARTESIAN_POINT('',(0.,0.));
#479 = VECTOR('',#480,1.);
#480 = DIRECTION('',(1.,0.));
#481 = ( GEOMETRIC_REPRESENTATION_CONTEXT(2) 
PARAMETRIC_REPRESENTATION_CONTEXT() REPRESENTATION_CONTEXT('2D SPACE',''
  ) );
#482 = ORIENTED_EDGE('',*,*,#483,.T.);
#483 = EDGE_CURVE('',#451,#484,#486,.T.);
#484 = VERTEX_POINT('',#485);
#485 = CARTESIAN_POINT('',(-21.05894780765,2.045606656035,0.));
#486 = SURFACE_CURVE('',#487,(#492,#499),.PCURVE_S1.);
#487 = CIRCLE('',#488,21.158066767947);
#488 = AXIS2_PLACEMENT_3D('',#489,#490,#491);
#489 = CARTESIAN_POINT('',(0.,0.,0.));
#490 = DIRECTION('',(0.,0.,1.));
#491 = DIRECTION('',(1.,0.,-0.));
#492 = PCURVE('',#43,#493);
#493 = DEFINITIONAL_REPRESENTATION('',(#494),#498);
#494 = CIRCLE('',#495,21.158066767947);
#495 = AXIS2_PLACEMENT_2D('',#496,#497);
#496 = CARTESIAN_POINT('',(0.,0.));
#497 = DIRECTION('',(1.,0.));
#498 = ( GEOMETRIC_REPRESENTATION_CONTEXT(2) 
PARAMETRIC_REPRESENTATION_CONTEXT() REPRESENTATION_CONTEXT('2D SPACE',''
  ) );
#499 = PCURVE('',#500,#505);
#500 = TOROIDAL_SURFACE('',#501,21.158066767947,0.500000000347);
#501 = AXIS2_PLACEMENT_3D('',#502,#503,#504);
#502 = CARTESIAN_POINT('',(0.,0.,0.500000000347));
#503 = DIRECTION('',(0.,0.,1.));
#504 = DIRECTION('',(1.,0.,-0.));
#505 = DEFINITIONAL_REPRESENTATION('',(#506),#510);
#506 = LINE('',#507,#508);
#507 = CARTESIAN_POINT('',(0.,4.712388980385));
#508 = VECTOR('',#509,1.);
#509 = DIRECTION('',(1.,0.));
#510 = ( GEOMETRIC_REPRESENTATION_CONTEXT(2) 
PARAMETRIC_REPRESENTATION_CONTEXT() REPRESENTATION_CONTEXT('2D SPACE',''
  ) );
#511 = ORIENTED_EDGE('',*,*,#512,.T.);
#512 = EDGE_CURVE('',#484,#513,#515,.T.);
#513 = VERTEX_POINT('',#514);
#514 = CARTESIAN_POINT('',(-21.05894780765,-2.045606656035,0.));
#515 = SURFACE_CURVE('',#516,(#521,#532),.PCURVE_S1.);
#516 = CIRCLE('',#517,4.032875);
#517 = AXIS2_PLACEMENT_3D('',#518,#519,#520);
#518 = CARTESIAN_POINT('',(-24.53451598774,2.6645352591E-15,0.));
#519 = DIRECTION('',(0.,0.,-1.));
#520 = DIRECTION('',(0.642787609687,0.766044443119,0.));
#521 = PCURVE('',#43,#522);
#522 = DEFINITIONAL_REPRESENTATION('',(#523),#531);
#523 = ( BOUNDED_CURVE() B_SPLINE_CURVE(2,(#524,#525,#526,#527,#528,#529
,#530),.UNSPECIFIED.,.T.,.F.) B_SPLINE_CURVE_WITH_KNOTS((1,2,2,2,2,1),(
    -2.094395102393,0.,2.094395102393,4.188790204786,6.28318530718,
8.377580409573),.UNSPECIFIED.) CURVE() GEOMETRIC_REPRESENTATION_ITEM() 
RATIONAL_B_SPLINE_CURVE((1.,0.5,1.,0.5,1.,0.5,1.)) REPRESENTATION_ITEM(
  '') );
#524 = CARTESIAN_POINT('',(-21.94223390632,3.089361483543));
#525 = CARTESIAN_POINT('',(-16.59130285388,-1.400602789017));
#526 = CARTESIAN_POINT('',(-23.15519150222,-3.789662878052));
#527 = CARTESIAN_POINT('',(-29.71908015057,-6.178722967087));
#528 = CARTESIAN_POINT('',(-28.50612255467,0.700301394509));
#529 = CARTESIAN_POINT('',(-27.29316495877,7.579325756104));
#530 = CARTESIAN_POINT('',(-21.94223390632,3.089361483543));
#531 = ( GEOMETRIC_REPRESENTATION_CONTEXT(2) 
PARAMETRIC_REPRESENTATION_CONTEXT() REPRESENTATION_CONTEXT('2D SPACE',''
  ) );
#532 = PCURVE('',#533,#538);
#533 = CYLINDRICAL_SURFACE('',#534,4.032875);
#534 = AXIS2_PLACEMENT_3D('',#535,#536,#537);
#535 = CARTESIAN_POINT('',(-24.53451598774,2.6645352591E-15,0.));
#536 = DIRECTION('',(0.,0.,-1.));
#537 = DIRECTION('',(0.642787609687,0.766044443119,0.));
#538 = DEFINITIONAL_REPRESENTATION('',(#539),#543);
#539 = LINE('',#540,#541);
#540 = CARTESIAN_POINT('',(0.,0.));
#541 = VECTOR('',#542,1.);
#542 = DIRECTION('',(1.,0.));
#543 = ( GEOMETRIC_REPRESENTATION_CONTEXT(2) 
PARAMETRIC_REPRESENTATION_CONTEXT() REPRESENTATION_CONTEXT('2D SPACE',''
  ) );
#544 = ORIENTED_EDGE('',*,*,#545,.T.);
#545 = EDGE_CURVE('',#513,#546,#548,.T.);
#546 = VERTEX_POINT('',#547);
#547 = CARTESIAN_POINT('',(-19.26038710642,-8.757926573552,0.));
#548 = SURFACE_CURVE('',#549,(#554,#561),.PCURVE_S1.);
#549 = CIRCLE('',#550,21.158066767947);
#550 = AXIS2_PLACEMENT_3D('',#551,#552,#553);
#551 = CARTESIAN_POINT('',(0.,0.,0.));
#552 = DIRECTION('',(0.,0.,1.));
#553 = DIRECTION('',(1.,0.,-0.));
#554 = PCURVE('',#43,#555);
#555 = DEFINITIONAL_REPRESENTATION('',(#556),#560);
#556 = CIRCLE('',#557,21.158066767947);
#557 = AXIS2_PLACEMENT_2D('',#558,#559);
#558 = CARTESIAN_POINT('',(0.,0.));
#559 = DIRECTION('',(1.,0.));
#560 = ( GEOMETRIC_REPRESENTATION_CONTEXT(2) 
PARAMETRIC_REPRESENTATION_CONTEXT() REPRESENTATION_CONTEXT('2D SPACE',''
  ) );
#561 = PCURVE('',#562,#567);
#562 = TOROIDAL_SURFACE('',#563,21.158066767947,0.500000000347);
#563 = AXIS2_PLACEMENT_3D('',#564,#565,#566);
#564 = CARTESIAN_POINT('',(0.,0.,0.500000000347));
#565 = DIRECTION('',(0.,0.,1.));
#566 = DIRECTION('',(1.,0.,-0.));
#567 = DEFINITIONAL_REPRESENTATION('',(#568),#572);
#568 = LINE('',#569,#570);
#569 = CARTESIAN_POINT('',(0.,4.712388980385));
#570 = VECTOR('',#571,1.);
#571 = DIRECTION('',(1.,0.));
#572 = ( GEOMETRIC_REPRESENTATION_CONTEXT(2) 
PARAMETRIC_REPRESENTATION_CONTEXT() REPRESENTATION_CONTEXT('2D SPACE',''
  ) );
#573 = ORIENTED_EDGE('',*,*,#574,.T.);
#574 = EDGE_CURVE('',#546,#575,#577,.T.);
#575 = VERTEX_POINT('',#576);
#576 = CARTESIAN_POINT('',(-17.21478045038,-12.3010212341,0.));
#577 = SURFACE_CURVE('',#578,(#583,#594),.PCURVE_S1.);
#578 = CIRCLE('',#579,4.032875);
#579 = AXIS2_PLACEMENT_3D('',#580,#581,#582);
#580 = CARTESIAN_POINT('',(-21.24751411494,-12.26725799387,0.));
#581 = DIRECTION('',(0.,0.,-1.));
#582 = DIRECTION('',(0.173648177667,0.984807753012,0.));
#583 = PCURVE('',#43,#584);
#584 = DEFINITIONAL_REPRESENTATION('',(#585),#593);
#585 = ( BOUNDED_CURVE() B_SPLINE_CURVE(2,(#586,#587,#588,#589,#590,#591
,#592),.UNSPECIFIED.,.T.,.F.) B_SPLINE_CURVE_WITH_KNOTS((1,2,2,2,2,1),(
    -2.094395102393,0.,2.094395102393,4.188790204786,6.28318530718,
8.377580409573),.UNSPECIFIED.) CURVE() GEOMETRIC_REPRESENTATION_ITEM() 
RATIONAL_B_SPLINE_CURVE((1.,0.5,1.,0.5,1.,0.5,1.)) REPRESENTATION_ITEM(
  '') );
#586 = CARTESIAN_POINT('',(-20.54721272043,-8.295651426942));
#587 = CARTESIAN_POINT('',(-13.66818835883,-9.508609022842));
#588 = CARTESIAN_POINT('',(-18.15815263139,-14.85954007528));
#589 = CARTESIAN_POINT('',(-22.64811690395,-20.21047112772));
#590 = CARTESIAN_POINT('',(-25.03717699299,-13.64658247938));
#591 = CARTESIAN_POINT('',(-27.42623708202,-7.082693831042));
#592 = CARTESIAN_POINT('',(-20.54721272043,-8.295651426942));
#593 = ( GEOMETRIC_REPRESENTATION_CONTEXT(2) 
PARAMETRIC_REPRESENTATION_CONTEXT() REPRESENTATION_CONTEXT('2D SPACE',''
  ) );
#594 = PCURVE('',#595,#600);
#595 = CYLINDRICAL_SURFACE('',#596,4.032875);
#596 = AXIS2_PLACEMENT_3D('',#597,#598,#599);
#597 = CARTESIAN_POINT('',(-21.24751411494,-12.26725799387,0.));
#598 = DIRECTION('',(0.,0.,-1.));
#599 = DIRECTION('',(0.173648177667,0.984807753012,0.));
#600 = DEFINITIONAL_REPRESENTATION('',(#601),#605);
#601 = LINE('',#602,#603);
#602 = CARTESIAN_POINT('',(0.,0.));
#603 = VECTOR('',#604,1.);
#604 = DIRECTION('',(1.,0.));
#605 = ( GEOMETRIC_REPRESENTATION_CONTEXT(2) 
PARAMETRIC_REPRESENTATION_CONTEXT() REPRESENTATION_CONTEXT('2D SPACE',''
  ) );
#606 = ORIENTED_EDGE('',*,*,#607,.T.);
#607 = EDGE_CURVE('',#575,#608,#610,.T.);
#608 = VERTEX_POINT('',#609);
#609 = CARTESIAN_POINT('',(-12.3010212341,-17.21478045038,0.));
#610 = SURFACE_CURVE('',#611,(#616,#623),.PCURVE_S1.);
#611 = CIRCLE('',#612,21.158066767947);
#612 = AXIS2_PLACEMENT_3D('',#613,#614,#615);
#613 = CARTESIAN_POINT('',(0.,0.,0.));
#614 = DIRECTION('',(0.,0.,1.));
#615 = DIRECTION('',(1.,0.,-0.));
#616 = PCURVE('',#43,#617);
#617 = DEFINITIONAL_REPRESENTATION('',(#618),#622);
#618 = CIRCLE('',#619,21.158066767947);
#619 = AXIS2_PLACEMENT_2D('',#620,#621);
#620 = CARTESIAN_POINT('',(0.,0.));
#621 = DIRECTION('',(1.,0.));
#622 = ( GEOMETRIC_REPRESENTATION_CONTEXT(2) 
PARAMETRIC_REPRESENTATION_CONTEXT() REPRESENTATION_CONTEXT('2D SPACE',''
  ) );
#623 = PCURVE('',#624,#629);
#624 = TOROIDAL_SURFACE('',#625,21.158066767947,0.500000000347);
#625 = AXIS2_PLACEMENT_3D('',#626,#627,#628);
#626 = CARTESIAN_POINT('',(0.,0.,0.500000000347));
#627 = DIRECTION('',(0.,0.,1.));
#628 = DIRECTION('',(1.,0.,-0.));
#629 = DEFINITIONAL_REPRESENTATION('',(#630),#634);
#630 = LINE('',#631,#632);
#631 = CARTESIAN_POINT('',(0.,4.712388980385));
#632 = VECTOR('',#633,1.);
#633 = DIRECTION('',(1.,0.));
#634 = ( GEOMETRIC_REPRESENTATION_CONTEXT(2) 
PARAMETRIC_REPRESENTATION_CONTEXT() REPRESENTATION_CONTEXT('2D SPACE',''
  ) );
#635 = ORIENTED_EDGE('',*,*,#636,.T.);
#636 = EDGE_CURVE('',#608,#637,#639,.T.);
#637 = VERTEX_POINT('',#638);
#638 = CARTESIAN_POINT('',(-8.757926573552,-19.26038710642,0.));
#639 = SURFACE_CURVE('',#640,(#645,#656),.PCURVE_S1.);
#640 = CIRCLE('',#641,4.032875);
#641 = AXIS2_PLACEMENT_3D('',#642,#643,#644);
#642 = CARTESIAN_POINT('',(-12.26725799387,-21.24751411494,0.));
#643 = DIRECTION('',(0.,0.,-1.));
#644 = DIRECTION('',(-0.342020143326,0.939692620786,0.));
#645 = PCURVE('',#43,#646);
#646 = DEFINITIONAL_REPRESENTATION('',(#647),#655);
#647 = ( BOUNDED_CURVE() B_SPLINE_CURVE(2,(#648,#649,#650,#651,#652,#653
,#654),.UNSPECIFIED.,.T.,.F.) B_SPLINE_CURVE_WITH_KNOTS((1,2,2,2,2,1),(
    -2.094395102393,0.,2.094395102393,4.188790204786,6.28318530718,
8.377580409573),.UNSPECIFIED.) CURVE() GEOMETRIC_REPRESENTATION_ITEM() 
RATIONAL_B_SPLINE_CURVE((1.,0.5,1.,0.5,1.,0.5,1.)) REPRESENTATION_ITEM(
  '') );
#648 = CARTESIAN_POINT('',(-13.64658247938,-17.45785123688));
#649 = CARTESIAN_POINT('',(-7.082693831042,-15.06879114785));
#650 = CARTESIAN_POINT('',(-8.295651426942,-21.94781550944));
#651 = CARTESIAN_POINT('',(-9.508609022842,-28.82683987104));
#652 = CARTESIAN_POINT('',(-14.85954007528,-24.33687559848));
#653 = CARTESIAN_POINT('',(-20.21047112772,-19.84691132592));
#654 = CARTESIAN_POINT('',(-13.64658247938,-17.45785123688));
#655 = ( GEOMETRIC_REPRESENTATION_CONTEXT(2) 
PARAMETRIC_REPRESENTATION_CONTEXT() REPRESENTATION_CONTEXT('2D SPACE',''
  ) );
#656 = PCURVE('',#657,#662);
#657 = CYLINDRICAL_SURFACE('',#658,4.032875);
#658 = AXIS2_PLACEMENT_3D('',#659,#660,#661);
#659 = CARTESIAN_POINT('',(-12.26725799387,-21.24751411494,0.));
#660 = DIRECTION('',(0.,0.,-1.));
#661 = DIRECTION('',(-0.342020143326,0.939692620786,0.));
#662 = DEFINITIONAL_REPRESENTATION('',(#663),#667);
#663 = LINE('',#664,#665);
#664 = CARTESIAN_POINT('',(0.,0.));
#665 = VECTOR('',#666,1.);
#666 = DIRECTION('',(1.,0.));
#667 = ( GEOMETRIC_REPRESENTATION_CONTEXT(2) 
PARAMETRIC_REPRESENTATION_CONTEXT() REPRESENTATION_CONTEXT('2D SPACE',''
  ) );
#668 = ORIENTED_EDGE('',*,*,#669,.T.);
#669 = EDGE_CURVE('',#637,#670,#672,.T.);
#670 = VERTEX_POINT('',#671);
#671 = CARTESIAN_POINT('',(-2.045606656035,-21.05894780765,0.));
#672 = SURFACE_CURVE('',#673,(#678,#685),.PCURVE_S1.);
#673 = CIRCLE('',#674,21.158066767947);
#674 = AXIS2_PLACEMENT_3D('',#675,#676,#677);
#675 = CARTESIAN_POINT('',(0.,0.,0.));
#676 = DIRECTION('',(0.,0.,1.));
#677 = DIRECTION('',(1.,0.,-0.));
#678 = PCURVE('',#43,#679);
#679 = DEFINITIONAL_REPRESENTATION('',(#680),#684);
#680 = CIRCLE('',#681,21.158066767947);
#681 = AXIS2_PLACEMENT_2D('',#682,#683);
#682 = CARTESIAN_POINT('',(0.,0.));
#683 = DIRECTION('',(1.,0.));
#684 = ( GEOMETRIC_REPRESENTATION_CONTEXT(2) 
PARAMETRIC_REPRESENTATION_CONTEXT() REPRESENTATION_CONTEXT('2D SPACE',''
  ) );
#685 = PCURVE('',#686,#691);
#686 = TOROIDAL_SURFACE('',#687,21.158066767947,0.500000000347);
#687 = AXIS2_PLACEMENT_3D('',#688,#689,#690);
#688 = CARTESIAN_POINT('',(0.,0.,0.500000000347));
#689 = DIRECTION('',(0.,0.,1.));
#690 = DIRECTION('',(1.,0.,-0.));
#691 = DEFINITIONAL_REPRESENTATION('',(#692),#696);
#692 = LINE('',#693,#694);
#693 = CARTESIAN_POINT('',(0.,4.712388980385));
#694 = VECTOR('',#695,1.);
#695 = DIRECTION('',(1.,0.));
#696 = ( GEOMETRIC_REPRESENTATION_CONTEXT(2) 
PARAMETRIC_REPRESENTATION_CONTEXT() REPRESENTATION_CONTEXT('2D SPACE',''
  ) );
#697 = ORIENTED_EDGE('',*,*,#698,.T.);
#698 = EDGE_CURVE('',#670,#699,#701,.T.);
#699 = VERTEX_POINT('',#700);
#700 = CARTESIAN_POINT('',(2.045606656035,-21.05894780765,0.));
#701 = SURFACE_CURVE('',#702,(#707,#718),.PCURVE_S1.);
#702 = CIRCLE('',#703,4.032875);
#703 = AXIS2_PLACEMENT_3D('',#704,#705,#706);
#704 = CARTESIAN_POINT('',(-3.885780586188E-15,-24.53451598774,0.));
#705 = DIRECTION('',(0.,0.,-1.));
#706 = DIRECTION('',(-0.766044443119,0.642787609687,0.));
#707 = PCURVE('',#43,#708);
#708 = DEFINITIONAL_REPRESENTATION('',(#709),#717);
#709 = ( BOUNDED_CURVE() B_SPLINE_CURVE(2,(#710,#711,#712,#713,#714,#715
,#716),.UNSPECIFIED.,.T.,.F.) B_SPLINE_CURVE_WITH_KNOTS((1,2,2,2,2,1),(
    -2.094395102393,0.,2.094395102393,4.188790204786,6.28318530718,
8.377580409573),.UNSPECIFIED.) CURVE() GEOMETRIC_REPRESENTATION_ITEM() 
RATIONAL_B_SPLINE_CURVE((1.,0.5,1.,0.5,1.,0.5,1.)) REPRESENTATION_ITEM(
  '') );
#710 = CARTESIAN_POINT('',(-3.089361483543,-21.94223390632));
#711 = CARTESIAN_POINT('',(1.400602789017,-16.59130285388));
#712 = CARTESIAN_POINT('',(3.789662878052,-23.15519150222));
#713 = CARTESIAN_POINT('',(6.178722967087,-29.71908015057));
#714 = CARTESIAN_POINT('',(-0.700301394509,-28.50612255467));
#715 = CARTESIAN_POINT('',(-7.579325756104,-27.29316495877));
#716 = CARTESIAN_POINT('',(-3.089361483543,-21.94223390632));
#717 = ( GEOMETRIC_REPRESENTATION_CONTEXT(2) 
PARAMETRIC_REPRESENTATION_CONTEXT() REPRESENTATION_CONTEXT('2D SPACE',''
  ) );
#718 = PCURVE('',#719,#724);
#719 = CYLINDRICAL_SURFACE('',#720,4.032875);
#720 = AXIS2_PLACEMENT_3D('',#721,#722,#723);
#721 = CARTESIAN_POINT('',(-3.885780586188E-15,-24.53451598774,0.));
#722 = DIRECTION('',(0.,0.,-1.));
#723 = DIRECTION('',(-0.766044443119,0.642787609687,0.));
#724 = DEFINITIONAL_REPRESENTATION('',(#725),#729);
#725 = LINE('',#726,#727);
#726 = CARTESIAN_POINT('',(0.,0.));
#727 = VECTOR('',#728,1.);
#728 = DIRECTION('',(1.,0.));
#729 = ( GEOMETRIC_REPRESENTATION_CONTEXT(2) 
PARAMETRIC_REPRESENTATION_CONTEXT() REPRESENTATION_CONTEXT('2D SPACE',''
  ) );
#730 = ORIENTED_EDGE('',*,*,#731,.T.);
#731 = EDGE_CURVE('',#699,#732,#734,.T.);
#732 = VERTEX_POINT('',#733);
#733 = CARTESIAN_POINT('',(8.757926573552,-19.26038710642,0.));
#734 = SURFACE_CURVE('',#735,(#740,#747),.PCURVE_S1.);
#735 = CIRCLE('',#736,21.158066767947);
#736 = AXIS2_PLACEMENT_3D('',#737,#738,#739);
#737 = CARTESIAN_POINT('',(0.,0.,0.));
#738 = DIRECTION('',(0.,0.,1.));
#739 = DIRECTION('',(1.,0.,-0.));
#740 = PCURVE('',#43,#741);
#741 = DEFINITIONAL_REPRESENTATION('',(#742),#746);
#742 = CIRCLE('',#743,21.158066767947);
#743 = AXIS2_PLACEMENT_2D('',#744,#745);
#744 = CARTESIAN_POINT('',(0.,0.));
#745 = DIRECTION('',(1.,0.));
#746 = ( GEOMETRIC_REPRESENTATION_CONTEXT(2) 
PARAMETRIC_REPRESENTATION_CONTEXT() REPRESENTATION_CONTEXT('2D SPACE',''
  ) );
#747 = PCURVE('',#748,#753);
#748 = TOROIDAL_SURFACE('',#749,21.158066767947,0.500000000347);
#749 = AXIS2_PLACEMENT_3D('',#750,#751,#752);
#750 = CARTESIAN_POINT('',(0.,0.,0.500000000347));
#751 = DIRECTION('',(0.,0.,1.));
#752 = DIRECTION('',(1.,0.,-0.));
#753 = DEFINITIONAL_REPRESENTATION('',(#754),#758);
#754 = LINE('',#755,#756);
#755 = CARTESIAN_POINT('',(0.,4.712388980385));
#756 = VECTOR('',#757,1.);
#757 = DIRECTION('',(1.,0.));
#758 = ( GEOMETRIC_REPRESENTATION_CONTEXT(2) 
PARAMETRIC_REPRESENTATION_CONTEXT() REPRESENTATION_CONTEXT('2D SPACE',''
  ) );
#759 = ORIENTED_EDGE('',*,*,#760,.T.);
#760 = EDGE_CURVE('',#732,#761,#763,.T.);
#761 = VERTEX_POINT('',#762);
#762 = CARTESIAN_POINT('',(12.301021234105,-17.21478045038,0.));
#763 = SURFACE_CURVE('',#764,(#769,#780),.PCURVE_S1.);
#764 = CIRCLE('',#765,4.032875);
#765 = AXIS2_PLACEMENT_3D('',#766,#767,#768);
#766 = CARTESIAN_POINT('',(12.267257993871,-21.24751411494,0.));
#767 = DIRECTION('',(0.,0.,-1.));
#768 = DIRECTION('',(-0.984807753012,0.173648177667,0.));
#769 = PCURVE('',#43,#770);
#770 = DEFINITIONAL_REPRESENTATION('',(#771),#779);
#771 = ( BOUNDED_CURVE() B_SPLINE_CURVE(2,(#772,#773,#774,#775,#776,#777
,#778),.UNSPECIFIED.,.T.,.F.) B_SPLINE_CURVE_WITH_KNOTS((1,2,2,2,2,1),(
    -2.094395102393,0.,2.094395102393,4.188790204786,6.28318530718,
8.377580409573),.UNSPECIFIED.) CURVE() GEOMETRIC_REPRESENTATION_ITEM() 
RATIONAL_B_SPLINE_CURVE((1.,0.5,1.,0.5,1.,0.5,1.)) REPRESENTATION_ITEM(
  '') );
#772 = CARTESIAN_POINT('',(8.295651426942,-20.54721272043));
#773 = CARTESIAN_POINT('',(9.508609022842,-13.66818835883));
#774 = CARTESIAN_POINT('',(14.859540075286,-18.15815263139));
#775 = CARTESIAN_POINT('',(20.210471127729,-22.64811690395));
#776 = CARTESIAN_POINT('',(13.646582479386,-25.03717699299));
#777 = CARTESIAN_POINT('',(7.082693831042,-27.42623708202));
#778 = CARTESIAN_POINT('',(8.295651426942,-20.54721272043));
#779 = ( GEOMETRIC_REPRESENTATION_CONTEXT(2) 
PARAMETRIC_REPRESENTATION_CONTEXT() REPRESENTATION_CONTEXT('2D SPACE',''
  ) );
#780 = PCURVE('',#781,#786);
#781 = CYLINDRICAL_SURFACE('',#782,4.032875);
#782 = AXIS2_PLACEMENT_3D('',#783,#784,#785);
#783 = CARTESIAN_POINT('',(12.267257993871,-21.24751411494,0.));
#784 = DIRECTION('',(0.,0.,-1.));
#785 = DIRECTION('',(-0.984807753012,0.173648177667,0.));
#786 = DEFINITIONAL_REPRESENTATION('',(#787),#791);
#787 = LINE('',#788,#789);
#788 = CARTESIAN_POINT('',(0.,0.));
#789 = VECTOR('',#790,1.);
#790 = DIRECTION('',(1.,0.));
#791 = ( GEOMETRIC_REPRESENTATION_CONTEXT(2) 
PARAMETRIC_REPRESENTATION_CONTEXT() REPRESENTATION_CONTEXT('2D SPACE',''
  ) );
#792 = ORIENTED_EDGE('',*,*,#793,.T.);
#793 = EDGE_CURVE('',#761,#794,#796,.T.);
#794 = VERTEX_POINT('',#795);
#795 = CARTESIAN_POINT('',(17.214780450386,-12.3010212341,0.));
#796 = SURFACE_CURVE('',#797,(#802,#809),.PCURVE_S1.);
#797 = CIRCLE('',#798,21.158066767947);
#798 = AXIS2_PLACEMENT_3D('',#799,#800,#801);
#799 = CARTESIAN_POINT('',(0.,0.,0.));
#800 = DIRECTION('',(0.,0.,1.));
#801 = DIRECTION('',(1.,0.,-0.));
#802 = PCURVE('',#43,#803);
#803 = DEFINITIONAL_REPRESENTATION('',(#804),#808);
#804 = CIRCLE('',#805,21.158066767947);
#805 = AXIS2_PLACEMENT_2D('',#806,#807);
#806 = CARTESIAN_POINT('',(0.,0.));
#807 = DIRECTION('',(1.,0.));
#808 = ( GEOMETRIC_REPRESENTATION_CONTEXT(2) 
PARAMETRIC_REPRESENTATION_CONTEXT() REPRESENTATION_CONTEXT('2D SPACE',''
  ) );
#809 = PCURVE('',#810,#815);
#810 = TOROIDAL_SURFACE('',#811,21.158066767947,0.500000000347);
#811 = AXIS2_PLACEMENT_3D('',#812,#813,#814);
#812 = CARTESIAN_POINT('',(0.,0.,0.500000000347));
#813 = DIRECTION('',(0.,0.,1.));
#814 = DIRECTION('',(1.,0.,-0.));
#815 = DEFINITIONAL_REPRESENTATION('',(#816),#820);
#816 = LINE('',#817,#818);
#817 = CARTESIAN_POINT('',(0.,4.712388980385));
#818 = VECTOR('',#819,1.);
#819 = DIRECTION('',(1.,0.));
#820 = ( GEOMETRIC_REPRESENTATION_CONTEXT(2) 
PARAMETRIC_REPRESENTATION_CONTEXT() REPRESENTATION_CONTEXT('2D SPACE',''
  ) );
#821 = ORIENTED_EDGE('',*,*,#822,.T.);
#822 = EDGE_CURVE('',#794,#110,#823,.T.);
#823 = SURFACE_CURVE('',#824,(#829,#840),.PCURVE_S1.);
#824 = CIRCLE('',#825,4.032875);
#825 = AXIS2_PLACEMENT_3D('',#826,#827,#828);
#826 = CARTESIAN_POINT('',(21.24751411494,-12.26725799387,0.));
#827 = DIRECTION('',(0.,0.,-1.));
#828 = DIRECTION('',(-0.939692620786,-0.342020143326,-0.));
#829 = PCURVE('',#43,#830);
#830 = DEFINITIONAL_REPRESENTATION('',(#831),#839);
#831 = ( BOUNDED_CURVE() B_SPLINE_CURVE(2,(#832,#833,#834,#835,#836,#837
,#838),.UNSPECIFIED.,.T.,.F.) B_SPLINE_CURVE_WITH_KNOTS((1,2,2,2,2,1),(
    -2.094395102393,0.,2.094395102393,4.188790204786,6.28318530718,
8.377580409573),.UNSPECIFIED.) CURVE() GEOMETRIC_REPRESENTATION_ITEM() 
RATIONAL_B_SPLINE_CURVE((1.,0.5,1.,0.5,1.,0.5,1.)) REPRESENTATION_ITEM(
  '') );
#832 = CARTESIAN_POINT('',(17.457851236888,-13.64658247938));
#833 = CARTESIAN_POINT('',(15.068791147853,-7.082693831042));
#834 = CARTESIAN_POINT('',(21.947815509449,-8.295651426942));
#835 = CARTESIAN_POINT('',(28.826839871044,-9.508609022842));
#836 = CARTESIAN_POINT('',(24.336875598484,-14.85954007528));
#837 = CARTESIAN_POINT('',(19.846911325923,-20.21047112772));
#838 = CARTESIAN_POINT('',(17.457851236888,-13.64658247938));
#839 = ( GEOMETRIC_REPRESENTATION_CONTEXT(2) 
PARAMETRIC_REPRESENTATION_CONTEXT() REPRESENTATION_CONTEXT('2D SPACE',''
  ) );
#840 = PCURVE('',#841,#846);
#841 = CYLINDRICAL_SURFACE('',#842,4.032875);
#842 = AXIS2_PLACEMENT_3D('',#843,#844,#845);
#843 = CARTESIAN_POINT('',(21.24751411494,-12.26725799387,0.));
#844 = DIRECTION('',(0.,0.,-1.));
#845 = DIRECTION('',(-0.939692620786,-0.342020143326,-0.));
#846 = DEFINITIONAL_REPRESENTATION('',(#847),#851);
#847 = LINE('',#848,#849);
#848 = CARTESIAN_POINT('',(0.,0.));
#849 = VECTOR('',#850,1.);
#850 = DIRECTION('',(1.,0.));
#851 = ( GEOMETRIC_REPRESENTATION_CONTEXT(2) 
PARAMETRIC_REPRESENTATION_CONTEXT() REPRESENTATION_CONTEXT('2D SPACE',''
  ) );
#852 = FACE_BOUND('',#853,.F.);
#853 = EDGE_LOOP('',(#854));
#854 = ORIENTED_EDGE('',*,*,#21,.F.);
#855 = ADVANCED_FACE('',(#856,#859),#93,.F.);
#856 = FACE_BOUND('',#857,.F.);
#857 = EDGE_LOOP('',(#858));
#858 = ORIENTED_EDGE('',*,*,#78,.T.);
#859 = FACE_BOUND('',#860,.F.);
#860 = EDGE_LOOP('',(#861));
#861 = ORIENTED_EDGE('',*,*,#862,.F.);
#862 = EDGE_CURVE('',#863,#863,#865,.T.);
#863 = VERTEX_POINT('',#864);
#864 = CARTESIAN_POINT('',(2.5,-6.123233995737E-16,-10.));
#865 = SURFACE_CURVE('',#866,(#871,#878),.PCURVE_S1.);
#866 = CIRCLE('',#867,2.5);
#867 = AXIS2_PLACEMENT_3D('',#868,#869,#870);
#868 = CARTESIAN_POINT('',(0.,0.,-10.));
#869 = DIRECTION('',(0.,0.,1.));
#870 = DIRECTION('',(1.,0.,-0.));
#871 = PCURVE('',#93,#872);
#872 = DEFINITIONAL_REPRESENTATION('',(#873),#877);
#873 = CIRCLE('',#874,2.5);
#874 = AXIS2_PLACEMENT_2D('',#875,#876);
#875 = CARTESIAN_POINT('',(0.,0.));
#876 = DIRECTION('',(1.,0.));
#877 = ( GEOMETRIC_REPRESENTATION_CONTEXT(2) 
PARAMETRIC_REPRESENTATION_CONTEXT() REPRESENTATION_CONTEXT('2D SPACE',''
  ) );
#878 = PCURVE('',#879,#884);
#879 = CYLINDRICAL_SURFACE('',#880,2.5);
#880 = AXIS2_PLACEMENT_3D('',#881,#882,#883);
#881 = CARTESIAN_POINT('',(0.,0.,-10.));
#882 = DIRECTION('',(0.,0.,1.));
#883 = DIRECTION('',(1.,0.,-0.));
#884 = DEFINITIONAL_REPRESENTATION('',(#885),#889);
#885 = LINE('',#886,#887);
#886 = CARTESIAN_POINT('',(0.,0.));
#887 = VECTOR('',#888,1.);
#888 = DIRECTION('',(1.,0.));
#889 = ( GEOMETRIC_REPRESENTATION_CONTEXT(2) 
PARAMETRIC_REPRESENTATION_CONTEXT() REPRESENTATION_CONTEXT('2D SPACE',''
  ) );
#890 = ADVANCED_FACE('',(#891),#128,.T.);
#891 = FACE_BOUND('',#892,.T.);
#892 = EDGE_LOOP('',(#893,#894,#932,#961));
#893 = ORIENTED_EDGE('',*,*,#109,.T.);
#894 = ORIENTED_EDGE('',*,*,#895,.T.);
#895 = EDGE_CURVE('',#112,#896,#898,.T.);
#896 = VERTEX_POINT('',#897);
#897 = CARTESIAN_POINT('',(21.059761724783,-2.046988905117,
    8.907265742764E-07));
#898 = SURFACE_CURVE('',#899,(#908,#920),.PCURVE_S1.);
#899 = B_SPLINE_CURVE_WITH_KNOTS('',4,(#900,#901,#902,#903,#904,#905,
    #906,#907),.UNSPECIFIED.,.F.,.F.,(5,3,5),(0.,0.405033071269,1.),
  .UNSPECIFIED.);
#900 = CARTESIAN_POINT('',(21.058947807659,-2.045606656035,0.));
#901 = CARTESIAN_POINT('',(21.059030210398,-2.045746661611,
    3.460854412557E-17));
#902 = CARTESIAN_POINT('',(21.059112616687,-2.045886656016,
    2.434753803715E-08));
#903 = CARTESIAN_POINT('',(21.059195026518,-2.046026639241,
    7.304667432652E-08));
#904 = CARTESIAN_POINT('',(21.059398499694,-2.046372220985,
    2.534141400566E-07));
#905 = CARTESIAN_POINT('',(21.059519567131,-2.046577806548,
    4.132806563713E-07));
#906 = CARTESIAN_POINT('',(21.059640642169,-2.046783367936,
    6.257138613483E-07));
#907 = CARTESIAN_POINT('',(21.059761724783,-2.046988905117,
    8.907265751645E-07));
#908 = PCURVE('',#128,#909);
#909 = DEFINITIONAL_REPRESENTATION('',(#910),#919);
#910 = B_SPLINE_CURVE_WITH_KNOTS('',4,(#911,#912,#913,#914,#915,#916,
    #917,#918),.UNSPECIFIED.,.F.,.F.,(5,3,5),(0.,0.405033071269,1.),
  .UNSPECIFIED.);
#911 = CARTESIAN_POINT('',(6.186351932943,4.712388980385));
#912 = CARTESIAN_POINT('',(6.186345723357,4.712580085871));
#913 = CARTESIAN_POINT('',(6.186339514388,4.71277119844));
#914 = CARTESIAN_POINT('',(6.186333306036,4.712962318091));
#915 = CARTESIAN_POINT('',(6.186317979548,4.713434197419));
#916 = CARTESIAN_POINT('',(6.186308862126,4.713714965297));
#917 = CARTESIAN_POINT('',(6.186299746038,4.713995748457));
#918 = CARTESIAN_POINT('',(6.186290631284,4.714276546902));
#919 = ( GEOMETRIC_REPRESENTATION_CONTEXT(2) 
PARAMETRIC_REPRESENTATION_CONTEXT() REPRESENTATION_CONTEXT('2D SPACE',''
  ) );
#920 = PCURVE('',#161,#921);
#921 = DEFINITIONAL_REPRESENTATION('',(#922),#931);
#922 = B_SPLINE_CURVE_WITH_KNOTS('',4,(#923,#924,#925,#926,#927,#928,
    #929,#930),.UNSPECIFIED.,.F.,.F.,(5,3,5),(0.,0.405033071269,1.),
  .UNSPECIFIED.);
#923 = CARTESIAN_POINT('',(0.340693749934,0.));
#924 = CARTESIAN_POINT('',(0.340653467146,-3.460860155451E-17));
#925 = CARTESIAN_POINT('',(0.340613186299,-2.434753803715E-08));
#926 = CARTESIAN_POINT('',(0.340572907395,-7.304667432652E-08));
#927 = CARTESIAN_POINT('',(0.340473466238,-2.534141400566E-07));
#928 = CARTESIAN_POINT('',(0.340414306238,-4.132806563713E-07));
#929 = CARTESIAN_POINT('',(0.340355150446,-6.257138613483E-07));
#930 = CARTESIAN_POINT('',(0.340295998873,-8.907265751645E-07));
#931 = ( GEOMETRIC_REPRESENTATION_CONTEXT(2) 
PARAMETRIC_REPRESENTATION_CONTEXT() REPRESENTATION_CONTEXT('2D SPACE',''
  ) );
#932 = ORIENTED_EDGE('',*,*,#933,.F.);
#933 = EDGE_CURVE('',#934,#896,#936,.T.);
#934 = VERTEX_POINT('',#935);
#935 = CARTESIAN_POINT('',(19.261783103868,-8.757136469295,
    8.907265742764E-07));
#936 = SURFACE_CURVE('',#937,(#942,#949),.PCURVE_S1.);
#937 = CIRCLE('',#938,21.159010550645);
#938 = AXIS2_PLACEMENT_3D('',#939,#940,#941);
#939 = CARTESIAN_POINT('',(0.,0.,8.907265742764E-07));
#940 = DIRECTION('',(0.,0.,1.));
#941 = DIRECTION('',(1.,0.,-0.));
#942 = PCURVE('',#128,#943);
#943 = DEFINITIONAL_REPRESENTATION('',(#944),#948);
#944 = LINE('',#945,#946);
#945 = CARTESIAN_POINT('',(0.,4.714276546902));
#946 = VECTOR('',#947,1.);
#947 = DIRECTION('',(1.,0.));
#948 = ( GEOMETRIC_REPRESENTATION_CONTEXT(2) 
PARAMETRIC_REPRESENTATION_CONTEXT() REPRESENTATION_CONTEXT('2D SPACE',''
  ) );
#949 = PCURVE('',#950,#955);
#950 = TOROIDAL_SURFACE('',#951,21.133528417785,13.5);
#951 = AXIS2_PLACEMENT_3D('',#952,#953,#954);
#952 = CARTESIAN_POINT('',(0.,0.,13.499976841109));
#953 = DIRECTION('',(0.,0.,1.));
#954 = DIRECTION('',(1.,0.,-0.));
#955 = DEFINITIONAL_REPRESENTATION('',(#956),#960);
#956 = LINE('',#957,#958);
#957 = CARTESIAN_POINT('',(0.,4.714276546903));
#958 = VECTOR('',#959,1.);
#959 = DIRECTION('',(1.,0.));
#960 = ( GEOMETRIC_REPRESENTATION_CONTEXT(2) 
PARAMETRIC_REPRESENTATION_CONTEXT() REPRESENTATION_CONTEXT('2D SPACE',''
  ) );
#961 = ORIENTED_EDGE('',*,*,#962,.F.);
#962 = EDGE_CURVE('',#110,#934,#963,.T.);
#963 = SURFACE_CURVE('',#964,(#973,#985),.PCURVE_S1.);
#964 = B_SPLINE_CURVE_WITH_KNOTS('',4,(#965,#966,#967,#968,#969,#970,
    #971,#972),.UNSPECIFIED.,.F.,.F.,(5,3,5),(0.,0.390032649361,1.),
  .UNSPECIFIED.);
#965 = CARTESIAN_POINT('',(19.26038710642,-8.757926573553,0.));
#966 = CARTESIAN_POINT('',(19.260523236589,-8.757849491082,
    3.332681480448E-17));
#967 = CARTESIAN_POINT('',(19.260659364429,-8.757772419229,
    2.257750819877E-08));
#968 = CARTESIAN_POINT('',(19.260795489931,-8.757695357996,
    6.77361502231E-08));
#969 = CARTESIAN_POINT('',(19.261144494437,-8.757497808872,
    2.414226255663E-07));
#970 = CARTESIAN_POINT('',(19.261357370046,-8.757377336341,
    4.02602264237E-07));
#971 = CARTESIAN_POINT('',(19.26157023987,-8.757256889811,
    6.190323092724E-07));
#972 = CARTESIAN_POINT('',(19.261783103868,-8.757136469295,
    8.907265751645E-07));
#973 = PCURVE('',#128,#974);
#974 = DEFINITIONAL_REPRESENTATION('',(#975),#984);
#975 = B_SPLINE_CURVE_WITH_KNOTS('',4,(#976,#977,#978,#979,#980,#981,
    #982,#983),.UNSPECIFIED.,.F.,.F.,(5,3,5),(0.,0.390032649361,1.),
  .UNSPECIFIED.);
#976 = CARTESIAN_POINT('',(5.856419905818,4.712388980385));
#977 = CARTESIAN_POINT('',(5.856425885431,4.712573008269));
#978 = CARTESIAN_POINT('',(5.856431864473,4.712757042721));
#979 = CARTESIAN_POINT('',(5.856437842942,4.71294108374));
#980 = CARTESIAN_POINT('',(5.8564531696,4.713412961125));
#981 = CARTESIAN_POINT('',(5.856462516961,4.713700806987));
#982 = CARTESIAN_POINT('',(5.85647186292,4.713988668912));
#983 = CARTESIAN_POINT('',(5.856481207477,4.714276546902));
#984 = ( GEOMETRIC_REPRESENTATION_CONTEXT(2) 
PARAMETRIC_REPRESENTATION_CONTEXT() REPRESENTATION_CONTEXT('2D SPACE',''
  ) );
#985 = PCURVE('',#841,#986);
#986 = DEFINITIONAL_REPRESENTATION('',(#987),#996);
#987 = B_SPLINE_CURVE_WITH_KNOTS('',4,(#988,#989,#990,#991,#992,#993,
    #994,#995),.UNSPECIFIED.,.F.,.F.,(5,3,5),(0.,0.390032649361,1.),
  .UNSPECIFIED.);
#988 = CARTESIAN_POINT('',(1.40463550206,0.));
#989 = CARTESIAN_POINT('',(1.404674292973,-3.332682894708E-17));
#990 = CARTESIAN_POINT('',(1.404713082086,-2.257750819877E-08));
#991 = CARTESIAN_POINT('',(1.404751869397,-6.77361502231E-08));
#992 = CARTESIAN_POINT('',(1.404851311088,-2.414226255663E-07));
#993 = CARTESIAN_POINT('',(1.404911962859,-4.02602264237E-07));
#994 = CARTESIAN_POINT('',(1.404972610207,-6.190323092724E-07));
#995 = CARTESIAN_POINT('',(1.405033253121,-8.907265751645E-07));
#996 = ( GEOMETRIC_REPRESENTATION_CONTEXT(2) 
PARAMETRIC_REPRESENTATION_CONTEXT() REPRESENTATION_CONTEXT('2D SPACE',''
  ) );
#997 = ADVANCED_FACE('',(#998),#841,.F.);
#998 = FACE_BOUND('',#999,.F.);
#999 = EDGE_LOOP('',(#1000,#1042,#1070,#1110,#1153,#1186,#1238,#1278,
    #1306,#1339,#1340,#1341));
#1000 = ORIENTED_EDGE('',*,*,#1001,.T.);
#1001 = EDGE_CURVE('',#1002,#1004,#1006,.T.);
#1002 = VERTEX_POINT('',#1003);
#1003 = CARTESIAN_POINT('',(17.214794198751,-12.30262525548,
    8.907265742764E-07));
#1004 = VERTEX_POINT('',#1005);
#1005 = CARTESIAN_POINT('',(17.457851236888,-13.64658247938,
    3.895440134218E-02));
#1006 = SURFACE_CURVE('',#1007,(#1015,#1026),.PCURVE_S1.);
#1007 = B_SPLINE_CURVE_WITH_KNOTS('',6,(#1008,#1009,#1010,#1011,#1012,
    #1013,#1014),.UNSPECIFIED.,.F.,.F.,(7,7),(0.,1.),
  .PIECEWISE_BEZIER_KNOTS.);
#1008 = CARTESIAN_POINT('',(17.214794198751,-12.30262525548,
    8.907265733882E-07));
#1009 = CARTESIAN_POINT('',(17.216802747363,-12.53164818856,
    2.553283448085E-04));
#1010 = CARTESIAN_POINT('',(17.234418911628,-12.76052165562,
    2.152377550285E-03));
#1011 = CARTESIAN_POINT('',(17.267627711379,-12.98786421092,
    6.343802256685E-03));
#1012 = CARTESIAN_POINT('',(17.316237876084,-13.21226912696,
    1.350215302691E-02));
#1013 = CARTESIAN_POINT('',(17.379863710042,-13.43231351037,
    2.422588240539E-02));
#1014 = CARTESIAN_POINT('',(17.457851236888,-13.64658247938,
    3.895440134219E-02));
#1015 = PCURVE('',#841,#1016);
#1016 = DEFINITIONAL_REPRESENTATION('',(#1017),#1025);
#1017 = B_SPLINE_CURVE_WITH_KNOTS('',6,(#1018,#1019,#1020,#1021,#1022,
    #1023,#1024),.UNSPECIFIED.,.F.,.F.,(7,7),(0.,1.),
  .PIECEWISE_BEZIER_KNOTS.);
#1018 = CARTESIAN_POINT('',(0.340295998873,-8.907265733882E-07));
#1019 = CARTESIAN_POINT('',(0.283504816287,-2.553283448085E-04));
#1020 = CARTESIAN_POINT('',(0.226716775371,-2.152377550285E-03));
#1021 = CARTESIAN_POINT('',(0.169944604742,-6.343802256684E-03));
#1022 = CARTESIAN_POINT('',(0.113208469246,-1.350215302691E-02));
#1023 = CARTESIAN_POINT('',(5.654037731206E-02,-2.422588240539E-02));
#1024 = CARTESIAN_POINT('',(0.,-3.895440134219E-02));
#1025 = ( GEOMETRIC_REPRESENTATION_CONTEXT(2) 
PARAMETRIC_REPRESENTATION_CONTEXT() REPRESENTATION_CONTEXT('2D SPACE',''
  ) );
#1026 = PCURVE('',#1027,#1032);
#1027 = TOROIDAL_SURFACE('',#1028,21.133528417785,13.5);
#1028 = AXIS2_PLACEMENT_3D('',#1029,#1030,#1031);
#1029 = CARTESIAN_POINT('',(0.,0.,13.499976841109));
#1030 = DIRECTION('',(0.,0.,1.));
#1031 = DIRECTION('',(1.,0.,-0.));
#1032 = DEFINITIONAL_REPRESENTATION('',(#1033),#1041);
#1033 = B_SPLINE_CURVE_WITH_KNOTS('',6,(#1034,#1035,#1036,#1037,#1038,
    #1039,#1040),.UNSPECIFIED.,.F.,.F.,(7,7),(0.,1.),
  .PIECEWISE_BEZIER_KNOTS.);
#1034 = CARTESIAN_POINT('',(5.662691855685,4.714276546903));
#1035 = CARTESIAN_POINT('',(5.653940817893,4.724261488886));
#1036 = CARTESIAN_POINT('',(5.645758211441,4.735324860512));
#1037 = CARTESIAN_POINT('',(5.638206351002,4.747377209614));
#1038 = CARTESIAN_POINT('',(5.631331192424,4.760315842363));
#1039 = CARTESIAN_POINT('',(5.625161627439,4.774029521392));
#1040 = CARTESIAN_POINT('',(5.619710749547,4.7883970997));
#1041 = ( GEOMETRIC_REPRESENTATION_CONTEXT(2) 
PARAMETRIC_REPRESENTATION_CONTEXT() REPRESENTATION_CONTEXT('2D SPACE',''
  ) );
#1042 = ORIENTED_EDGE('',*,*,#1043,.T.);
#1043 = EDGE_CURVE('',#1004,#1044,#1046,.T.);
#1044 = VERTEX_POINT('',#1045);
#1045 = CARTESIAN_POINT('',(17.457851236888,-13.64658247938,
    7.161045598658));
#1046 = SURFACE_CURVE('',#1047,(#1051,#1058),.PCURVE_S1.);
#1047 = LINE('',#1048,#1049);
#1048 = CARTESIAN_POINT('',(17.457851236888,-13.64658247938,0.));
#1049 = VECTOR('',#1050,1.);
#1050 = DIRECTION('',(0.,0.,1.));
#1051 = PCURVE('',#841,#1052);
#1052 = DEFINITIONAL_REPRESENTATION('',(#1053),#1057);
#1053 = LINE('',#1054,#1055);
#1054 = CARTESIAN_POINT('',(0.,0.));
#1055 = VECTOR('',#1056,1.);
#1056 = DIRECTION('',(0.,-1.));
#1057 = ( GEOMETRIC_REPRESENTATION_CONTEXT(2) 
PARAMETRIC_REPRESENTATION_CONTEXT() REPRESENTATION_CONTEXT('2D SPACE',''
  ) );
#1058 = PCURVE('',#1059,#1064);
#1059 = CYLINDRICAL_SURFACE('',#1060,10.392875000001);
#1060 = AXIS2_PLACEMENT_3D('',#1061,#1062,#1063);
#1061 = CARTESIAN_POINT('',(27.223959183139,-10.09200988232,0.));
#1062 = DIRECTION('',(0.,0.,-1.));
#1063 = DIRECTION('',(-0.835487811413,-0.549508978071,-0.));
#1064 = DEFINITIONAL_REPRESENTATION('',(#1065),#1069);
#1065 = LINE('',#1066,#1067);
#1066 = CARTESIAN_POINT('',(0.232710566933,0.));
#1067 = VECTOR('',#1068,1.);
#1068 = DIRECTION('',(0.,-1.));
#1069 = ( GEOMETRIC_REPRESENTATION_CONTEXT(2) 
PARAMETRIC_REPRESENTATION_CONTEXT() REPRESENTATION_CONTEXT('2D SPACE',''
  ) );
#1070 = ORIENTED_EDGE('',*,*,#1071,.T.);
#1071 = EDGE_CURVE('',#1044,#1072,#1074,.T.);
#1072 = VERTEX_POINT('',#1073);
#1073 = CARTESIAN_POINT('',(17.214794198751,-12.30262525548,
    7.199999109273));
#1074 = SURFACE_CURVE('',#1075,(#1083,#1094),.PCURVE_S1.);
#1075 = B_SPLINE_CURVE_WITH_KNOTS('',6,(#1076,#1077,#1078,#1079,#1080,
    #1081,#1082),.UNSPECIFIED.,.F.,.F.,(7,7),(0.,1.),
  .PIECEWISE_BEZIER_KNOTS.);
#1076 = CARTESIAN_POINT('',(17.457851236888,-13.64658247938,
    7.161045598658));
#1077 = CARTESIAN_POINT('',(17.379863709795,-13.43231350969,
    7.175774117641));
#1078 = CARTESIAN_POINT('',(17.316237875632,-13.21226912539,
    7.186497847051));
#1079 = CARTESIAN_POINT('',(17.267627711243,-12.98786420965,
    7.193656197748));
#1080 = CARTESIAN_POINT('',(17.234418911597,-12.76052165508,
    7.197847622458));
#1081 = CARTESIAN_POINT('',(17.21680274736,-12.53164818828,
    7.199744671656));
#1082 = CARTESIAN_POINT('',(17.214794198751,-12.30262525548,
    7.199999109273));
#1083 = PCURVE('',#841,#1084);
#1084 = DEFINITIONAL_REPRESENTATION('',(#1085),#1093);
#1085 = B_SPLINE_CURVE_WITH_KNOTS('',6,(#1086,#1087,#1088,#1089,#1090,
    #1091,#1092),.UNSPECIFIED.,.F.,.F.,(7,7),(0.,1.),
  .PIECEWISE_BEZIER_KNOTS.);
#1086 = CARTESIAN_POINT('',(0.,-7.161045598658));
#1087 = CARTESIAN_POINT('',(5.654037749057E-02,-7.175774117641));
#1088 = CARTESIAN_POINT('',(0.113208469645,-7.186497847051));
#1089 = CARTESIAN_POINT('',(0.169944605064,-7.193656197748));
#1090 = CARTESIAN_POINT('',(0.2267167755,-7.197847622458));
#1091 = CARTESIAN_POINT('',(0.283504816357,-7.199744671656));
#1092 = CARTESIAN_POINT('',(0.340295998873,-7.199999109273));
#1093 = ( GEOMETRIC_REPRESENTATION_CONTEXT(2) 
PARAMETRIC_REPRESENTATION_CONTEXT() REPRESENTATION_CONTEXT('2D SPACE',''
  ) );
#1094 = PCURVE('',#1095,#1100);
#1095 = TOROIDAL_SURFACE('',#1096,21.133528417785,13.5);
#1096 = AXIS2_PLACEMENT_3D('',#1097,#1098,#1099);
#1097 = CARTESIAN_POINT('',(0.,0.,-6.299976841109));
#1098 = DIRECTION('',(0.,0.,1.));
#1099 = DIRECTION('',(1.,0.,-0.));
#1100 = DEFINITIONAL_REPRESENTATION('',(#1101),#1109);
#1101 = B_SPLINE_CURVE_WITH_KNOTS('',6,(#1102,#1103,#1104,#1105,#1106,
    #1107,#1108),.UNSPECIFIED.,.F.,.F.,(7,7),(0.,1.),
  .PIECEWISE_BEZIER_KNOTS.);
#1102 = CARTESIAN_POINT('',(5.619710749547,1.494788207479));
#1103 = CARTESIAN_POINT('',(5.625161627456,1.509155785833));
#1104 = CARTESIAN_POINT('',(5.631331192468,1.522869464914));
#1105 = CARTESIAN_POINT('',(5.638206351046,1.535808097631));
#1106 = CARTESIAN_POINT('',(5.645758211461,1.547860446692));
#1107 = CARTESIAN_POINT('',(5.653940817904,1.558923818305));
#1108 = CARTESIAN_POINT('',(5.662691855685,1.568908760277));
#1109 = ( GEOMETRIC_REPRESENTATION_CONTEXT(2) 
PARAMETRIC_REPRESENTATION_CONTEXT() REPRESENTATION_CONTEXT('2D SPACE',''
  ) );
#1110 = ORIENTED_EDGE('',*,*,#1111,.T.);
#1111 = EDGE_CURVE('',#1072,#1112,#1114,.T.);
#1112 = VERTEX_POINT('',#1113);
#1113 = CARTESIAN_POINT('',(17.214780450386,-12.3010212341,7.2));
#1114 = SURFACE_CURVE('',#1115,(#1124,#1136),.PCURVE_S1.);
#1115 = B_SPLINE_CURVE_WITH_KNOTS('',4,(#1116,#1117,#1118,#1119,#1120,
    #1121,#1122,#1123),.UNSPECIFIED.,.F.,.F.,(5,3,5),(0.,0.405966904141,
    1.),.UNSPECIFIED.);
#1116 = CARTESIAN_POINT('',(17.214794198751,-12.30262525548,
    7.199999109273));
#1117 = CARTESIAN_POINT('',(17.214792771286,-12.30246249006,
    7.199999290101));
#1118 = CARTESIAN_POINT('',(17.21479135251,-12.30229971663,
    7.199999446448));
#1119 = CARTESIAN_POINT('',(17.214789942427,-12.30213693522,
    7.19999957832));
#1120 = CARTESIAN_POINT('',(17.214786490446,-12.30173594347,
    7.199999842873));
#1121 = CARTESIAN_POINT('',(17.21478445847,-12.30149772403,
    7.199999947628));
#1122 = CARTESIAN_POINT('',(17.214782445114,-12.30125948756,7.2));
#1123 = CARTESIAN_POINT('',(17.214780450385,-12.3010212341,7.2));
#1124 = PCURVE('',#841,#1125);
#1125 = DEFINITIONAL_REPRESENTATION('',(#1126),#1135);
#1126 = B_SPLINE_CURVE_WITH_KNOTS('',4,(#1127,#1128,#1129,#1130,#1131,
    #1132,#1133,#1134),.UNSPECIFIED.,.F.,.F.,(5,3,5),(0.,0.405966904141,
    1.),.UNSPECIFIED.);
#1127 = CARTESIAN_POINT('',(0.340295998873,-7.199999109273));
#1128 = CARTESIAN_POINT('',(0.340336360076,-7.199999290101));
#1129 = CARTESIAN_POINT('',(0.340376723243,-7.199999446448));
#1130 = CARTESIAN_POINT('',(0.340417088371,-7.19999957832));
#1131 = CARTESIAN_POINT('',(0.340516522797,-7.199999842873));
#1132 = CARTESIAN_POINT('',(0.340575594329,-7.199999947628));
#1133 = CARTESIAN_POINT('',(0.340634670045,-7.2));
#1134 = CARTESIAN_POINT('',(0.340693749934,-7.2));
#1135 = ( GEOMETRIC_REPRESENTATION_CONTEXT(2) 
PARAMETRIC_REPRESENTATION_CONTEXT() REPRESENTATION_CONTEXT('2D SPACE',''
  ) );
#1136 = PCURVE('',#1137,#1142);
#1137 = TOROIDAL_SURFACE('',#1138,21.158066767946,0.500000001594);
#1138 = AXIS2_PLACEMENT_3D('',#1139,#1140,#1141);
#1139 = CARTESIAN_POINT('',(0.,0.,6.699999998406));
#1140 = DIRECTION('',(0.,0.,1.));
#1141 = DIRECTION('',(1.,0.,-0.));
#1142 = DEFINITIONAL_REPRESENTATION('',(#1143),#1152);
#1143 = B_SPLINE_CURVE_WITH_KNOTS('',4,(#1144,#1145,#1146,#1147,#1148,
    #1149,#1150,#1151),.UNSPECIFIED.,.F.,.F.,(5,3,5),(0.,0.405966904141,
    1.),.UNSPECIFIED.);
#1144 = CARTESIAN_POINT('',(5.662691855685,1.568908760281));
#1145 = CARTESIAN_POINT('',(5.662698075003,1.569100358956));
#1146 = CARTESIAN_POINT('',(5.662704294942,1.569291950514));
#1147 = CARTESIAN_POINT('',(5.662710515503,1.569483534957));
#1148 = CARTESIAN_POINT('',(5.662725839857,1.569955438764));
#1149 = CARTESIAN_POINT('',(5.662734944359,1.570235750008));
#1150 = CARTESIAN_POINT('',(5.662744050189,1.570516046017));
#1151 = CARTESIAN_POINT('',(5.662753157344,1.570796326793));
#1152 = ( GEOMETRIC_REPRESENTATION_CONTEXT(2) 
PARAMETRIC_REPRESENTATION_CONTEXT() REPRESENTATION_CONTEXT('2D SPACE',''
  ) );
#1153 = ORIENTED_EDGE('',*,*,#1154,.T.);
#1154 = EDGE_CURVE('',#1112,#1155,#1157,.T.);
#1155 = VERTEX_POINT('',#1156);
#1156 = CARTESIAN_POINT('',(19.26038710642,-8.757926573552,7.2));
#1157 = SURFACE_CURVE('',#1158,(#1163,#1170),.PCURVE_S1.);
#1158 = CIRCLE('',#1159,4.032875);
#1159 = AXIS2_PLACEMENT_3D('',#1160,#1161,#1162);
#1160 = CARTESIAN_POINT('',(21.24751411494,-12.26725799387,7.2));
#1161 = DIRECTION('',(0.,0.,-1.));
#1162 = DIRECTION('',(-0.939692620786,-0.342020143326,-0.));
#1163 = PCURVE('',#841,#1164);
#1164 = DEFINITIONAL_REPRESENTATION('',(#1165),#1169);
#1165 = LINE('',#1166,#1167);
#1166 = CARTESIAN_POINT('',(0.,-7.2));
#1167 = VECTOR('',#1168,1.);
#1168 = DIRECTION('',(1.,0.));
#1169 = ( GEOMETRIC_REPRESENTATION_CONTEXT(2) 
PARAMETRIC_REPRESENTATION_CONTEXT() REPRESENTATION_CONTEXT('2D SPACE',''
  ) );
#1170 = PCURVE('',#1171,#1176);
#1171 = PLANE('',#1172);
#1172 = AXIS2_PLACEMENT_3D('',#1173,#1174,#1175);
#1173 = CARTESIAN_POINT('',(0.,0.,7.2));
#1174 = DIRECTION('',(0.,0.,1.));
#1175 = DIRECTION('',(1.,0.,0.));
#1176 = DEFINITIONAL_REPRESENTATION('',(#1177),#1185);
#1177 = ( BOUNDED_CURVE() B_SPLINE_CURVE(2,(#1178,#1179,#1180,#1181,
#1182,#1183,#1184),.UNSPECIFIED.,.T.,.F.) B_SPLINE_CURVE_WITH_KNOTS((1,2
    ,2,2,2,1),(-2.094395102393,0.,2.094395102393,4.188790204786,
6.28318530718,8.377580409573),.UNSPECIFIED.) CURVE() 
GEOMETRIC_REPRESENTATION_ITEM() RATIONAL_B_SPLINE_CURVE((1.,0.5,1.,0.5,
1.,0.5,1.)) REPRESENTATION_ITEM('') );
#1178 = CARTESIAN_POINT('',(17.457851236888,-13.64658247938));
#1179 = CARTESIAN_POINT('',(15.068791147853,-7.082693831042));
#1180 = CARTESIAN_POINT('',(21.947815509449,-8.295651426942));
#1181 = CARTESIAN_POINT('',(28.826839871044,-9.508609022842));
#1182 = CARTESIAN_POINT('',(24.336875598484,-14.85954007528));
#1183 = CARTESIAN_POINT('',(19.846911325923,-20.21047112772));
#1184 = CARTESIAN_POINT('',(17.457851236888,-13.64658247938));
#1185 = ( GEOMETRIC_REPRESENTATION_CONTEXT(2) 
PARAMETRIC_REPRESENTATION_CONTEXT() REPRESENTATION_CONTEXT('2D SPACE',''
  ) );
#1186 = ORIENTED_EDGE('',*,*,#1187,.F.);
#1187 = EDGE_CURVE('',#1188,#1155,#1190,.T.);
#1188 = VERTEX_POINT('',#1189);
#1189 = CARTESIAN_POINT('',(19.261783103868,-8.757136469295,
    7.199999109273));
#1190 = SURFACE_CURVE('',#1191,(#1203,#1218),.PCURVE_S1.);
#1191 = B_SPLINE_CURVE_WITH_KNOTS('',4,(#1192,#1193,#1194,#1195,#1196,
    #1197,#1198,#1199,#1200,#1201,#1202),.UNSPECIFIED.,.F.,.F.,(5,3,3,5)
  ,(0.,0.40596690414,0.797977876234,1.),.UNSPECIFIED.);
#1192 = CARTESIAN_POINT('',(19.261783103868,-8.757136469295,
    7.199999109273));
#1193 = CARTESIAN_POINT('',(19.26164143114,-8.757216615788,
    7.199999290101));
#1194 = CARTESIAN_POINT('',(19.261499755832,-8.757296773804,
    7.199999446448));
#1195 = CARTESIAN_POINT('',(19.261358077955,-8.75737694334,7.19999957832
    ));
#1196 = CARTESIAN_POINT('',(19.26107958764,-8.757534549056,
    7.199999789427));
#1197 = CARTESIAN_POINT('',(19.260942775373,-8.757611984458,
    7.199999870316));
#1198 = CARTESIAN_POINT('',(19.260805960733,-8.757689430593,
    7.199999928391));
#1199 = CARTESIAN_POINT('',(19.260598635342,-8.757806804707,
    7.199999981828));
#1200 = CARTESIAN_POINT('',(19.260528126327,-8.757846724807,
    7.199999993943));
#1201 = CARTESIAN_POINT('',(19.260457616686,-8.757886647756,7.2));
#1202 = CARTESIAN_POINT('',(19.26038710642,-8.757926573553,7.2));
#1203 = PCURVE('',#841,#1204);
#1204 = DEFINITIONAL_REPRESENTATION('',(#1205),#1217);
#1205 = B_SPLINE_CURVE_WITH_KNOTS('',4,(#1206,#1207,#1208,#1209,#1210,
    #1211,#1212,#1213,#1214,#1215,#1216),.UNSPECIFIED.,.F.,.F.,(5,3,3,5)
  ,(0.,0.40596690414,0.797977876234,1.),.UNSPECIFIED.);
#1206 = CARTESIAN_POINT('',(1.405033253121,-7.199999109273));
#1207 = CARTESIAN_POINT('',(1.404992891918,-7.199999290101));
#1208 = CARTESIAN_POINT('',(1.404952528751,-7.199999446448));
#1209 = CARTESIAN_POINT('',(1.404912163623,-7.19999957832));
#1210 = CARTESIAN_POINT('',(1.404832817151,-7.199999789427));
#1211 = CARTESIAN_POINT('',(1.40479383594,-7.199999870316));
#1212 = CARTESIAN_POINT('',(1.404754852905,-7.199999928391));
#1213 = CARTESIAN_POINT('',(1.404695777277,-7.199999981828));
#1214 = CARTESIAN_POINT('',(1.404675686021,-7.199999993943));
#1215 = CARTESIAN_POINT('',(1.404655594282,-7.2));
#1216 = CARTESIAN_POINT('',(1.40463550206,-7.2));
#1217 = ( GEOMETRIC_REPRESENTATION_CONTEXT(2) 
PARAMETRIC_REPRESENTATION_CONTEXT() REPRESENTATION_CONTEXT('2D SPACE',''
  ) );
#1218 = PCURVE('',#1219,#1224);
#1219 = TOROIDAL_SURFACE('',#1220,21.158066767946,0.500000001594);
#1220 = AXIS2_PLACEMENT_3D('',#1221,#1222,#1223);
#1221 = CARTESIAN_POINT('',(0.,0.,6.699999998406));
#1222 = DIRECTION('',(0.,0.,1.));
#1223 = DIRECTION('',(1.,0.,-0.));
#1224 = DEFINITIONAL_REPRESENTATION('',(#1225),#1237);
#1225 = B_SPLINE_CURVE_WITH_KNOTS('',4,(#1226,#1227,#1228,#1229,#1230,
    #1231,#1232,#1233,#1234,#1235,#1236),.UNSPECIFIED.,.F.,.F.,(5,3,3,5)
  ,(0.,0.40596690414,0.797977876234,1.),.UNSPECIFIED.);
#1226 = CARTESIAN_POINT('',(5.856481207477,1.568908760281));
#1227 = CARTESIAN_POINT('',(5.856474988159,1.569100358956));
#1228 = CARTESIAN_POINT('',(5.85646876822,1.569291950514));
#1229 = CARTESIAN_POINT('',(5.85646254766,1.569483534957));
#1230 = CARTESIAN_POINT('',(5.856450319164,1.569860103755));
#1231 = CARTESIAN_POINT('',(5.856444311271,1.57004508859));
#1232 = CARTESIAN_POINT('',(5.856438302799,1.570230066791));
#1233 = CARTESIAN_POINT('',(5.856429196997,1.570510363109));
#1234 = CARTESIAN_POINT('',(5.856426100091,1.570605686099));
#1235 = CARTESIAN_POINT('',(5.856423003031,1.570701007327));
#1236 = CARTESIAN_POINT('',(5.856419905818,1.570796326793));
#1237 = ( GEOMETRIC_REPRESENTATION_CONTEXT(2) 
PARAMETRIC_REPRESENTATION_CONTEXT() REPRESENTATION_CONTEXT('2D SPACE',''
  ) );
#1238 = ORIENTED_EDGE('',*,*,#1239,.F.);
#1239 = EDGE_CURVE('',#1240,#1188,#1242,.T.);
#1240 = VERTEX_POINT('',#1241);
#1241 = CARTESIAN_POINT('',(20.547212720432,-8.295651426942,
    7.161045598658));
#1242 = SURFACE_CURVE('',#1243,(#1251,#1262),.PCURVE_S1.);
#1243 = B_SPLINE_CURVE_WITH_KNOTS('',6,(#1244,#1245,#1246,#1247,#1248,
    #1249,#1250),.UNSPECIFIED.,.F.,.F.,(7,7),(0.,1.),
  .PIECEWISE_BEZIER_KNOTS.);
#1244 = CARTESIAN_POINT('',(20.547212720432,-8.295651426942,
    7.161045598658));
#1245 = CARTESIAN_POINT('',(20.322656585426,-8.335246732411,
    7.175774119419));
#1246 = CARTESIAN_POINT('',(20.10027964456,-8.390167334573,
    7.186497843162));
#1247 = CARTESIAN_POINT('',(19.881634199738,-8.460272157222,
    7.193656201328));
#1248 = CARTESIAN_POINT('',(19.668145376216,-8.545183768598,
    7.197847621094));
#1249 = CARTESIAN_POINT('',(19.461127055607,-8.644364457253,
    7.199744671656));
#1250 = CARTESIAN_POINT('',(19.261783103868,-8.757136469295,
    7.199999109273));
#1251 = PCURVE('',#841,#1252);
#1252 = DEFINITIONAL_REPRESENTATION('',(#1253),#1261);
#1253 = B_SPLINE_CURVE_WITH_KNOTS('',6,(#1254,#1255,#1256,#1257,#1258,
    #1259,#1260),.UNSPECIFIED.,.F.,.F.,(7,7),(0.,1.),
  .PIECEWISE_BEZIER_KNOTS.);
#1254 = CARTESIAN_POINT('',(1.745329251994,-7.161045598658));
#1255 = CARTESIAN_POINT('',(1.688788874378,-7.175774119419));
#1256 = CARTESIAN_POINT('',(1.632120783011,-7.186497843162));
#1257 = CARTESIAN_POINT('',(1.575384646303,-7.193656201328));
#1258 = CARTESIAN_POINT('',(1.518612476926,-7.197847621094));
#1259 = CARTESIAN_POINT('',(1.461824435519,-7.199744671656));
#1260 = CARTESIAN_POINT('',(1.405033253121,-7.199999109273));
#1261 = ( GEOMETRIC_REPRESENTATION_CONTEXT(2) 
PARAMETRIC_REPRESENTATION_CONTEXT() REPRESENTATION_CONTEXT('2D SPACE',''
  ) );
#1262 = PCURVE('',#1263,#1268);
#1263 = TOROIDAL_SURFACE('',#1264,21.133528417785,13.5);
#1264 = AXIS2_PLACEMENT_3D('',#1265,#1266,#1267);
#1265 = CARTESIAN_POINT('',(0.,0.,-6.299976841109));
#1266 = DIRECTION('',(0.,0.,1.));
#1267 = DIRECTION('',(1.,0.,-0.));
#1268 = DEFINITIONAL_REPRESENTATION('',(#1269),#1277);
#1269 = B_SPLINE_CURVE_WITH_KNOTS('',6,(#1270,#1271,#1272,#1273,#1274,
    #1275,#1276),.UNSPECIFIED.,.F.,.F.,(7,7),(0.,1.),
  .PIECEWISE_BEZIER_KNOTS.);
#1270 = CARTESIAN_POINT('',(5.899462303857,1.494788198008));
#1271 = CARTESIAN_POINT('',(5.894011425875,1.509155776309));
#1272 = CARTESIAN_POINT('',(5.887841910932,1.522869503792));
#1273 = CARTESIAN_POINT('',(5.880966669122,1.535808056066));
#1274 = CARTESIAN_POINT('',(5.8734148692,1.547860463549));
#1275 = CARTESIAN_POINT('',(5.86523224524,1.558923818326));
#1276 = CARTESIAN_POINT('',(5.856481207477,1.568908760277));
#1277 = ( GEOMETRIC_REPRESENTATION_CONTEXT(2) 
PARAMETRIC_REPRESENTATION_CONTEXT() REPRESENTATION_CONTEXT('2D SPACE',''
  ) );
#1278 = ORIENTED_EDGE('',*,*,#1279,.F.);
#1279 = EDGE_CURVE('',#1280,#1240,#1282,.T.);
#1280 = VERTEX_POINT('',#1281);
#1281 = CARTESIAN_POINT('',(20.547212720432,-8.295651426942,
    3.895440134219E-02));
#1282 = SURFACE_CURVE('',#1283,(#1287,#1294),.PCURVE_S1.);
#1283 = LINE('',#1284,#1285);
#1284 = CARTESIAN_POINT('',(20.547212720432,-8.295651426942,0.));
#1285 = VECTOR('',#1286,1.);
#1286 = DIRECTION('',(0.,0.,1.));
#1287 = PCURVE('',#841,#1288);
#1288 = DEFINITIONAL_REPRESENTATION('',(#1289),#1293);
#1289 = LINE('',#1290,#1291);
#1290 = CARTESIAN_POINT('',(1.745329251994,0.));
#1291 = VECTOR('',#1292,1.);
#1292 = DIRECTION('',(0.,-1.));
#1293 = ( GEOMETRIC_REPRESENTATION_CONTEXT(2) 
PARAMETRIC_REPRESENTATION_CONTEXT() REPRESENTATION_CONTEXT('2D SPACE',''
  ) );
#1294 = PCURVE('',#1295,#1300);
#1295 = CYLINDRICAL_SURFACE('',#1296,10.392875);
#1296 = AXIS2_PLACEMENT_3D('',#1297,#1298,#1299);
#1297 = CARTESIAN_POINT('',(22.351916524902,-18.53063530302,0.));
#1298 = DIRECTION('',(0.,0.,-1.));
#1299 = DIRECTION('',(-0.173648177667,0.984807753012,0.));
#1300 = DEFINITIONAL_REPRESENTATION('',(#1301),#1305);
#1301 = LINE('',#1302,#1303);
#1302 = CARTESIAN_POINT('',(0.,0.));
#1303 = VECTOR('',#1304,1.);
#1304 = DIRECTION('',(0.,-1.));
#1305 = ( GEOMETRIC_REPRESENTATION_CONTEXT(2) 
PARAMETRIC_REPRESENTATION_CONTEXT() REPRESENTATION_CONTEXT('2D SPACE',''
  ) );
#1306 = ORIENTED_EDGE('',*,*,#1307,.F.);
#1307 = EDGE_CURVE('',#934,#1280,#1308,.T.);
#1308 = SURFACE_CURVE('',#1309,(#1317,#1328),.PCURVE_S1.);
#1309 = B_SPLINE_CURVE_WITH_KNOTS('',6,(#1310,#1311,#1312,#1313,#1314,
    #1315,#1316),.UNSPECIFIED.,.F.,.F.,(7,7),(0.,1.),
  .PIECEWISE_BEZIER_KNOTS.);
#1310 = CARTESIAN_POINT('',(19.261783103868,-8.757136469295,
    8.907265733882E-07));
#1311 = CARTESIAN_POINT('',(19.46112705627,-8.644364456878,
    2.553283448086E-04));
#1312 = CARTESIAN_POINT('',(19.668145375122,-8.545183769123,
    2.152377550278E-03));
#1313 = CARTESIAN_POINT('',(19.881634203255,-8.460272155683,
    6.3438022567E-03));
#1314 = CARTESIAN_POINT('',(20.10027964363,-8.390167335181,
    1.350215302689E-02));
#1315 = CARTESIAN_POINT('',(20.322656586603,-8.33524673202,
    2.42258824054E-02));
#1316 = CARTESIAN_POINT('',(20.547212720432,-8.295651426942,
    3.895440134219E-02));
#1317 = PCURVE('',#841,#1318);
#1318 = DEFINITIONAL_REPRESENTATION('',(#1319),#1327);
#1319 = B_SPLINE_CURVE_WITH_KNOTS('',6,(#1320,#1321,#1322,#1323,#1324,
    #1325,#1326),.UNSPECIFIED.,.F.,.F.,(7,7),(0.,1.),
  .PIECEWISE_BEZIER_KNOTS.);
#1320 = CARTESIAN_POINT('',(1.405033253121,-8.907265733882E-07));
#1321 = CARTESIAN_POINT('',(1.461824435708,-2.553283448086E-04));
#1322 = CARTESIAN_POINT('',(1.518612476623,-2.152377550278E-03));
#1323 = CARTESIAN_POINT('',(1.575384647252,-6.343802256699E-03));
#1324 = CARTESIAN_POINT('',(1.632120782749,-1.350215302689E-02));
#1325 = CARTESIAN_POINT('',(1.688788874682,-2.42258824054E-02));
#1326 = CARTESIAN_POINT('',(1.745329251994,-3.895440134219E-02));
#1327 = ( GEOMETRIC_REPRESENTATION_CONTEXT(2) 
PARAMETRIC_REPRESENTATION_CONTEXT() REPRESENTATION_CONTEXT('2D SPACE',''
  ) );
#1328 = PCURVE('',#950,#1329);
#1329 = DEFINITIONAL_REPRESENTATION('',(#1330),#1338);
#1330 = B_SPLINE_CURVE_WITH_KNOTS('',6,(#1331,#1332,#1333,#1334,#1335,
    #1336,#1337),.UNSPECIFIED.,.F.,.F.,(7,7),(0.,1.),
  .PIECEWISE_BEZIER_KNOTS.);
#1331 = CARTESIAN_POINT('',(5.856481207477,4.714276546903));
#1332 = CARTESIAN_POINT('',(5.865232245269,4.724261488886));
#1333 = CARTESIAN_POINT('',(5.873414851722,4.735324860512));
#1334 = CARTESIAN_POINT('',(5.88096671216,4.747377209614));
#1335 = CARTESIAN_POINT('',(5.887841870739,4.760315842363));
#1336 = CARTESIAN_POINT('',(5.894011435724,4.774029521392));
#1337 = CARTESIAN_POINT('',(5.899462313616,4.7883970997));
#1338 = ( GEOMETRIC_REPRESENTATION_CONTEXT(2) 
PARAMETRIC_REPRESENTATION_CONTEXT() REPRESENTATION_CONTEXT('2D SPACE',''
  ) );
#1339 = ORIENTED_EDGE('',*,*,#962,.F.);
#1340 = ORIENTED_EDGE('',*,*,#822,.F.);
#1341 = ORIENTED_EDGE('',*,*,#1342,.T.);
#1342 = EDGE_CURVE('',#794,#1002,#1343,.T.);
#1343 = SURFACE_CURVE('',#1344,(#1356,#1371),.PCURVE_S1.);
#1344 = B_SPLINE_CURVE_WITH_KNOTS('',4,(#1345,#1346,#1347,#1348,#1349,
    #1350,#1351,#1352,#1353,#1354,#1355),.UNSPECIFIED.,.F.,.F.,(5,3,3,5)
  ,(0.,0.315029613415,0.735026728966,1.),.UNSPECIFIED.);
#1345 = CARTESIAN_POINT('',(17.214780450385,-12.3010212341,0.));
#1346 = CARTESIAN_POINT('',(17.214781508237,-12.30114758547,
    2.691808904039E-17));
#1347 = CARTESIAN_POINT('',(17.214782571326,-12.30127393206,
    1.472912141494E-08));
#1348 = CARTESIAN_POINT('',(17.214783639654,-12.30140027387,
    4.418927480272E-08));
#1349 = CARTESIAN_POINT('',(17.214786144493,-12.30169504325,
    1.473005491113E-07));
#1350 = CARTESIAN_POINT('',(17.214787585076,-12.3018634671,
    2.324053397886E-07));
#1351 = CARTESIAN_POINT('',(17.214789034965,-12.30203188243,
    3.437012620835E-07));
#1352 = CARTESIAN_POINT('',(17.214791414752,-12.30230653588,
    5.679353081598E-07));
#1353 = CARTESIAN_POINT('',(17.214792339049,-12.30241277915,
    6.651043360478E-07));
#1354 = CARTESIAN_POINT('',(17.214793267049,-12.30251901902,
    7.727010476022E-07));
#1355 = CARTESIAN_POINT('',(17.214794198751,-12.30262525548,
    8.907265751645E-07));
#1356 = PCURVE('',#841,#1357);
#1357 = DEFINITIONAL_REPRESENTATION('',(#1358),#1370);
#1358 = B_SPLINE_CURVE_WITH_KNOTS('',4,(#1359,#1360,#1361,#1362,#1363,
    #1364,#1365,#1366,#1367,#1368,#1369),.UNSPECIFIED.,.F.,.F.,(5,3,3,5)
  ,(0.,0.315029613415,0.735026728966,1.),.UNSPECIFIED.);
#1359 = CARTESIAN_POINT('',(0.340693749934,0.));
#1360 = CARTESIAN_POINT('',(0.34066241849,-2.691817766815E-17));
#1361 = CARTESIAN_POINT('',(0.34063108822,-1.472912141494E-08));
#1362 = CARTESIAN_POINT('',(0.340599759125,-4.418927480272E-08));
#1363 = CARTESIAN_POINT('',(0.340526664862,-1.473005491113E-07));
#1364 = CARTESIAN_POINT('',(0.340484900609,-2.324053397886E-07));
#1365 = CARTESIAN_POINT('',(0.340443138451,-3.437012620835E-07));
#1366 = CARTESIAN_POINT('',(0.340375032258,-5.679353081598E-07));
#1367 = CARTESIAN_POINT('',(0.34034868696,-6.651043360478E-07));
#1368 = CARTESIAN_POINT('',(0.340322342498,-7.727010476022E-07));
#1369 = CARTESIAN_POINT('',(0.340295998873,-8.907265751645E-07));
#1370 = ( GEOMETRIC_REPRESENTATION_CONTEXT(2) 
PARAMETRIC_REPRESENTATION_CONTEXT() REPRESENTATION_CONTEXT('2D SPACE',''
  ) );
#1371 = PCURVE('',#810,#1372);
#1372 = DEFINITIONAL_REPRESENTATION('',(#1373),#1385);
#1373 = B_SPLINE_CURVE_WITH_KNOTS('',4,(#1374,#1375,#1376,#1377,#1378,
    #1379,#1380,#1381,#1382,#1383,#1384),.UNSPECIFIED.,.F.,.F.,(5,3,3,5)
  ,(0.,0.315029613415,0.735026728966,1.),.UNSPECIFIED.);
#1374 = CARTESIAN_POINT('',(5.662753157344,4.712388980385));
#1375 = CARTESIAN_POINT('',(5.662748327607,4.712537619822));
#1376 = CARTESIAN_POINT('',(5.662743498243,4.712686263543));
#1377 = CARTESIAN_POINT('',(5.662738669252,4.712834911548));
#1378 = CARTESIAN_POINT('',(5.662727403126,4.713181746899));
#1379 = CARTESIAN_POINT('',(5.662720966282,4.713379937575));
#1380 = CARTESIAN_POINT('',(5.662714530102,4.713578135867));
#1381 = CARTESIAN_POINT('',(5.662704034465,4.71390138851));
#1382 = CARTESIAN_POINT('',(5.662699974607,4.714026438276));
#1383 = CARTESIAN_POINT('',(5.662695915014,4.714151491073));
#1384 = CARTESIAN_POINT('',(5.662691855685,4.714276546902));
#1385 = ( GEOMETRIC_REPRESENTATION_CONTEXT(2) 
PARAMETRIC_REPRESENTATION_CONTEXT() REPRESENTATION_CONTEXT('2D SPACE',''
  ) );
#1386 = ADVANCED_FACE('',(#1387),#161,.F.);
#1387 = FACE_BOUND('',#1388,.F.);
#1388 = EDGE_LOOP('',(#1389,#1424,#1452,#1487,#1534,#1562,#1605,#1645,
    #1673,#1713,#1749,#1750));
#1389 = ORIENTED_EDGE('',*,*,#1390,.T.);
#1390 = EDGE_CURVE('',#896,#1391,#1393,.T.);
#1391 = VERTEX_POINT('',#1392);
#1392 = CARTESIAN_POINT('',(21.942233906328,-3.089361483543,
    3.895440134219E-02));
#1393 = SURFACE_CURVE('',#1394,(#1402,#1413),.PCURVE_S1.);
#1394 = B_SPLINE_CURVE_WITH_KNOTS('',6,(#1395,#1396,#1397,#1398,#1399,
    #1400,#1401),.UNSPECIFIED.,.F.,.F.,(7,7),(0.,1.),
  .PIECEWISE_BEZIER_KNOTS.);
#1395 = CARTESIAN_POINT('',(21.059761724783,-2.046988905117,
    8.907265733882E-07));
#1396 = CARTESIAN_POINT('',(21.176012645446,-2.244324308907,
    2.553283448085E-04));
#1397 = CARTESIAN_POINT('',(21.305705424743,-2.433726463494,
    2.152377550284E-03));
#1398 = CARTESIAN_POINT('',(21.448136366609,-2.614006491876,
    6.343802256683E-03));
#1399 = CARTESIAN_POINT('',(21.602436462145,-2.784041767546,
    1.350215302691E-02));
#1400 = CARTESIAN_POINT('',(21.767560242395,-2.942792876561,
    2.422588240539E-02));
#1401 = CARTESIAN_POINT('',(21.942233906328,-3.089361483543,
    3.895440134219E-02));
#1402 = PCURVE('',#161,#1403);
#1403 = DEFINITIONAL_REPRESENTATION('',(#1404),#1412);
#1404 = B_SPLINE_CURVE_WITH_KNOTS('',6,(#1405,#1406,#1407,#1408,#1409,
    #1410,#1411),.UNSPECIFIED.,.F.,.F.,(7,7),(0.,1.),
  .PIECEWISE_BEZIER_KNOTS.);
#1405 = CARTESIAN_POINT('',(0.340295998873,-8.907265733882E-07));
#1406 = CARTESIAN_POINT('',(0.283504816287,-2.553283448085E-04));
#1407 = CARTESIAN_POINT('',(0.226716775371,-2.152377550285E-03));
#1408 = CARTESIAN_POINT('',(0.169944604743,-6.343802256681E-03));
#1409 = CARTESIAN_POINT('',(0.113208469245,-1.350215302691E-02));
#1410 = CARTESIAN_POINT('',(5.654037731206E-02,-2.422588240539E-02));
#1411 = CARTESIAN_POINT('',(0.,-3.895440134219E-02));
#1412 = ( GEOMETRIC_REPRESENTATION_CONTEXT(2) 
PARAMETRIC_REPRESENTATION_CONTEXT() REPRESENTATION_CONTEXT('2D SPACE',''
  ) );
#1413 = PCURVE('',#950,#1414);
#1414 = DEFINITIONAL_REPRESENTATION('',(#1415),#1423);
#1415 = B_SPLINE_CURVE_WITH_KNOTS('',6,(#1416,#1417,#1418,#1419,#1420,
    #1421,#1422),.UNSPECIFIED.,.F.,.F.,(7,7),(0.,1.),
  .PIECEWISE_BEZIER_KNOTS.);
#1416 = CARTESIAN_POINT('',(6.186290631284,4.714276546903));
#1417 = CARTESIAN_POINT('',(6.177539593492,4.724261488886));
#1418 = CARTESIAN_POINT('',(6.169356987039,4.735324860512));
#1419 = CARTESIAN_POINT('',(6.161805126601,4.747377209614));
#1420 = CARTESIAN_POINT('',(6.154929968022,4.760315842363));
#1421 = CARTESIAN_POINT('',(6.148760403037,4.774029521392));
#1422 = CARTESIAN_POINT('',(6.143309525145,4.7883970997));
#1423 = ( GEOMETRIC_REPRESENTATION_CONTEXT(2) 
PARAMETRIC_REPRESENTATION_CONTEXT() REPRESENTATION_CONTEXT('2D SPACE',''
  ) );
#1424 = ORIENTED_EDGE('',*,*,#1425,.T.);
#1425 = EDGE_CURVE('',#1391,#1426,#1428,.T.);
#1426 = VERTEX_POINT('',#1427);
#1427 = CARTESIAN_POINT('',(21.942233906328,-3.089361483543,
    7.161045598658));
#1428 = SURFACE_CURVE('',#1429,(#1433,#1440),.PCURVE_S1.);
#1429 = LINE('',#1430,#1431);
#1430 = CARTESIAN_POINT('',(21.942233906328,-3.089361483543,0.));
#1431 = VECTOR('',#1432,1.);
#1432 = DIRECTION('',(0.,0.,1.));
#1433 = PCURVE('',#161,#1434);
#1434 = DEFINITIONAL_REPRESENTATION('',(#1435),#1439);
#1435 = LINE('',#1436,#1437);
#1436 = CARTESIAN_POINT('',(0.,0.));
#1437 = VECTOR('',#1438,1.);
#1438 = DIRECTION('',(0.,-1.));
#1439 = ( GEOMETRIC_REPRESENTATION_CONTEXT(2) 
PARAMETRIC_REPRESENTATION_CONTEXT() REPRESENTATION_CONTEXT('2D SPACE',''
  ) );
#1440 = PCURVE('',#1441,#1446);
#1441 = CYLINDRICAL_SURFACE('',#1442,10.392875);
#1442 = AXIS2_PLACEMENT_3D('',#1443,#1444,#1445);
#1443 = CARTESIAN_POINT('',(28.622645185349,4.872042658237,0.));
#1444 = DIRECTION('',(0.,0.,-1.));
#1445 = DIRECTION('',(-0.4487991802,-0.893632640323,-0.));
#1446 = DEFINITIONAL_REPRESENTATION('',(#1447),#1451);
#1447 = LINE('',#1448,#1449);
#1448 = CARTESIAN_POINT('',(0.232710566933,0.));
#1449 = VECTOR('',#1450,1.);
#1450 = DIRECTION('',(0.,-1.));
#1451 = ( GEOMETRIC_REPRESENTATION_CONTEXT(2) 
PARAMETRIC_REPRESENTATION_CONTEXT() REPRESENTATION_CONTEXT('2D SPACE',''
  ) );
#1452 = ORIENTED_EDGE('',*,*,#1453,.T.);
#1453 = EDGE_CURVE('',#1426,#1454,#1456,.T.);
#1454 = VERTEX_POINT('',#1455);
#1455 = CARTESIAN_POINT('',(21.059761724783,-2.046988905117,
    7.199999109273));
#1456 = SURFACE_CURVE('',#1457,(#1465,#1476),.PCURVE_S1.);
#1457 = B_SPLINE_CURVE_WITH_KNOTS('',6,(#1458,#1459,#1460,#1461,#1462,
    #1463,#1464),.UNSPECIFIED.,.F.,.F.,(7,7),(0.,1.),
  .PIECEWISE_BEZIER_KNOTS.);
#1458 = CARTESIAN_POINT('',(21.942233906328,-3.089361483543,
    7.161045598658));
#1459 = CARTESIAN_POINT('',(21.767560241843,-2.942792876098,
    7.175774117641));
#1460 = CARTESIAN_POINT('',(21.60243646097,-2.784041766414,
    7.186497847051));
#1461 = CARTESIAN_POINT('',(21.448136365855,-2.61400649084,
    7.193656197748));
#1462 = CARTESIAN_POINT('',(21.305705424449,-2.433726463046,
    7.197847622458));
#1463 = CARTESIAN_POINT('',(21.176012645302,-2.244324308663,
    7.199744671656));
#1464 = CARTESIAN_POINT('',(21.059761724783,-2.046988905117,
    7.199999109273));
#1465 = PCURVE('',#161,#1466);
#1466 = DEFINITIONAL_REPRESENTATION('',(#1467),#1475);
#1467 = B_SPLINE_CURVE_WITH_KNOTS('',6,(#1468,#1469,#1470,#1471,#1472,
    #1473,#1474),.UNSPECIFIED.,.F.,.F.,(7,7),(0.,1.),
  .PIECEWISE_BEZIER_KNOTS.);
#1468 = CARTESIAN_POINT('',(0.,-7.161045598658));
#1469 = CARTESIAN_POINT('',(5.654037749057E-02,-7.175774117641));
#1470 = CARTESIAN_POINT('',(0.113208469645,-7.186497847051));
#1471 = CARTESIAN_POINT('',(0.169944605064,-7.193656197748));
#1472 = CARTESIAN_POINT('',(0.2267167755,-7.197847622458));
#1473 = CARTESIAN_POINT('',(0.283504816357,-7.199744671656));
#1474 = CARTESIAN_POINT('',(0.340295998873,-7.199999109273));
#1475 = ( GEOMETRIC_REPRESENTATION_CONTEXT(2) 
PARAMETRIC_REPRESENTATION_CONTEXT() REPRESENTATION_CONTEXT('2D SPACE',''
  ) );
#1476 = PCURVE('',#1263,#1477);
#1477 = DEFINITIONAL_REPRESENTATION('',(#1478),#1486);
#1478 = B_SPLINE_CURVE_WITH_KNOTS('',6,(#1479,#1480,#1481,#1482,#1483,
    #1484,#1485),.UNSPECIFIED.,.F.,.F.,(7,7),(0.,1.),
  .PIECEWISE_BEZIER_KNOTS.);
#1479 = CARTESIAN_POINT('',(6.143309525145,1.494788207479));
#1480 = CARTESIAN_POINT('',(6.148760403054,1.509155785833));
#1481 = CARTESIAN_POINT('',(6.154929968067,1.522869464914));
#1482 = CARTESIAN_POINT('',(6.161805126644,1.535808097631));
#1483 = CARTESIAN_POINT('',(6.169356987059,1.547860446692));
#1484 = CARTESIAN_POINT('',(6.177539593502,1.558923818305));
#1485 = CARTESIAN_POINT('',(6.186290631284,1.568908760277));
#1486 = ( GEOMETRIC_REPRESENTATION_CONTEXT(2) 
PARAMETRIC_REPRESENTATION_CONTEXT() REPRESENTATION_CONTEXT('2D SPACE',''
  ) );
#1487 = ORIENTED_EDGE('',*,*,#1488,.T.);
#1488 = EDGE_CURVE('',#1454,#1489,#1491,.T.);
#1489 = VERTEX_POINT('',#1490);
#1490 = CARTESIAN_POINT('',(21.058947807659,-2.045606656035,7.2));
#1491 = SURFACE_CURVE('',#1492,(#1504,#1519),.PCURVE_S1.);
#1492 = B_SPLINE_CURVE_WITH_KNOTS('',4,(#1493,#1494,#1495,#1496,#1497,
    #1498,#1499,#1500,#1501,#1502,#1503),.UNSPECIFIED.,.F.,.F.,(5,3,3,5)
  ,(0.,0.40596690414,0.713971974171,1.),.UNSPECIFIED.);
#1493 = CARTESIAN_POINT('',(21.059761724783,-2.046988905117,
    7.199999109273));
#1494 = CARTESIAN_POINT('',(21.059679105848,-2.046848659855,
    7.199999290101));
#1495 = CARTESIAN_POINT('',(21.059596490441,-2.046708403322,
    7.199999446448));
#1496 = CARTESIAN_POINT('',(21.059513878568,-2.046568135529,
    7.19999957832));
#1497 = CARTESIAN_POINT('',(21.059368595711,-2.046321427473,
    7.199999767203));
#1498 = CARTESIAN_POINT('',(21.059305923222,-2.046214991985,7.1999998346
    ));
#1499 = CARTESIAN_POINT('',(21.059243252776,-2.046108550025,
    7.199999887913));
#1500 = CARTESIAN_POINT('',(21.059122387547,-2.045903248569,
    7.199999963572));
#1501 = CARTESIAN_POINT('',(21.059064192482,-2.045804389964,
    7.199999987858));
#1502 = CARTESIAN_POINT('',(21.059005999185,-2.045705525785,7.2));
#1503 = CARTESIAN_POINT('',(21.058947807659,-2.045606656035,7.2));
#1504 = PCURVE('',#161,#1505);
#1505 = DEFINITIONAL_REPRESENTATION('',(#1506),#1518);
#1506 = B_SPLINE_CURVE_WITH_KNOTS('',4,(#1507,#1508,#1509,#1510,#1511,
    #1512,#1513,#1514,#1515,#1516,#1517),.UNSPECIFIED.,.F.,.F.,(5,3,3,5)
  ,(0.,0.40596690414,0.713971974171,1.),.UNSPECIFIED.);
#1507 = CARTESIAN_POINT('',(0.340295998873,-7.199999109273));
#1508 = CARTESIAN_POINT('',(0.340336360076,-7.199999290101));
#1509 = CARTESIAN_POINT('',(0.340376723243,-7.199999446448));
#1510 = CARTESIAN_POINT('',(0.340417088371,-7.19999957832));
#1511 = CARTESIAN_POINT('',(0.340488081764,-7.199999767203));
#1512 = CARTESIAN_POINT('',(0.340518709199,-7.1999998346));
#1513 = CARTESIAN_POINT('',(0.340549337759,-7.199999887913));
#1514 = CARTESIAN_POINT('',(0.340608411613,-7.199999963572));
#1515 = CARTESIAN_POINT('',(0.340636856751,-7.199999987858));
#1516 = CARTESIAN_POINT('',(0.340665302859,-7.2));
#1517 = CARTESIAN_POINT('',(0.340693749934,-7.2));
#1518 = ( GEOMETRIC_REPRESENTATION_CONTEXT(2) 
PARAMETRIC_REPRESENTATION_CONTEXT() REPRESENTATION_CONTEXT('2D SPACE',''
  ) );
#1519 = PCURVE('',#1219,#1520);
#1520 = DEFINITIONAL_REPRESENTATION('',(#1521),#1533);
#1521 = B_SPLINE_CURVE_WITH_KNOTS('',4,(#1522,#1523,#1524,#1525,#1526,
    #1527,#1528,#1529,#1530,#1531,#1532),.UNSPECIFIED.,.F.,.F.,(5,3,3,5)
  ,(0.,0.40596690414,0.713971974171,1.),.UNSPECIFIED.);
#1522 = CARTESIAN_POINT('',(6.186290631284,1.568908760281));
#1523 = CARTESIAN_POINT('',(6.186296850602,1.569100358956));
#1524 = CARTESIAN_POINT('',(6.186303070541,1.569291950514));
#1525 = CARTESIAN_POINT('',(6.186309291101,1.569483534957));
#1526 = CARTESIAN_POINT('',(6.18632023226,1.56982046105));
#1527 = CARTESIAN_POINT('',(6.186324952596,1.569965805719));
#1528 = CARTESIAN_POINT('',(6.186329673289,1.570111146292));
#1529 = CARTESIAN_POINT('',(6.186338778529,1.570391449074));
#1530 = CARTESIAN_POINT('',(6.186343163026,1.570526411845));
#1531 = CARTESIAN_POINT('',(6.18634754783,1.570661371085));
#1532 = CARTESIAN_POINT('',(6.186351932943,1.570796326793));
#1533 = ( GEOMETRIC_REPRESENTATION_CONTEXT(2) 
PARAMETRIC_REPRESENTATION_CONTEXT() REPRESENTATION_CONTEXT('2D SPACE',''
  ) );
#1534 = ORIENTED_EDGE('',*,*,#1535,.T.);
#1535 = EDGE_CURVE('',#1489,#1536,#1538,.T.);
#1536 = VERTEX_POINT('',#1537);
#1537 = CARTESIAN_POINT('',(21.058947807659,2.045606656035,7.2));
#1538 = SURFACE_CURVE('',#1539,(#1544,#1551),.PCURVE_S1.);
#1539 = CIRCLE('',#1540,4.032875);
#1540 = AXIS2_PLACEMENT_3D('',#1541,#1542,#1543);
#1541 = CARTESIAN_POINT('',(24.534515987742,1.110223024625E-16,7.2));
#1542 = DIRECTION('',(0.,0.,-1.));
#1543 = DIRECTION('',(-0.642787609687,-0.766044443119,-0.));
#1544 = PCURVE('',#161,#1545);
#1545 = DEFINITIONAL_REPRESENTATION('',(#1546),#1550);
#1546 = LINE('',#1547,#1548);
#1547 = CARTESIAN_POINT('',(0.,-7.2));
#1548 = VECTOR('',#1549,1.);
#1549 = DIRECTION('',(1.,0.));
#1550 = ( GEOMETRIC_REPRESENTATION_CONTEXT(2) 
PARAMETRIC_REPRESENTATION_CONTEXT() REPRESENTATION_CONTEXT('2D SPACE',''
  ) );
#1551 = PCURVE('',#1171,#1552);
#1552 = DEFINITIONAL_REPRESENTATION('',(#1553),#1561);
#1553 = ( BOUNDED_CURVE() B_SPLINE_CURVE(2,(#1554,#1555,#1556,#1557,
#1558,#1559,#1560),.UNSPECIFIED.,.T.,.F.) B_SPLINE_CURVE_WITH_KNOTS((1,2
    ,2,2,2,1),(-2.094395102393,0.,2.094395102393,4.188790204786,
6.28318530718,8.377580409573),.UNSPECIFIED.) CURVE() 
GEOMETRIC_REPRESENTATION_ITEM() RATIONAL_B_SPLINE_CURVE((1.,0.5,1.,0.5,
1.,0.5,1.)) REPRESENTATION_ITEM('') );
#1554 = CARTESIAN_POINT('',(21.942233906328,-3.089361483543));
#1555 = CARTESIAN_POINT('',(16.591302853884,1.400602789017));
#1556 = CARTESIAN_POINT('',(23.155191502228,3.789662878052));
#1557 = CARTESIAN_POINT('',(29.719080150572,6.178722967087));
#1558 = CARTESIAN_POINT('',(28.506122554671,-0.700301394509));
#1559 = CARTESIAN_POINT('',(27.293164958771,-7.579325756104));
#1560 = CARTESIAN_POINT('',(21.942233906328,-3.089361483543));
#1561 = ( GEOMETRIC_REPRESENTATION_CONTEXT(2) 
PARAMETRIC_REPRESENTATION_CONTEXT() REPRESENTATION_CONTEXT('2D SPACE',''
  ) );
#1562 = ORIENTED_EDGE('',*,*,#1563,.F.);
#1563 = EDGE_CURVE('',#1564,#1536,#1566,.T.);
#1564 = VERTEX_POINT('',#1565);
#1565 = CARTESIAN_POINT('',(21.059761724783,2.046988905117,
    7.199999109273));
#1566 = SURFACE_CURVE('',#1567,(#1576,#1588),.PCURVE_S1.);
#1567 = B_SPLINE_CURVE_WITH_KNOTS('',4,(#1568,#1569,#1570,#1571,#1572,
    #1573,#1574,#1575),.UNSPECIFIED.,.F.,.F.,(5,3,5),(0.,0.58796675281,
    1.),.UNSPECIFIED.);
#1568 = CARTESIAN_POINT('',(21.059761724783,2.046988905117,
    7.199999109273));
#1569 = CARTESIAN_POINT('',(21.059642066785,2.046785786216,
    7.199999371168));
#1570 = CARTESIAN_POINT('',(21.059522416187,2.046582643674,
    7.199999581713));
#1571 = CARTESIAN_POINT('',(21.059402773011,2.046379477522,
    7.199999740921));
#1572 = CARTESIAN_POINT('',(21.059199299382,2.04603389721,7.199999924407
    ));
#1573 = CARTESIAN_POINT('',(21.059115465139,2.045891495052,
    7.199999974804));
#1574 = CARTESIAN_POINT('',(21.059031634562,2.045749081324,7.2));
#1575 = CARTESIAN_POINT('',(21.058947807659,2.045606656035,7.2));
#1576 = PCURVE('',#161,#1577);
#1577 = DEFINITIONAL_REPRESENTATION('',(#1578),#1587);
#1578 = B_SPLINE_CURVE_WITH_KNOTS('',4,(#1579,#1580,#1581,#1582,#1583,
    #1584,#1585,#1586),.UNSPECIFIED.,.F.,.F.,(5,3,5),(0.,0.58796675281,
    1.),.UNSPECIFIED.);
#1579 = CARTESIAN_POINT('',(1.405033253121,-7.199999109273));
#1580 = CARTESIAN_POINT('',(1.404974797505,-7.199999371168));
#1581 = CARTESIAN_POINT('',(1.404916337769,-7.199999581713));
#1582 = CARTESIAN_POINT('',(1.404857873923,-7.199999740921));
#1583 = CARTESIAN_POINT('',(1.404758433015,-7.199999924407));
#1584 = CARTESIAN_POINT('',(1.40471745804,-7.199999974804));
#1585 = CARTESIAN_POINT('',(1.404676481054,-7.2));
#1586 = CARTESIAN_POINT('',(1.40463550206,-7.2));
#1587 = ( GEOMETRIC_REPRESENTATION_CONTEXT(2) 
PARAMETRIC_REPRESENTATION_CONTEXT() REPRESENTATION_CONTEXT('2D SPACE',''
  ) );
#1588 = PCURVE('',#1589,#1594);
#1589 = TOROIDAL_SURFACE('',#1590,21.158066767946,0.500000001594);
#1590 = AXIS2_PLACEMENT_3D('',#1591,#1592,#1593);
#1591 = CARTESIAN_POINT('',(0.,0.,6.699999998406));
#1592 = DIRECTION('',(0.,0.,1.));
#1593 = DIRECTION('',(1.,0.,-0.));
#1594 = DEFINITIONAL_REPRESENTATION('',(#1595),#1604);
#1595 = B_SPLINE_CURVE_WITH_KNOTS('',4,(#1596,#1597,#1598,#1599,#1600,
    #1601,#1602,#1603),.UNSPECIFIED.,.F.,.F.,(5,3,5),(0.,0.58796675281,
    1.),.UNSPECIFIED.);
#1596 = CARTESIAN_POINT('',(9.689467589581E-02,1.568908760281));
#1597 = CARTESIAN_POINT('',(9.688566838296E-02,1.569186254947));
#1598 = CARTESIAN_POINT('',(9.687665956676E-02,1.569463734687));
#1599 = CARTESIAN_POINT('',(9.686764944845E-02,1.569741199501));
#1600 = CARTESIAN_POINT('',(9.685232303902E-02,1.570213079735));
#1601 = CARTESIAN_POINT('',(9.684600740993E-02,1.57040750275));
#1602 = CARTESIAN_POINT('',(9.683969114243E-02,1.570601918436));
#1603 = CARTESIAN_POINT('',(9.683337423693E-02,1.570796326793));
#1604 = ( GEOMETRIC_REPRESENTATION_CONTEXT(2) 
PARAMETRIC_REPRESENTATION_CONTEXT() REPRESENTATION_CONTEXT('2D SPACE',''
  ) );
#1605 = ORIENTED_EDGE('',*,*,#1606,.F.);
#1606 = EDGE_CURVE('',#1607,#1564,#1609,.T.);
#1607 = VERTEX_POINT('',#1608);
#1608 = CARTESIAN_POINT('',(21.942233906328,3.089361483543,
    7.161045598658));
#1609 = SURFACE_CURVE('',#1610,(#1618,#1629),.PCURVE_S1.);
#1610 = B_SPLINE_CURVE_WITH_KNOTS('',6,(#1611,#1612,#1613,#1614,#1615,
    #1616,#1617),.UNSPECIFIED.,.F.,.F.,(7,7),(0.,1.),
  .PIECEWISE_BEZIER_KNOTS.);
#1611 = CARTESIAN_POINT('',(21.942233906328,3.089361483543,
    7.161045598658));
#1612 = CARTESIAN_POINT('',(21.767560241572,2.942792875634,
    7.175774119419));
#1613 = CARTESIAN_POINT('',(21.602436462647,2.784041768538,
    7.186497843162));
#1614 = CARTESIAN_POINT('',(21.448136364333,2.614006488785,
    7.193656201328));
#1615 = CARTESIAN_POINT('',(21.305705425428,2.433726464495,
    7.197847621094));
#1616 = CARTESIAN_POINT('',(21.176012645059,2.244324308251,
    7.199744671656));
#1617 = CARTESIAN_POINT('',(21.059761724783,2.046988905117,
    7.199999109273));
#1618 = PCURVE('',#161,#1619);
#1619 = DEFINITIONAL_REPRESENTATION('',(#1620),#1628);
#1620 = B_SPLINE_CURVE_WITH_KNOTS('',6,(#1621,#1622,#1623,#1624,#1625,
    #1626,#1627),.UNSPECIFIED.,.F.,.F.,(7,7),(0.,1.),
  .PIECEWISE_BEZIER_KNOTS.);
#1621 = CARTESIAN_POINT('',(1.745329251994,-7.161045598658));
#1622 = CARTESIAN_POINT('',(1.688788874378,-7.175774119419));
#1623 = CARTESIAN_POINT('',(1.632120783011,-7.186497843162));
#1624 = CARTESIAN_POINT('',(1.575384646303,-7.193656201328));
#1625 = CARTESIAN_POINT('',(1.518612476926,-7.197847621094));
#1626 = CARTESIAN_POINT('',(1.461824435519,-7.199744671656));
#1627 = CARTESIAN_POINT('',(1.405033253121,-7.199999109273));
#1628 = ( GEOMETRIC_REPRESENTATION_CONTEXT(2) 
PARAMETRIC_REPRESENTATION_CONTEXT() REPRESENTATION_CONTEXT('2D SPACE',''
  ) );
#1629 = PCURVE('',#1630,#1635);
#1630 = TOROIDAL_SURFACE('',#1631,21.133528417785,13.5);
#1631 = AXIS2_PLACEMENT_3D('',#1632,#1633,#1634);
#1632 = CARTESIAN_POINT('',(0.,0.,-6.299976841109));
#1633 = DIRECTION('',(0.,0.,1.));
#1634 = DIRECTION('',(1.,0.,-0.));
#1635 = DEFINITIONAL_REPRESENTATION('',(#1636),#1644);
#1636 = B_SPLINE_CURVE_WITH_KNOTS('',6,(#1637,#1638,#1639,#1640,#1641,
    #1642,#1643),.UNSPECIFIED.,.F.,.F.,(7,7),(0.,1.),
  .PIECEWISE_BEZIER_KNOTS.);
#1637 = CARTESIAN_POINT('',(0.139875772275,1.494788198008));
#1638 = CARTESIAN_POINT('',(0.134424894294,1.509155776309));
#1639 = CARTESIAN_POINT('',(0.128255379351,1.522869503792));
#1640 = CARTESIAN_POINT('',(0.12138013754,1.535808056066));
#1641 = CARTESIAN_POINT('',(0.113828337618,1.547860463549));
#1642 = CARTESIAN_POINT('',(0.105645713659,1.558923818326));
#1643 = CARTESIAN_POINT('',(9.689467589581E-02,1.568908760277));
#1644 = ( GEOMETRIC_REPRESENTATION_CONTEXT(2) 
PARAMETRIC_REPRESENTATION_CONTEXT() REPRESENTATION_CONTEXT('2D SPACE',''
  ) );
#1645 = ORIENTED_EDGE('',*,*,#1646,.F.);
#1646 = EDGE_CURVE('',#1647,#1607,#1649,.T.);
#1647 = VERTEX_POINT('',#1648);
#1648 = CARTESIAN_POINT('',(21.942233906328,3.089361483543,
    3.895440134219E-02));
#1649 = SURFACE_CURVE('',#1650,(#1654,#1661),.PCURVE_S1.);
#1650 = LINE('',#1651,#1652);
#1651 = CARTESIAN_POINT('',(21.942233906328,3.089361483543,0.));
#1652 = VECTOR('',#1653,1.);
#1653 = DIRECTION('',(0.,0.,1.));
#1654 = PCURVE('',#161,#1655);
#1655 = DEFINITIONAL_REPRESENTATION('',(#1656),#1660);
#1656 = LINE('',#1657,#1658);
#1657 = CARTESIAN_POINT('',(1.745329251994,0.));
#1658 = VECTOR('',#1659,1.);
#1659 = DIRECTION('',(0.,-1.));
#1660 = ( GEOMETRIC_REPRESENTATION_CONTEXT(2) 
PARAMETRIC_REPRESENTATION_CONTEXT() REPRESENTATION_CONTEXT('2D SPACE',''
  ) );
#1661 = PCURVE('',#1662,#1667);
#1662 = CYLINDRICAL_SURFACE('',#1663,10.392875);
#1663 = AXIS2_PLACEMENT_3D('',#1664,#1665,#1666);
#1664 = CARTESIAN_POINT('',(28.622645185349,-4.872042658237,0.));
#1665 = DIRECTION('',(0.,0.,-1.));
#1666 = DIRECTION('',(-0.642787609687,0.766044443119,0.));
#1667 = DEFINITIONAL_REPRESENTATION('',(#1668),#1672);
#1668 = LINE('',#1669,#1670);
#1669 = CARTESIAN_POINT('',(0.,0.));
#1670 = VECTOR('',#1671,1.);
#1671 = DIRECTION('',(0.,-1.));
#1672 = ( GEOMETRIC_REPRESENTATION_CONTEXT(2) 
PARAMETRIC_REPRESENTATION_CONTEXT() REPRESENTATION_CONTEXT('2D SPACE',''
  ) );
#1673 = ORIENTED_EDGE('',*,*,#1674,.F.);
#1674 = EDGE_CURVE('',#1675,#1647,#1677,.T.);
#1675 = VERTEX_POINT('',#1676);
#1676 = CARTESIAN_POINT('',(21.059761724783,2.046988905117,
    8.907265742764E-07));
#1677 = SURFACE_CURVE('',#1678,(#1686,#1697),.PCURVE_S1.);
#1678 = B_SPLINE_CURVE_WITH_KNOTS('',6,(#1679,#1680,#1681,#1682,#1683,
    #1684,#1685),.UNSPECIFIED.,.F.,.F.,(7,7),(0.,1.),
  .PIECEWISE_BEZIER_KNOTS.);
#1679 = CARTESIAN_POINT('',(21.059761724783,2.046988905117,
    8.907265733882E-07));
#1680 = CARTESIAN_POINT('',(21.176012645446,2.244324308907,
    2.553283448085E-04));
#1681 = CARTESIAN_POINT('',(21.305705424743,2.433726463494,
    2.152377550283E-03));
#1682 = CARTESIAN_POINT('',(21.448136366609,2.614006491876,
    6.343802256687E-03));
#1683 = CARTESIAN_POINT('',(21.602436462145,2.784041767546,
    1.35021530269E-02));
#1684 = CARTESIAN_POINT('',(21.767560242395,2.942792876561,
    2.422588240539E-02));
#1685 = CARTESIAN_POINT('',(21.942233906328,3.089361483543,
    3.895440134219E-02));
#1686 = PCURVE('',#161,#1687);
#1687 = DEFINITIONAL_REPRESENTATION('',(#1688),#1696);
#1688 = B_SPLINE_CURVE_WITH_KNOTS('',6,(#1689,#1690,#1691,#1692,#1693,
    #1694,#1695),.UNSPECIFIED.,.F.,.F.,(7,7),(0.,1.),
  .PIECEWISE_BEZIER_KNOTS.);
#1689 = CARTESIAN_POINT('',(1.405033253121,-8.907265733882E-07));
#1690 = CARTESIAN_POINT('',(1.461824435707,-2.553283448085E-04));
#1691 = CARTESIAN_POINT('',(1.518612476623,-2.152377550284E-03));
#1692 = CARTESIAN_POINT('',(1.575384647252,-6.343802256685E-03));
#1693 = CARTESIAN_POINT('',(1.632120782749,-1.350215302691E-02));
#1694 = CARTESIAN_POINT('',(1.688788874682,-2.422588240539E-02));
#1695 = CARTESIAN_POINT('',(1.745329251994,-3.895440134219E-02));
#1696 = ( GEOMETRIC_REPRESENTATION_CONTEXT(2) 
PARAMETRIC_REPRESENTATION_CONTEXT() REPRESENTATION_CONTEXT('2D SPACE',''
  ) );
#1697 = PCURVE('',#1698,#1703);
#1698 = TOROIDAL_SURFACE('',#1699,21.133528417785,13.5);
#1699 = AXIS2_PLACEMENT_3D('',#1700,#1701,#1702);
#1700 = CARTESIAN_POINT('',(0.,0.,13.499976841109));
#1701 = DIRECTION('',(0.,0.,1.));
#1702 = DIRECTION('',(1.,0.,-0.));
#1703 = DEFINITIONAL_REPRESENTATION('',(#1704),#1712);
#1704 = B_SPLINE_CURVE_WITH_KNOTS('',6,(#1705,#1706,#1707,#1708,#1709,
    #1710,#1711),.UNSPECIFIED.,.F.,.F.,(7,7),(0.,1.),
  .PIECEWISE_BEZIER_KNOTS.);
#1705 = CARTESIAN_POINT('',(9.689467589581E-02,4.714276546903));
#1706 = CARTESIAN_POINT('',(0.105645713688,4.724261488886));
#1707 = CARTESIAN_POINT('',(0.11382832014,4.735324860512));
#1708 = CARTESIAN_POINT('',(0.121380180579,4.747377209614));
#1709 = CARTESIAN_POINT('',(0.128255339157,4.760315842363));
#1710 = CARTESIAN_POINT('',(0.134424904143,4.774029521392));
#1711 = CARTESIAN_POINT('',(0.139875782034,4.7883970997));
#1712 = ( GEOMETRIC_REPRESENTATION_CONTEXT(2) 
PARAMETRIC_REPRESENTATION_CONTEXT() REPRESENTATION_CONTEXT('2D SPACE',''
  ) );
#1713 = ORIENTED_EDGE('',*,*,#1714,.F.);
#1714 = EDGE_CURVE('',#141,#1675,#1715,.T.);
#1715 = SURFACE_CURVE('',#1716,(#1725,#1737),.PCURVE_S1.);
#1716 = B_SPLINE_CURVE_WITH_KNOTS('',4,(#1717,#1718,#1719,#1720,#1721,
    #1722,#1723,#1724),.UNSPECIFIED.,.F.,.F.,(5,3,5),(0.,0.555033893612,
    1.),.UNSPECIFIED.);
#1717 = CARTESIAN_POINT('',(21.058947807659,2.045606656035,0.));
#1718 = CARTESIAN_POINT('',(21.059060727606,2.045798511578,
    4.742554709981E-17));
#1719 = CARTESIAN_POINT('',(21.05917365422,2.045990346145,
    4.572072322025E-08));
#1720 = CARTESIAN_POINT('',(21.05928658748,2.04618215971,
    1.371726178045E-07));
#1721 = CARTESIAN_POINT('',(21.059490070343,2.046527710749,
    3.843530039332E-07));
#1722 = CARTESIAN_POINT('',(21.059580617578,2.046681455736,
    5.237384663814E-07));
#1723 = CARTESIAN_POINT('',(21.059671169062,2.046835187196,
    6.925278691274E-07));
#1724 = CARTESIAN_POINT('',(21.059761724783,2.046988905117,
    8.907265751645E-07));
#1725 = PCURVE('',#161,#1726);
#1726 = DEFINITIONAL_REPRESENTATION('',(#1727),#1736);
#1727 = B_SPLINE_CURVE_WITH_KNOTS('',4,(#1728,#1729,#1730,#1731,#1732,
    #1733,#1734,#1735),.UNSPECIFIED.,.F.,.F.,(5,3,5),(0.,0.555033893612,
    1.),.UNSPECIFIED.);
#1728 = CARTESIAN_POINT('',(1.40463550206,0.));
#1729 = CARTESIAN_POINT('',(1.404690703263,-4.742558647501E-17));
#1730 = CARTESIAN_POINT('',(1.404745900821,-4.572072322025E-08));
#1731 = CARTESIAN_POINT('',(1.404801094728,-1.371726178045E-07));
#1732 = CARTESIAN_POINT('',(1.404900530543,-3.843530039332E-07));
#1733 = CARTESIAN_POINT('',(1.404944773759,-5.237384663814E-07));
#1734 = CARTESIAN_POINT('',(1.40498901462,-6.925278691274E-07));
#1735 = CARTESIAN_POINT('',(1.405033253121,-8.907265751645E-07));
#1736 = ( GEOMETRIC_REPRESENTATION_CONTEXT(2) 
PARAMETRIC_REPRESENTATION_CONTEXT() REPRESENTATION_CONTEXT('2D SPACE',''
  ) );
#1737 = PCURVE('',#190,#1738);
#1738 = DEFINITIONAL_REPRESENTATION('',(#1739),#1748);
#1739 = B_SPLINE_CURVE_WITH_KNOTS('',4,(#1740,#1741,#1742,#1743,#1744,
    #1745,#1746,#1747),.UNSPECIFIED.,.F.,.F.,(5,3,5),(0.,0.555033893612,
    1.),.UNSPECIFIED.);
#1740 = CARTESIAN_POINT('',(9.683337423693E-02,4.712388980385));
#1741 = CARTESIAN_POINT('',(9.684188349359E-02,4.71265086029));
#1742 = CARTESIAN_POINT('',(9.685039159257E-02,4.712912753494));
#1743 = CARTESIAN_POINT('',(9.685889853282E-02,4.713174659998));
#1744 = CARTESIAN_POINT('',(9.687422332756E-02,4.713646558754));
#1745 = CARTESIAN_POINT('',(9.688104159642E-02,4.713856546255));
#1746 = CARTESIAN_POINT('',(9.688785911935E-02,4.714066542304));
#1747 = CARTESIAN_POINT('',(9.689467589581E-02,4.714276546902));
#1748 = ( GEOMETRIC_REPRESENTATION_CONTEXT(2) 
PARAMETRIC_REPRESENTATION_CONTEXT() REPRESENTATION_CONTEXT('2D SPACE',''
  ) );
#1749 = ORIENTED_EDGE('',*,*,#140,.F.);
#1750 = ORIENTED_EDGE('',*,*,#895,.T.);
#1751 = ADVANCED_FACE('',(#1752),#810,.T.);
#1752 = FACE_BOUND('',#1753,.T.);
#1753 = EDGE_LOOP('',(#1754,#1755,#1756,#1780));
#1754 = ORIENTED_EDGE('',*,*,#793,.T.);
#1755 = ORIENTED_EDGE('',*,*,#1342,.T.);
#1756 = ORIENTED_EDGE('',*,*,#1757,.F.);
#1757 = EDGE_CURVE('',#1758,#1002,#1760,.T.);
#1758 = VERTEX_POINT('',#1759);
#1759 = CARTESIAN_POINT('',(12.302625255488,-17.21479419875,
    8.907265742764E-07));
#1760 = SURFACE_CURVE('',#1761,(#1766,#1773),.PCURVE_S1.);
#1761 = CIRCLE('',#1762,21.159010550645);
#1762 = AXIS2_PLACEMENT_3D('',#1763,#1764,#1765);
#1763 = CARTESIAN_POINT('',(0.,0.,8.907265742764E-07));
#1764 = DIRECTION('',(0.,0.,1.));
#1765 = DIRECTION('',(1.,0.,-0.));
#1766 = PCURVE('',#810,#1767);
#1767 = DEFINITIONAL_REPRESENTATION('',(#1768),#1772);
#1768 = LINE('',#1769,#1770);
#1769 = CARTESIAN_POINT('',(0.,4.714276546902));
#1770 = VECTOR('',#1771,1.);
#1771 = DIRECTION('',(1.,0.));
#1772 = ( GEOMETRIC_REPRESENTATION_CONTEXT(2) 
PARAMETRIC_REPRESENTATION_CONTEXT() REPRESENTATION_CONTEXT('2D SPACE',''
  ) );
#1773 = PCURVE('',#1027,#1774);
#1774 = DEFINITIONAL_REPRESENTATION('',(#1775),#1779);
#1775 = LINE('',#1776,#1777);
#1776 = CARTESIAN_POINT('',(0.,4.714276546903));
#1777 = VECTOR('',#1778,1.);
#1778 = DIRECTION('',(1.,0.));
#1779 = ( GEOMETRIC_REPRESENTATION_CONTEXT(2) 
PARAMETRIC_REPRESENTATION_CONTEXT() REPRESENTATION_CONTEXT('2D SPACE',''
  ) );
#1780 = ORIENTED_EDGE('',*,*,#1781,.F.);
#1781 = EDGE_CURVE('',#761,#1758,#1782,.T.);
#1782 = SURFACE_CURVE('',#1783,(#1792,#1804),.PCURVE_S1.);
#1783 = B_SPLINE_CURVE_WITH_KNOTS('',4,(#1784,#1785,#1786,#1787,#1788,
    #1789,#1790,#1791),.UNSPECIFIED.,.F.,.F.,(5,3,5),(0.,0.390032649356,
    1.),.UNSPECIFIED.);
#1784 = CARTESIAN_POINT('',(12.301021234106,-17.21478045038,0.));
#1785 = CARTESIAN_POINT('',(12.301177667526,-17.21478176009,
    3.332681480376E-17));
#1786 = CARTESIAN_POINT('',(12.30133409362,-17.21478307783,
    2.257750820137E-08));
#1787 = CARTESIAN_POINT('',(12.301490512379,-17.21478440359,
    6.773615022455E-08));
#1788 = CARTESIAN_POINT('',(12.30189153371,-17.21478782328,
    2.414226255656E-07));
#1789 = CARTESIAN_POINT('',(12.30213612566,-17.21478992882,
    4.026022642268E-07));
#1790 = CARTESIAN_POINT('',(12.3023806996,-17.21479205397,
    6.190323092742E-07));
#1791 = CARTESIAN_POINT('',(12.302625255488,-17.21479419875,
    8.907265751645E-07));
#1792 = PCURVE('',#810,#1793);
#1793 = DEFINITIONAL_REPRESENTATION('',(#1794),#1803);
#1794 = B_SPLINE_CURVE_WITH_KNOTS('',4,(#1795,#1796,#1797,#1798,#1799,
    #1800,#1801,#1802),.UNSPECIFIED.,.F.,.F.,(5,3,5),(0.,0.390032649356,
    1.),.UNSPECIFIED.);
#1795 = CARTESIAN_POINT('',(5.33282113022,4.712388980385));
#1796 = CARTESIAN_POINT('',(5.332827109833,4.712573008269));
#1797 = CARTESIAN_POINT('',(5.332833088874,4.712757042721));
#1798 = CARTESIAN_POINT('',(5.332839067344,4.71294108374));
#1799 = CARTESIAN_POINT('',(5.332854394001,4.713412961125));
#1800 = CARTESIAN_POINT('',(5.332863741362,4.713700806987));
#1801 = CARTESIAN_POINT('',(5.332873087322,4.713988668912));
#1802 = CARTESIAN_POINT('',(5.332882431879,4.714276546902));
#1803 = ( GEOMETRIC_REPRESENTATION_CONTEXT(2) 
PARAMETRIC_REPRESENTATION_CONTEXT() REPRESENTATION_CONTEXT('2D SPACE',''
  ) );
#1804 = PCURVE('',#781,#1805);
#1805 = DEFINITIONAL_REPRESENTATION('',(#1806),#1815);
#1806 = B_SPLINE_CURVE_WITH_KNOTS('',4,(#1807,#1808,#1809,#1810,#1811,
    #1812,#1813,#1814),.UNSPECIFIED.,.F.,.F.,(5,3,5),(0.,0.390032649356,
    1.),.UNSPECIFIED.);
#1807 = CARTESIAN_POINT('',(1.40463550206,0.));
#1808 = CARTESIAN_POINT('',(1.404674292973,-3.332682894708E-17));
#1809 = CARTESIAN_POINT('',(1.404713082086,-2.257750820137E-08));
#1810 = CARTESIAN_POINT('',(1.404751869397,-6.773615022455E-08));
#1811 = CARTESIAN_POINT('',(1.404851311088,-2.414226255656E-07));
#1812 = CARTESIAN_POINT('',(1.404911962859,-4.026022642268E-07));
#1813 = CARTESIAN_POINT('',(1.404972610207,-6.190323092742E-07));
#1814 = CARTESIAN_POINT('',(1.405033253121,-8.907265751645E-07));
#1815 = ( GEOMETRIC_REPRESENTATION_CONTEXT(2) 
PARAMETRIC_REPRESENTATION_CONTEXT() REPRESENTATION_CONTEXT('2D SPACE',''
  ) );
#1816 = ADVANCED_FACE('',(#1817),#190,.T.);
#1817 = FACE_BOUND('',#1818,.T.);
#1818 = EDGE_LOOP('',(#1819,#1820,#1821,#1850));
#1819 = ORIENTED_EDGE('',*,*,#1714,.F.);
#1820 = ORIENTED_EDGE('',*,*,#173,.T.);
#1821 = ORIENTED_EDGE('',*,*,#1822,.T.);
#1822 = EDGE_CURVE('',#174,#1823,#1825,.T.);
#1823 = VERTEX_POINT('',#1824);
#1824 = CARTESIAN_POINT('',(19.261783103868,8.757136469295,
    8.907265742764E-07));
#1825 = SURFACE_CURVE('',#1826,(#1832,#1841),.PCURVE_S1.);
#1826 = B_SPLINE_CURVE_WITH_KNOTS('',4,(#1827,#1828,#1829,#1830,#1831),
  .UNSPECIFIED.,.F.,.F.,(5,5),(0.,1.),.PIECEWISE_BEZIER_KNOTS.);
#1827 = CARTESIAN_POINT('',(19.26038710642,8.757926573553,0.));
#1828 = CARTESIAN_POINT('',(19.260736128916,8.757728942738,
    8.544621805169E-17));
#1829 = CARTESIAN_POINT('',(19.261085136106,8.757531381712,
    1.484137305966E-07));
#1830 = CARTESIAN_POINT('',(19.261434127815,8.757333890543,
    4.453022985901E-07));
#1831 = CARTESIAN_POINT('',(19.261783103868,8.757136469295,
    8.907265751645E-07));
#1832 = PCURVE('',#190,#1833);
#1833 = DEFINITIONAL_REPRESENTATION('',(#1834),#1840);
#1834 = B_SPLINE_CURVE_WITH_KNOTS('',4,(#1835,#1836,#1837,#1838,#1839),
  .UNSPECIFIED.,.F.,.F.,(5,5),(0.,1.),.PIECEWISE_BEZIER_KNOTS.);
#1835 = CARTESIAN_POINT('',(0.426765401361,4.712388980385));
#1836 = CARTESIAN_POINT('',(0.426750070304,4.712860807255));
#1837 = CARTESIAN_POINT('',(0.426734743004,4.713332677296));
#1838 = CARTESIAN_POINT('',(0.426719419468,4.71380459051));
#1839 = CARTESIAN_POINT('',(0.426704099702,4.714276546902));
#1840 = ( GEOMETRIC_REPRESENTATION_CONTEXT(2) 
PARAMETRIC_REPRESENTATION_CONTEXT() REPRESENTATION_CONTEXT('2D SPACE',''
  ) );
#1841 = PCURVE('',#223,#1842);
#1842 = DEFINITIONAL_REPRESENTATION('',(#1843),#1849);
#1843 = B_SPLINE_CURVE_WITH_KNOTS('',4,(#1844,#1845,#1846,#1847,#1848),
  .UNSPECIFIED.,.F.,.F.,(5,5),(0.,1.),.PIECEWISE_BEZIER_KNOTS.);
#1844 = CARTESIAN_POINT('',(0.340693749934,0.));
#1845 = CARTESIAN_POINT('',(0.340594294382,-8.544646025753E-17));
#1846 = CARTESIAN_POINT('',(0.340494850659,-1.484137305966E-07));
#1847 = CARTESIAN_POINT('',(0.340395418808,-4.453022985901E-07));
#1848 = CARTESIAN_POINT('',(0.340295998873,-8.907265751645E-07));
#1849 = ( GEOMETRIC_REPRESENTATION_CONTEXT(2) 
PARAMETRIC_REPRESENTATION_CONTEXT() REPRESENTATION_CONTEXT('2D SPACE',''
  ) );
#1850 = ORIENTED_EDGE('',*,*,#1851,.F.);
#1851 = EDGE_CURVE('',#1675,#1823,#1852,.T.);
#1852 = SURFACE_CURVE('',#1853,(#1858,#1865),.PCURVE_S1.);
#1853 = CIRCLE('',#1854,21.159010550645);
#1854 = AXIS2_PLACEMENT_3D('',#1855,#1856,#1857);
#1855 = CARTESIAN_POINT('',(0.,0.,8.907265742764E-07));
#1856 = DIRECTION('',(0.,0.,1.));
#1857 = DIRECTION('',(1.,0.,-0.));
#1858 = PCURVE('',#190,#1859);
#1859 = DEFINITIONAL_REPRESENTATION('',(#1860),#1864);
#1860 = LINE('',#1861,#1862);
#1861 = CARTESIAN_POINT('',(0.,4.714276546902));
#1862 = VECTOR('',#1863,1.);
#1863 = DIRECTION('',(1.,0.));
#1864 = ( GEOMETRIC_REPRESENTATION_CONTEXT(2) 
PARAMETRIC_REPRESENTATION_CONTEXT() REPRESENTATION_CONTEXT('2D SPACE',''
  ) );
#1865 = PCURVE('',#1698,#1866);
#1866 = DEFINITIONAL_REPRESENTATION('',(#1867),#1871);
#1867 = LINE('',#1868,#1869);
#1868 = CARTESIAN_POINT('',(0.,4.714276546903));
#1869 = VECTOR('',#1870,1.);
#1870 = DIRECTION('',(1.,0.));
#1871 = ( GEOMETRIC_REPRESENTATION_CONTEXT(2) 
PARAMETRIC_REPRESENTATION_CONTEXT() REPRESENTATION_CONTEXT('2D SPACE',''
  ) );
#1872 = ADVANCED_FACE('',(#1873),#781,.F.);
#1873 = FACE_BOUND('',#1874,.F.);
#1874 = EDGE_LOOP('',(#1875,#1917,#1945,#1985,#2037,#2065,#2112,#2147,
    #2175,#2208,#2209,#2210));
#1875 = ORIENTED_EDGE('',*,*,#1876,.T.);
#1876 = EDGE_CURVE('',#1877,#1879,#1881,.T.);
#1877 = VERTEX_POINT('',#1878);
#1878 = CARTESIAN_POINT('',(8.757136469295,-19.26178310386,
    8.907265742764E-07));
#1879 = VERTEX_POINT('',#1880);
#1880 = CARTESIAN_POINT('',(8.295651426942,-20.54721272043,
    3.895440134219E-02));
#1881 = SURFACE_CURVE('',#1882,(#1890,#1901),.PCURVE_S1.);
#1882 = B_SPLINE_CURVE_WITH_KNOTS('',6,(#1883,#1884,#1885,#1886,#1887,
    #1888,#1889),.UNSPECIFIED.,.F.,.F.,(7,7),(0.,1.),
  .PIECEWISE_BEZIER_KNOTS.);
#1883 = CARTESIAN_POINT('',(8.757136469295,-19.26178310386,
    8.907265733882E-07));
#1884 = CARTESIAN_POINT('',(8.644364456878,-19.46112705627,
    2.553283448086E-04));
#1885 = CARTESIAN_POINT('',(8.545183769123,-19.66814537512,
    2.15237755028E-03));
#1886 = CARTESIAN_POINT('',(8.460272155683,-19.88163420325,
    6.343802256693E-03));
#1887 = CARTESIAN_POINT('',(8.390167335181,-20.10027964363,
    1.35021530269E-02));
#1888 = CARTESIAN_POINT('',(8.33524673202,-20.3226565866,
    2.42258824054E-02));
#1889 = CARTESIAN_POINT('',(8.295651426942,-20.54721272043,
    3.895440134219E-02));
#1890 = PCURVE('',#781,#1891);
#1891 = DEFINITIONAL_REPRESENTATION('',(#1892),#1900);
#1892 = B_SPLINE_CURVE_WITH_KNOTS('',6,(#1893,#1894,#1895,#1896,#1897,
    #1898,#1899),.UNSPECIFIED.,.F.,.F.,(7,7),(0.,1.),
  .PIECEWISE_BEZIER_KNOTS.);
#1893 = CARTESIAN_POINT('',(0.340295998873,-8.907265733882E-07));
#1894 = CARTESIAN_POINT('',(0.283504816287,-2.553283448086E-04));
#1895 = CARTESIAN_POINT('',(0.226716775371,-2.152377550281E-03));
#1896 = CARTESIAN_POINT('',(0.169944604742,-6.343802256692E-03));
#1897 = CARTESIAN_POINT('',(0.113208469246,-1.35021530269E-02));
#1898 = CARTESIAN_POINT('',(5.654037731204E-02,-2.422588240539E-02));
#1899 = CARTESIAN_POINT('',(0.,-3.895440134219E-02));
#1900 = ( GEOMETRIC_REPRESENTATION_CONTEXT(2) 
PARAMETRIC_REPRESENTATION_CONTEXT() REPRESENTATION_CONTEXT('2D SPACE',''
  ) );
#1901 = PCURVE('',#1902,#1907);
#1902 = TOROIDAL_SURFACE('',#1903,21.133528417785,13.5);
#1903 = AXIS2_PLACEMENT_3D('',#1904,#1905,#1906);
#1904 = CARTESIAN_POINT('',(0.,0.,13.499976841109));
#1905 = DIRECTION('',(0.,0.,1.));
#1906 = DIRECTION('',(1.,0.,-0.));
#1907 = DEFINITIONAL_REPRESENTATION('',(#1908),#1916);
#1908 = B_SPLINE_CURVE_WITH_KNOTS('',6,(#1909,#1910,#1911,#1912,#1913,
    #1914,#1915),.UNSPECIFIED.,.F.,.F.,(7,7),(0.,1.),
  .PIECEWISE_BEZIER_KNOTS.);
#1909 = CARTESIAN_POINT('',(5.139093080087,4.714276546903));
#1910 = CARTESIAN_POINT('',(5.130342042295,4.724261488886));
#1911 = CARTESIAN_POINT('',(5.122159435843,4.735324860512));
#1912 = CARTESIAN_POINT('',(5.114607575404,4.747377209614));
#1913 = CARTESIAN_POINT('',(5.107732416826,4.760315842363));
#1914 = CARTESIAN_POINT('',(5.10156285184,4.774029521392));
#1915 = CARTESIAN_POINT('',(5.096111973949,4.7883970997));
#1916 = ( GEOMETRIC_REPRESENTATION_CONTEXT(2) 
PARAMETRIC_REPRESENTATION_CONTEXT() REPRESENTATION_CONTEXT('2D SPACE',''
  ) );
#1917 = ORIENTED_EDGE('',*,*,#1918,.T.);
#1918 = EDGE_CURVE('',#1879,#1919,#1921,.T.);
#1919 = VERTEX_POINT('',#1920);
#1920 = CARTESIAN_POINT('',(8.295651426942,-20.54721272043,
    7.161045598658));
#1921 = SURFACE_CURVE('',#1922,(#1926,#1933),.PCURVE_S1.);
#1922 = LINE('',#1923,#1924);
#1923 = CARTESIAN_POINT('',(8.295651426942,-20.54721272043,0.));
#1924 = VECTOR('',#1925,1.);
#1925 = DIRECTION('',(0.,0.,1.));
#1926 = PCURVE('',#781,#1927);
#1927 = DEFINITIONAL_REPRESENTATION('',(#1928),#1932);
#1928 = LINE('',#1929,#1930);
#1929 = CARTESIAN_POINT('',(0.,0.));
#1930 = VECTOR('',#1931,1.);
#1931 = DIRECTION('',(0.,-1.));
#1932 = ( GEOMETRIC_REPRESENTATION_CONTEXT(2) 
PARAMETRIC_REPRESENTATION_CONTEXT() REPRESENTATION_CONTEXT('2D SPACE',''
  ) );
#1933 = PCURVE('',#1934,#1939);
#1934 = CYLINDRICAL_SURFACE('',#1935,10.392875);
#1935 = AXIS2_PLACEMENT_3D('',#1936,#1937,#1938);
#1936 = CARTESIAN_POINT('',(18.530635303029,-22.3519165249,0.));
#1937 = DIRECTION('',(0.,0.,-1.));
#1938 = DIRECTION('',(-0.998308158271,-5.814482891048E-02,-0.));
#1939 = DEFINITIONAL_REPRESENTATION('',(#1940),#1944);
#1940 = LINE('',#1941,#1942);
#1941 = CARTESIAN_POINT('',(0.232710566933,0.));
#1942 = VECTOR('',#1943,1.);
#1943 = DIRECTION('',(0.,-1.));
#1944 = ( GEOMETRIC_REPRESENTATION_CONTEXT(2) 
PARAMETRIC_REPRESENTATION_CONTEXT() REPRESENTATION_CONTEXT('2D SPACE',''
  ) );
#1945 = ORIENTED_EDGE('',*,*,#1946,.T.);
#1946 = EDGE_CURVE('',#1919,#1947,#1949,.T.);
#1947 = VERTEX_POINT('',#1948);
#1948 = CARTESIAN_POINT('',(8.757136469295,-19.26178310386,
    7.199999109273));
#1949 = SURFACE_CURVE('',#1950,(#1958,#1969),.PCURVE_S1.);
#1950 = B_SPLINE_CURVE_WITH_KNOTS('',6,(#1951,#1952,#1953,#1954,#1955,
    #1956,#1957),.UNSPECIFIED.,.F.,.F.,(7,7),(0.,1.),
  .PIECEWISE_BEZIER_KNOTS.);
#1951 = CARTESIAN_POINT('',(8.295651426942,-20.54721272043,
    7.161045598658));
#1952 = CARTESIAN_POINT('',(8.335246732145,-20.32265658589,
    7.175774117641));
#1953 = CARTESIAN_POINT('',(8.390167335574,-20.10027964204,
    7.186497847051));
#1954 = CARTESIAN_POINT('',(8.460272156203,-19.88163420208,
    7.193656197748));
#1955 = CARTESIAN_POINT('',(8.545183769363,-19.66814537464,
    7.197847622458));
#1956 = CARTESIAN_POINT('',(8.644364457018,-19.46112705602,
    7.199744671656));
#1957 = CARTESIAN_POINT('',(8.757136469295,-19.26178310386,
    7.199999109273));
#1958 = PCURVE('',#781,#1959);
#1959 = DEFINITIONAL_REPRESENTATION('',(#1960),#1968);
#1960 = B_SPLINE_CURVE_WITH_KNOTS('',6,(#1961,#1962,#1963,#1964,#1965,
    #1966,#1967),.UNSPECIFIED.,.F.,.F.,(7,7),(0.,1.),
  .PIECEWISE_BEZIER_KNOTS.);
#1961 = CARTESIAN_POINT('',(0.,-7.161045598658));
#1962 = CARTESIAN_POINT('',(5.654037749059E-02,-7.175774117641));
#1963 = CARTESIAN_POINT('',(0.113208469645,-7.186497847051));
#1964 = CARTESIAN_POINT('',(0.169944605064,-7.193656197748));
#1965 = CARTESIAN_POINT('',(0.2267167755,-7.197847622458));
#1966 = CARTESIAN_POINT('',(0.283504816357,-7.199744671656));
#1967 = CARTESIAN_POINT('',(0.340295998873,-7.199999109273));
#1968 = ( GEOMETRIC_REPRESENTATION_CONTEXT(2) 
PARAMETRIC_REPRESENTATION_CONTEXT() REPRESENTATION_CONTEXT('2D SPACE',''
  ) );
#1969 = PCURVE('',#1970,#1975);
#1970 = TOROIDAL_SURFACE('',#1971,21.133528417785,13.5);
#1971 = AXIS2_PLACEMENT_3D('',#1972,#1973,#1974);
#1972 = CARTESIAN_POINT('',(0.,0.,-6.299976841109));
#1973 = DIRECTION('',(0.,0.,1.));
#1974 = DIRECTION('',(1.,0.,-0.));
#1975 = DEFINITIONAL_REPRESENTATION('',(#1976),#1984);
#1976 = B_SPLINE_CURVE_WITH_KNOTS('',6,(#1977,#1978,#1979,#1980,#1981,
    #1982,#1983),.UNSPECIFIED.,.F.,.F.,(7,7),(0.,1.),
  .PIECEWISE_BEZIER_KNOTS.);
#1977 = CARTESIAN_POINT('',(5.096111973949,1.494788207479));
#1978 = CARTESIAN_POINT('',(5.101562851857,1.509155785833));
#1979 = CARTESIAN_POINT('',(5.10773241687,1.522869464914));
#1980 = CARTESIAN_POINT('',(5.114607575447,1.535808097631));
#1981 = CARTESIAN_POINT('',(5.122159435863,1.547860446692));
#1982 = CARTESIAN_POINT('',(5.130342042306,1.558923818305));
#1983 = CARTESIAN_POINT('',(5.139093080087,1.568908760277));
#1984 = ( GEOMETRIC_REPRESENTATION_CONTEXT(2) 
PARAMETRIC_REPRESENTATION_CONTEXT() REPRESENTATION_CONTEXT('2D SPACE',''
  ) );
#1985 = ORIENTED_EDGE('',*,*,#1986,.T.);
#1986 = EDGE_CURVE('',#1947,#1987,#1989,.T.);
#1987 = VERTEX_POINT('',#1988);
#1988 = CARTESIAN_POINT('',(8.757926573552,-19.26038710642,7.2));
#1989 = SURFACE_CURVE('',#1990,(#2002,#2017),.PCURVE_S1.);
#1990 = B_SPLINE_CURVE_WITH_KNOTS('',4,(#1991,#1992,#1993,#1994,#1995,
    #1996,#1997,#1998,#1999,#2000,#2001),.UNSPECIFIED.,.F.,.F.,(5,3,3,5)
  ,(0.,0.405966904138,0.6719697495,1.),.UNSPECIFIED.);
#1991 = CARTESIAN_POINT('',(8.757136469295,-19.26178310386,
    7.199999109273));
#1992 = CARTESIAN_POINT('',(8.757216615788,-19.26164143114,
    7.199999290101));
#1993 = CARTESIAN_POINT('',(8.757296773804,-19.26149975583,
    7.199999446448));
#1994 = CARTESIAN_POINT('',(8.75737694334,-19.26135807795,7.19999957832)
  );
#1995 = CARTESIAN_POINT('',(8.757509661648,-19.26112356385,
    7.199999756091));
#1996 = CARTESIAN_POINT('',(8.757562203849,-19.26103072908,
    7.199999815957));
#1997 = CARTESIAN_POINT('',(8.757614750992,-19.26093789321,
    7.199999865316));
#1998 = CARTESIAN_POINT('',(8.757732109427,-19.26073057128,
    7.199999952088));
#1999 = CARTESIAN_POINT('',(8.757796923291,-19.26061608464,7.19999998403
    ));
#2000 = CARTESIAN_POINT('',(8.757861744667,-19.26050159635,7.2));
#2001 = CARTESIAN_POINT('',(8.757926573553,-19.26038710642,7.2));
#2002 = PCURVE('',#781,#2003);
#2003 = DEFINITIONAL_REPRESENTATION('',(#2004),#2016);
#2004 = B_SPLINE_CURVE_WITH_KNOTS('',4,(#2005,#2006,#2007,#2008,#2009,
    #2010,#2011,#2012,#2013,#2014,#2015),.UNSPECIFIED.,.F.,.F.,(5,3,3,5)
  ,(0.,0.405966904138,0.6719697495,1.),.UNSPECIFIED.);
#2005 = CARTESIAN_POINT('',(0.340295998873,-7.199999109273));
#2006 = CARTESIAN_POINT('',(0.340336360076,-7.199999290101));
#2007 = CARTESIAN_POINT('',(0.340376723243,-7.199999446448));
#2008 = CARTESIAN_POINT('',(0.340417088371,-7.19999957832));
#2009 = CARTESIAN_POINT('',(0.340483905297,-7.199999756091));
#2010 = CARTESIAN_POINT('',(0.340510355978,-7.199999815957));
#2011 = CARTESIAN_POINT('',(0.340536807499,-7.199999865316));
#2012 = CARTESIAN_POINT('',(0.340595880465,-7.199999952088));
#2013 = CARTESIAN_POINT('',(0.340628502348,-7.19999998403));
#2014 = CARTESIAN_POINT('',(0.340661125505,-7.2));
#2015 = CARTESIAN_POINT('',(0.340693749934,-7.2));
#2016 = ( GEOMETRIC_REPRESENTATION_CONTEXT(2) 
PARAMETRIC_REPRESENTATION_CONTEXT() REPRESENTATION_CONTEXT('2D SPACE',''
  ) );
#2017 = PCURVE('',#2018,#2023);
#2018 = TOROIDAL_SURFACE('',#2019,21.158066767946,0.500000001594);
#2019 = AXIS2_PLACEMENT_3D('',#2020,#2021,#2022);
#2020 = CARTESIAN_POINT('',(0.,0.,6.699999998406));
#2021 = DIRECTION('',(0.,0.,1.));
#2022 = DIRECTION('',(1.,0.,-0.));
#2023 = DEFINITIONAL_REPRESENTATION('',(#2024),#2036);
#2024 = B_SPLINE_CURVE_WITH_KNOTS('',4,(#2025,#2026,#2027,#2028,#2029,
    #2030,#2031,#2032,#2033,#2034,#2035),.UNSPECIFIED.,.F.,.F.,(5,3,3,5)
  ,(0.,0.405966904138,0.6719697495,1.),.UNSPECIFIED.);
#2025 = CARTESIAN_POINT('',(5.139093080087,1.568908760281));
#2026 = CARTESIAN_POINT('',(5.139099299405,1.569100358956));
#2027 = CARTESIAN_POINT('',(5.139105519344,1.569291950514));
#2028 = CARTESIAN_POINT('',(5.139111739904,1.569483534957));
#2029 = CARTESIAN_POINT('',(5.139122037407,1.56980064004));
#2030 = CARTESIAN_POINT('',(5.139126113995,1.56992616474));
#2031 = CARTESIAN_POINT('',(5.13913019085,1.570051686386));
#2032 = CARTESIAN_POINT('',(5.139139295807,1.570331992399));
#2033 = CARTESIAN_POINT('',(5.139144324049,1.570486775176));
#2034 = CARTESIAN_POINT('',(5.139149352695,1.570641553307));
#2035 = CARTESIAN_POINT('',(5.139154381746,1.570796326793));
#2036 = ( GEOMETRIC_REPRESENTATION_CONTEXT(2) 
PARAMETRIC_REPRESENTATION_CONTEXT() REPRESENTATION_CONTEXT('2D SPACE',''
  ) );
#2037 = ORIENTED_EDGE('',*,*,#2038,.T.);
#2038 = EDGE_CURVE('',#1987,#2039,#2041,.T.);
#2039 = VERTEX_POINT('',#2040);
#2040 = CARTESIAN_POINT('',(12.301021234105,-17.21478045038,7.2));
#2041 = SURFACE_CURVE('',#2042,(#2047,#2054),.PCURVE_S1.);
#2042 = CIRCLE('',#2043,4.032875);
#2043 = AXIS2_PLACEMENT_3D('',#2044,#2045,#2046);
#2044 = CARTESIAN_POINT('',(12.267257993871,-21.24751411494,7.2));
#2045 = DIRECTION('',(0.,0.,-1.));
#2046 = DIRECTION('',(-0.984807753012,0.173648177667,0.));
#2047 = PCURVE('',#781,#2048);
#2048 = DEFINITIONAL_REPRESENTATION('',(#2049),#2053);
#2049 = LINE('',#2050,#2051);
#2050 = CARTESIAN_POINT('',(0.,-7.2));
#2051 = VECTOR('',#2052,1.);
#2052 = DIRECTION('',(1.,0.));
#2053 = ( GEOMETRIC_REPRESENTATION_CONTEXT(2) 
PARAMETRIC_REPRESENTATION_CONTEXT() REPRESENTATION_CONTEXT('2D SPACE',''
  ) );
#2054 = PCURVE('',#1171,#2055);
#2055 = DEFINITIONAL_REPRESENTATION('',(#2056),#2064);
#2056 = ( BOUNDED_CURVE() B_SPLINE_CURVE(2,(#2057,#2058,#2059,#2060,
#2061,#2062,#2063),.UNSPECIFIED.,.T.,.F.) B_SPLINE_CURVE_WITH_KNOTS((1,2
    ,2,2,2,1),(-2.094395102393,0.,2.094395102393,4.188790204786,
6.28318530718,8.377580409573),.UNSPECIFIED.) CURVE() 
GEOMETRIC_REPRESENTATION_ITEM() RATIONAL_B_SPLINE_CURVE((1.,0.5,1.,0.5,
1.,0.5,1.)) REPRESENTATION_ITEM('') );
#2057 = CARTESIAN_POINT('',(8.295651426942,-20.54721272043));
#2058 = CARTESIAN_POINT('',(9.508609022842,-13.66818835883));
#2059 = CARTESIAN_POINT('',(14.859540075286,-18.15815263139));
#2060 = CARTESIAN_POINT('',(20.210471127729,-22.64811690395));
#2061 = CARTESIAN_POINT('',(13.646582479386,-25.03717699299));
#2062 = CARTESIAN_POINT('',(7.082693831042,-27.42623708202));
#2063 = CARTESIAN_POINT('',(8.295651426942,-20.54721272043));
#2064 = ( GEOMETRIC_REPRESENTATION_CONTEXT(2) 
PARAMETRIC_REPRESENTATION_CONTEXT() REPRESENTATION_CONTEXT('2D SPACE',''
  ) );
#2065 = ORIENTED_EDGE('',*,*,#2066,.F.);
#2066 = EDGE_CURVE('',#2067,#2039,#2069,.T.);
#2067 = VERTEX_POINT('',#2068);
#2068 = CARTESIAN_POINT('',(12.302625255488,-17.21479419875,
    7.199999109273));
#2069 = SURFACE_CURVE('',#2070,(#2082,#2097),.PCURVE_S1.);
#2070 = B_SPLINE_CURVE_WITH_KNOTS('',4,(#2071,#2072,#2073,#2074,#2075,
    #2076,#2077,#2078,#2079,#2080,#2081),.UNSPECIFIED.,.F.,.F.,(5,3,3,5)
  ,(0.,0.40596690414,0.797977876238,1.),.UNSPECIFIED.);
#2071 = CARTESIAN_POINT('',(12.302625255488,-17.21479419875,
    7.199999109273));
#2072 = CARTESIAN_POINT('',(12.30246249006,-17.21479277128,
    7.199999290101));
#2073 = CARTESIAN_POINT('',(12.302299716636,-17.21479135251,
    7.199999446448));
#2074 = CARTESIAN_POINT('',(12.302136935228,-17.21478994242,
    7.19999957832));
#2075 = CARTESIAN_POINT('',(12.301816952682,-17.21478718782,
    7.199999789427));
#2076 = CARTESIAN_POINT('',(12.301659752082,-17.21478584271,
    7.199999870316));
#2077 = CARTESIAN_POINT('',(12.301502544061,-17.21478450571,
    7.199999928391));
#2078 = CARTESIAN_POINT('',(12.301264307949,-17.21478249198,
    7.199999981828));
#2079 = CARTESIAN_POINT('',(12.301183285301,-17.21478180929,
    7.199999993943));
#2080 = CARTESIAN_POINT('',(12.301102260686,-17.21478112876,7.2));
#2081 = CARTESIAN_POINT('',(12.301021234106,-17.21478045038,7.2));
#2082 = PCURVE('',#781,#2083);
#2083 = DEFINITIONAL_REPRESENTATION('',(#2084),#2096);
#2084 = B_SPLINE_CURVE_WITH_KNOTS('',4,(#2085,#2086,#2087,#2088,#2089,
    #2090,#2091,#2092,#2093,#2094,#2095),.UNSPECIFIED.,.F.,.F.,(5,3,3,5)
  ,(0.,0.40596690414,0.797977876238,1.),.UNSPECIFIED.);
#2085 = CARTESIAN_POINT('',(1.405033253121,-7.199999109273));
#2086 = CARTESIAN_POINT('',(1.404992891918,-7.199999290101));
#2087 = CARTESIAN_POINT('',(1.404952528751,-7.199999446448));
#2088 = CARTESIAN_POINT('',(1.404912163623,-7.19999957832));
#2089 = CARTESIAN_POINT('',(1.404832817151,-7.199999789427));
#2090 = CARTESIAN_POINT('',(1.40479383594,-7.199999870316));
#2091 = CARTESIAN_POINT('',(1.404754852905,-7.199999928391));
#2092 = CARTESIAN_POINT('',(1.404695777277,-7.199999981828));
#2093 = CARTESIAN_POINT('',(1.404675686021,-7.199999993943));
#2094 = CARTESIAN_POINT('',(1.404655594282,-7.2));
#2095 = CARTESIAN_POINT('',(1.40463550206,-7.2));
#2096 = ( GEOMETRIC_REPRESENTATION_CONTEXT(2) 
PARAMETRIC_REPRESENTATION_CONTEXT() REPRESENTATION_CONTEXT('2D SPACE',''
  ) );
#2097 = PCURVE('',#1137,#2098);
#2098 = DEFINITIONAL_REPRESENTATION('',(#2099),#2111);
#2099 = B_SPLINE_CURVE_WITH_KNOTS('',4,(#2100,#2101,#2102,#2103,#2104,
    #2105,#2106,#2107,#2108,#2109,#2110),.UNSPECIFIED.,.F.,.F.,(5,3,3,5)
  ,(0.,0.40596690414,0.797977876238,1.),.UNSPECIFIED.);
#2100 = CARTESIAN_POINT('',(5.332882431879,1.568908760281));
#2101 = CARTESIAN_POINT('',(5.332876212561,1.569100358956));
#2102 = CARTESIAN_POINT('',(5.332869992622,1.569291950514));
#2103 = CARTESIAN_POINT('',(5.332863772062,1.569483534957));
#2104 = CARTESIAN_POINT('',(5.332851543566,1.569860103755));
#2105 = CARTESIAN_POINT('',(5.332845535672,1.57004508859));
#2106 = CARTESIAN_POINT('',(5.332839527201,1.570230066791));
#2107 = CARTESIAN_POINT('',(5.332830421398,1.570510363109));
#2108 = CARTESIAN_POINT('',(5.332827324492,1.570605686099));
#2109 = CARTESIAN_POINT('',(5.332824227433,1.570701007327));
#2110 = CARTESIAN_POINT('',(5.33282113022,1.570796326793));
#2111 = ( GEOMETRIC_REPRESENTATION_CONTEXT(2) 
PARAMETRIC_REPRESENTATION_CONTEXT() REPRESENTATION_CONTEXT('2D SPACE',''
  ) );
#2112 = ORIENTED_EDGE('',*,*,#2113,.F.);
#2113 = EDGE_CURVE('',#2114,#2067,#2116,.T.);
#2114 = VERTEX_POINT('',#2115);
#2115 = CARTESIAN_POINT('',(13.646582479386,-17.45785123688,
    7.161045598658));
#2116 = SURFACE_CURVE('',#2117,(#2125,#2136),.PCURVE_S1.);
#2117 = B_SPLINE_CURVE_WITH_KNOTS('',6,(#2118,#2119,#2120,#2121,#2122,
    #2123,#2124),.UNSPECIFIED.,.F.,.F.,(7,7),(0.,1.),
  .PIECEWISE_BEZIER_KNOTS.);
#2118 = CARTESIAN_POINT('',(13.646582479386,-17.45785123688,
    7.161045598658));
#2119 = CARTESIAN_POINT('',(13.43231350916,-17.37986370979,
    7.175774119419));
#2120 = CARTESIAN_POINT('',(13.212269128074,-17.31623787602,
    7.186497843162));
#2121 = CARTESIAN_POINT('',(12.987864207112,-17.26762771095,
    7.193656201328));
#2122 = CARTESIAN_POINT('',(12.760521656829,-17.23441891172,
    7.197847621094));
#2123 = CARTESIAN_POINT('',(12.531648187806,-17.21680274735,
    7.199744671656));
#2124 = CARTESIAN_POINT('',(12.302625255488,-17.21479419875,
    7.199999109273));
#2125 = PCURVE('',#781,#2126);
#2126 = DEFINITIONAL_REPRESENTATION('',(#2127),#2135);
#2127 = B_SPLINE_CURVE_WITH_KNOTS('',6,(#2128,#2129,#2130,#2131,#2132,
    #2133,#2134),.UNSPECIFIED.,.F.,.F.,(7,7),(0.,1.),
  .PIECEWISE_BEZIER_KNOTS.);
#2128 = CARTESIAN_POINT('',(1.745329251994,-7.161045598658));
#2129 = CARTESIAN_POINT('',(1.688788874378,-7.175774119419));
#2130 = CARTESIAN_POINT('',(1.632120783011,-7.186497843162));
#2131 = CARTESIAN_POINT('',(1.575384646303,-7.193656201328));
#2132 = CARTESIAN_POINT('',(1.518612476926,-7.197847621094));
#2133 = CARTESIAN_POINT('',(1.461824435519,-7.199744671656));
#2134 = CARTESIAN_POINT('',(1.405033253121,-7.199999109273));
#2135 = ( GEOMETRIC_REPRESENTATION_CONTEXT(2) 
PARAMETRIC_REPRESENTATION_CONTEXT() REPRESENTATION_CONTEXT('2D SPACE',''
  ) );
#2136 = PCURVE('',#1095,#2137);
#2137 = DEFINITIONAL_REPRESENTATION('',(#2138),#2146);
#2138 = B_SPLINE_CURVE_WITH_KNOTS('',6,(#2139,#2140,#2141,#2142,#2143,
    #2144,#2145),.UNSPECIFIED.,.F.,.F.,(7,7),(0.,1.),
  .PIECEWISE_BEZIER_KNOTS.);
#2139 = CARTESIAN_POINT('',(5.375863528258,1.494788198008));
#2140 = CARTESIAN_POINT('',(5.370412650277,1.509155776309));
#2141 = CARTESIAN_POINT('',(5.364243135334,1.522869503792));
#2142 = CARTESIAN_POINT('',(5.357367893523,1.535808056066));
#2143 = CARTESIAN_POINT('',(5.349816093601,1.547860463549));
#2144 = CARTESIAN_POINT('',(5.341633469642,1.558923818326));
#2145 = CARTESIAN_POINT('',(5.332882431879,1.568908760277));
#2146 = ( GEOMETRIC_REPRESENTATION_CONTEXT(2) 
PARAMETRIC_REPRESENTATION_CONTEXT() REPRESENTATION_CONTEXT('2D SPACE',''
  ) );
#2147 = ORIENTED_EDGE('',*,*,#2148,.F.);
#2148 = EDGE_CURVE('',#2149,#2114,#2151,.T.);
#2149 = VERTEX_POINT('',#2150);
#2150 = CARTESIAN_POINT('',(13.646582479386,-17.45785123688,
    3.895440134219E-02));
#2151 = SURFACE_CURVE('',#2152,(#2156,#2163),.PCURVE_S1.);
#2152 = LINE('',#2153,#2154);
#2153 = CARTESIAN_POINT('',(13.646582479386,-17.45785123688,0.));
#2154 = VECTOR('',#2155,1.);
#2155 = DIRECTION('',(0.,0.,1.));
#2156 = PCURVE('',#781,#2157);
#2157 = DEFINITIONAL_REPRESENTATION('',(#2158),#2162);
#2158 = LINE('',#2159,#2160);
#2159 = CARTESIAN_POINT('',(1.745329251994,0.));
#2160 = VECTOR('',#2161,1.);
#2161 = DIRECTION('',(0.,-1.));
#2162 = ( GEOMETRIC_REPRESENTATION_CONTEXT(2) 
PARAMETRIC_REPRESENTATION_CONTEXT() REPRESENTATION_CONTEXT('2D SPACE',''
  ) );
#2163 = PCURVE('',#2164,#2169);
#2164 = CYLINDRICAL_SURFACE('',#2165,10.392875);
#2165 = AXIS2_PLACEMENT_3D('',#2166,#2167,#2168);
#2166 = CARTESIAN_POINT('',(10.09200988232,-27.22395918313,0.));
#2167 = DIRECTION('',(0.,0.,-1.));
#2168 = DIRECTION('',(0.342020143326,0.939692620786,0.));
#2169 = DEFINITIONAL_REPRESENTATION('',(#2170),#2174);
#2170 = LINE('',#2171,#2172);
#2171 = CARTESIAN_POINT('',(0.,0.));
#2172 = VECTOR('',#2173,1.);
#2173 = DIRECTION('',(0.,-1.));
#2174 = ( GEOMETRIC_REPRESENTATION_CONTEXT(2) 
PARAMETRIC_REPRESENTATION_CONTEXT() REPRESENTATION_CONTEXT('2D SPACE',''
  ) );
#2175 = ORIENTED_EDGE('',*,*,#2176,.F.);
#2176 = EDGE_CURVE('',#1758,#2149,#2177,.T.);
#2177 = SURFACE_CURVE('',#2178,(#2186,#2197),.PCURVE_S1.);
#2178 = B_SPLINE_CURVE_WITH_KNOTS('',6,(#2179,#2180,#2181,#2182,#2183,
    #2184,#2185),.UNSPECIFIED.,.F.,.F.,(7,7),(0.,1.),
  .PIECEWISE_BEZIER_KNOTS.);
#2179 = CARTESIAN_POINT('',(12.302625255488,-17.21479419875,
    8.907265733882E-07));
#2180 = CARTESIAN_POINT('',(12.531648188568,-17.21680274736,
    2.553283448086E-04));
#2181 = CARTESIAN_POINT('',(12.76052165562,-17.23441891162,
    2.15237755028E-03));
#2182 = CARTESIAN_POINT('',(12.987864210927,-17.26762771137,
    6.343802256692E-03));
#2183 = CARTESIAN_POINT('',(13.212269126964,-17.31623787608,
    1.35021530269E-02));
#2184 = CARTESIAN_POINT('',(13.432313510375,-17.37986371004,
    2.422588240539E-02));
#2185 = CARTESIAN_POINT('',(13.646582479386,-17.45785123688,
    3.895440134219E-02));
#2186 = PCURVE('',#781,#2187);
#2187 = DEFINITIONAL_REPRESENTATION('',(#2188),#2196);
#2188 = B_SPLINE_CURVE_WITH_KNOTS('',6,(#2189,#2190,#2191,#2192,#2193,
    #2194,#2195),.UNSPECIFIED.,.F.,.F.,(7,7),(0.,1.),
  .PIECEWISE_BEZIER_KNOTS.);
#2189 = CARTESIAN_POINT('',(1.405033253121,-8.907265733882E-07));
#2190 = CARTESIAN_POINT('',(1.461824435708,-2.553283448086E-04));
#2191 = CARTESIAN_POINT('',(1.518612476623,-2.152377550281E-03));
#2192 = CARTESIAN_POINT('',(1.575384647252,-6.34380225669E-03));
#2193 = CARTESIAN_POINT('',(1.632120782749,-1.35021530269E-02));
#2194 = CARTESIAN_POINT('',(1.688788874682,-2.422588240539E-02));
#2195 = CARTESIAN_POINT('',(1.745329251994,-3.895440134219E-02));
#2196 = ( GEOMETRIC_REPRESENTATION_CONTEXT(2) 
PARAMETRIC_REPRESENTATION_CONTEXT() REPRESENTATION_CONTEXT('2D SPACE',''
  ) );
#2197 = PCURVE('',#1027,#2198);
#2198 = DEFINITIONAL_REPRESENTATION('',(#2199),#2207);
#2199 = B_SPLINE_CURVE_WITH_KNOTS('',6,(#2200,#2201,#2202,#2203,#2204,
    #2205,#2206),.UNSPECIFIED.,.F.,.F.,(7,7),(0.,1.),
  .PIECEWISE_BEZIER_KNOTS.);
#2200 = CARTESIAN_POINT('',(5.332882431879,4.714276546903));
#2201 = CARTESIAN_POINT('',(5.341633469671,4.724261488886));
#2202 = CARTESIAN_POINT('',(5.349816076123,4.735324860512));
#2203 = CARTESIAN_POINT('',(5.357367936562,4.747377209614));
#2204 = CARTESIAN_POINT('',(5.36424309514,4.760315842363));
#2205 = CARTESIAN_POINT('',(5.370412660126,4.774029521392));
#2206 = CARTESIAN_POINT('',(5.375863538017,4.7883970997));
#2207 = ( GEOMETRIC_REPRESENTATION_CONTEXT(2) 
PARAMETRIC_REPRESENTATION_CONTEXT() REPRESENTATION_CONTEXT('2D SPACE',''
  ) );
#2208 = ORIENTED_EDGE('',*,*,#1781,.F.);
#2209 = ORIENTED_EDGE('',*,*,#760,.F.);
#2210 = ORIENTED_EDGE('',*,*,#2211,.T.);
#2211 = EDGE_CURVE('',#732,#1877,#2212,.T.);
#2212 = SURFACE_CURVE('',#2213,(#2222,#2234),.PCURVE_S1.);
#2213 = B_SPLINE_CURVE_WITH_KNOTS('',4,(#2214,#2215,#2216,#2217,#2218,
    #2219,#2220,#2221),.UNSPECIFIED.,.F.,.F.,(5,3,5),(0.,0.390032649356,
    1.),.UNSPECIFIED.);
#2214 = CARTESIAN_POINT('',(8.757926573553,-19.26038710642,0.));
#2215 = CARTESIAN_POINT('',(8.757849491082,-19.26052323658,
    3.332681480385E-17));
#2216 = CARTESIAN_POINT('',(8.757772419229,-19.26065936442,
    2.257750820196E-08));
#2217 = CARTESIAN_POINT('',(8.757695357996,-19.26079548993,
    6.773615022436E-08));
#2218 = CARTESIAN_POINT('',(8.757497808872,-19.26114449443,
    2.414226255662E-07));
#2219 = CARTESIAN_POINT('',(8.757377336341,-19.26135737004,
    4.026022642359E-07));
#2220 = CARTESIAN_POINT('',(8.757256889811,-19.26157023987,
    6.190323092727E-07));
#2221 = CARTESIAN_POINT('',(8.757136469295,-19.26178310386,
    8.907265751645E-07));
#2222 = PCURVE('',#781,#2223);
#2223 = DEFINITIONAL_REPRESENTATION('',(#2224),#2233);
#2224 = B_SPLINE_CURVE_WITH_KNOTS('',4,(#2225,#2226,#2227,#2228,#2229,
    #2230,#2231,#2232),.UNSPECIFIED.,.F.,.F.,(5,3,5),(0.,0.390032649356,
    1.),.UNSPECIFIED.);
#2225 = CARTESIAN_POINT('',(0.340693749934,0.));
#2226 = CARTESIAN_POINT('',(0.340654959022,-3.332682894708E-17));
#2227 = CARTESIAN_POINT('',(0.340616169909,-2.257750820196E-08));
#2228 = CARTESIAN_POINT('',(0.340577382598,-6.773615022436E-08));
#2229 = CARTESIAN_POINT('',(0.340477940906,-2.414226255662E-07));
#2230 = CARTESIAN_POINT('',(0.340417289135,-4.026022642359E-07));
#2231 = CARTESIAN_POINT('',(0.340356641787,-6.190323092727E-07));
#2232 = CARTESIAN_POINT('',(0.340295998873,-8.907265751645E-07));
#2233 = ( GEOMETRIC_REPRESENTATION_CONTEXT(2) 
PARAMETRIC_REPRESENTATION_CONTEXT() REPRESENTATION_CONTEXT('2D SPACE',''
  ) );
#2234 = PCURVE('',#748,#2235);
#2235 = DEFINITIONAL_REPRESENTATION('',(#2236),#2245);
#2236 = B_SPLINE_CURVE_WITH_KNOTS('',4,(#2237,#2238,#2239,#2240,#2241,
    #2242,#2243,#2244),.UNSPECIFIED.,.F.,.F.,(5,3,5),(0.,0.390032649356,
    1.),.UNSPECIFIED.);
#2237 = CARTESIAN_POINT('',(5.139154381746,4.712388980385));
#2238 = CARTESIAN_POINT('',(5.139148402133,4.712573008269));
#2239 = CARTESIAN_POINT('',(5.139142423092,4.712757042721));
#2240 = CARTESIAN_POINT('',(5.139136444622,4.71294108374));
#2241 = CARTESIAN_POINT('',(5.139121117964,4.713412961125));
#2242 = CARTESIAN_POINT('',(5.139111770604,4.713700806987));
#2243 = CARTESIAN_POINT('',(5.139102424644,4.713988668912));
#2244 = CARTESIAN_POINT('',(5.139093080087,4.714276546902));
#2245 = ( GEOMETRIC_REPRESENTATION_CONTEXT(2) 
PARAMETRIC_REPRESENTATION_CONTEXT() REPRESENTATION_CONTEXT('2D SPACE',''
  ) );
#2246 = ADVANCED_FACE('',(#2247),#223,.F.);
#2247 = FACE_BOUND('',#2248,.F.);
#2248 = EDGE_LOOP('',(#2249,#2284,#2312,#2347,#2385,#2413,#2465,#2505,
    #2533,#2573,#2600,#2601));
#2249 = ORIENTED_EDGE('',*,*,#2250,.T.);
#2250 = EDGE_CURVE('',#1823,#2251,#2253,.T.);
#2251 = VERTEX_POINT('',#2252);
#2252 = CARTESIAN_POINT('',(20.547212720432,8.295651426942,
    3.895440134219E-02));
#2253 = SURFACE_CURVE('',#2254,(#2262,#2273),.PCURVE_S1.);
#2254 = B_SPLINE_CURVE_WITH_KNOTS('',6,(#2255,#2256,#2257,#2258,#2259,
    #2260,#2261),.UNSPECIFIED.,.F.,.F.,(7,7),(0.,1.),
  .PIECEWISE_BEZIER_KNOTS.);
#2255 = CARTESIAN_POINT('',(19.261783103868,8.757136469295,
    8.907265733882E-07));
#2256 = CARTESIAN_POINT('',(19.46112705627,8.644364456878,
    2.553283448085E-04));
#2257 = CARTESIAN_POINT('',(19.668145375123,8.545183769123,
    2.152377550286E-03));
#2258 = CARTESIAN_POINT('',(19.881634203254,8.460272155683,
    6.343802256679E-03));
#2259 = CARTESIAN_POINT('',(20.10027964363,8.390167335181,
    1.350215302691E-02));
#2260 = CARTESIAN_POINT('',(20.322656586603,8.33524673202,
    2.422588240539E-02));
#2261 = CARTESIAN_POINT('',(20.547212720432,8.295651426942,
    3.895440134219E-02));
#2262 = PCURVE('',#223,#2263);
#2263 = DEFINITIONAL_REPRESENTATION('',(#2264),#2272);
#2264 = B_SPLINE_CURVE_WITH_KNOTS('',6,(#2265,#2266,#2267,#2268,#2269,
    #2270,#2271),.UNSPECIFIED.,.F.,.F.,(7,7),(0.,1.),
  .PIECEWISE_BEZIER_KNOTS.);
#2265 = CARTESIAN_POINT('',(0.340295998873,-8.907265733882E-07));
#2266 = CARTESIAN_POINT('',(0.283504816287,-2.553283448085E-04));
#2267 = CARTESIAN_POINT('',(0.226716775371,-2.152377550287E-03));
#2268 = CARTESIAN_POINT('',(0.169944604743,-6.343802256675E-03));
#2269 = CARTESIAN_POINT('',(0.113208469245,-1.350215302692E-02));
#2270 = CARTESIAN_POINT('',(5.654037731206E-02,-2.422588240539E-02));
#2271 = CARTESIAN_POINT('',(0.,-3.895440134219E-02));
#2272 = ( GEOMETRIC_REPRESENTATION_CONTEXT(2) 
PARAMETRIC_REPRESENTATION_CONTEXT() REPRESENTATION_CONTEXT('2D SPACE',''
  ) );
#2273 = PCURVE('',#1698,#2274);
#2274 = DEFINITIONAL_REPRESENTATION('',(#2275),#2283);
#2275 = B_SPLINE_CURVE_WITH_KNOTS('',6,(#2276,#2277,#2278,#2279,#2280,
    #2281,#2282),.UNSPECIFIED.,.F.,.F.,(7,7),(0.,1.),
  .PIECEWISE_BEZIER_KNOTS.);
#2276 = CARTESIAN_POINT('',(0.426704099702,4.714276546903));
#2277 = CARTESIAN_POINT('',(0.41795306191,4.724261488886));
#2278 = CARTESIAN_POINT('',(0.409770455458,4.735324860512));
#2279 = CARTESIAN_POINT('',(0.402218595019,4.747377209614));
#2280 = CARTESIAN_POINT('',(0.395343436441,4.760315842363));
#2281 = CARTESIAN_POINT('',(0.389173871456,4.774029521392));
#2282 = CARTESIAN_POINT('',(0.383722993564,4.7883970997));
#2283 = ( GEOMETRIC_REPRESENTATION_CONTEXT(2) 
PARAMETRIC_REPRESENTATION_CONTEXT() REPRESENTATION_CONTEXT('2D SPACE',''
  ) );
#2284 = ORIENTED_EDGE('',*,*,#2285,.T.);
#2285 = EDGE_CURVE('',#2251,#2286,#2288,.T.);
#2286 = VERTEX_POINT('',#2287);
#2287 = CARTESIAN_POINT('',(20.547212720432,8.295651426942,
    7.161045598658));
#2288 = SURFACE_CURVE('',#2289,(#2293,#2300),.PCURVE_S1.);
#2289 = LINE('',#2290,#2291);
#2290 = CARTESIAN_POINT('',(20.547212720432,8.295651426942,0.));
#2291 = VECTOR('',#2292,1.);
#2292 = DIRECTION('',(0.,0.,1.));
#2293 = PCURVE('',#223,#2294);
#2294 = DEFINITIONAL_REPRESENTATION('',(#2295),#2299);
#2295 = LINE('',#2296,#2297);
#2296 = CARTESIAN_POINT('',(0.,0.));
#2297 = VECTOR('',#2298,1.);
#2298 = DIRECTION('',(0.,-1.));
#2299 = ( GEOMETRIC_REPRESENTATION_CONTEXT(2) 
PARAMETRIC_REPRESENTATION_CONTEXT() REPRESENTATION_CONTEXT('2D SPACE',''
  ) );
#2300 = PCURVE('',#2301,#2306);
#2301 = CYLINDRICAL_SURFACE('',#2302,10.392875);
#2302 = AXIS2_PLACEMENT_3D('',#2303,#2304,#2305);
#2303 = CARTESIAN_POINT('',(22.351916524902,18.530635303029,0.));
#2304 = DIRECTION('',(-0.,0.,-1.));
#2305 = DIRECTION('',(5.814482891048E-02,-0.998308158271,-0.));
#2306 = DEFINITIONAL_REPRESENTATION('',(#2307),#2311);
#2307 = LINE('',#2308,#2309);
#2308 = CARTESIAN_POINT('',(0.232710566933,0.));
#2309 = VECTOR('',#2310,1.);
#2310 = DIRECTION('',(0.,-1.));
#2311 = ( GEOMETRIC_REPRESENTATION_CONTEXT(2) 
PARAMETRIC_REPRESENTATION_CONTEXT() REPRESENTATION_CONTEXT('2D SPACE',''
  ) );
#2312 = ORIENTED_EDGE('',*,*,#2313,.T.);
#2313 = EDGE_CURVE('',#2286,#2314,#2316,.T.);
#2314 = VERTEX_POINT('',#2315);
#2315 = CARTESIAN_POINT('',(19.261783103868,8.757136469295,
    7.199999109273));
#2316 = SURFACE_CURVE('',#2317,(#2325,#2336),.PCURVE_S1.);
#2317 = B_SPLINE_CURVE_WITH_KNOTS('',6,(#2318,#2319,#2320,#2321,#2322,
    #2323,#2324),.UNSPECIFIED.,.F.,.F.,(7,7),(0.,1.),
  .PIECEWISE_BEZIER_KNOTS.);
#2318 = CARTESIAN_POINT('',(20.547212720432,8.295651426942,
    7.161045598658));
#2319 = CARTESIAN_POINT('',(20.322656585894,8.335246732145,
    7.175774117641));
#2320 = CARTESIAN_POINT('',(20.100279642047,8.390167335574,
    7.186497847051));
#2321 = CARTESIAN_POINT('',(19.881634202083,8.460272156203,
    7.193656197748));
#2322 = CARTESIAN_POINT('',(19.668145374643,8.545183769363,
    7.197847622458));
#2323 = CARTESIAN_POINT('',(19.461127056024,8.644364457018,
    7.199744671656));
#2324 = CARTESIAN_POINT('',(19.261783103868,8.757136469295,
    7.199999109273));
#2325 = PCURVE('',#223,#2326);
#2326 = DEFINITIONAL_REPRESENTATION('',(#2327),#2335);
#2327 = B_SPLINE_CURVE_WITH_KNOTS('',6,(#2328,#2329,#2330,#2331,#2332,
    #2333,#2334),.UNSPECIFIED.,.F.,.F.,(7,7),(0.,1.),
  .PIECEWISE_BEZIER_KNOTS.);
#2328 = CARTESIAN_POINT('',(0.,-7.161045598658));
#2329 = CARTESIAN_POINT('',(5.654037749057E-02,-7.175774117641));
#2330 = CARTESIAN_POINT('',(0.113208469645,-7.186497847051));
#2331 = CARTESIAN_POINT('',(0.169944605064,-7.193656197748));
#2332 = CARTESIAN_POINT('',(0.2267167755,-7.197847622458));
#2333 = CARTESIAN_POINT('',(0.283504816357,-7.199744671656));
#2334 = CARTESIAN_POINT('',(0.340295998873,-7.199999109273));
#2335 = ( GEOMETRIC_REPRESENTATION_CONTEXT(2) 
PARAMETRIC_REPRESENTATION_CONTEXT() REPRESENTATION_CONTEXT('2D SPACE',''
  ) );
#2336 = PCURVE('',#1630,#2337);
#2337 = DEFINITIONAL_REPRESENTATION('',(#2338),#2346);
#2338 = B_SPLINE_CURVE_WITH_KNOTS('',6,(#2339,#2340,#2341,#2342,#2343,
    #2344,#2345),.UNSPECIFIED.,.F.,.F.,(7,7),(0.,1.),
  .PIECEWISE_BEZIER_KNOTS.);
#2339 = CARTESIAN_POINT('',(0.383722993564,1.494788207479));
#2340 = CARTESIAN_POINT('',(0.389173871473,1.509155785833));
#2341 = CARTESIAN_POINT('',(0.395343436485,1.522869464914));
#2342 = CARTESIAN_POINT('',(0.402218595063,1.535808097631));
#2343 = CARTESIAN_POINT('',(0.409770455478,1.547860446692));
#2344 = CARTESIAN_POINT('',(0.417953061921,1.558923818305));
#2345 = CARTESIAN_POINT('',(0.426704099702,1.568908760277));
#2346 = ( GEOMETRIC_REPRESENTATION_CONTEXT(2) 
PARAMETRIC_REPRESENTATION_CONTEXT() REPRESENTATION_CONTEXT('2D SPACE',''
  ) );
#2347 = ORIENTED_EDGE('',*,*,#2348,.T.);
#2348 = EDGE_CURVE('',#2314,#2349,#2351,.T.);
#2349 = VERTEX_POINT('',#2350);
#2350 = CARTESIAN_POINT('',(19.26038710642,8.757926573552,7.2));
#2351 = SURFACE_CURVE('',#2352,(#2361,#2373),.PCURVE_S1.);
#2352 = B_SPLINE_CURVE_WITH_KNOTS('',4,(#2353,#2354,#2355,#2356,#2357,
    #2358,#2359,#2360),.UNSPECIFIED.,.F.,.F.,(5,3,5),(0.,0.587966752801,
    1.),.UNSPECIFIED.);
#2353 = CARTESIAN_POINT('',(19.261783103868,8.757136469295,
    7.199999109273));
#2354 = CARTESIAN_POINT('',(19.261577917551,8.757252546425,
    7.199999371168));
#2355 = CARTESIAN_POINT('',(19.261372725822,8.757368647727,
    7.199999581713));
#2356 = CARTESIAN_POINT('',(19.261167528717,8.757484773189,
    7.199999740921));
#2357 = CARTESIAN_POINT('',(19.26081852523,8.757682317703,7.199999924407
    ));
#2358 = CARTESIAN_POINT('',(19.260674721566,8.757763724468,
    7.199999974804));
#2359 = CARTESIAN_POINT('',(19.260530915293,8.757845143086,7.2));
#2360 = CARTESIAN_POINT('',(19.26038710642,8.757926573553,7.2));
#2361 = PCURVE('',#223,#2362);
#2362 = DEFINITIONAL_REPRESENTATION('',(#2363),#2372);
#2363 = B_SPLINE_CURVE_WITH_KNOTS('',4,(#2364,#2365,#2366,#2367,#2368,
    #2369,#2370,#2371),.UNSPECIFIED.,.F.,.F.,(5,3,5),(0.,0.587966752801,
    1.),.UNSPECIFIED.);
#2364 = CARTESIAN_POINT('',(0.340295998873,-7.199999109273));
#2365 = CARTESIAN_POINT('',(0.340354454489,-7.199999371168));
#2366 = CARTESIAN_POINT('',(0.340412914225,-7.199999581713));
#2367 = CARTESIAN_POINT('',(0.340471378071,-7.199999740921));
#2368 = CARTESIAN_POINT('',(0.340570818979,-7.199999924407));
#2369 = CARTESIAN_POINT('',(0.340611793954,-7.199999974804));
#2370 = CARTESIAN_POINT('',(0.34065277094,-7.2));
#2371 = CARTESIAN_POINT('',(0.340693749934,-7.2));
#2372 = ( GEOMETRIC_REPRESENTATION_CONTEXT(2) 
PARAMETRIC_REPRESENTATION_CONTEXT() REPRESENTATION_CONTEXT('2D SPACE',''
  ) );
#2373 = PCURVE('',#1589,#2374);
#2374 = DEFINITIONAL_REPRESENTATION('',(#2375),#2384);
#2375 = B_SPLINE_CURVE_WITH_KNOTS('',4,(#2376,#2377,#2378,#2379,#2380,
    #2381,#2382,#2383),.UNSPECIFIED.,.F.,.F.,(5,3,5),(0.,0.587966752801,
    1.),.UNSPECIFIED.);
#2376 = CARTESIAN_POINT('',(0.426704099702,1.568908760281));
#2377 = CARTESIAN_POINT('',(0.426713107215,1.569186254947));
#2378 = CARTESIAN_POINT('',(0.426722116032,1.569463734687));
#2379 = CARTESIAN_POINT('',(0.42673112615,1.569741199501));
#2380 = CARTESIAN_POINT('',(0.426746452559,1.570213079735));
#2381 = CARTESIAN_POINT('',(0.426752768188,1.57040750275));
#2382 = CARTESIAN_POINT('',(0.426759084456,1.570601918436));
#2383 = CARTESIAN_POINT('',(0.426765401361,1.570796326793));
#2384 = ( GEOMETRIC_REPRESENTATION_CONTEXT(2) 
PARAMETRIC_REPRESENTATION_CONTEXT() REPRESENTATION_CONTEXT('2D SPACE',''
  ) );
#2385 = ORIENTED_EDGE('',*,*,#2386,.T.);
#2386 = EDGE_CURVE('',#2349,#2387,#2389,.T.);
#2387 = VERTEX_POINT('',#2388);
#2388 = CARTESIAN_POINT('',(17.214780450386,12.301021234105,7.2));
#2389 = SURFACE_CURVE('',#2390,(#2395,#2402),.PCURVE_S1.);
#2390 = CIRCLE('',#2391,4.032875);
#2391 = AXIS2_PLACEMENT_3D('',#2392,#2393,#2394);
#2392 = CARTESIAN_POINT('',(21.24751411494,12.267257993871,7.2));
#2393 = DIRECTION('',(0.,0.,-1.));
#2394 = DIRECTION('',(-0.173648177667,-0.984807753012,-0.));
#2395 = PCURVE('',#223,#2396);
#2396 = DEFINITIONAL_REPRESENTATION('',(#2397),#2401);
#2397 = LINE('',#2398,#2399);
#2398 = CARTESIAN_POINT('',(0.,-7.2));
#2399 = VECTOR('',#2400,1.);
#2400 = DIRECTION('',(1.,0.));
#2401 = ( GEOMETRIC_REPRESENTATION_CONTEXT(2) 
PARAMETRIC_REPRESENTATION_CONTEXT() REPRESENTATION_CONTEXT('2D SPACE',''
  ) );
#2402 = PCURVE('',#1171,#2403);
#2403 = DEFINITIONAL_REPRESENTATION('',(#2404),#2412);
#2404 = ( BOUNDED_CURVE() B_SPLINE_CURVE(2,(#2405,#2406,#2407,#2408,
#2409,#2410,#2411),.UNSPECIFIED.,.T.,.F.) B_SPLINE_CURVE_WITH_KNOTS((1,2
    ,2,2,2,1),(-2.094395102393,0.,2.094395102393,4.188790204786,
6.28318530718,8.377580409573),.UNSPECIFIED.) CURVE() 
GEOMETRIC_REPRESENTATION_ITEM() RATIONAL_B_SPLINE_CURVE((1.,0.5,1.,0.5,
1.,0.5,1.)) REPRESENTATION_ITEM('') );
#2405 = CARTESIAN_POINT('',(20.547212720432,8.295651426942));
#2406 = CARTESIAN_POINT('',(13.668188358836,9.508609022842));
#2407 = CARTESIAN_POINT('',(18.158152631397,14.859540075286));
#2408 = CARTESIAN_POINT('',(22.648116903957,20.210471127729));
#2409 = CARTESIAN_POINT('',(25.037176992992,13.646582479386));
#2410 = CARTESIAN_POINT('',(27.426237082027,7.082693831042));
#2411 = CARTESIAN_POINT('',(20.547212720432,8.295651426942));
#2412 = ( GEOMETRIC_REPRESENTATION_CONTEXT(2) 
PARAMETRIC_REPRESENTATION_CONTEXT() REPRESENTATION_CONTEXT('2D SPACE',''
  ) );
#2413 = ORIENTED_EDGE('',*,*,#2414,.F.);
#2414 = EDGE_CURVE('',#2415,#2387,#2417,.T.);
#2415 = VERTEX_POINT('',#2416);
#2416 = CARTESIAN_POINT('',(17.214794198751,12.302625255488,
    7.199999109273));
#2417 = SURFACE_CURVE('',#2418,(#2430,#2445),.PCURVE_S1.);
#2418 = B_SPLINE_CURVE_WITH_KNOTS('',4,(#2419,#2420,#2421,#2422,#2423,
    #2424,#2425,#2426,#2427,#2428,#2429),.UNSPECIFIED.,.F.,.F.,(5,3,3,5)
  ,(0.,0.517965735073,0.741973726279,1.),.UNSPECIFIED.);
#2419 = CARTESIAN_POINT('',(17.214794198751,12.302625255488,
    7.199999109273));
#2420 = CARTESIAN_POINT('',(17.214792377474,12.302417586061,
    7.199999339988));
#2421 = CARTESIAN_POINT('',(17.214790570343,12.302209903617,
    7.199999530852));
#2422 = CARTESIAN_POINT('',(17.214788777362,12.302002208181,
    7.199999681874));
#2423 = CARTESIAN_POINT('',(17.214786229235,12.301704670783,
    7.199999841149));
#2424 = CARTESIAN_POINT('',(17.214785462582,12.301614839362,
    7.199999881785));
#2425 = CARTESIAN_POINT('',(17.214784698576,12.301525005519,
    7.199999914972));
#2426 = CARTESIAN_POINT('',(17.21478306024,12.301331690282,
    7.199999970356));
#2427 = CARTESIAN_POINT('',(17.214782186774,12.301228208098,
    7.199999990119));
#2428 = CARTESIAN_POINT('',(17.214781316823,12.301124722705,7.2));
#2429 = CARTESIAN_POINT('',(17.214780450386,12.301021234106,7.2));
#2430 = PCURVE('',#223,#2431);
#2431 = DEFINITIONAL_REPRESENTATION('',(#2432),#2444);
#2432 = B_SPLINE_CURVE_WITH_KNOTS('',4,(#2433,#2434,#2435,#2436,#2437,
    #2438,#2439,#2440,#2441,#2442,#2443),.UNSPECIFIED.,.F.,.F.,(5,3,3,5)
  ,(0.,0.517965735073,0.741973726279,1.),.UNSPECIFIED.);
#2433 = CARTESIAN_POINT('',(1.405033253121,-7.199999109273));
#2434 = CARTESIAN_POINT('',(1.404981757002,-7.199999339988));
#2435 = CARTESIAN_POINT('',(1.404930257685,-7.199999530852));
#2436 = CARTESIAN_POINT('',(1.404878755178,-7.199999681874));
#2437 = CARTESIAN_POINT('',(1.404804974486,-7.199999841149));
#2438 = CARTESIAN_POINT('',(1.40478269889,-7.199999881785));
#2439 = CARTESIAN_POINT('',(1.4047604227,-7.199999914972));
#2440 = CARTESIAN_POINT('',(1.404712486133,-7.199999970356));
#2441 = CARTESIAN_POINT('',(1.404686825564,-7.199999990119));
#2442 = CARTESIAN_POINT('',(1.404661164206,-7.2));
#2443 = CARTESIAN_POINT('',(1.40463550206,-7.2));
#2444 = ( GEOMETRIC_REPRESENTATION_CONTEXT(2) 
PARAMETRIC_REPRESENTATION_CONTEXT() REPRESENTATION_CONTEXT('2D SPACE',''
  ) );
#2445 = PCURVE('',#2446,#2451);
#2446 = TOROIDAL_SURFACE('',#2447,21.158066767946,0.500000001594);
#2447 = AXIS2_PLACEMENT_3D('',#2448,#2449,#2450);
#2448 = CARTESIAN_POINT('',(0.,0.,6.699999998406));
#2449 = DIRECTION('',(0.,0.,1.));
#2450 = DIRECTION('',(1.,0.,-0.));
#2451 = DEFINITIONAL_REPRESENTATION('',(#2452),#2464);
#2452 = B_SPLINE_CURVE_WITH_KNOTS('',4,(#2453,#2454,#2455,#2456,#2457,
    #2458,#2459,#2460,#2461,#2462,#2463),.UNSPECIFIED.,.F.,.F.,(5,3,3,5)
  ,(0.,0.517965735073,0.741973726279,1.),.UNSPECIFIED.);
#2453 = CARTESIAN_POINT('',(0.620493451494,1.568908760281));
#2454 = CARTESIAN_POINT('',(0.62048551638,1.56915321752));
#2455 = CARTESIAN_POINT('',(0.620477580255,1.569397663174));
#2456 = CARTESIAN_POINT('',(0.62046964312,1.569642097246));
#2457 = CARTESIAN_POINT('',(0.620458271913,1.569992226708));
#2458 = CARTESIAN_POINT('',(0.620454838663,1.570097931516));
#2459 = CARTESIAN_POINT('',(0.620451405224,1.570203634157));
#2460 = CARTESIAN_POINT('',(0.620444016532,1.570431086984));
#2461 = CARTESIAN_POINT('',(0.620440061216,1.570552836461));
#2462 = CARTESIAN_POINT('',(0.620436105651,1.570674583064));
#2463 = CARTESIAN_POINT('',(0.620432149835,1.570796326793));
#2464 = ( GEOMETRIC_REPRESENTATION_CONTEXT(2) 
PARAMETRIC_REPRESENTATION_CONTEXT() REPRESENTATION_CONTEXT('2D SPACE',''
  ) );
#2465 = ORIENTED_EDGE('',*,*,#2466,.F.);
#2466 = EDGE_CURVE('',#2467,#2415,#2469,.T.);
#2467 = VERTEX_POINT('',#2468);
#2468 = CARTESIAN_POINT('',(17.457851236888,13.646582479386,
    7.161045598658));
#2469 = SURFACE_CURVE('',#2470,(#2478,#2489),.PCURVE_S1.);
#2470 = B_SPLINE_CURVE_WITH_KNOTS('',6,(#2471,#2472,#2473,#2474,#2475,
    #2476,#2477),.UNSPECIFIED.,.F.,.F.,(7,7),(0.,1.),
  .PIECEWISE_BEZIER_KNOTS.);
#2471 = CARTESIAN_POINT('',(17.457851236888,13.646582479386,
    7.161045598658));
#2472 = CARTESIAN_POINT('',(17.379863709792,13.43231350916,
    7.175774119419));
#2473 = CARTESIAN_POINT('',(17.316237876023,13.212269128074,
    7.186497843162));
#2474 = CARTESIAN_POINT('',(17.267627710953,12.987864207112,
    7.193656201328));
#2475 = CARTESIAN_POINT('',(17.234418911721,12.760521656829,
    7.197847621094));
#2476 = CARTESIAN_POINT('',(17.216802747356,12.531648187806,
    7.199744671656));
#2477 = CARTESIAN_POINT('',(17.214794198751,12.302625255488,
    7.199999109273));
#2478 = PCURVE('',#223,#2479);
#2479 = DEFINITIONAL_REPRESENTATION('',(#2480),#2488);
#2480 = B_SPLINE_CURVE_WITH_KNOTS('',6,(#2481,#2482,#2483,#2484,#2485,
    #2486,#2487),.UNSPECIFIED.,.F.,.F.,(7,7),(0.,1.),
  .PIECEWISE_BEZIER_KNOTS.);
#2481 = CARTESIAN_POINT('',(1.745329251994,-7.161045598658));
#2482 = CARTESIAN_POINT('',(1.688788874378,-7.175774119419));
#2483 = CARTESIAN_POINT('',(1.632120783011,-7.186497843162));
#2484 = CARTESIAN_POINT('',(1.575384646303,-7.193656201328));
#2485 = CARTESIAN_POINT('',(1.518612476926,-7.197847621094));
#2486 = CARTESIAN_POINT('',(1.461824435519,-7.199744671656));
#2487 = CARTESIAN_POINT('',(1.405033253121,-7.199999109273));
#2488 = ( GEOMETRIC_REPRESENTATION_CONTEXT(2) 
PARAMETRIC_REPRESENTATION_CONTEXT() REPRESENTATION_CONTEXT('2D SPACE',''
  ) );
#2489 = PCURVE('',#2490,#2495);
#2490 = TOROIDAL_SURFACE('',#2491,21.133528417785,13.5);
#2491 = AXIS2_PLACEMENT_3D('',#2492,#2493,#2494);
#2492 = CARTESIAN_POINT('',(0.,0.,-6.299976841109));
#2493 = DIRECTION('',(0.,0.,1.));
#2494 = DIRECTION('',(1.,0.,-0.));
#2495 = DEFINITIONAL_REPRESENTATION('',(#2496),#2504);
#2496 = B_SPLINE_CURVE_WITH_KNOTS('',6,(#2497,#2498,#2499,#2500,#2501,
    #2502,#2503),.UNSPECIFIED.,.F.,.F.,(7,7),(0.,1.),
  .PIECEWISE_BEZIER_KNOTS.);
#2497 = CARTESIAN_POINT('',(0.663474547874,1.494788198008));
#2498 = CARTESIAN_POINT('',(0.658023669892,1.509155776309));
#2499 = CARTESIAN_POINT('',(0.651854154949,1.522869503792));
#2500 = CARTESIAN_POINT('',(0.644978913139,1.535808056066));
#2501 = CARTESIAN_POINT('',(0.637427113217,1.547860463549));
#2502 = CARTESIAN_POINT('',(0.629244489257,1.558923818326));
#2503 = CARTESIAN_POINT('',(0.620493451494,1.568908760277));
#2504 = ( GEOMETRIC_REPRESENTATION_CONTEXT(2) 
PARAMETRIC_REPRESENTATION_CONTEXT() REPRESENTATION_CONTEXT('2D SPACE',''
  ) );
#2505 = ORIENTED_EDGE('',*,*,#2506,.F.);
#2506 = EDGE_CURVE('',#2507,#2467,#2509,.T.);
#2507 = VERTEX_POINT('',#2508);
#2508 = CARTESIAN_POINT('',(17.457851236888,13.646582479386,
    3.895440134219E-02));
#2509 = SURFACE_CURVE('',#2510,(#2514,#2521),.PCURVE_S1.);
#2510 = LINE('',#2511,#2512);
#2511 = CARTESIAN_POINT('',(17.457851236888,13.646582479386,0.));
#2512 = VECTOR('',#2513,1.);
#2513 = DIRECTION('',(0.,0.,1.));
#2514 = PCURVE('',#223,#2515);
#2515 = DEFINITIONAL_REPRESENTATION('',(#2516),#2520);
#2516 = LINE('',#2517,#2518);
#2517 = CARTESIAN_POINT('',(1.745329251994,0.));
#2518 = VECTOR('',#2519,1.);
#2519 = DIRECTION('',(0.,-1.));
#2520 = ( GEOMETRIC_REPRESENTATION_CONTEXT(2) 
PARAMETRIC_REPRESENTATION_CONTEXT() REPRESENTATION_CONTEXT('2D SPACE',''
  ) );
#2521 = PCURVE('',#2522,#2527);
#2522 = CYLINDRICAL_SURFACE('',#2523,10.392875);
#2523 = AXIS2_PLACEMENT_3D('',#2524,#2525,#2526);
#2524 = CARTESIAN_POINT('',(27.223959183139,10.09200988232,0.));
#2525 = DIRECTION('',(0.,0.,-1.));
#2526 = DIRECTION('',(-0.939692620786,0.342020143326,0.));
#2527 = DEFINITIONAL_REPRESENTATION('',(#2528),#2532);
#2528 = LINE('',#2529,#2530);
#2529 = CARTESIAN_POINT('',(0.,0.));
#2530 = VECTOR('',#2531,1.);
#2531 = DIRECTION('',(0.,-1.));
#2532 = ( GEOMETRIC_REPRESENTATION_CONTEXT(2) 
PARAMETRIC_REPRESENTATION_CONTEXT() REPRESENTATION_CONTEXT('2D SPACE',''
  ) );
#2533 = ORIENTED_EDGE('',*,*,#2534,.F.);
#2534 = EDGE_CURVE('',#2535,#2507,#2537,.T.);
#2535 = VERTEX_POINT('',#2536);
#2536 = CARTESIAN_POINT('',(17.214794198751,12.302625255488,
    8.907265742764E-07));
#2537 = SURFACE_CURVE('',#2538,(#2546,#2557),.PCURVE_S1.);
#2538 = B_SPLINE_CURVE_WITH_KNOTS('',6,(#2539,#2540,#2541,#2542,#2543,
    #2544,#2545),.UNSPECIFIED.,.F.,.F.,(7,7),(0.,1.),
  .PIECEWISE_BEZIER_KNOTS.);
#2539 = CARTESIAN_POINT('',(17.214794198751,12.302625255488,
    8.907265733882E-07));
#2540 = CARTESIAN_POINT('',(17.216802747363,12.531648188568,
    2.553283448085E-04));
#2541 = CARTESIAN_POINT('',(17.234418911628,12.76052165562,
    2.152377550283E-03));
#2542 = CARTESIAN_POINT('',(17.267627711379,12.987864210926,
    6.343802256684E-03));
#2543 = CARTESIAN_POINT('',(17.316237876084,13.212269126964,
    1.350215302691E-02));
#2544 = CARTESIAN_POINT('',(17.379863710042,13.432313510375,
    2.422588240539E-02));
#2545 = CARTESIAN_POINT('',(17.457851236888,13.646582479386,
    3.895440134219E-02));
#2546 = PCURVE('',#223,#2547);
#2547 = DEFINITIONAL_REPRESENTATION('',(#2548),#2556);
#2548 = B_SPLINE_CURVE_WITH_KNOTS('',6,(#2549,#2550,#2551,#2552,#2553,
    #2554,#2555),.UNSPECIFIED.,.F.,.F.,(7,7),(0.,1.),
  .PIECEWISE_BEZIER_KNOTS.);
#2549 = CARTESIAN_POINT('',(1.405033253121,-8.907265733882E-07));
#2550 = CARTESIAN_POINT('',(1.461824435707,-2.553283448085E-04));
#2551 = CARTESIAN_POINT('',(1.518612476623,-2.152377550286E-03));
#2552 = CARTESIAN_POINT('',(1.575384647252,-6.343802256679E-03));
#2553 = CARTESIAN_POINT('',(1.632120782749,-1.350215302691E-02));
#2554 = CARTESIAN_POINT('',(1.688788874682,-2.422588240539E-02));
#2555 = CARTESIAN_POINT('',(1.745329251994,-3.895440134219E-02));
#2556 = ( GEOMETRIC_REPRESENTATION_CONTEXT(2) 
PARAMETRIC_REPRESENTATION_CONTEXT() REPRESENTATION_CONTEXT('2D SPACE',''
  ) );
#2557 = PCURVE('',#2558,#2563);
#2558 = TOROIDAL_SURFACE('',#2559,21.133528417785,13.5);
#2559 = AXIS2_PLACEMENT_3D('',#2560,#2561,#2562);
#2560 = CARTESIAN_POINT('',(0.,0.,13.499976841109));
#2561 = DIRECTION('',(0.,0.,1.));
#2562 = DIRECTION('',(1.,0.,-0.));
#2563 = DEFINITIONAL_REPRESENTATION('',(#2564),#2572);
#2564 = B_SPLINE_CURVE_WITH_KNOTS('',6,(#2565,#2566,#2567,#2568,#2569,
    #2570,#2571),.UNSPECIFIED.,.F.,.F.,(7,7),(0.,1.),
  .PIECEWISE_BEZIER_KNOTS.);
#2565 = CARTESIAN_POINT('',(0.620493451494,4.714276546903));
#2566 = CARTESIAN_POINT('',(0.629244489286,4.724261488886));
#2567 = CARTESIAN_POINT('',(0.637427095739,4.735324860512));
#2568 = CARTESIAN_POINT('',(0.644978956177,4.747377209614));
#2569 = CARTESIAN_POINT('',(0.651854114756,4.760315842363));
#2570 = CARTESIAN_POINT('',(0.658023679741,4.774029521392));
#2571 = CARTESIAN_POINT('',(0.663474557633,4.7883970997));
#2572 = ( GEOMETRIC_REPRESENTATION_CONTEXT(2) 
PARAMETRIC_REPRESENTATION_CONTEXT() REPRESENTATION_CONTEXT('2D SPACE',''
  ) );
#2573 = ORIENTED_EDGE('',*,*,#2574,.F.);
#2574 = EDGE_CURVE('',#203,#2535,#2575,.T.);
#2575 = SURFACE_CURVE('',#2576,(#2582,#2591),.PCURVE_S1.);
#2576 = B_SPLINE_CURVE_WITH_KNOTS('',4,(#2577,#2578,#2579,#2580,#2581),
  .UNSPECIFIED.,.F.,.F.,(5,5),(0.,1.),.PIECEWISE_BEZIER_KNOTS.);
#2577 = CARTESIAN_POINT('',(17.214780450386,12.301021234106,0.));
#2578 = CARTESIAN_POINT('',(17.214783808327,12.301422311861,
    8.544621805156E-17));
#2579 = CARTESIAN_POINT('',(17.214787219055,12.301823341466,
    1.484137305963E-07));
#2580 = CARTESIAN_POINT('',(17.21479068254,12.302224322737,
    4.453022985907E-07));
#2581 = CARTESIAN_POINT('',(17.214794198751,12.302625255488,
    8.907265751645E-07));
#2582 = PCURVE('',#223,#2583);
#2583 = DEFINITIONAL_REPRESENTATION('',(#2584),#2590);
#2584 = B_SPLINE_CURVE_WITH_KNOTS('',4,(#2585,#2586,#2587,#2588,#2589),
  .UNSPECIFIED.,.F.,.F.,(5,5),(0.,1.),.PIECEWISE_BEZIER_KNOTS.);
#2585 = CARTESIAN_POINT('',(1.40463550206,0.));
#2586 = CARTESIAN_POINT('',(1.404734957613,-8.544624849929E-17));
#2587 = CARTESIAN_POINT('',(1.404834401336,-1.484137305963E-07));
#2588 = CARTESIAN_POINT('',(1.404933833186,-4.453022985907E-07));
#2589 = CARTESIAN_POINT('',(1.405033253121,-8.907265751645E-07));
#2590 = ( GEOMETRIC_REPRESENTATION_CONTEXT(2) 
PARAMETRIC_REPRESENTATION_CONTEXT() REPRESENTATION_CONTEXT('2D SPACE',''
  ) );
#2591 = PCURVE('',#252,#2592);
#2592 = DEFINITIONAL_REPRESENTATION('',(#2593),#2599);
#2593 = B_SPLINE_CURVE_WITH_KNOTS('',4,(#2594,#2595,#2596,#2597,#2598),
  .UNSPECIFIED.,.F.,.F.,(5,5),(0.,1.),.PIECEWISE_BEZIER_KNOTS.);
#2594 = CARTESIAN_POINT('',(0.620432149835,4.712388980385));
#2595 = CARTESIAN_POINT('',(0.620447480893,4.712860807255));
#2596 = CARTESIAN_POINT('',(0.620462808193,4.713332677296));
#2597 = CARTESIAN_POINT('',(0.620478131728,4.71380459051));
#2598 = CARTESIAN_POINT('',(0.620493451494,4.714276546902));
#2599 = ( GEOMETRIC_REPRESENTATION_CONTEXT(2) 
PARAMETRIC_REPRESENTATION_CONTEXT() REPRESENTATION_CONTEXT('2D SPACE',''
  ) );
#2600 = ORIENTED_EDGE('',*,*,#202,.F.);
#2601 = ORIENTED_EDGE('',*,*,#1822,.T.);
#2602 = ADVANCED_FACE('',(#2603),#748,.T.);
#2603 = FACE_BOUND('',#2604,.T.);
#2604 = EDGE_LOOP('',(#2605,#2606,#2607,#2631));
#2605 = ORIENTED_EDGE('',*,*,#731,.T.);
#2606 = ORIENTED_EDGE('',*,*,#2211,.T.);
#2607 = ORIENTED_EDGE('',*,*,#2608,.F.);
#2608 = EDGE_CURVE('',#2609,#1877,#2611,.T.);
#2609 = VERTEX_POINT('',#2610);
#2610 = CARTESIAN_POINT('',(2.046988905117,-21.05976172478,
    8.907265742764E-07));
#2611 = SURFACE_CURVE('',#2612,(#2617,#2624),.PCURVE_S1.);
#2612 = CIRCLE('',#2613,21.159010550645);
#2613 = AXIS2_PLACEMENT_3D('',#2614,#2615,#2616);
#2614 = CARTESIAN_POINT('',(0.,0.,8.907265742764E-07));
#2615 = DIRECTION('',(0.,0.,1.));
#2616 = DIRECTION('',(1.,0.,-0.));
#2617 = PCURVE('',#748,#2618);
#2618 = DEFINITIONAL_REPRESENTATION('',(#2619),#2623);
#2619 = LINE('',#2620,#2621);
#2620 = CARTESIAN_POINT('',(0.,4.714276546902));
#2621 = VECTOR('',#2622,1.);
#2622 = DIRECTION('',(1.,0.));
#2623 = ( GEOMETRIC_REPRESENTATION_CONTEXT(2) 
PARAMETRIC_REPRESENTATION_CONTEXT() REPRESENTATION_CONTEXT('2D SPACE',''
  ) );
#2624 = PCURVE('',#1902,#2625);
#2625 = DEFINITIONAL_REPRESENTATION('',(#2626),#2630);
#2626 = LINE('',#2627,#2628);
#2627 = CARTESIAN_POINT('',(0.,4.714276546903));
#2628 = VECTOR('',#2629,1.);
#2629 = DIRECTION('',(1.,0.));
#2630 = ( GEOMETRIC_REPRESENTATION_CONTEXT(2) 
PARAMETRIC_REPRESENTATION_CONTEXT() REPRESENTATION_CONTEXT('2D SPACE',''
  ) );
#2631 = ORIENTED_EDGE('',*,*,#2632,.F.);
#2632 = EDGE_CURVE('',#699,#2609,#2633,.T.);
#2633 = SURFACE_CURVE('',#2634,(#2646,#2661),.PCURVE_S1.);
#2634 = B_SPLINE_CURVE_WITH_KNOTS('',4,(#2635,#2636,#2637,#2638,#2639,
    #2640,#2641,#2642,#2643,#2644,#2645),.UNSPECIFIED.,.F.,.F.,(5,3,3,5)
  ,(0.,0.39003264937,0.6450314228,1.),.UNSPECIFIED.);
#2635 = CARTESIAN_POINT('',(2.045606656035,-21.05894780765,0.));
#2636 = CARTESIAN_POINT('',(2.045741476497,-21.0590271586,
    3.332681480518E-17));
#2637 = CARTESIAN_POINT('',(2.0458762866,-21.05910651284,
    2.257750819584E-08));
#2638 = CARTESIAN_POINT('',(2.046011086336,-21.05918587037,
    6.773615022168E-08));
#2639 = CARTESIAN_POINT('',(2.0462339994,-21.05931711634,
    1.797693845329E-07));
#2640 = CARTESIAN_POINT('',(2.046322118668,-21.0593690029,
    2.33712829879E-07));
#2641 = CARTESIAN_POINT('',(2.046410233499,-21.05942089086,
    2.973108942124E-07));
#2642 = CARTESIAN_POINT('',(2.046620997109,-21.05954501231,
    4.725366843814E-07));
#2643 = CARTESIAN_POINT('',(2.046743641724,-21.0596172471,
    5.932192306497E-07));
#2644 = CARTESIAN_POINT('',(2.046866277729,-21.05968948459,
    7.326149534597E-07));
#2645 = CARTESIAN_POINT('',(2.046988905117,-21.05976172478,
    8.907265751645E-07));
#2646 = PCURVE('',#748,#2647);
#2647 = DEFINITIONAL_REPRESENTATION('',(#2648),#2660);
#2648 = B_SPLINE_CURVE_WITH_KNOTS('',4,(#2649,#2650,#2651,#2652,#2653,
    #2654,#2655,#2656,#2657,#2658,#2659),.UNSPECIFIED.,.F.,.F.,(5,3,3,5)
  ,(0.,0.39003264937,0.6450314228,1.),.UNSPECIFIED.);
#2649 = CARTESIAN_POINT('',(4.809222354622,4.712388980385));
#2650 = CARTESIAN_POINT('',(4.809228334235,4.712573008269));
#2651 = CARTESIAN_POINT('',(4.809234313276,4.712757042721));
#2652 = CARTESIAN_POINT('',(4.809240291745,4.71294108374));
#2653 = CARTESIAN_POINT('',(4.809250177921,4.713245459481));
#2654 = CARTESIAN_POINT('',(4.809254085956,4.713365790443));
#2655 = CARTESIAN_POINT('',(4.809257993745,4.713486124212));
#2656 = CARTESIAN_POINT('',(4.809267340749,4.713773974157));
#2657 = CARTESIAN_POINT('',(4.809272779735,4.713941492965));
#2658 = CARTESIAN_POINT('',(4.809278218245,4.714109017213));
#2659 = CARTESIAN_POINT('',(4.809283656281,4.714276546902));
#2660 = ( GEOMETRIC_REPRESENTATION_CONTEXT(2) 
PARAMETRIC_REPRESENTATION_CONTEXT() REPRESENTATION_CONTEXT('2D SPACE',''
  ) );
#2661 = PCURVE('',#719,#2662);
#2662 = DEFINITIONAL_REPRESENTATION('',(#2663),#2675);
#2663 = B_SPLINE_CURVE_WITH_KNOTS('',4,(#2664,#2665,#2666,#2667,#2668,
    #2669,#2670,#2671,#2672,#2673,#2674),.UNSPECIFIED.,.F.,.F.,(5,3,3,5)
  ,(0.,0.39003264937,0.6450314228,1.),.UNSPECIFIED.);
#2664 = CARTESIAN_POINT('',(1.40463550206,0.));
#2665 = CARTESIAN_POINT('',(1.404674292973,-3.332682894708E-17));
#2666 = CARTESIAN_POINT('',(1.404713082086,-2.257750819584E-08));
#2667 = CARTESIAN_POINT('',(1.404751869397,-6.773615022168E-08));
#2668 = CARTESIAN_POINT('',(1.404816012412,-1.797693845329E-07));
#2669 = CARTESIAN_POINT('',(1.40484136915,-2.33712829879E-07));
#2670 = CARTESIAN_POINT('',(1.404866725116,-2.973108942124E-07));
#2671 = CARTESIAN_POINT('',(1.404927375761,-4.725366843814E-07));
#2672 = CARTESIAN_POINT('',(1.404962669714,-5.932192306497E-07));
#2673 = CARTESIAN_POINT('',(1.404997962168,-7.326149534597E-07));
#2674 = CARTESIAN_POINT('',(1.405033253121,-8.907265751645E-07));
#2675 = ( GEOMETRIC_REPRESENTATION_CONTEXT(2) 
PARAMETRIC_REPRESENTATION_CONTEXT() REPRESENTATION_CONTEXT('2D SPACE',''
  ) );
#2676 = ADVANCED_FACE('',(#2677),#252,.T.);
#2677 = FACE_BOUND('',#2678,.T.);
#2678 = EDGE_LOOP('',(#2679,#2680,#2681,#2710));
#2679 = ORIENTED_EDGE('',*,*,#2574,.F.);
#2680 = ORIENTED_EDGE('',*,*,#235,.T.);
#2681 = ORIENTED_EDGE('',*,*,#2682,.T.);
#2682 = EDGE_CURVE('',#236,#2683,#2685,.T.);
#2683 = VERTEX_POINT('',#2684);
#2684 = CARTESIAN_POINT('',(12.302625255488,17.214794198751,
    8.907265742764E-07));
#2685 = SURFACE_CURVE('',#2686,(#2692,#2701),.PCURVE_S1.);
#2686 = B_SPLINE_CURVE_WITH_KNOTS('',4,(#2687,#2688,#2689,#2690,#2691),
  .UNSPECIFIED.,.F.,.F.,(5,5),(0.,1.),.PIECEWISE_BEZIER_KNOTS.);
#2687 = CARTESIAN_POINT('',(12.301021234106,17.214780450385,0.));
#2688 = CARTESIAN_POINT('',(12.301422311861,17.214783808327,
    8.544621805033E-17));
#2689 = CARTESIAN_POINT('',(12.301823341466,17.214787219055,
    1.484137306188E-07));
#2690 = CARTESIAN_POINT('',(12.302224322737,17.21479068254,
    4.45302298597E-07));
#2691 = CARTESIAN_POINT('',(12.302625255488,17.214794198751,
    8.907265751645E-07));
#2692 = PCURVE('',#252,#2693);
#2693 = DEFINITIONAL_REPRESENTATION('',(#2694),#2700);
#2694 = B_SPLINE_CURVE_WITH_KNOTS('',4,(#2695,#2696,#2697,#2698,#2699),
  .UNSPECIFIED.,.F.,.F.,(5,5),(0.,1.),.PIECEWISE_BEZIER_KNOTS.);
#2695 = CARTESIAN_POINT('',(0.95036417696,4.712388980385));
#2696 = CARTESIAN_POINT('',(0.950348845902,4.712860807255));
#2697 = CARTESIAN_POINT('',(0.950333518602,4.713332677296));
#2698 = CARTESIAN_POINT('',(0.950318195066,4.71380459051));
#2699 = CARTESIAN_POINT('',(0.950302875301,4.714276546902));
#2700 = ( GEOMETRIC_REPRESENTATION_CONTEXT(2) 
PARAMETRIC_REPRESENTATION_CONTEXT() REPRESENTATION_CONTEXT('2D SPACE',''
  ) );
#2701 = PCURVE('',#285,#2702);
#2702 = DEFINITIONAL_REPRESENTATION('',(#2703),#2709);
#2703 = B_SPLINE_CURVE_WITH_KNOTS('',4,(#2704,#2705,#2706,#2707,#2708),
  .UNSPECIFIED.,.F.,.F.,(5,5),(0.,1.),.PIECEWISE_BEZIER_KNOTS.);
#2704 = CARTESIAN_POINT('',(0.340693749934,0.));
#2705 = CARTESIAN_POINT('',(0.340594294382,-8.544624849929E-17));
#2706 = CARTESIAN_POINT('',(0.340494850659,-1.484137306188E-07));
#2707 = CARTESIAN_POINT('',(0.340395418808,-4.45302298597E-07));
#2708 = CARTESIAN_POINT('',(0.340295998873,-8.907265751645E-07));
#2709 = ( GEOMETRIC_REPRESENTATION_CONTEXT(2) 
PARAMETRIC_REPRESENTATION_CONTEXT() REPRESENTATION_CONTEXT('2D SPACE',''
  ) );
#2710 = ORIENTED_EDGE('',*,*,#2711,.F.);
#2711 = EDGE_CURVE('',#2535,#2683,#2712,.T.);
#2712 = SURFACE_CURVE('',#2713,(#2718,#2725),.PCURVE_S1.);
#2713 = CIRCLE('',#2714,21.159010550645);
#2714 = AXIS2_PLACEMENT_3D('',#2715,#2716,#2717);
#2715 = CARTESIAN_POINT('',(0.,0.,8.907265742764E-07));
#2716 = DIRECTION('',(0.,0.,1.));
#2717 = DIRECTION('',(1.,0.,-0.));
#2718 = PCURVE('',#252,#2719);
#2719 = DEFINITIONAL_REPRESENTATION('',(#2720),#2724);
#2720 = LINE('',#2721,#2722);
#2721 = CARTESIAN_POINT('',(0.,4.714276546902));
#2722 = VECTOR('',#2723,1.);
#2723 = DIRECTION('',(1.,0.));
#2724 = ( GEOMETRIC_REPRESENTATION_CONTEXT(2) 
PARAMETRIC_REPRESENTATION_CONTEXT() REPRESENTATION_CONTEXT('2D SPACE',''
  ) );
#2725 = PCURVE('',#2558,#2726);
#2726 = DEFINITIONAL_REPRESENTATION('',(#2727),#2731);
#2727 = LINE('',#2728,#2729);
#2728 = CARTESIAN_POINT('',(0.,4.714276546903));
#2729 = VECTOR('',#2730,1.);
#2730 = DIRECTION('',(1.,0.));
#2731 = ( GEOMETRIC_REPRESENTATION_CONTEXT(2) 
PARAMETRIC_REPRESENTATION_CONTEXT() REPRESENTATION_CONTEXT('2D SPACE',''
  ) );
#2732 = ADVANCED_FACE('',(#2733),#719,.F.);
#2733 = FACE_BOUND('',#2734,.F.);
#2734 = EDGE_LOOP('',(#2735,#2777,#2805,#2845,#2897,#2925,#2972,#3007,
    #3035,#3068,#3069,#3070));
#2735 = ORIENTED_EDGE('',*,*,#2736,.T.);
#2736 = EDGE_CURVE('',#2737,#2739,#2741,.T.);
#2737 = VERTEX_POINT('',#2738);
#2738 = CARTESIAN_POINT('',(-2.046988905117,-21.05976172478,
    8.907265742764E-07));
#2739 = VERTEX_POINT('',#2740);
#2740 = CARTESIAN_POINT('',(-3.089361483543,-21.94223390632,
    3.895440134219E-02));
#2741 = SURFACE_CURVE('',#2742,(#2750,#2761),.PCURVE_S1.);
#2742 = B_SPLINE_CURVE_WITH_KNOTS('',6,(#2743,#2744,#2745,#2746,#2747,
    #2748,#2749),.UNSPECIFIED.,.F.,.F.,(7,7),(0.,1.),
  .PIECEWISE_BEZIER_KNOTS.);
#2743 = CARTESIAN_POINT('',(-2.046988905117,-21.05976172478,
    8.907265733882E-07));
#2744 = CARTESIAN_POINT('',(-2.244324308907,-21.17601264544,
    2.553283448086E-04));
#2745 = CARTESIAN_POINT('',(-2.433726463494,-21.30570542474,
    2.152377550282E-03));
#2746 = CARTESIAN_POINT('',(-2.614006491876,-21.44813636661,
    6.343802256688E-03));
#2747 = CARTESIAN_POINT('',(-2.784041767546,-21.60243646214,
    1.35021530269E-02));
#2748 = CARTESIAN_POINT('',(-2.942792876561,-21.76756024239,
    2.422588240539E-02));
#2749 = CARTESIAN_POINT('',(-3.089361483543,-21.94223390632,
    3.895440134219E-02));
#2750 = PCURVE('',#719,#2751);
#2751 = DEFINITIONAL_REPRESENTATION('',(#2752),#2760);
#2752 = B_SPLINE_CURVE_WITH_KNOTS('',6,(#2753,#2754,#2755,#2756,#2757,
    #2758,#2759),.UNSPECIFIED.,.F.,.F.,(7,7),(0.,1.),
  .PIECEWISE_BEZIER_KNOTS.);
#2753 = CARTESIAN_POINT('',(0.340295998873,-8.907265733882E-07));
#2754 = CARTESIAN_POINT('',(0.283504816287,-2.553283448086E-04));
#2755 = CARTESIAN_POINT('',(0.226716775371,-2.152377550283E-03));
#2756 = CARTESIAN_POINT('',(0.169944604742,-6.343802256685E-03));
#2757 = CARTESIAN_POINT('',(0.113208469246,-1.35021530269E-02));
#2758 = CARTESIAN_POINT('',(5.654037731205E-02,-2.422588240539E-02));
#2759 = CARTESIAN_POINT('',(0.,-3.895440134219E-02));
#2760 = ( GEOMETRIC_REPRESENTATION_CONTEXT(2) 
PARAMETRIC_REPRESENTATION_CONTEXT() REPRESENTATION_CONTEXT('2D SPACE',''
  ) );
#2761 = PCURVE('',#2762,#2767);
#2762 = TOROIDAL_SURFACE('',#2763,21.133528417785,13.5);
#2763 = AXIS2_PLACEMENT_3D('',#2764,#2765,#2766);
#2764 = CARTESIAN_POINT('',(0.,0.,13.499976841109));
#2765 = DIRECTION('',(0.,0.,1.));
#2766 = DIRECTION('',(1.,0.,-0.));
#2767 = DEFINITIONAL_REPRESENTATION('',(#2768),#2776);
#2768 = B_SPLINE_CURVE_WITH_KNOTS('',6,(#2769,#2770,#2771,#2772,#2773,
    #2774,#2775),.UNSPECIFIED.,.F.,.F.,(7,7),(0.,1.),
  .PIECEWISE_BEZIER_KNOTS.);
#2769 = CARTESIAN_POINT('',(4.615494304489,4.714276546903));
#2770 = CARTESIAN_POINT('',(4.606743266697,4.724261488886));
#2771 = CARTESIAN_POINT('',(4.598560660244,4.735324860512));
#2772 = CARTESIAN_POINT('',(4.591008799806,4.747377209614));
#2773 = CARTESIAN_POINT('',(4.584133641227,4.760315842363));
#2774 = CARTESIAN_POINT('',(4.577964076242,4.774029521392));
#2775 = CARTESIAN_POINT('',(4.57251319835,4.7883970997));
#2776 = ( GEOMETRIC_REPRESENTATION_CONTEXT(2) 
PARAMETRIC_REPRESENTATION_CONTEXT() REPRESENTATION_CONTEXT('2D SPACE',''
  ) );
#2777 = ORIENTED_EDGE('',*,*,#2778,.T.);
#2778 = EDGE_CURVE('',#2739,#2779,#2781,.T.);
#2779 = VERTEX_POINT('',#2780);
#2780 = CARTESIAN_POINT('',(-3.089361483543,-21.94223390632,
    7.161045598658));
#2781 = SURFACE_CURVE('',#2782,(#2786,#2793),.PCURVE_S1.);
#2782 = LINE('',#2783,#2784);
#2783 = CARTESIAN_POINT('',(-3.089361483543,-21.94223390632,0.));
#2784 = VECTOR('',#2785,1.);
#2785 = DIRECTION('',(0.,0.,1.));
#2786 = PCURVE('',#719,#2787);
#2787 = DEFINITIONAL_REPRESENTATION('',(#2788),#2792);
#2788 = LINE('',#2789,#2790);
#2789 = CARTESIAN_POINT('',(0.,0.));
#2790 = VECTOR('',#2791,1.);
#2791 = DIRECTION('',(0.,-1.));
#2792 = ( GEOMETRIC_REPRESENTATION_CONTEXT(2) 
PARAMETRIC_REPRESENTATION_CONTEXT() REPRESENTATION_CONTEXT('2D SPACE',''
  ) );
#2793 = PCURVE('',#2794,#2799);
#2794 = CYLINDRICAL_SURFACE('',#2795,10.392875);
#2795 = AXIS2_PLACEMENT_3D('',#2796,#2797,#2798);
#2796 = CARTESIAN_POINT('',(4.872042658236,-28.62264518534,0.));
#2797 = DIRECTION('',(0.,0.,-1.));
#2798 = DIRECTION('',(-0.893632640323,0.4487991802,0.));
#2799 = DEFINITIONAL_REPRESENTATION('',(#2800),#2804);
#2800 = LINE('',#2801,#2802);
#2801 = CARTESIAN_POINT('',(0.232710566933,0.));
#2802 = VECTOR('',#2803,1.);
#2803 = DIRECTION('',(0.,-1.));
#2804 = ( GEOMETRIC_REPRESENTATION_CONTEXT(2) 
PARAMETRIC_REPRESENTATION_CONTEXT() REPRESENTATION_CONTEXT('2D SPACE',''
  ) );
#2805 = ORIENTED_EDGE('',*,*,#2806,.T.);
#2806 = EDGE_CURVE('',#2779,#2807,#2809,.T.);
#2807 = VERTEX_POINT('',#2808);
#2808 = CARTESIAN_POINT('',(-2.046988905117,-21.05976172478,
    7.199999109273));
#2809 = SURFACE_CURVE('',#2810,(#2818,#2829),.PCURVE_S1.);
#2810 = B_SPLINE_CURVE_WITH_KNOTS('',6,(#2811,#2812,#2813,#2814,#2815,
    #2816,#2817),.UNSPECIFIED.,.F.,.F.,(7,7),(0.,1.),
  .PIECEWISE_BEZIER_KNOTS.);
#2811 = CARTESIAN_POINT('',(-3.089361483543,-21.94223390632,
    7.161045598658));
#2812 = CARTESIAN_POINT('',(-2.942792876098,-21.76756024184,
    7.175774117641));
#2813 = CARTESIAN_POINT('',(-2.784041766414,-21.60243646097,
    7.186497847051));
#2814 = CARTESIAN_POINT('',(-2.61400649084,-21.44813636585,
    7.193656197748));
#2815 = CARTESIAN_POINT('',(-2.433726463046,-21.30570542444,
    7.197847622458));
#2816 = CARTESIAN_POINT('',(-2.244324308663,-21.1760126453,
    7.199744671656));
#2817 = CARTESIAN_POINT('',(-2.046988905117,-21.05976172478,
    7.199999109273));
#2818 = PCURVE('',#719,#2819);
#2819 = DEFINITIONAL_REPRESENTATION('',(#2820),#2828);
#2820 = B_SPLINE_CURVE_WITH_KNOTS('',6,(#2821,#2822,#2823,#2824,#2825,
    #2826,#2827),.UNSPECIFIED.,.F.,.F.,(7,7),(0.,1.),
  .PIECEWISE_BEZIER_KNOTS.);
#2821 = CARTESIAN_POINT('',(0.,-7.161045598658));
#2822 = CARTESIAN_POINT('',(5.654037749057E-02,-7.175774117641));
#2823 = CARTESIAN_POINT('',(0.113208469645,-7.186497847051));
#2824 = CARTESIAN_POINT('',(0.169944605064,-7.193656197748));
#2825 = CARTESIAN_POINT('',(0.2267167755,-7.197847622458));
#2826 = CARTESIAN_POINT('',(0.283504816357,-7.199744671656));
#2827 = CARTESIAN_POINT('',(0.340295998873,-7.199999109273));
#2828 = ( GEOMETRIC_REPRESENTATION_CONTEXT(2) 
PARAMETRIC_REPRESENTATION_CONTEXT() REPRESENTATION_CONTEXT('2D SPACE',''
  ) );
#2829 = PCURVE('',#2830,#2835);
#2830 = TOROIDAL_SURFACE('',#2831,21.133528417785,13.5);
#2831 = AXIS2_PLACEMENT_3D('',#2832,#2833,#2834);
#2832 = CARTESIAN_POINT('',(0.,0.,-6.299976841109));
#2833 = DIRECTION('',(0.,0.,1.));
#2834 = DIRECTION('',(1.,0.,-0.));
#2835 = DEFINITIONAL_REPRESENTATION('',(#2836),#2844);
#2836 = B_SPLINE_CURVE_WITH_KNOTS('',6,(#2837,#2838,#2839,#2840,#2841,
    #2842,#2843),.UNSPECIFIED.,.F.,.F.,(7,7),(0.,1.),
  .PIECEWISE_BEZIER_KNOTS.);
#2837 = CARTESIAN_POINT('',(4.57251319835,1.494788207479));
#2838 = CARTESIAN_POINT('',(4.577964076259,1.509155785833));
#2839 = CARTESIAN_POINT('',(4.584133641272,1.522869464914));
#2840 = CARTESIAN_POINT('',(4.591008799849,1.535808097631));
#2841 = CARTESIAN_POINT('',(4.598560660265,1.547860446692));
#2842 = CARTESIAN_POINT('',(4.606743266708,1.558923818305));
#2843 = CARTESIAN_POINT('',(4.615494304489,1.568908760277));
#2844 = ( GEOMETRIC_REPRESENTATION_CONTEXT(2) 
PARAMETRIC_REPRESENTATION_CONTEXT() REPRESENTATION_CONTEXT('2D SPACE',''
  ) );
#2845 = ORIENTED_EDGE('',*,*,#2846,.T.);
#2846 = EDGE_CURVE('',#2807,#2847,#2849,.T.);
#2847 = VERTEX_POINT('',#2848);
#2848 = CARTESIAN_POINT('',(-2.045606656035,-21.05894780765,7.2));
#2849 = SURFACE_CURVE('',#2850,(#2862,#2877),.PCURVE_S1.);
#2850 = B_SPLINE_CURVE_WITH_KNOTS('',4,(#2851,#2852,#2853,#2854,#2855,
    #2856,#2857,#2858,#2859,#2860,#2861),.UNSPECIFIED.,.F.,.F.,(5,3,3,5)
  ,(0.,0.377967734334,0.783976758037,1.),.UNSPECIFIED.);
#2851 = CARTESIAN_POINT('',(-2.046988905117,-21.05976172478,
    7.199999109273));
#2852 = CARTESIAN_POINT('',(-2.046858332443,-21.059684804,7.199999277629
    ));
#2853 = CARTESIAN_POINT('',(-2.04672775,-21.05960788627,7.199999424766)
  );
#2854 = CARTESIAN_POINT('',(-2.046597157796,-21.05953097161,
    7.199999550685));
#2855 = CARTESIAN_POINT('',(-2.046326264569,-21.05937144239,
    7.199999767867));
#2856 = CARTESIAN_POINT('',(-2.046185962046,-21.0592888283,
    7.199999855864));
#2857 = CARTESIAN_POINT('',(-2.046045648277,-21.05920621776,
    7.199999919388));
#2858 = CARTESIAN_POINT('',(-2.045830661233,-21.05907965849,
    7.199999979222));
#2859 = CARTESIAN_POINT('',(-2.045755996013,-21.0590357072,
    7.199999993074));
#2860 = CARTESIAN_POINT('',(-2.045681327612,-21.05899175692,7.2));
#2861 = CARTESIAN_POINT('',(-2.045606656035,-21.05894780765,7.2));
#2862 = PCURVE('',#719,#2863);
#2863 = DEFINITIONAL_REPRESENTATION('',(#2864),#2876);
#2864 = B_SPLINE_CURVE_WITH_KNOTS('',4,(#2865,#2866,#2867,#2868,#2869,
    #2870,#2871,#2872,#2873,#2874,#2875),.UNSPECIFIED.,.F.,.F.,(5,3,3,5)
  ,(0.,0.377967734334,0.783976758037,1.),.UNSPECIFIED.);
#2865 = CARTESIAN_POINT('',(0.340295998873,-7.199999109273));
#2866 = CARTESIAN_POINT('',(0.340333576401,-7.199999277629));
#2867 = CARTESIAN_POINT('',(0.34037115563,-7.199999424766));
#2868 = CARTESIAN_POINT('',(0.34040873656,-7.199999550685));
#2869 = CARTESIAN_POINT('',(0.340486690056,-7.199999767867));
#2870 = CARTESIAN_POINT('',(0.340527062884,-7.199999855864));
#2871 = CARTESIAN_POINT('',(0.340567437668,-7.199999919388));
#2872 = CARTESIAN_POINT('',(0.340629297458,-7.199999979222));
#2873 = CARTESIAN_POINT('',(0.340650781065,-7.199999993074));
#2874 = CARTESIAN_POINT('',(0.340672265223,-7.2));
#2875 = CARTESIAN_POINT('',(0.340693749934,-7.2));
#2876 = ( GEOMETRIC_REPRESENTATION_CONTEXT(2) 
PARAMETRIC_REPRESENTATION_CONTEXT() REPRESENTATION_CONTEXT('2D SPACE',''
  ) );
#2877 = PCURVE('',#2878,#2883);
#2878 = TOROIDAL_SURFACE('',#2879,21.158066767946,0.500000001594);
#2879 = AXIS2_PLACEMENT_3D('',#2880,#2881,#2882);
#2880 = CARTESIAN_POINT('',(0.,0.,6.699999998406));
#2881 = DIRECTION('',(0.,0.,1.));
#2882 = DIRECTION('',(1.,0.,-0.));
#2883 = DEFINITIONAL_REPRESENTATION('',(#2884),#2896);
#2884 = B_SPLINE_CURVE_WITH_KNOTS('',4,(#2885,#2886,#2887,#2888,#2889,
    #2890,#2891,#2892,#2893,#2894,#2895),.UNSPECIFIED.,.F.,.F.,(5,3,3,5)
  ,(0.,0.377967734334,0.783976758037,1.),.UNSPECIFIED.);
#2885 = CARTESIAN_POINT('',(4.615494304489,1.568908760281));
#2886 = CARTESIAN_POINT('',(4.615500094866,1.569087144569));
#2887 = CARTESIAN_POINT('',(4.615505885782,1.569265522688));
#2888 = CARTESIAN_POINT('',(4.615511677236,1.569443894639));
#2889 = CARTESIAN_POINT('',(4.615523690925,1.569813859099));
#2890 = CARTESIAN_POINT('',(4.615529913244,1.570005450658));
#2891 = CARTESIAN_POINT('',(4.615536136182,1.5701970351));
#2892 = CARTESIAN_POINT('',(4.61554567108,1.57049054404));
#2893 = CARTESIAN_POINT('',(4.615548982594,1.570592473639));
#2894 = CARTESIAN_POINT('',(4.615552294283,1.570694401223));
#2895 = CARTESIAN_POINT('',(4.615555606148,1.570796326793));
#2896 = ( GEOMETRIC_REPRESENTATION_CONTEXT(2) 
PARAMETRIC_REPRESENTATION_CONTEXT() REPRESENTATION_CONTEXT('2D SPACE',''
  ) );
#2897 = ORIENTED_EDGE('',*,*,#2898,.T.);
#2898 = EDGE_CURVE('',#2847,#2899,#2901,.T.);
#2899 = VERTEX_POINT('',#2900);
#2900 = CARTESIAN_POINT('',(2.045606656035,-21.05894780765,7.2));
#2901 = SURFACE_CURVE('',#2902,(#2907,#2914),.PCURVE_S1.);
#2902 = CIRCLE('',#2903,4.032875);
#2903 = AXIS2_PLACEMENT_3D('',#2904,#2905,#2906);
#2904 = CARTESIAN_POINT('',(-3.885780586188E-15,-24.53451598774,7.2));
#2905 = DIRECTION('',(0.,0.,-1.));
#2906 = DIRECTION('',(-0.766044443119,0.642787609687,0.));
#2907 = PCURVE('',#719,#2908);
#2908 = DEFINITIONAL_REPRESENTATION('',(#2909),#2913);
#2909 = LINE('',#2910,#2911);
#2910 = CARTESIAN_POINT('',(0.,-7.2));
#2911 = VECTOR('',#2912,1.);
#2912 = DIRECTION('',(1.,0.));
#2913 = ( GEOMETRIC_REPRESENTATION_CONTEXT(2) 
PARAMETRIC_REPRESENTATION_CONTEXT() REPRESENTATION_CONTEXT('2D SPACE',''
  ) );
#2914 = PCURVE('',#1171,#2915);
#2915 = DEFINITIONAL_REPRESENTATION('',(#2916),#2924);
#2916 = ( BOUNDED_CURVE() B_SPLINE_CURVE(2,(#2917,#2918,#2919,#2920,
#2921,#2922,#2923),.UNSPECIFIED.,.T.,.F.) B_SPLINE_CURVE_WITH_KNOTS((1,2
    ,2,2,2,1),(-2.094395102393,0.,2.094395102393,4.188790204786,
6.28318530718,8.377580409573),.UNSPECIFIED.) CURVE() 
GEOMETRIC_REPRESENTATION_ITEM() RATIONAL_B_SPLINE_CURVE((1.,0.5,1.,0.5,
1.,0.5,1.)) REPRESENTATION_ITEM('') );
#2917 = CARTESIAN_POINT('',(-3.089361483543,-21.94223390632));
#2918 = CARTESIAN_POINT('',(1.400602789017,-16.59130285388));
#2919 = CARTESIAN_POINT('',(3.789662878052,-23.15519150222));
#2920 = CARTESIAN_POINT('',(6.178722967087,-29.71908015057));
#2921 = CARTESIAN_POINT('',(-0.700301394509,-28.50612255467));
#2922 = CARTESIAN_POINT('',(-7.579325756104,-27.29316495877));
#2923 = CARTESIAN_POINT('',(-3.089361483543,-21.94223390632));
#2924 = ( GEOMETRIC_REPRESENTATION_CONTEXT(2) 
PARAMETRIC_REPRESENTATION_CONTEXT() REPRESENTATION_CONTEXT('2D SPACE',''
  ) );
#2925 = ORIENTED_EDGE('',*,*,#2926,.F.);
#2926 = EDGE_CURVE('',#2927,#2899,#2929,.T.);
#2927 = VERTEX_POINT('',#2928);
#2928 = CARTESIAN_POINT('',(2.046988905117,-21.05976172478,
    7.199999109273));
#2929 = SURFACE_CURVE('',#2930,(#2942,#2957),.PCURVE_S1.);
#2930 = B_SPLINE_CURVE_WITH_KNOTS('',4,(#2931,#2932,#2933,#2934,#2935,
    #2936,#2937,#2938,#2939,#2940,#2941),.UNSPECIFIED.,.F.,.F.,(5,3,3,5)
  ,(0.,0.391967292335,0.797977876227,1.),.UNSPECIFIED.);
#2931 = CARTESIAN_POINT('',(2.046988905117,-21.05976172478,
    7.199999109273));
#2932 = CARTESIAN_POINT('',(2.046853496158,-21.05968195493,
    7.199999283865));
#2933 = CARTESIAN_POINT('',(2.046718076693,-21.05960218836,
    7.199999435636));
#2934 = CARTESIAN_POINT('',(2.046582646731,-21.05952242509,7.19999956459
    ));
#2935 = CARTESIAN_POINT('',(2.046306913307,-21.05936004754,
    7.199999780674));
#2936 = CARTESIAN_POINT('',(2.04616660908,-21.0592774335,7.199999866139)
  );
#2937 = CARTESIAN_POINT('',(2.04602629361,-21.05919482301,7.199999927132
    ));
#2938 = CARTESIAN_POINT('',(2.045816143359,-21.05907111265,
    7.199999981828));
#2939 = CARTESIAN_POINT('',(2.045746317031,-21.0590300101,7.199999993943
    ));
#2940 = CARTESIAN_POINT('',(2.045676487922,-21.05898890844,7.2));
#2941 = CARTESIAN_POINT('',(2.045606656035,-21.05894780765,7.2));
#2942 = PCURVE('',#719,#2943);
#2943 = DEFINITIONAL_REPRESENTATION('',(#2944),#2956);
#2944 = B_SPLINE_CURVE_WITH_KNOTS('',4,(#2945,#2946,#2947,#2948,#2949,
    #2950,#2951,#2952,#2953,#2954,#2955),.UNSPECIFIED.,.F.,.F.,(5,3,3,5)
  ,(0.,0.391967292335,0.797977876227,1.),.UNSPECIFIED.);
#2945 = CARTESIAN_POINT('',(1.405033253121,-7.199999109273));
#2946 = CARTESIAN_POINT('',(1.404994283759,-7.199999283865));
#2947 = CARTESIAN_POINT('',(1.404955312565,-7.199999435636));
#2948 = CARTESIAN_POINT('',(1.404916339544,-7.19999956459));
#2949 = CARTESIAN_POINT('',(1.40483699347,-7.199999780674));
#2950 = CARTESIAN_POINT('',(1.404796620285,-7.199999866139));
#2951 = CARTESIAN_POINT('',(1.404756245144,-7.199999927132));
#2952 = CARTESIAN_POINT('',(1.404695777277,-7.199999981828));
#2953 = CARTESIAN_POINT('',(1.404675686021,-7.199999993943));
#2954 = CARTESIAN_POINT('',(1.404655594282,-7.2));
#2955 = CARTESIAN_POINT('',(1.40463550206,-7.2));
#2956 = ( GEOMETRIC_REPRESENTATION_CONTEXT(2) 
PARAMETRIC_REPRESENTATION_CONTEXT() REPRESENTATION_CONTEXT('2D SPACE',''
  ) );
#2957 = PCURVE('',#2018,#2958);
#2958 = DEFINITIONAL_REPRESENTATION('',(#2959),#2971);
#2959 = B_SPLINE_CURVE_WITH_KNOTS('',4,(#2960,#2961,#2962,#2963,#2964,
    #2965,#2966,#2967,#2968,#2969,#2970),.UNSPECIFIED.,.F.,.F.,(5,3,3,5)
  ,(0.,0.391967292335,0.797977876227,1.),.UNSPECIFIED.);
#2960 = CARTESIAN_POINT('',(4.809283656281,1.568908760281));
#2961 = CARTESIAN_POINT('',(4.809277651433,1.56909375175));
#2962 = CARTESIAN_POINT('',(4.809271646007,1.569278736584));
#2963 = CARTESIAN_POINT('',(4.809265640002,1.569463714785));
#2964 = CARTESIAN_POINT('',(4.809253411633,1.56984028503));
#2965 = CARTESIAN_POINT('',(4.809247189226,1.570031876589));
#2966 = CARTESIAN_POINT('',(4.809240966199,1.570223461031));
#2967 = CARTESIAN_POINT('',(4.8092316458,1.570510363109));
#2968 = CARTESIAN_POINT('',(4.809228548894,1.570605686099));
#2969 = CARTESIAN_POINT('',(4.809225451834,1.570701007327));
#2970 = CARTESIAN_POINT('',(4.809222354622,1.570796326793));
#2971 = ( GEOMETRIC_REPRESENTATION_CONTEXT(2) 
PARAMETRIC_REPRESENTATION_CONTEXT() REPRESENTATION_CONTEXT('2D SPACE',''
  ) );
#2972 = ORIENTED_EDGE('',*,*,#2973,.F.);
#2973 = EDGE_CURVE('',#2974,#2927,#2976,.T.);
#2974 = VERTEX_POINT('',#2975);
#2975 = CARTESIAN_POINT('',(3.089361483543,-21.94223390632,
    7.161045598658));
#2976 = SURFACE_CURVE('',#2977,(#2985,#2996),.PCURVE_S1.);
#2977 = B_SPLINE_CURVE_WITH_KNOTS('',6,(#2978,#2979,#2980,#2981,#2982,
    #2983,#2984),.UNSPECIFIED.,.F.,.F.,(7,7),(0.,1.),
  .PIECEWISE_BEZIER_KNOTS.);
#2978 = CARTESIAN_POINT('',(3.089361483543,-21.94223390632,
    7.161045598658));
#2979 = CARTESIAN_POINT('',(2.942792875634,-21.76756024157,
    7.175774119419));
#2980 = CARTESIAN_POINT('',(2.784041768538,-21.60243646264,
    7.186497843162));
#2981 = CARTESIAN_POINT('',(2.614006488785,-21.44813636433,
    7.193656201328));
#2982 = CARTESIAN_POINT('',(2.433726464495,-21.30570542542,
    7.197847621094));
#2983 = CARTESIAN_POINT('',(2.244324308251,-21.17601264505,
    7.199744671656));
#2984 = CARTESIAN_POINT('',(2.046988905117,-21.05976172478,
    7.199999109273));
#2985 = PCURVE('',#719,#2986);
#2986 = DEFINITIONAL_REPRESENTATION('',(#2987),#2995);
#2987 = B_SPLINE_CURVE_WITH_KNOTS('',6,(#2988,#2989,#2990,#2991,#2992,
    #2993,#2994),.UNSPECIFIED.,.F.,.F.,(7,7),(0.,1.),
  .PIECEWISE_BEZIER_KNOTS.);
#2988 = CARTESIAN_POINT('',(1.745329251994,-7.161045598658));
#2989 = CARTESIAN_POINT('',(1.688788874378,-7.175774119419));
#2990 = CARTESIAN_POINT('',(1.632120783011,-7.186497843162));
#2991 = CARTESIAN_POINT('',(1.575384646303,-7.193656201328));
#2992 = CARTESIAN_POINT('',(1.518612476926,-7.197847621094));
#2993 = CARTESIAN_POINT('',(1.461824435519,-7.199744671656));
#2994 = CARTESIAN_POINT('',(1.405033253121,-7.199999109273));
#2995 = ( GEOMETRIC_REPRESENTATION_CONTEXT(2) 
PARAMETRIC_REPRESENTATION_CONTEXT() REPRESENTATION_CONTEXT('2D SPACE',''
  ) );
#2996 = PCURVE('',#1970,#2997);
#2997 = DEFINITIONAL_REPRESENTATION('',(#2998),#3006);
#2998 = B_SPLINE_CURVE_WITH_KNOTS('',6,(#2999,#3000,#3001,#3002,#3003,
    #3004,#3005),.UNSPECIFIED.,.F.,.F.,(7,7),(0.,1.),
  .PIECEWISE_BEZIER_KNOTS.);
#2999 = CARTESIAN_POINT('',(4.85226475266,1.494788198008));
#3000 = CARTESIAN_POINT('',(4.846813874678,1.509155776309));
#3001 = CARTESIAN_POINT('',(4.840644359735,1.522869503792));
#3002 = CARTESIAN_POINT('',(4.833769117925,1.535808056066));
#3003 = CARTESIAN_POINT('',(4.826217318003,1.547860463549));
#3004 = CARTESIAN_POINT('',(4.818034694044,1.558923818326));
#3005 = CARTESIAN_POINT('',(4.809283656281,1.568908760277));
#3006 = ( GEOMETRIC_REPRESENTATION_CONTEXT(2) 
PARAMETRIC_REPRESENTATION_CONTEXT() REPRESENTATION_CONTEXT('2D SPACE',''
  ) );
#3007 = ORIENTED_EDGE('',*,*,#3008,.F.);
#3008 = EDGE_CURVE('',#3009,#2974,#3011,.T.);
#3009 = VERTEX_POINT('',#3010);
#3010 = CARTESIAN_POINT('',(3.089361483543,-21.94223390632,
    3.895440134219E-02));
#3011 = SURFACE_CURVE('',#3012,(#3016,#3023),.PCURVE_S1.);
#3012 = LINE('',#3013,#3014);
#3013 = CARTESIAN_POINT('',(3.089361483543,-21.94223390632,0.));
#3014 = VECTOR('',#3015,1.);
#3015 = DIRECTION('',(0.,0.,1.));
#3016 = PCURVE('',#719,#3017);
#3017 = DEFINITIONAL_REPRESENTATION('',(#3018),#3022);
#3018 = LINE('',#3019,#3020);
#3019 = CARTESIAN_POINT('',(1.745329251994,0.));
#3020 = VECTOR('',#3021,1.);
#3021 = DIRECTION('',(0.,-1.));
#3022 = ( GEOMETRIC_REPRESENTATION_CONTEXT(2) 
PARAMETRIC_REPRESENTATION_CONTEXT() REPRESENTATION_CONTEXT('2D SPACE',''
  ) );
#3023 = PCURVE('',#3024,#3029);
#3024 = CYLINDRICAL_SURFACE('',#3025,10.392875);
#3025 = AXIS2_PLACEMENT_3D('',#3026,#3027,#3028);
#3026 = CARTESIAN_POINT('',(-4.872042658237,-28.62264518534,0.));
#3027 = DIRECTION('',(0.,0.,-1.));
#3028 = DIRECTION('',(0.766044443119,0.642787609687,0.));
#3029 = DEFINITIONAL_REPRESENTATION('',(#3030),#3034);
#3030 = LINE('',#3031,#3032);
#3031 = CARTESIAN_POINT('',(0.,0.));
#3032 = VECTOR('',#3033,1.);
#3033 = DIRECTION('',(0.,-1.));
#3034 = ( GEOMETRIC_REPRESENTATION_CONTEXT(2) 
PARAMETRIC_REPRESENTATION_CONTEXT() REPRESENTATION_CONTEXT('2D SPACE',''
  ) );
#3035 = ORIENTED_EDGE('',*,*,#3036,.F.);
#3036 = EDGE_CURVE('',#2609,#3009,#3037,.T.);
#3037 = SURFACE_CURVE('',#3038,(#3046,#3057),.PCURVE_S1.);
#3038 = B_SPLINE_CURVE_WITH_KNOTS('',6,(#3039,#3040,#3041,#3042,#3043,
    #3044,#3045),.UNSPECIFIED.,.F.,.F.,(7,7),(0.,1.),
  .PIECEWISE_BEZIER_KNOTS.);
#3039 = CARTESIAN_POINT('',(2.046988905117,-21.05976172478,
    8.907265733882E-07));
#3040 = CARTESIAN_POINT('',(2.244324308907,-21.17601264544,
    2.553283448086E-04));
#3041 = CARTESIAN_POINT('',(2.433726463494,-21.30570542474,
    2.152377550284E-03));
#3042 = CARTESIAN_POINT('',(2.614006491876,-21.4481363666,
    6.343802256682E-03));
#3043 = CARTESIAN_POINT('',(2.784041767546,-21.60243646214,
    1.350215302691E-02));
#3044 = CARTESIAN_POINT('',(2.942792876561,-21.76756024239,
    2.422588240539E-02));
#3045 = CARTESIAN_POINT('',(3.089361483543,-21.94223390632,
    3.895440134219E-02));
#3046 = PCURVE('',#719,#3047);
#3047 = DEFINITIONAL_REPRESENTATION('',(#3048),#3056);
#3048 = B_SPLINE_CURVE_WITH_KNOTS('',6,(#3049,#3050,#3051,#3052,#3053,
    #3054,#3055),.UNSPECIFIED.,.F.,.F.,(7,7),(0.,1.),
  .PIECEWISE_BEZIER_KNOTS.);
#3049 = CARTESIAN_POINT('',(1.405033253121,-8.907265733882E-07));
#3050 = CARTESIAN_POINT('',(1.461824435707,-2.553283448086E-04));
#3051 = CARTESIAN_POINT('',(1.518612476623,-2.152377550285E-03));
#3052 = CARTESIAN_POINT('',(1.575384647252,-6.34380225668E-03));
#3053 = CARTESIAN_POINT('',(1.632120782749,-1.350215302691E-02));
#3054 = CARTESIAN_POINT('',(1.688788874682,-2.422588240539E-02));
#3055 = CARTESIAN_POINT('',(1.745329251994,-3.895440134219E-02));
#3056 = ( GEOMETRIC_REPRESENTATION_CONTEXT(2) 
PARAMETRIC_REPRESENTATION_CONTEXT() REPRESENTATION_CONTEXT('2D SPACE',''
  ) );
#3057 = PCURVE('',#1902,#3058);
#3058 = DEFINITIONAL_REPRESENTATION('',(#3059),#3067);
#3059 = B_SPLINE_CURVE_WITH_KNOTS('',6,(#3060,#3061,#3062,#3063,#3064,
    #3065,#3066),.UNSPECIFIED.,.F.,.F.,(7,7),(0.,1.),
  .PIECEWISE_BEZIER_KNOTS.);
#3060 = CARTESIAN_POINT('',(4.80928365628,4.714276546903));
#3061 = CARTESIAN_POINT('',(4.818034694073,4.724261488886));
#3062 = CARTESIAN_POINT('',(4.826217300525,4.735324860512));
#3063 = CARTESIAN_POINT('',(4.833769160964,4.747377209614));
#3064 = CARTESIAN_POINT('',(4.840644319542,4.760315842363));
#3065 = CARTESIAN_POINT('',(4.846813884527,4.774029521392));
#3066 = CARTESIAN_POINT('',(4.852264762419,4.7883970997));
#3067 = ( GEOMETRIC_REPRESENTATION_CONTEXT(2) 
PARAMETRIC_REPRESENTATION_CONTEXT() REPRESENTATION_CONTEXT('2D SPACE',''
  ) );
#3068 = ORIENTED_EDGE('',*,*,#2632,.F.);
#3069 = ORIENTED_EDGE('',*,*,#698,.F.);
#3070 = ORIENTED_EDGE('',*,*,#3071,.T.);
#3071 = EDGE_CURVE('',#670,#2737,#3072,.T.);
#3072 = SURFACE_CURVE('',#3073,(#3082,#3094),.PCURVE_S1.);
#3073 = B_SPLINE_CURVE_WITH_KNOTS('',4,(#3074,#3075,#3076,#3077,#3078,
    #3079,#3080,#3081),.UNSPECIFIED.,.F.,.F.,(5,3,5),(0.,0.390032649371,
    1.),.UNSPECIFIED.);
#3074 = CARTESIAN_POINT('',(-2.045606656035,-21.05894780765,0.));
#3075 = CARTESIAN_POINT('',(-2.045741476497,-21.0590271586,
    3.332681480522E-17));
#3076 = CARTESIAN_POINT('',(-2.0458762866,-21.05910651284,
    2.257750819569E-08));
#3077 = CARTESIAN_POINT('',(-2.046011086336,-21.05918587037,
    6.773615022159E-08));
#3078 = CARTESIAN_POINT('',(-2.046356671149,-21.05938934258,
    2.414226255642E-07));
#3079 = CARTESIAN_POINT('',(-2.046567441226,-21.059513462,
    4.026022642072E-07));
#3080 = CARTESIAN_POINT('',(-2.046778185893,-21.05963758941,
    6.190323092779E-07));
#3081 = CARTESIAN_POINT('',(-2.046988905117,-21.05976172478,
    8.907265751645E-07));
#3082 = PCURVE('',#719,#3083);
#3083 = DEFINITIONAL_REPRESENTATION('',(#3084),#3093);
#3084 = B_SPLINE_CURVE_WITH_KNOTS('',4,(#3085,#3086,#3087,#3088,#3089,
    #3090,#3091,#3092),.UNSPECIFIED.,.F.,.F.,(5,3,5),(0.,0.390032649371,
    1.),.UNSPECIFIED.);
#3085 = CARTESIAN_POINT('',(0.340693749934,0.));
#3086 = CARTESIAN_POINT('',(0.340654959022,-3.332682894708E-17));
#3087 = CARTESIAN_POINT('',(0.340616169909,-2.257750819569E-08));
#3088 = CARTESIAN_POINT('',(0.340577382598,-6.773615022159E-08));
#3089 = CARTESIAN_POINT('',(0.340477940906,-2.414226255642E-07));
#3090 = CARTESIAN_POINT('',(0.340417289135,-4.026022642072E-07));
#3091 = CARTESIAN_POINT('',(0.340356641787,-6.190323092779E-07));
#3092 = CARTESIAN_POINT('',(0.340295998873,-8.907265751645E-07));
#3093 = ( GEOMETRIC_REPRESENTATION_CONTEXT(2) 
PARAMETRIC_REPRESENTATION_CONTEXT() REPRESENTATION_CONTEXT('2D SPACE',''
  ) );
#3094 = PCURVE('',#686,#3095);
#3095 = DEFINITIONAL_REPRESENTATION('',(#3096),#3105);
#3096 = B_SPLINE_CURVE_WITH_KNOTS('',4,(#3097,#3098,#3099,#3100,#3101,
    #3102,#3103,#3104),.UNSPECIFIED.,.F.,.F.,(5,3,5),(0.,0.390032649371,
    1.),.UNSPECIFIED.);
#3097 = CARTESIAN_POINT('',(4.615555606148,4.712388980385));
#3098 = CARTESIAN_POINT('',(4.615549626535,4.712573008269));
#3099 = CARTESIAN_POINT('',(4.615543647493,4.712757042721));
#3100 = CARTESIAN_POINT('',(4.615537669024,4.71294108374));
#3101 = CARTESIAN_POINT('',(4.615522342366,4.713412961125));
#3102 = CARTESIAN_POINT('',(4.615512995005,4.713700806987));
#3103 = CARTESIAN_POINT('',(4.615503649046,4.713988668912));
#3104 = CARTESIAN_POINT('',(4.615494304489,4.714276546902));
#3105 = ( GEOMETRIC_REPRESENTATION_CONTEXT(2) 
PARAMETRIC_REPRESENTATION_CONTEXT() REPRESENTATION_CONTEXT('2D SPACE',''
  ) );
#3106 = ADVANCED_FACE('',(#3107),#285,.F.);
#3107 = FACE_BOUND('',#3108,.F.);
#3108 = EDGE_LOOP('',(#3109,#3144,#3172,#3207,#3254,#3282,#3325,#3365,
    #3393,#3433,#3460,#3461));
#3109 = ORIENTED_EDGE('',*,*,#3110,.T.);
#3110 = EDGE_CURVE('',#2683,#3111,#3113,.T.);
#3111 = VERTEX_POINT('',#3112);
#3112 = CARTESIAN_POINT('',(13.646582479386,17.457851236888,
    3.895440134219E-02));
#3113 = SURFACE_CURVE('',#3114,(#3122,#3133),.PCURVE_S1.);
#3114 = B_SPLINE_CURVE_WITH_KNOTS('',6,(#3115,#3116,#3117,#3118,#3119,
    #3120,#3121),.UNSPECIFIED.,.F.,.F.,(7,7),(0.,1.),
  .PIECEWISE_BEZIER_KNOTS.);
#3115 = CARTESIAN_POINT('',(12.302625255488,17.214794198751,
    8.907265733882E-07));
#3116 = CARTESIAN_POINT('',(12.531648188568,17.216802747363,
    2.553283448086E-04));
#3117 = CARTESIAN_POINT('',(12.76052165562,17.234418911628,
    2.152377550283E-03));
#3118 = CARTESIAN_POINT('',(12.987864210927,17.267627711379,
    6.343802256687E-03));
#3119 = CARTESIAN_POINT('',(13.212269126964,17.316237876084,
    1.35021530269E-02));
#3120 = CARTESIAN_POINT('',(13.432313510375,17.379863710042,
    2.422588240539E-02));
#3121 = CARTESIAN_POINT('',(13.646582479386,17.457851236888,
    3.895440134219E-02));
#3122 = PCURVE('',#285,#3123);
#3123 = DEFINITIONAL_REPRESENTATION('',(#3124),#3132);
#3124 = B_SPLINE_CURVE_WITH_KNOTS('',6,(#3125,#3126,#3127,#3128,#3129,
    #3130,#3131),.UNSPECIFIED.,.F.,.F.,(7,7),(0.,1.),
  .PIECEWISE_BEZIER_KNOTS.);
#3125 = CARTESIAN_POINT('',(0.340295998873,-8.907265733882E-07));
#3126 = CARTESIAN_POINT('',(0.283504816287,-2.553283448086E-04));
#3127 = CARTESIAN_POINT('',(0.226716775371,-2.152377550285E-03));
#3128 = CARTESIAN_POINT('',(0.169944604742,-6.343802256684E-03));
#3129 = CARTESIAN_POINT('',(0.113208469246,-1.350215302691E-02));
#3130 = CARTESIAN_POINT('',(5.654037731205E-02,-2.422588240539E-02));
#3131 = CARTESIAN_POINT('',(0.,-3.895440134219E-02));
#3132 = ( GEOMETRIC_REPRESENTATION_CONTEXT(2) 
PARAMETRIC_REPRESENTATION_CONTEXT() REPRESENTATION_CONTEXT('2D SPACE',''
  ) );
#3133 = PCURVE('',#2558,#3134);
#3134 = DEFINITIONAL_REPRESENTATION('',(#3135),#3143);
#3135 = B_SPLINE_CURVE_WITH_KNOTS('',6,(#3136,#3137,#3138,#3139,#3140,
    #3141,#3142),.UNSPECIFIED.,.F.,.F.,(7,7),(0.,1.),
  .PIECEWISE_BEZIER_KNOTS.);
#3136 = CARTESIAN_POINT('',(0.950302875301,4.714276546903));
#3137 = CARTESIAN_POINT('',(0.941551837509,4.724261488886));
#3138 = CARTESIAN_POINT('',(0.933369231056,4.735324860512));
#3139 = CARTESIAN_POINT('',(0.925817370618,4.747377209614));
#3140 = CARTESIAN_POINT('',(0.918942212039,4.760315842363));
#3141 = CARTESIAN_POINT('',(0.912772647054,4.774029521392));
#3142 = CARTESIAN_POINT('',(0.907321769162,4.7883970997));
#3143 = ( GEOMETRIC_REPRESENTATION_CONTEXT(2) 
PARAMETRIC_REPRESENTATION_CONTEXT() REPRESENTATION_CONTEXT('2D SPACE',''
  ) );
#3144 = ORIENTED_EDGE('',*,*,#3145,.T.);
#3145 = EDGE_CURVE('',#3111,#3146,#3148,.T.);
#3146 = VERTEX_POINT('',#3147);
#3147 = CARTESIAN_POINT('',(13.646582479386,17.457851236888,
    7.161045598658));
#3148 = SURFACE_CURVE('',#3149,(#3153,#3160),.PCURVE_S1.);
#3149 = LINE('',#3150,#3151);
#3150 = CARTESIAN_POINT('',(13.646582479386,17.457851236888,0.));
#3151 = VECTOR('',#3152,1.);
#3152 = DIRECTION('',(0.,0.,1.));
#3153 = PCURVE('',#285,#3154);
#3154 = DEFINITIONAL_REPRESENTATION('',(#3155),#3159);
#3155 = LINE('',#3156,#3157);
#3156 = CARTESIAN_POINT('',(0.,0.));
#3157 = VECTOR('',#3158,1.);
#3158 = DIRECTION('',(0.,-1.));
#3159 = ( GEOMETRIC_REPRESENTATION_CONTEXT(2) 
PARAMETRIC_REPRESENTATION_CONTEXT() REPRESENTATION_CONTEXT('2D SPACE',''
  ) );
#3160 = PCURVE('',#3161,#3166);
#3161 = CYLINDRICAL_SURFACE('',#3162,10.392875);
#3162 = AXIS2_PLACEMENT_3D('',#3163,#3164,#3165);
#3163 = CARTESIAN_POINT('',(10.09200988232,27.223959183139,0.));
#3164 = DIRECTION('',(0.,0.,-1.));
#3165 = DIRECTION('',(0.549508978071,-0.835487811413,0.));
#3166 = DEFINITIONAL_REPRESENTATION('',(#3167),#3171);
#3167 = LINE('',#3168,#3169);
#3168 = CARTESIAN_POINT('',(0.232710566933,0.));
#3169 = VECTOR('',#3170,1.);
#3170 = DIRECTION('',(0.,-1.));
#3171 = ( GEOMETRIC_REPRESENTATION_CONTEXT(2) 
PARAMETRIC_REPRESENTATION_CONTEXT() REPRESENTATION_CONTEXT('2D SPACE',''
  ) );
#3172 = ORIENTED_EDGE('',*,*,#3173,.T.);
#3173 = EDGE_CURVE('',#3146,#3174,#3176,.T.);
#3174 = VERTEX_POINT('',#3175);
#3175 = CARTESIAN_POINT('',(12.302625255488,17.214794198751,
    7.199999109273));
#3176 = SURFACE_CURVE('',#3177,(#3185,#3196),.PCURVE_S1.);
#3177 = B_SPLINE_CURVE_WITH_KNOTS('',6,(#3178,#3179,#3180,#3181,#3182,
    #3183,#3184),.UNSPECIFIED.,.F.,.F.,(7,7),(0.,1.),
  .PIECEWISE_BEZIER_KNOTS.);
#3178 = CARTESIAN_POINT('',(13.646582479386,17.457851236888,
    7.161045598658));
#3179 = CARTESIAN_POINT('',(13.432313509699,17.379863709795,
    7.175774117641));
#3180 = CARTESIAN_POINT('',(13.212269125397,17.316237875633,
    7.186497847051));
#3181 = CARTESIAN_POINT('',(12.987864209652,17.267627711243,
    7.193656197748));
#3182 = CARTESIAN_POINT('',(12.760521655085,17.234418911597,
    7.197847622458));
#3183 = CARTESIAN_POINT('',(12.531648188284,17.21680274736,
    7.199744671656));
#3184 = CARTESIAN_POINT('',(12.302625255488,17.214794198751,
    7.199999109273));
#3185 = PCURVE('',#285,#3186);
#3186 = DEFINITIONAL_REPRESENTATION('',(#3187),#3195);
#3187 = B_SPLINE_CURVE_WITH_KNOTS('',6,(#3188,#3189,#3190,#3191,#3192,
    #3193,#3194),.UNSPECIFIED.,.F.,.F.,(7,7),(0.,1.),
  .PIECEWISE_BEZIER_KNOTS.);
#3188 = CARTESIAN_POINT('',(0.,-7.161045598658));
#3189 = CARTESIAN_POINT('',(5.654037749059E-02,-7.175774117641));
#3190 = CARTESIAN_POINT('',(0.113208469645,-7.186497847051));
#3191 = CARTESIAN_POINT('',(0.169944605064,-7.193656197748));
#3192 = CARTESIAN_POINT('',(0.2267167755,-7.197847622458));
#3193 = CARTESIAN_POINT('',(0.283504816357,-7.199744671656));
#3194 = CARTESIAN_POINT('',(0.340295998873,-7.199999109273));
#3195 = ( GEOMETRIC_REPRESENTATION_CONTEXT(2) 
PARAMETRIC_REPRESENTATION_CONTEXT() REPRESENTATION_CONTEXT('2D SPACE',''
  ) );
#3196 = PCURVE('',#2490,#3197);
#3197 = DEFINITIONAL_REPRESENTATION('',(#3198),#3206);
#3198 = B_SPLINE_CURVE_WITH_KNOTS('',6,(#3199,#3200,#3201,#3202,#3203,
    #3204,#3205),.UNSPECIFIED.,.F.,.F.,(7,7),(0.,1.),
  .PIECEWISE_BEZIER_KNOTS.);
#3199 = CARTESIAN_POINT('',(0.907321769162,1.494788207479));
#3200 = CARTESIAN_POINT('',(0.912772647071,1.509155785833));
#3201 = CARTESIAN_POINT('',(0.918942212084,1.522869464914));
#3202 = CARTESIAN_POINT('',(0.925817370661,1.535808097631));
#3203 = CARTESIAN_POINT('',(0.933369231076,1.547860446692));
#3204 = CARTESIAN_POINT('',(0.941551837519,1.558923818305));
#3205 = CARTESIAN_POINT('',(0.950302875301,1.568908760277));
#3206 = ( GEOMETRIC_REPRESENTATION_CONTEXT(2) 
PARAMETRIC_REPRESENTATION_CONTEXT() REPRESENTATION_CONTEXT('2D SPACE',''
  ) );
#3207 = ORIENTED_EDGE('',*,*,#3208,.T.);
#3208 = EDGE_CURVE('',#3174,#3209,#3211,.T.);
#3209 = VERTEX_POINT('',#3210);
#3210 = CARTESIAN_POINT('',(12.301021234105,17.214780450386,7.2));
#3211 = SURFACE_CURVE('',#3212,(#3224,#3239),.PCURVE_S1.);
#3212 = B_SPLINE_CURVE_WITH_KNOTS('',4,(#3213,#3214,#3215,#3216,#3217,
    #3218,#3219,#3220,#3221,#3222,#3223),.UNSPECIFIED.,.F.,.F.,(5,3,3,5)
  ,(0.,0.391967292332,0.699971178797,1.),.UNSPECIFIED.);
#3213 = CARTESIAN_POINT('',(12.302625255488,17.214794198751,
    7.199999109273));
#3214 = CARTESIAN_POINT('',(12.302468102963,17.214792820511,
    7.199999283865));
#3215 = CARTESIAN_POINT('',(12.302310942984,17.214791450372,
    7.199999435636));
#3216 = CARTESIAN_POINT('',(12.302153775561,17.214790088336,
    7.19999956459));
#3217 = CARTESIAN_POINT('',(12.301873094314,17.214787670498,
    7.199999754134));
#3218 = CARTESIAN_POINT('',(12.301749583333,17.214786611597,
    7.199999823452));
#3219 = CARTESIAN_POINT('',(12.301626067768,17.2147855577,7.199999878685
    ));
#3220 = CARTESIAN_POINT('',(12.301382225756,17.214783487078,
    7.199999959919));
#3221 = CARTESIAN_POINT('',(12.301261899544,17.214782470096,
    7.19999998664));
#3222 = CARTESIAN_POINT('',(12.301141568992,17.214781457865,7.2));
#3223 = CARTESIAN_POINT('',(12.301021234106,17.214780450385,7.2));
#3224 = PCURVE('',#285,#3225);
#3225 = DEFINITIONAL_REPRESENTATION('',(#3226),#3238);
#3226 = B_SPLINE_CURVE_WITH_KNOTS('',4,(#3227,#3228,#3229,#3230,#3231,
    #3232,#3233,#3234,#3235,#3236,#3237),.UNSPECIFIED.,.F.,.F.,(5,3,3,5)
  ,(0.,0.391967292332,0.699971178797,1.),.UNSPECIFIED.);
#3227 = CARTESIAN_POINT('',(0.340295998873,-7.199999109273));
#3228 = CARTESIAN_POINT('',(0.340334968236,-7.199999283865));
#3229 = CARTESIAN_POINT('',(0.340373939429,-7.199999435636));
#3230 = CARTESIAN_POINT('',(0.340412912451,-7.19999956459));
#3231 = CARTESIAN_POINT('',(0.340482513334,-7.199999754134));
#3232 = CARTESIAN_POINT('',(0.340513140497,-7.199999823452));
#3233 = CARTESIAN_POINT('',(0.340543768786,-7.199999878685));
#3234 = CARTESIAN_POINT('',(0.340604234533,-7.199999959919));
#3235 = CARTESIAN_POINT('',(0.340634071935,-7.19999998664));
#3236 = CARTESIAN_POINT('',(0.340663910402,-7.2));
#3237 = CARTESIAN_POINT('',(0.340693749934,-7.2));
#3238 = ( GEOMETRIC_REPRESENTATION_CONTEXT(2) 
PARAMETRIC_REPRESENTATION_CONTEXT() REPRESENTATION_CONTEXT('2D SPACE',''
  ) );
#3239 = PCURVE('',#2446,#3240);
#3240 = DEFINITIONAL_REPRESENTATION('',(#3241),#3253);
#3241 = B_SPLINE_CURVE_WITH_KNOTS('',4,(#3242,#3243,#3244,#3245,#3246,
    #3247,#3248,#3249,#3250,#3251,#3252),.UNSPECIFIED.,.F.,.F.,(5,3,3,5)
  ,(0.,0.391967292332,0.699971178797,1.),.UNSPECIFIED.);
#3242 = CARTESIAN_POINT('',(0.950302875301,1.568908760281));
#3243 = CARTESIAN_POINT('',(0.950308880148,1.56909375175));
#3244 = CARTESIAN_POINT('',(0.950314885574,1.569278736584));
#3245 = CARTESIAN_POINT('',(0.950320891579,1.569463714785));
#3246 = CARTESIAN_POINT('',(0.950331618075,1.569794035118));
#3247 = CARTESIAN_POINT('',(0.950336338344,1.569939379788));
#3248 = CARTESIAN_POINT('',(0.95034105897,1.570084720361));
#3249 = CARTESIAN_POINT('',(0.950350378697,1.570371630157));
#3250 = CARTESIAN_POINT('',(0.95035497778,1.570513199588));
#3251 = CARTESIAN_POINT('',(0.9503595772,1.570654765134));
#3252 = CARTESIAN_POINT('',(0.95036417696,1.570796326793));
#3253 = ( GEOMETRIC_REPRESENTATION_CONTEXT(2) 
PARAMETRIC_REPRESENTATION_CONTEXT() REPRESENTATION_CONTEXT('2D SPACE',''
  ) );
#3254 = ORIENTED_EDGE('',*,*,#3255,.T.);
#3255 = EDGE_CURVE('',#3209,#3256,#3258,.T.);
#3256 = VERTEX_POINT('',#3257);
#3257 = CARTESIAN_POINT('',(8.757926573552,19.26038710642,7.2));
#3258 = SURFACE_CURVE('',#3259,(#3264,#3271),.PCURVE_S1.);
#3259 = CIRCLE('',#3260,4.032875);
#3260 = AXIS2_PLACEMENT_3D('',#3261,#3262,#3263);
#3261 = CARTESIAN_POINT('',(12.267257993871,21.24751411494,7.2));
#3262 = DIRECTION('',(0.,0.,-1.));
#3263 = DIRECTION('',(0.342020143326,-0.939692620786,0.));
#3264 = PCURVE('',#285,#3265);
#3265 = DEFINITIONAL_REPRESENTATION('',(#3266),#3270);
#3266 = LINE('',#3267,#3268);
#3267 = CARTESIAN_POINT('',(0.,-7.2));
#3268 = VECTOR('',#3269,1.);
#3269 = DIRECTION('',(1.,0.));
#3270 = ( GEOMETRIC_REPRESENTATION_CONTEXT(2) 
PARAMETRIC_REPRESENTATION_CONTEXT() REPRESENTATION_CONTEXT('2D SPACE',''
  ) );
#3271 = PCURVE('',#1171,#3272);
#3272 = DEFINITIONAL_REPRESENTATION('',(#3273),#3281);
#3273 = ( BOUNDED_CURVE() B_SPLINE_CURVE(2,(#3274,#3275,#3276,#3277,
#3278,#3279,#3280),.UNSPECIFIED.,.T.,.F.) B_SPLINE_CURVE_WITH_KNOTS((1,2
    ,2,2,2,1),(-2.094395102393,0.,2.094395102393,4.188790204786,
6.28318530718,8.377580409573),.UNSPECIFIED.) CURVE() 
GEOMETRIC_REPRESENTATION_ITEM() RATIONAL_B_SPLINE_CURVE((1.,0.5,1.,0.5,
1.,0.5,1.)) REPRESENTATION_ITEM('') );
#3274 = CARTESIAN_POINT('',(13.646582479386,17.457851236888));
#3275 = CARTESIAN_POINT('',(7.082693831042,15.068791147853));
#3276 = CARTESIAN_POINT('',(8.295651426942,21.947815509449));
#3277 = CARTESIAN_POINT('',(9.508609022842,28.826839871044));
#3278 = CARTESIAN_POINT('',(14.859540075286,24.336875598484));
#3279 = CARTESIAN_POINT('',(20.210471127729,19.846911325923));
#3280 = CARTESIAN_POINT('',(13.646582479386,17.457851236888));
#3281 = ( GEOMETRIC_REPRESENTATION_CONTEXT(2) 
PARAMETRIC_REPRESENTATION_CONTEXT() REPRESENTATION_CONTEXT('2D SPACE',''
  ) );
#3282 = ORIENTED_EDGE('',*,*,#3283,.F.);
#3283 = EDGE_CURVE('',#3284,#3256,#3286,.T.);
#3284 = VERTEX_POINT('',#3285);
#3285 = CARTESIAN_POINT('',(8.757136469295,19.261783103868,
    7.199999109273));
#3286 = SURFACE_CURVE('',#3287,(#3296,#3308),.PCURVE_S1.);
#3287 = B_SPLINE_CURVE_WITH_KNOTS('',4,(#3288,#3289,#3290,#3291,#3292,
    #3293,#3294,#3295),.UNSPECIFIED.,.F.,.F.,(5,3,5),(0.,0.223976146473,
    1.),.UNSPECIFIED.);
#3288 = CARTESIAN_POINT('',(8.757136469295,19.261783103868,
    7.199999109273));
#3289 = CARTESIAN_POINT('',(8.757180686945,19.261704941557,
    7.199999209038));
#3290 = CARTESIAN_POINT('',(8.757224908103,19.26162677846,7.199999301351
    ));
#3291 = CARTESIAN_POINT('',(8.757269132768,19.261548614579,
    7.199999386213));
#3292 = CARTESIAN_POINT('',(8.757466600988,19.261199628033,
    7.199999731841));
#3293 = CARTESIAN_POINT('',(8.757619883128,19.260928796767,
    7.199999910623));
#3294 = CARTESIAN_POINT('',(8.757773207326,19.260657956203,7.2));
#3295 = CARTESIAN_POINT('',(8.757926573553,19.26038710642,7.2));
#3296 = PCURVE('',#285,#3297);
#3297 = DEFINITIONAL_REPRESENTATION('',(#3298),#3307);
#3298 = B_SPLINE_CURVE_WITH_KNOTS('',4,(#3299,#3300,#3301,#3302,#3303,
    #3304,#3305,#3306),.UNSPECIFIED.,.F.,.F.,(5,3,5),(0.,0.223976146473,
    1.),.UNSPECIFIED.);
#3299 = CARTESIAN_POINT('',(1.405033253121,-7.199999109273));
#3300 = CARTESIAN_POINT('',(1.405010985427,-7.199999209038));
#3301 = CARTESIAN_POINT('',(1.404988717136,-7.199999301351));
#3302 = CARTESIAN_POINT('',(1.404966448247,-7.199999386213));
#3303 = CARTESIAN_POINT('',(1.404867020312,-7.199999731841));
#3304 = CARTESIAN_POINT('',(1.404789854699,-7.199999910623));
#3305 = CARTESIAN_POINT('',(1.404712681941,-7.2));
#3306 = CARTESIAN_POINT('',(1.40463550206,-7.2));
#3307 = ( GEOMETRIC_REPRESENTATION_CONTEXT(2) 
PARAMETRIC_REPRESENTATION_CONTEXT() REPRESENTATION_CONTEXT('2D SPACE',''
  ) );
#3308 = PCURVE('',#3309,#3314);
#3309 = TOROIDAL_SURFACE('',#3310,21.158066767946,0.500000001594);
#3310 = AXIS2_PLACEMENT_3D('',#3311,#3312,#3313);
#3311 = CARTESIAN_POINT('',(0.,0.,6.699999998406));
#3312 = DIRECTION('',(0.,0.,1.));
#3313 = DIRECTION('',(1.,0.,-0.));
#3314 = DEFINITIONAL_REPRESENTATION('',(#3315),#3324);
#3315 = B_SPLINE_CURVE_WITH_KNOTS('',4,(#3316,#3317,#3318,#3319,#3320,
    #3321,#3322,#3323),.UNSPECIFIED.,.F.,.F.,(5,3,5),(0.,0.223976146473,
    1.),.UNSPECIFIED.);
#3316 = CARTESIAN_POINT('',(1.144092227092,1.568908760281));
#3317 = CARTESIAN_POINT('',(1.14408879583,1.569014467255));
#3318 = CARTESIAN_POINT('',(1.144085364379,1.569120172062));
#3319 = CARTESIAN_POINT('',(1.144081932739,1.569225874704));
#3320 = CARTESIAN_POINT('',(1.144066610441,1.569697802083));
#3321 = CARTESIAN_POINT('',(1.144054717703,1.570064002985));
#3322 = CARTESIAN_POINT('',(1.1440428227,1.570430177888));
#3323 = CARTESIAN_POINT('',(1.144030925434,1.570796326793));
#3324 = ( GEOMETRIC_REPRESENTATION_CONTEXT(2) 
PARAMETRIC_REPRESENTATION_CONTEXT() REPRESENTATION_CONTEXT('2D SPACE',''
  ) );
#3325 = ORIENTED_EDGE('',*,*,#3326,.F.);
#3326 = EDGE_CURVE('',#3327,#3284,#3329,.T.);
#3327 = VERTEX_POINT('',#3328);
#3328 = CARTESIAN_POINT('',(8.295651426942,20.547212720432,
    7.161045598658));
#3329 = SURFACE_CURVE('',#3330,(#3338,#3349),.PCURVE_S1.);
#3330 = B_SPLINE_CURVE_WITH_KNOTS('',6,(#3331,#3332,#3333,#3334,#3335,
    #3336,#3337),.UNSPECIFIED.,.F.,.F.,(7,7),(0.,1.),
  .PIECEWISE_BEZIER_KNOTS.);
#3331 = CARTESIAN_POINT('',(8.295651426942,20.547212720432,
    7.161045598658));
#3332 = CARTESIAN_POINT('',(8.335246732411,20.322656585426,
    7.175774119419));
#3333 = CARTESIAN_POINT('',(8.390167334573,20.10027964456,7.186497843162
    ));
#3334 = CARTESIAN_POINT('',(8.460272157222,19.881634199738,
    7.193656201328));
#3335 = CARTESIAN_POINT('',(8.545183768598,19.668145376216,
    7.197847621094));
#3336 = CARTESIAN_POINT('',(8.644364457253,19.461127055607,
    7.199744671656));
#3337 = CARTESIAN_POINT('',(8.757136469295,19.261783103868,
    7.199999109273));
#3338 = PCURVE('',#285,#3339);
#3339 = DEFINITIONAL_REPRESENTATION('',(#3340),#3348);
#3340 = B_SPLINE_CURVE_WITH_KNOTS('',6,(#3341,#3342,#3343,#3344,#3345,
    #3346,#3347),.UNSPECIFIED.,.F.,.F.,(7,7),(0.,1.),
  .PIECEWISE_BEZIER_KNOTS.);
#3341 = CARTESIAN_POINT('',(1.745329251994,-7.161045598658));
#3342 = CARTESIAN_POINT('',(1.688788874378,-7.175774119419));
#3343 = CARTESIAN_POINT('',(1.632120783011,-7.186497843162));
#3344 = CARTESIAN_POINT('',(1.575384646303,-7.193656201328));
#3345 = CARTESIAN_POINT('',(1.518612476926,-7.197847621094));
#3346 = CARTESIAN_POINT('',(1.461824435519,-7.199744671656));
#3347 = CARTESIAN_POINT('',(1.405033253121,-7.199999109273));
#3348 = ( GEOMETRIC_REPRESENTATION_CONTEXT(2) 
PARAMETRIC_REPRESENTATION_CONTEXT() REPRESENTATION_CONTEXT('2D SPACE',''
  ) );
#3349 = PCURVE('',#3350,#3355);
#3350 = TOROIDAL_SURFACE('',#3351,21.133528417785,13.5);
#3351 = AXIS2_PLACEMENT_3D('',#3352,#3353,#3354);
#3352 = CARTESIAN_POINT('',(0.,0.,-6.299976841109));
#3353 = DIRECTION('',(0.,0.,1.));
#3354 = DIRECTION('',(1.,0.,-0.));
#3355 = DEFINITIONAL_REPRESENTATION('',(#3356),#3364);
#3356 = B_SPLINE_CURVE_WITH_KNOTS('',6,(#3357,#3358,#3359,#3360,#3361,
    #3362,#3363),.UNSPECIFIED.,.F.,.F.,(7,7),(0.,1.),
  .PIECEWISE_BEZIER_KNOTS.);
#3357 = CARTESIAN_POINT('',(1.187073323472,1.494788198008));
#3358 = CARTESIAN_POINT('',(1.18162244549,1.509155776309));
#3359 = CARTESIAN_POINT('',(1.175452930547,1.522869503792));
#3360 = CARTESIAN_POINT('',(1.168577688737,1.535808056066));
#3361 = CARTESIAN_POINT('',(1.161025888815,1.547860463549));
#3362 = CARTESIAN_POINT('',(1.152843264855,1.558923818326));
#3363 = CARTESIAN_POINT('',(1.144092227092,1.568908760277));
#3364 = ( GEOMETRIC_REPRESENTATION_CONTEXT(2) 
PARAMETRIC_REPRESENTATION_CONTEXT() REPRESENTATION_CONTEXT('2D SPACE',''
  ) );
#3365 = ORIENTED_EDGE('',*,*,#3366,.F.);
#3366 = EDGE_CURVE('',#3367,#3327,#3369,.T.);
#3367 = VERTEX_POINT('',#3368);
#3368 = CARTESIAN_POINT('',(8.295651426942,20.547212720432,
    3.895440134219E-02));
#3369 = SURFACE_CURVE('',#3370,(#3374,#3381),.PCURVE_S1.);
#3370 = LINE('',#3371,#3372);
#3371 = CARTESIAN_POINT('',(8.295651426942,20.547212720432,0.));
#3372 = VECTOR('',#3373,1.);
#3373 = DIRECTION('',(0.,0.,1.));
#3374 = PCURVE('',#285,#3375);
#3375 = DEFINITIONAL_REPRESENTATION('',(#3376),#3380);
#3376 = LINE('',#3377,#3378);
#3377 = CARTESIAN_POINT('',(1.745329251994,0.));
#3378 = VECTOR('',#3379,1.);
#3379 = DIRECTION('',(0.,-1.));
#3380 = ( GEOMETRIC_REPRESENTATION_CONTEXT(2) 
PARAMETRIC_REPRESENTATION_CONTEXT() REPRESENTATION_CONTEXT('2D SPACE',''
  ) );
#3381 = PCURVE('',#3382,#3387);
#3382 = CYLINDRICAL_SURFACE('',#3383,10.392875);
#3383 = AXIS2_PLACEMENT_3D('',#3384,#3385,#3386);
#3384 = CARTESIAN_POINT('',(18.530635303029,22.351916524902,0.));
#3385 = DIRECTION('',(0.,0.,-1.));
#3386 = DIRECTION('',(-0.984807753012,-0.173648177667,-0.));
#3387 = DEFINITIONAL_REPRESENTATION('',(#3388),#3392);
#3388 = LINE('',#3389,#3390);
#3389 = CARTESIAN_POINT('',(0.,0.));
#3390 = VECTOR('',#3391,1.);
#3391 = DIRECTION('',(0.,-1.));
#3392 = ( GEOMETRIC_REPRESENTATION_CONTEXT(2) 
PARAMETRIC_REPRESENTATION_CONTEXT() REPRESENTATION_CONTEXT('2D SPACE',''
  ) );
#3393 = ORIENTED_EDGE('',*,*,#3394,.F.);
#3394 = EDGE_CURVE('',#3395,#3367,#3397,.T.);
#3395 = VERTEX_POINT('',#3396);
#3396 = CARTESIAN_POINT('',(8.757136469295,19.261783103868,
    8.907265742764E-07));
#3397 = SURFACE_CURVE('',#3398,(#3406,#3417),.PCURVE_S1.);
#3398 = B_SPLINE_CURVE_WITH_KNOTS('',6,(#3399,#3400,#3401,#3402,#3403,
    #3404,#3405),.UNSPECIFIED.,.F.,.F.,(7,7),(0.,1.),
  .PIECEWISE_BEZIER_KNOTS.);
#3399 = CARTESIAN_POINT('',(8.757136469295,19.261783103868,
    8.907265733882E-07));
#3400 = CARTESIAN_POINT('',(8.644364456878,19.46112705627,
    2.553283448086E-04));
#3401 = CARTESIAN_POINT('',(8.545183769123,19.668145375122,
    2.15237755028E-03));
#3402 = CARTESIAN_POINT('',(8.460272155683,19.881634203255,
    6.343802256696E-03));
#3403 = CARTESIAN_POINT('',(8.390167335181,20.10027964363,
    1.350215302689E-02));
#3404 = CARTESIAN_POINT('',(8.33524673202,20.322656586603,
    2.42258824054E-02));
#3405 = CARTESIAN_POINT('',(8.295651426942,20.547212720432,
    3.895440134219E-02));
#3406 = PCURVE('',#285,#3407);
#3407 = DEFINITIONAL_REPRESENTATION('',(#3408),#3416);
#3408 = B_SPLINE_CURVE_WITH_KNOTS('',6,(#3409,#3410,#3411,#3412,#3413,
    #3414,#3415),.UNSPECIFIED.,.F.,.F.,(7,7),(0.,1.),
  .PIECEWISE_BEZIER_KNOTS.);
#3409 = CARTESIAN_POINT('',(1.405033253121,-8.907265733882E-07));
#3410 = CARTESIAN_POINT('',(1.461824435708,-2.553283448086E-04));
#3411 = CARTESIAN_POINT('',(1.518612476623,-2.152377550281E-03));
#3412 = CARTESIAN_POINT('',(1.575384647252,-6.343802256694E-03));
#3413 = CARTESIAN_POINT('',(1.632120782749,-1.35021530269E-02));
#3414 = CARTESIAN_POINT('',(1.688788874682,-2.42258824054E-02));
#3415 = CARTESIAN_POINT('',(1.745329251994,-3.895440134219E-02));
#3416 = ( GEOMETRIC_REPRESENTATION_CONTEXT(2) 
PARAMETRIC_REPRESENTATION_CONTEXT() REPRESENTATION_CONTEXT('2D SPACE',''
  ) );
#3417 = PCURVE('',#3418,#3423);
#3418 = TOROIDAL_SURFACE('',#3419,21.133528417785,13.5);
#3419 = AXIS2_PLACEMENT_3D('',#3420,#3421,#3422);
#3420 = CARTESIAN_POINT('',(0.,0.,13.499976841109));
#3421 = DIRECTION('',(0.,0.,1.));
#3422 = DIRECTION('',(1.,0.,-0.));
#3423 = DEFINITIONAL_REPRESENTATION('',(#3424),#3432);
#3424 = B_SPLINE_CURVE_WITH_KNOTS('',6,(#3425,#3426,#3427,#3428,#3429,
    #3430,#3431),.UNSPECIFIED.,.F.,.F.,(7,7),(0.,1.),
  .PIECEWISE_BEZIER_KNOTS.);
#3425 = CARTESIAN_POINT('',(1.144092227092,4.714276546903));
#3426 = CARTESIAN_POINT('',(1.152843264885,4.724261488886));
#3427 = CARTESIAN_POINT('',(1.161025871337,4.735324860512));
#3428 = CARTESIAN_POINT('',(1.168577731775,4.747377209614));
#3429 = CARTESIAN_POINT('',(1.175452890354,4.760315842363));
#3430 = CARTESIAN_POINT('',(1.181622455339,4.774029521392));
#3431 = CARTESIAN_POINT('',(1.187073333231,4.7883970997));
#3432 = ( GEOMETRIC_REPRESENTATION_CONTEXT(2) 
PARAMETRIC_REPRESENTATION_CONTEXT() REPRESENTATION_CONTEXT('2D SPACE',''
  ) );
#3433 = ORIENTED_EDGE('',*,*,#3434,.F.);
#3434 = EDGE_CURVE('',#265,#3395,#3435,.T.);
#3435 = SURFACE_CURVE('',#3436,(#3442,#3451),.PCURVE_S1.);
#3436 = B_SPLINE_CURVE_WITH_KNOTS('',4,(#3437,#3438,#3439,#3440,#3441),
  .UNSPECIFIED.,.F.,.F.,(5,5),(0.,1.),.PIECEWISE_BEZIER_KNOTS.);
#3437 = CARTESIAN_POINT('',(8.757926573553,19.26038710642,0.));
#3438 = CARTESIAN_POINT('',(8.757728942738,19.260736128916,
    8.54462180512E-17));
#3439 = CARTESIAN_POINT('',(8.757531381712,19.261085136106,
    1.48413730605E-07));
#3440 = CARTESIAN_POINT('',(8.757333890543,19.261434127815,
    4.453022985926E-07));
#3441 = CARTESIAN_POINT('',(8.757136469295,19.261783103868,
    8.907265751645E-07));
#3442 = PCURVE('',#285,#3443);
#3443 = DEFINITIONAL_REPRESENTATION('',(#3444),#3450);
#3444 = B_SPLINE_CURVE_WITH_KNOTS('',4,(#3445,#3446,#3447,#3448,#3449),
  .UNSPECIFIED.,.F.,.F.,(5,5),(0.,1.),.PIECEWISE_BEZIER_KNOTS.);
#3445 = CARTESIAN_POINT('',(1.40463550206,0.));
#3446 = CARTESIAN_POINT('',(1.404734957613,-8.544624849929E-17));
#3447 = CARTESIAN_POINT('',(1.404834401336,-1.48413730605E-07));
#3448 = CARTESIAN_POINT('',(1.404933833186,-4.453022985926E-07));
#3449 = CARTESIAN_POINT('',(1.405033253121,-8.907265751645E-07));
#3450 = ( GEOMETRIC_REPRESENTATION_CONTEXT(2) 
PARAMETRIC_REPRESENTATION_CONTEXT() REPRESENTATION_CONTEXT('2D SPACE',''
  ) );
#3451 = PCURVE('',#314,#3452);
#3452 = DEFINITIONAL_REPRESENTATION('',(#3453),#3459);
#3453 = B_SPLINE_CURVE_WITH_KNOTS('',4,(#3454,#3455,#3456,#3457,#3458),
  .UNSPECIFIED.,.F.,.F.,(5,5),(0.,1.),.PIECEWISE_BEZIER_KNOTS.);
#3454 = CARTESIAN_POINT('',(1.144030925434,4.712388980385));
#3455 = CARTESIAN_POINT('',(1.144046256491,4.712860807255));
#3456 = CARTESIAN_POINT('',(1.144061583791,4.713332677296));
#3457 = CARTESIAN_POINT('',(1.144076907327,4.71380459051));
#3458 = CARTESIAN_POINT('',(1.144092227092,4.714276546902));
#3459 = ( GEOMETRIC_REPRESENTATION_CONTEXT(2) 
PARAMETRIC_REPRESENTATION_CONTEXT() REPRESENTATION_CONTEXT('2D SPACE',''
  ) );
#3460 = ORIENTED_EDGE('',*,*,#264,.F.);
#3461 = ORIENTED_EDGE('',*,*,#2682,.T.);
#3462 = ADVANCED_FACE('',(#3463),#686,.T.);
#3463 = FACE_BOUND('',#3464,.T.);
#3464 = EDGE_LOOP('',(#3465,#3466,#3467,#3491));
#3465 = ORIENTED_EDGE('',*,*,#669,.T.);
#3466 = ORIENTED_EDGE('',*,*,#3071,.T.);
#3467 = ORIENTED_EDGE('',*,*,#3468,.F.);
#3468 = EDGE_CURVE('',#3469,#2737,#3471,.T.);
#3469 = VERTEX_POINT('',#3470);
#3470 = CARTESIAN_POINT('',(-8.757136469295,-19.26178310386,
    8.907265742764E-07));
#3471 = SURFACE_CURVE('',#3472,(#3477,#3484),.PCURVE_S1.);
#3472 = CIRCLE('',#3473,21.159010550645);
#3473 = AXIS2_PLACEMENT_3D('',#3474,#3475,#3476);
#3474 = CARTESIAN_POINT('',(0.,0.,8.907265742764E-07));
#3475 = DIRECTION('',(0.,0.,1.));
#3476 = DIRECTION('',(1.,0.,-0.));
#3477 = PCURVE('',#686,#3478);
#3478 = DEFINITIONAL_REPRESENTATION('',(#3479),#3483);
#3479 = LINE('',#3480,#3481);
#3480 = CARTESIAN_POINT('',(0.,4.714276546902));
#3481 = VECTOR('',#3482,1.);
#3482 = DIRECTION('',(1.,0.));
#3483 = ( GEOMETRIC_REPRESENTATION_CONTEXT(2) 
PARAMETRIC_REPRESENTATION_CONTEXT() REPRESENTATION_CONTEXT('2D SPACE',''
  ) );
#3484 = PCURVE('',#2762,#3485);
#3485 = DEFINITIONAL_REPRESENTATION('',(#3486),#3490);
#3486 = LINE('',#3487,#3488);
#3487 = CARTESIAN_POINT('',(0.,4.714276546903));
#3488 = VECTOR('',#3489,1.);
#3489 = DIRECTION('',(1.,0.));
#3490 = ( GEOMETRIC_REPRESENTATION_CONTEXT(2) 
PARAMETRIC_REPRESENTATION_CONTEXT() REPRESENTATION_CONTEXT('2D SPACE',''
  ) );
#3491 = ORIENTED_EDGE('',*,*,#3492,.F.);
#3492 = EDGE_CURVE('',#637,#3469,#3493,.T.);
#3493 = SURFACE_CURVE('',#3494,(#3503,#3515),.PCURVE_S1.);
#3494 = B_SPLINE_CURVE_WITH_KNOTS('',4,(#3495,#3496,#3497,#3498,#3499,
    #3500,#3501,#3502),.UNSPECIFIED.,.F.,.F.,(5,3,5),(0.,0.630031988975,
    1.),.UNSPECIFIED.);
#3495 = CARTESIAN_POINT('',(-8.757926573553,-19.26038710642,0.));
#3496 = CARTESIAN_POINT('',(-8.757802059817,-19.26060700175,
    5.383385070963E-17));
#3497 = CARTESIAN_POINT('',(-8.757677573784,-19.26082689101,
    5.891139191403E-08));
#3498 = CARTESIAN_POINT('',(-8.75755311547,-19.26104677416,
    1.767494572972E-07));
#3499 = CARTESIAN_POINT('',(-8.757355616643,-19.26139576751,
    4.573383592472E-07));
#3500 = CARTESIAN_POINT('',(-8.757282557959,-19.26152488177,
    5.814721304686E-07));
#3501 = CARTESIAN_POINT('',(-8.757209508841,-19.26165399389,
    7.25933841498E-07));
#3502 = CARTESIAN_POINT('',(-8.757136469295,-19.26178310386,
    8.907265751645E-07));
#3503 = PCURVE('',#686,#3504);
#3504 = DEFINITIONAL_REPRESENTATION('',(#3505),#3514);
#3505 = B_SPLINE_CURVE_WITH_KNOTS('',4,(#3506,#3507,#3508,#3509,#3510,
    #3511,#3512,#3513),.UNSPECIFIED.,.F.,.F.,(5,3,5),(0.,0.630031988975,
    1.),.UNSPECIFIED.);
#3506 = CARTESIAN_POINT('',(4.285623579023,4.712388980385));
#3507 = CARTESIAN_POINT('',(4.28563323808,4.712686246407));
#3508 = CARTESIAN_POINT('',(4.285642895645,4.712983529564));
#3509 = CARTESIAN_POINT('',(4.285652551717,4.713280829859));
#3510 = CARTESIAN_POINT('',(4.285667875665,4.713752738329));
#3511 = CARTESIAN_POINT('',(4.28567354452,4.713927335277));
#3512 = CARTESIAN_POINT('',(4.285679212859,4.714101938134));
#3513 = CARTESIAN_POINT('',(4.285684880682,4.714276546902));
#3514 = ( GEOMETRIC_REPRESENTATION_CONTEXT(2) 
PARAMETRIC_REPRESENTATION_CONTEXT() REPRESENTATION_CONTEXT('2D SPACE',''
  ) );
#3515 = PCURVE('',#657,#3516);
#3516 = DEFINITIONAL_REPRESENTATION('',(#3517),#3526);
#3517 = B_SPLINE_CURVE_WITH_KNOTS('',4,(#3518,#3519,#3520,#3521,#3522,
    #3523,#3524,#3525),.UNSPECIFIED.,.F.,.F.,(5,3,5),(0.,0.630031988975,
    1.),.UNSPECIFIED.);
#3518 = CARTESIAN_POINT('',(1.40463550206,0.));
#3519 = CARTESIAN_POINT('',(1.40469816224,-5.383392011658E-17));
#3520 = CARTESIAN_POINT('',(1.404760817724,-5.891139191403E-08));
#3521 = CARTESIAN_POINT('',(1.404823468501,-1.767494572972E-07));
#3522 = CARTESIAN_POINT('',(1.404922901644,-4.573383592472E-07));
#3523 = CARTESIAN_POINT('',(1.404959687099,-5.814721304686E-07));
#3524 = CARTESIAN_POINT('',(1.404996470926,-7.25933841498E-07));
#3525 = CARTESIAN_POINT('',(1.405033253121,-8.907265751645E-07));
#3526 = ( GEOMETRIC_REPRESENTATION_CONTEXT(2) 
PARAMETRIC_REPRESENTATION_CONTEXT() REPRESENTATION_CONTEXT('2D SPACE',''
  ) );
#3527 = ADVANCED_FACE('',(#3528),#314,.T.);
#3528 = FACE_BOUND('',#3529,.T.);
#3529 = EDGE_LOOP('',(#3530,#3531,#3532,#3561));
#3530 = ORIENTED_EDGE('',*,*,#3434,.F.);
#3531 = ORIENTED_EDGE('',*,*,#297,.T.);
#3532 = ORIENTED_EDGE('',*,*,#3533,.T.);
#3533 = EDGE_CURVE('',#298,#3534,#3536,.T.);
#3534 = VERTEX_POINT('',#3535);
#3535 = CARTESIAN_POINT('',(2.046988905117,21.059761724783,
    8.907265742764E-07));
#3536 = SURFACE_CURVE('',#3537,(#3543,#3552),.PCURVE_S1.);
#3537 = B_SPLINE_CURVE_WITH_KNOTS('',4,(#3538,#3539,#3540,#3541,#3542),
  .UNSPECIFIED.,.F.,.F.,(5,5),(0.,1.),.PIECEWISE_BEZIER_KNOTS.);
#3538 = CARTESIAN_POINT('',(2.045606656035,21.058947807659,0.));
#3539 = CARTESIAN_POINT('',(2.045952320589,21.059151254599,
    8.544621805006E-17));
#3540 = CARTESIAN_POINT('',(2.046297917051,21.059354723179,
    1.484137306075E-07));
#3541 = CARTESIAN_POINT('',(2.046643445275,21.05955821328,
    4.453022985984E-07));
#3542 = CARTESIAN_POINT('',(2.046988905117,21.059761724783,
    8.907265751645E-07));
#3543 = PCURVE('',#314,#3544);
#3544 = DEFINITIONAL_REPRESENTATION('',(#3545),#3551);
#3545 = B_SPLINE_CURVE_WITH_KNOTS('',4,(#3546,#3547,#3548,#3549,#3550),
  .UNSPECIFIED.,.F.,.F.,(5,5),(0.,1.),.PIECEWISE_BEZIER_KNOTS.);
#3546 = CARTESIAN_POINT('',(1.473962952558,4.712388980385));
#3547 = CARTESIAN_POINT('',(1.4739476215,4.712860807255));
#3548 = CARTESIAN_POINT('',(1.4739322942,4.713332677296));
#3549 = CARTESIAN_POINT('',(1.473916970665,4.71380459051));
#3550 = CARTESIAN_POINT('',(1.473901650899,4.714276546902));
#3551 = ( GEOMETRIC_REPRESENTATION_CONTEXT(2) 
PARAMETRIC_REPRESENTATION_CONTEXT() REPRESENTATION_CONTEXT('2D SPACE',''
  ) );
#3552 = PCURVE('',#347,#3553);
#3553 = DEFINITIONAL_REPRESENTATION('',(#3554),#3560);
#3554 = B_SPLINE_CURVE_WITH_KNOTS('',4,(#3555,#3556,#3557,#3558,#3559),
  .UNSPECIFIED.,.F.,.F.,(5,5),(0.,1.),.PIECEWISE_BEZIER_KNOTS.);
#3555 = CARTESIAN_POINT('',(0.340693749934,0.));
#3556 = CARTESIAN_POINT('',(0.340594294382,-8.544624849929E-17));
#3557 = CARTESIAN_POINT('',(0.340494850659,-1.484137306075E-07));
#3558 = CARTESIAN_POINT('',(0.340395418808,-4.453022985984E-07));
#3559 = CARTESIAN_POINT('',(0.340295998873,-8.907265751645E-07));
#3560 = ( GEOMETRIC_REPRESENTATION_CONTEXT(2) 
PARAMETRIC_REPRESENTATION_CONTEXT() REPRESENTATION_CONTEXT('2D SPACE',''
  ) );
#3561 = ORIENTED_EDGE('',*,*,#3562,.F.);
#3562 = EDGE_CURVE('',#3395,#3534,#3563,.T.);
#3563 = SURFACE_CURVE('',#3564,(#3569,#3576),.PCURVE_S1.);
#3564 = CIRCLE('',#3565,21.159010550645);
#3565 = AXIS2_PLACEMENT_3D('',#3566,#3567,#3568);
#3566 = CARTESIAN_POINT('',(0.,0.,8.907265742764E-07));
#3567 = DIRECTION('',(0.,0.,1.));
#3568 = DIRECTION('',(1.,0.,-0.));
#3569 = PCURVE('',#314,#3570);
#3570 = DEFINITIONAL_REPRESENTATION('',(#3571),#3575);
#3571 = LINE('',#3572,#3573);
#3572 = CARTESIAN_POINT('',(0.,4.714276546902));
#3573 = VECTOR('',#3574,1.);
#3574 = DIRECTION('',(1.,0.));
#3575 = ( GEOMETRIC_REPRESENTATION_CONTEXT(2) 
PARAMETRIC_REPRESENTATION_CONTEXT() REPRESENTATION_CONTEXT('2D SPACE',''
  ) );
#3576 = PCURVE('',#3418,#3577);
#3577 = DEFINITIONAL_REPRESENTATION('',(#3578),#3582);
#3578 = LINE('',#3579,#3580);
#3579 = CARTESIAN_POINT('',(0.,4.714276546903));
#3580 = VECTOR('',#3581,1.);
#3581 = DIRECTION('',(1.,0.));
#3582 = ( GEOMETRIC_REPRESENTATION_CONTEXT(2) 
PARAMETRIC_REPRESENTATION_CONTEXT() REPRESENTATION_CONTEXT('2D SPACE',''
  ) );
#3583 = ADVANCED_FACE('',(#3584),#657,.F.);
#3584 = FACE_BOUND('',#3585,.F.);
#3585 = EDGE_LOOP('',(#3586,#3628,#3656,#3696,#3739,#3767,#3814,#3849,
    #3877,#3910,#3911,#3912));
#3586 = ORIENTED_EDGE('',*,*,#3587,.T.);
#3587 = EDGE_CURVE('',#3588,#3590,#3592,.T.);
#3588 = VERTEX_POINT('',#3589);
#3589 = CARTESIAN_POINT('',(-12.30262525548,-17.21479419875,
    8.907265742764E-07));
#3590 = VERTEX_POINT('',#3591);
#3591 = CARTESIAN_POINT('',(-13.64658247938,-17.45785123688,
    3.895440134218E-02));
#3592 = SURFACE_CURVE('',#3593,(#3601,#3612),.PCURVE_S1.);
#3593 = B_SPLINE_CURVE_WITH_KNOTS('',6,(#3594,#3595,#3596,#3597,#3598,
    #3599,#3600),.UNSPECIFIED.,.F.,.F.,(7,7),(0.,1.),
  .PIECEWISE_BEZIER_KNOTS.);
#3594 = CARTESIAN_POINT('',(-12.30262525548,-17.21479419875,
    8.907265733882E-07));
#3595 = CARTESIAN_POINT('',(-12.53164818856,-17.21680274736,
    2.553283448086E-04));
#3596 = CARTESIAN_POINT('',(-12.76052165562,-17.23441891162,
    2.152377550287E-03));
#3597 = CARTESIAN_POINT('',(-12.98786421092,-17.26762771137,
    6.343802256681E-03));
#3598 = CARTESIAN_POINT('',(-13.21226912696,-17.31623787608,
    1.350215302691E-02));
#3599 = CARTESIAN_POINT('',(-13.43231351037,-17.37986371004,
    2.422588240539E-02));
#3600 = CARTESIAN_POINT('',(-13.64658247938,-17.45785123688,
    3.895440134219E-02));
#3601 = PCURVE('',#657,#3602);
#3602 = DEFINITIONAL_REPRESENTATION('',(#3603),#3611);
#3603 = B_SPLINE_CURVE_WITH_KNOTS('',6,(#3604,#3605,#3606,#3607,#3608,
    #3609,#3610),.UNSPECIFIED.,.F.,.F.,(7,7),(0.,1.),
  .PIECEWISE_BEZIER_KNOTS.);
#3604 = CARTESIAN_POINT('',(0.340295998873,-8.907265733882E-07));
#3605 = CARTESIAN_POINT('',(0.283504816287,-2.553283448085E-04));
#3606 = CARTESIAN_POINT('',(0.226716775371,-2.152377550288E-03));
#3607 = CARTESIAN_POINT('',(0.169944604742,-6.343802256677E-03));
#3608 = CARTESIAN_POINT('',(0.113208469246,-1.350215302691E-02));
#3609 = CARTESIAN_POINT('',(5.654037731206E-02,-2.422588240539E-02));
#3610 = CARTESIAN_POINT('',(0.,-3.895440134219E-02));
#3611 = ( GEOMETRIC_REPRESENTATION_CONTEXT(2) 
PARAMETRIC_REPRESENTATION_CONTEXT() REPRESENTATION_CONTEXT('2D SPACE',''
  ) );
#3612 = PCURVE('',#3613,#3618);
#3613 = TOROIDAL_SURFACE('',#3614,21.133528417785,13.5);
#3614 = AXIS2_PLACEMENT_3D('',#3615,#3616,#3617);
#3615 = CARTESIAN_POINT('',(0.,0.,13.499976841109));
#3616 = DIRECTION('',(0.,0.,1.));
#3617 = DIRECTION('',(1.,0.,-0.));
#3618 = DEFINITIONAL_REPRESENTATION('',(#3619),#3627);
#3619 = B_SPLINE_CURVE_WITH_KNOTS('',6,(#3620,#3621,#3622,#3623,#3624,
    #3625,#3626),.UNSPECIFIED.,.F.,.F.,(7,7),(0.,1.),
  .PIECEWISE_BEZIER_KNOTS.);
#3620 = CARTESIAN_POINT('',(4.091895528891,4.714276546903));
#3621 = CARTESIAN_POINT('',(4.083144491098,4.724261488886));
#3622 = CARTESIAN_POINT('',(4.074961884646,4.735324860512));
#3623 = CARTESIAN_POINT('',(4.067410024208,4.747377209614));
#3624 = CARTESIAN_POINT('',(4.060534865629,4.760315842363));
#3625 = CARTESIAN_POINT('',(4.054365300644,4.774029521392));
#3626 = CARTESIAN_POINT('',(4.048914422752,4.7883970997));
#3627 = ( GEOMETRIC_REPRESENTATION_CONTEXT(2) 
PARAMETRIC_REPRESENTATION_CONTEXT() REPRESENTATION_CONTEXT('2D SPACE',''
  ) );
#3628 = ORIENTED_EDGE('',*,*,#3629,.T.);
#3629 = EDGE_CURVE('',#3590,#3630,#3632,.T.);
#3630 = VERTEX_POINT('',#3631);
#3631 = CARTESIAN_POINT('',(-13.64658247938,-17.45785123688,
    7.161045598658));
#3632 = SURFACE_CURVE('',#3633,(#3637,#3644),.PCURVE_S1.);
#3633 = LINE('',#3634,#3635);
#3634 = CARTESIAN_POINT('',(-13.64658247938,-17.45785123688,0.));
#3635 = VECTOR('',#3636,1.);
#3636 = DIRECTION('',(0.,0.,1.));
#3637 = PCURVE('',#657,#3638);
#3638 = DEFINITIONAL_REPRESENTATION('',(#3639),#3643);
#3639 = LINE('',#3640,#3641);
#3640 = CARTESIAN_POINT('',(0.,0.));
#3641 = VECTOR('',#3642,1.);
#3642 = DIRECTION('',(0.,-1.));
#3643 = ( GEOMETRIC_REPRESENTATION_CONTEXT(2) 
PARAMETRIC_REPRESENTATION_CONTEXT() REPRESENTATION_CONTEXT('2D SPACE',''
  ) );
#3644 = PCURVE('',#3645,#3650);
#3645 = CYLINDRICAL_SURFACE('',#3646,10.392875);
#3646 = AXIS2_PLACEMENT_3D('',#3647,#3648,#3649);
#3647 = CARTESIAN_POINT('',(-10.09200988232,-27.22395918313,0.));
#3648 = DIRECTION('',(0.,0.,-1.));
#3649 = DIRECTION('',(-0.549508978071,0.835487811413,0.));
#3650 = DEFINITIONAL_REPRESENTATION('',(#3651),#3655);
#3651 = LINE('',#3652,#3653);
#3652 = CARTESIAN_POINT('',(0.232710566933,0.));
#3653 = VECTOR('',#3654,1.);
#3654 = DIRECTION('',(0.,-1.));
#3655 = ( GEOMETRIC_REPRESENTATION_CONTEXT(2) 
PARAMETRIC_REPRESENTATION_CONTEXT() REPRESENTATION_CONTEXT('2D SPACE',''
  ) );
#3656 = ORIENTED_EDGE('',*,*,#3657,.T.);
#3657 = EDGE_CURVE('',#3630,#3658,#3660,.T.);
#3658 = VERTEX_POINT('',#3659);
#3659 = CARTESIAN_POINT('',(-12.30262525548,-17.21479419875,
    7.199999109273));
#3660 = SURFACE_CURVE('',#3661,(#3669,#3680),.PCURVE_S1.);
#3661 = B_SPLINE_CURVE_WITH_KNOTS('',6,(#3662,#3663,#3664,#3665,#3666,
    #3667,#3668),.UNSPECIFIED.,.F.,.F.,(7,7),(0.,1.),
  .PIECEWISE_BEZIER_KNOTS.);
#3662 = CARTESIAN_POINT('',(-13.64658247938,-17.45785123688,
    7.161045598658));
#3663 = CARTESIAN_POINT('',(-13.43231350969,-17.37986370979,
    7.175774117641));
#3664 = CARTESIAN_POINT('',(-13.21226912539,-17.31623787563,
    7.186497847051));
#3665 = CARTESIAN_POINT('',(-12.98786420965,-17.26762771124,
    7.193656197748));
#3666 = CARTESIAN_POINT('',(-12.76052165508,-17.23441891159,
    7.197847622458));
#3667 = CARTESIAN_POINT('',(-12.53164818828,-17.21680274736,
    7.199744671656));
#3668 = CARTESIAN_POINT('',(-12.30262525548,-17.21479419875,
    7.199999109273));
#3669 = PCURVE('',#657,#3670);
#3670 = DEFINITIONAL_REPRESENTATION('',(#3671),#3679);
#3671 = B_SPLINE_CURVE_WITH_KNOTS('',6,(#3672,#3673,#3674,#3675,#3676,
    #3677,#3678),.UNSPECIFIED.,.F.,.F.,(7,7),(0.,1.),
  .PIECEWISE_BEZIER_KNOTS.);
#3672 = CARTESIAN_POINT('',(0.,-7.161045598658));
#3673 = CARTESIAN_POINT('',(5.654037749058E-02,-7.175774117641));
#3674 = CARTESIAN_POINT('',(0.113208469645,-7.186497847051));
#3675 = CARTESIAN_POINT('',(0.169944605064,-7.193656197748));
#3676 = CARTESIAN_POINT('',(0.2267167755,-7.197847622458));
#3677 = CARTESIAN_POINT('',(0.283504816357,-7.199744671656));
#3678 = CARTESIAN_POINT('',(0.340295998873,-7.199999109273));
#3679 = ( GEOMETRIC_REPRESENTATION_CONTEXT(2) 
PARAMETRIC_REPRESENTATION_CONTEXT() REPRESENTATION_CONTEXT('2D SPACE',''
  ) );
#3680 = PCURVE('',#3681,#3686);
#3681 = TOROIDAL_SURFACE('',#3682,21.133528417785,13.5);
#3682 = AXIS2_PLACEMENT_3D('',#3683,#3684,#3685);
#3683 = CARTESIAN_POINT('',(0.,0.,-6.299976841109));
#3684 = DIRECTION('',(0.,0.,1.));
#3685 = DIRECTION('',(1.,0.,-0.));
#3686 = DEFINITIONAL_REPRESENTATION('',(#3687),#3695);
#3687 = B_SPLINE_CURVE_WITH_KNOTS('',6,(#3688,#3689,#3690,#3691,#3692,
    #3693,#3694),.UNSPECIFIED.,.F.,.F.,(7,7),(0.,1.),
  .PIECEWISE_BEZIER_KNOTS.);
#3688 = CARTESIAN_POINT('',(4.048914422752,1.494788207479));
#3689 = CARTESIAN_POINT('',(4.054365300661,1.509155785833));
#3690 = CARTESIAN_POINT('',(4.060534865674,1.522869464914));
#3691 = CARTESIAN_POINT('',(4.067410024251,1.535808097631));
#3692 = CARTESIAN_POINT('',(4.074961884666,1.547860446692));
#3693 = CARTESIAN_POINT('',(4.083144491109,1.558923818305));
#3694 = CARTESIAN_POINT('',(4.091895528891,1.568908760277));
#3695 = ( GEOMETRIC_REPRESENTATION_CONTEXT(2) 
PARAMETRIC_REPRESENTATION_CONTEXT() REPRESENTATION_CONTEXT('2D SPACE',''
  ) );
#3696 = ORIENTED_EDGE('',*,*,#3697,.T.);
#3697 = EDGE_CURVE('',#3658,#3698,#3700,.T.);
#3698 = VERTEX_POINT('',#3699);
#3699 = CARTESIAN_POINT('',(-12.3010212341,-17.21478045038,7.2));
#3700 = SURFACE_CURVE('',#3701,(#3710,#3722),.PCURVE_S1.);
#3701 = B_SPLINE_CURVE_WITH_KNOTS('',4,(#3702,#3703,#3704,#3705,#3706,
    #3707,#3708,#3709),.UNSPECIFIED.,.F.,.F.,(5,3,5),(0.,0.405966904147,
    1.),.UNSPECIFIED.);
#3702 = CARTESIAN_POINT('',(-12.30262525548,-17.21479419875,
    7.199999109273));
#3703 = CARTESIAN_POINT('',(-12.30246249006,-17.21479277128,
    7.199999290101));
#3704 = CARTESIAN_POINT('',(-12.30229971663,-17.21479135251,
    7.199999446448));
#3705 = CARTESIAN_POINT('',(-12.30213693522,-17.21478994242,
    7.19999957832));
#3706 = CARTESIAN_POINT('',(-12.30173594347,-17.21478649044,
    7.199999842873));
#3707 = CARTESIAN_POINT('',(-12.30149772403,-17.21478445847,
    7.199999947628));
#3708 = CARTESIAN_POINT('',(-12.30125948756,-17.21478244511,7.2));
#3709 = CARTESIAN_POINT('',(-12.3010212341,-17.21478045038,7.2));
#3710 = PCURVE('',#657,#3711);
#3711 = DEFINITIONAL_REPRESENTATION('',(#3712),#3721);
#3712 = B_SPLINE_CURVE_WITH_KNOTS('',4,(#3713,#3714,#3715,#3716,#3717,
    #3718,#3719,#3720),.UNSPECIFIED.,.F.,.F.,(5,3,5),(0.,0.405966904147,
    1.),.UNSPECIFIED.);
#3713 = CARTESIAN_POINT('',(0.340295998873,-7.199999109273));
#3714 = CARTESIAN_POINT('',(0.340336360076,-7.199999290101));
#3715 = CARTESIAN_POINT('',(0.340376723243,-7.199999446448));
#3716 = CARTESIAN_POINT('',(0.340417088371,-7.19999957832));
#3717 = CARTESIAN_POINT('',(0.340516522797,-7.199999842873));
#3718 = CARTESIAN_POINT('',(0.340575594329,-7.199999947628));
#3719 = CARTESIAN_POINT('',(0.340634670045,-7.2));
#3720 = CARTESIAN_POINT('',(0.340693749934,-7.2));
#3721 = ( GEOMETRIC_REPRESENTATION_CONTEXT(2) 
PARAMETRIC_REPRESENTATION_CONTEXT() REPRESENTATION_CONTEXT('2D SPACE',''
  ) );
#3722 = PCURVE('',#3723,#3728);
#3723 = TOROIDAL_SURFACE('',#3724,21.158066767946,0.500000001594);
#3724 = AXIS2_PLACEMENT_3D('',#3725,#3726,#3727);
#3725 = CARTESIAN_POINT('',(0.,0.,6.699999998406));
#3726 = DIRECTION('',(0.,0.,1.));
#3727 = DIRECTION('',(1.,0.,-0.));
#3728 = DEFINITIONAL_REPRESENTATION('',(#3729),#3738);
#3729 = B_SPLINE_CURVE_WITH_KNOTS('',4,(#3730,#3731,#3732,#3733,#3734,
    #3735,#3736,#3737),.UNSPECIFIED.,.F.,.F.,(5,3,5),(0.,0.405966904147,
    1.),.UNSPECIFIED.);
#3730 = CARTESIAN_POINT('',(4.091895528891,1.568908760281));
#3731 = CARTESIAN_POINT('',(4.091901748208,1.569100358956));
#3732 = CARTESIAN_POINT('',(4.091907968148,1.569291950514));
#3733 = CARTESIAN_POINT('',(4.091914188708,1.569483534957));
#3734 = CARTESIAN_POINT('',(4.091929513062,1.569955438764));
#3735 = CARTESIAN_POINT('',(4.091938617564,1.570235750008));
#3736 = CARTESIAN_POINT('',(4.091947723394,1.570516046017));
#3737 = CARTESIAN_POINT('',(4.091956830549,1.570796326793));
#3738 = ( GEOMETRIC_REPRESENTATION_CONTEXT(2) 
PARAMETRIC_REPRESENTATION_CONTEXT() REPRESENTATION_CONTEXT('2D SPACE',''
  ) );
#3739 = ORIENTED_EDGE('',*,*,#3740,.T.);
#3740 = EDGE_CURVE('',#3698,#3741,#3743,.T.);
#3741 = VERTEX_POINT('',#3742);
#3742 = CARTESIAN_POINT('',(-8.757926573552,-19.26038710642,7.2));
#3743 = SURFACE_CURVE('',#3744,(#3749,#3756),.PCURVE_S1.);
#3744 = CIRCLE('',#3745,4.032875);
#3745 = AXIS2_PLACEMENT_3D('',#3746,#3747,#3748);
#3746 = CARTESIAN_POINT('',(-12.26725799387,-21.24751411494,7.2));
#3747 = DIRECTION('',(0.,0.,-1.));
#3748 = DIRECTION('',(-0.342020143326,0.939692620786,0.));
#3749 = PCURVE('',#657,#3750);
#3750 = DEFINITIONAL_REPRESENTATION('',(#3751),#3755);
#3751 = LINE('',#3752,#3753);
#3752 = CARTESIAN_POINT('',(0.,-7.2));
#3753 = VECTOR('',#3754,1.);
#3754 = DIRECTION('',(1.,0.));
#3755 = ( GEOMETRIC_REPRESENTATION_CONTEXT(2) 
PARAMETRIC_REPRESENTATION_CONTEXT() REPRESENTATION_CONTEXT('2D SPACE',''
  ) );
#3756 = PCURVE('',#1171,#3757);
#3757 = DEFINITIONAL_REPRESENTATION('',(#3758),#3766);
#3758 = ( BOUNDED_CURVE() B_SPLINE_CURVE(2,(#3759,#3760,#3761,#3762,
#3763,#3764,#3765),.UNSPECIFIED.,.T.,.F.) B_SPLINE_CURVE_WITH_KNOTS((1,2
    ,2,2,2,1),(-2.094395102393,0.,2.094395102393,4.188790204786,
6.28318530718,8.377580409573),.UNSPECIFIED.) CURVE() 
GEOMETRIC_REPRESENTATION_ITEM() RATIONAL_B_SPLINE_CURVE((1.,0.5,1.,0.5,
1.,0.5,1.)) REPRESENTATION_ITEM('') );
#3759 = CARTESIAN_POINT('',(-13.64658247938,-17.45785123688));
#3760 = CARTESIAN_POINT('',(-7.082693831042,-15.06879114785));
#3761 = CARTESIAN_POINT('',(-8.295651426942,-21.94781550944));
#3762 = CARTESIAN_POINT('',(-9.508609022842,-28.82683987104));
#3763 = CARTESIAN_POINT('',(-14.85954007528,-24.33687559848));
#3764 = CARTESIAN_POINT('',(-20.21047112772,-19.84691132592));
#3765 = CARTESIAN_POINT('',(-13.64658247938,-17.45785123688));
#3766 = ( GEOMETRIC_REPRESENTATION_CONTEXT(2) 
PARAMETRIC_REPRESENTATION_CONTEXT() REPRESENTATION_CONTEXT('2D SPACE',''
  ) );
#3767 = ORIENTED_EDGE('',*,*,#3768,.F.);
#3768 = EDGE_CURVE('',#3769,#3741,#3771,.T.);
#3769 = VERTEX_POINT('',#3770);
#3770 = CARTESIAN_POINT('',(-8.757136469295,-19.26178310386,
    7.199999109273));
#3771 = SURFACE_CURVE('',#3772,(#3784,#3799),.PCURVE_S1.);
#3772 = B_SPLINE_CURVE_WITH_KNOTS('',4,(#3773,#3774,#3775,#3776,#3777,
    #3778,#3779,#3780,#3781,#3782,#3783),.UNSPECIFIED.,.F.,.F.,(5,3,3,5)
  ,(0.,0.335969383085,0.741973726301,1.),.UNSPECIFIED.);
#3773 = CARTESIAN_POINT('',(-8.757136469295,-19.26178310386,
    7.199999109273));
#3774 = CARTESIAN_POINT('',(-8.75720279679,-19.26166585859,
    7.199999258922));
#3775 = CARTESIAN_POINT('',(-8.757269132177,-19.26154861156,
    7.199999391805));
#3776 = CARTESIAN_POINT('',(-8.757335475454,-19.26143136276,
    7.199999507924));
#3777 = CARTESIAN_POINT('',(-8.757482009107,-19.26117242003,
    7.199999727352));
#3778 = CARTESIAN_POINT('',(-8.757562203114,-19.2610307253,
    7.199999822943));
#3779 = CARTESIAN_POINT('',(-8.757642408634,-19.26088902801,
    7.199999894061));
#3780 = CARTESIAN_POINT('',(-8.757773605665,-19.26065727428,
    7.199999970356));
#3781 = CARTESIAN_POINT('',(-8.757824590314,-19.26056721934,
    7.199999990119));
#3782 = CARTESIAN_POINT('',(-8.75787557961,-19.26047716339,7.2));
#3783 = CARTESIAN_POINT('',(-8.757926573553,-19.26038710642,7.2));
#3784 = PCURVE('',#657,#3785);
#3785 = DEFINITIONAL_REPRESENTATION('',(#3786),#3798);
#3786 = B_SPLINE_CURVE_WITH_KNOTS('',4,(#3787,#3788,#3789,#3790,#3791,
    #3792,#3793,#3794,#3795,#3796,#3797),.UNSPECIFIED.,.F.,.F.,(5,3,3,5)
  ,(0.,0.335969383085,0.741973726301,1.),.UNSPECIFIED.);
#3787 = CARTESIAN_POINT('',(1.405033253121,-7.199999109273));
#3788 = CARTESIAN_POINT('',(1.404999851067,-7.199999258922));
#3789 = CARTESIAN_POINT('',(1.404966447668,-7.199999391805));
#3790 = CARTESIAN_POINT('',(1.404933042925,-7.199999507924));
#3791 = CARTESIAN_POINT('',(1.404859267046,-7.199999727352));
#3792 = CARTESIAN_POINT('',(1.404818895291,-7.199999822943));
#3793 = CARTESIAN_POINT('',(1.404778521579,-7.199999894061));
#3794 = CARTESIAN_POINT('',(1.404712486133,-7.199999970356));
#3795 = CARTESIAN_POINT('',(1.404686825564,-7.199999990119));
#3796 = CARTESIAN_POINT('',(1.404661164206,-7.2));
#3797 = CARTESIAN_POINT('',(1.40463550206,-7.2));
#3798 = ( GEOMETRIC_REPRESENTATION_CONTEXT(2) 
PARAMETRIC_REPRESENTATION_CONTEXT() REPRESENTATION_CONTEXT('2D SPACE',''
  ) );
#3799 = PCURVE('',#2878,#3800);
#3800 = DEFINITIONAL_REPRESENTATION('',(#3801),#3813);
#3801 = B_SPLINE_CURVE_WITH_KNOTS('',4,(#3802,#3803,#3804,#3805,#3806,
    #3807,#3808,#3809,#3810,#3811,#3812),.UNSPECIFIED.,.F.,.F.,(5,3,3,5)
  ,(0.,0.335969383085,0.741973726301,1.),.UNSPECIFIED.);
#3802 = CARTESIAN_POINT('',(4.285684880682,1.568908760281));
#3803 = CARTESIAN_POINT('',(4.28567973371,1.569067323178));
#3804 = CARTESIAN_POINT('',(4.285674586312,1.569225881202));
#3805 = CARTESIAN_POINT('',(4.285669438489,1.569384434352));
#3806 = CARTESIAN_POINT('',(4.285658068808,1.569734581305));
#3807 = CARTESIAN_POINT('',(4.285651846754,1.569926172864));
#3808 = CARTESIAN_POINT('',(4.285645624079,1.570117757306));
#3809 = CARTESIAN_POINT('',(4.28563544572,1.570431086984));
#3810 = CARTESIAN_POINT('',(4.285631490405,1.570552836461));
#3811 = CARTESIAN_POINT('',(4.285627534839,1.570674583064));
#3812 = CARTESIAN_POINT('',(4.285623579023,1.570796326793));
#3813 = ( GEOMETRIC_REPRESENTATION_CONTEXT(2) 
PARAMETRIC_REPRESENTATION_CONTEXT() REPRESENTATION_CONTEXT('2D SPACE',''
  ) );
#3814 = ORIENTED_EDGE('',*,*,#3815,.F.);
#3815 = EDGE_CURVE('',#3816,#3769,#3818,.T.);
#3816 = VERTEX_POINT('',#3817);
#3817 = CARTESIAN_POINT('',(-8.295651426942,-20.54721272043,
    7.161045598658));
#3818 = SURFACE_CURVE('',#3819,(#3827,#3838),.PCURVE_S1.);
#3819 = B_SPLINE_CURVE_WITH_KNOTS('',6,(#3820,#3821,#3822,#3823,#3824,
    #3825,#3826),.UNSPECIFIED.,.F.,.F.,(7,7),(0.,1.),
  .PIECEWISE_BEZIER_KNOTS.);
#3820 = CARTESIAN_POINT('',(-8.295651426942,-20.54721272043,
    7.161045598658));
#3821 = CARTESIAN_POINT('',(-8.335246732411,-20.32265658542,
    7.175774119419));
#3822 = CARTESIAN_POINT('',(-8.390167334573,-20.10027964456,
    7.186497843162));
#3823 = CARTESIAN_POINT('',(-8.460272157222,-19.88163419973,
    7.193656201328));
#3824 = CARTESIAN_POINT('',(-8.545183768598,-19.66814537621,
    7.197847621094));
#3825 = CARTESIAN_POINT('',(-8.644364457253,-19.4611270556,
    7.199744671656));
#3826 = CARTESIAN_POINT('',(-8.757136469295,-19.26178310386,
    7.199999109273));
#3827 = PCURVE('',#657,#3828);
#3828 = DEFINITIONAL_REPRESENTATION('',(#3829),#3837);
#3829 = B_SPLINE_CURVE_WITH_KNOTS('',6,(#3830,#3831,#3832,#3833,#3834,
    #3835,#3836),.UNSPECIFIED.,.F.,.F.,(7,7),(0.,1.),
  .PIECEWISE_BEZIER_KNOTS.);
#3830 = CARTESIAN_POINT('',(1.745329251994,-7.161045598658));
#3831 = CARTESIAN_POINT('',(1.688788874378,-7.175774119419));
#3832 = CARTESIAN_POINT('',(1.632120783011,-7.186497843162));
#3833 = CARTESIAN_POINT('',(1.575384646303,-7.193656201328));
#3834 = CARTESIAN_POINT('',(1.518612476926,-7.197847621094));
#3835 = CARTESIAN_POINT('',(1.461824435519,-7.199744671656));
#3836 = CARTESIAN_POINT('',(1.405033253121,-7.199999109273));
#3837 = ( GEOMETRIC_REPRESENTATION_CONTEXT(2) 
PARAMETRIC_REPRESENTATION_CONTEXT() REPRESENTATION_CONTEXT('2D SPACE',''
  ) );
#3838 = PCURVE('',#2830,#3839);
#3839 = DEFINITIONAL_REPRESENTATION('',(#3840),#3848);
#3840 = B_SPLINE_CURVE_WITH_KNOTS('',6,(#3841,#3842,#3843,#3844,#3845,
    #3846,#3847),.UNSPECIFIED.,.F.,.F.,(7,7),(0.,1.),
  .PIECEWISE_BEZIER_KNOTS.);
#3841 = CARTESIAN_POINT('',(4.328665977062,1.494788198008));
#3842 = CARTESIAN_POINT('',(4.32321509908,1.509155776309));
#3843 = CARTESIAN_POINT('',(4.317045584137,1.522869503792));
#3844 = CARTESIAN_POINT('',(4.310170342327,1.535808056066));
#3845 = CARTESIAN_POINT('',(4.302618542405,1.547860463549));
#3846 = CARTESIAN_POINT('',(4.294435918445,1.558923818326));
#3847 = CARTESIAN_POINT('',(4.285684880682,1.568908760277));
#3848 = ( GEOMETRIC_REPRESENTATION_CONTEXT(2) 
PARAMETRIC_REPRESENTATION_CONTEXT() REPRESENTATION_CONTEXT('2D SPACE',''
  ) );
#3849 = ORIENTED_EDGE('',*,*,#3850,.F.);
#3850 = EDGE_CURVE('',#3851,#3816,#3853,.T.);
#3851 = VERTEX_POINT('',#3852);
#3852 = CARTESIAN_POINT('',(-8.295651426942,-20.54721272043,
    3.895440134219E-02));
#3853 = SURFACE_CURVE('',#3854,(#3858,#3865),.PCURVE_S1.);
#3854 = LINE('',#3855,#3856);
#3855 = CARTESIAN_POINT('',(-8.295651426942,-20.54721272043,0.));
#3856 = VECTOR('',#3857,1.);
#3857 = DIRECTION('',(0.,0.,1.));
#3858 = PCURVE('',#657,#3859);
#3859 = DEFINITIONAL_REPRESENTATION('',(#3860),#3864);
#3860 = LINE('',#3861,#3862);
#3861 = CARTESIAN_POINT('',(1.745329251994,0.));
#3862 = VECTOR('',#3863,1.);
#3863 = DIRECTION('',(0.,-1.));
#3864 = ( GEOMETRIC_REPRESENTATION_CONTEXT(2) 
PARAMETRIC_REPRESENTATION_CONTEXT() REPRESENTATION_CONTEXT('2D SPACE',''
  ) );
#3865 = PCURVE('',#3866,#3871);
#3866 = CYLINDRICAL_SURFACE('',#3867,10.392875);
#3867 = AXIS2_PLACEMENT_3D('',#3868,#3869,#3870);
#3868 = CARTESIAN_POINT('',(-18.53063530302,-22.3519165249,0.));
#3869 = DIRECTION('',(0.,0.,-1.));
#3870 = DIRECTION('',(0.984807753012,0.173648177667,0.));
#3871 = DEFINITIONAL_REPRESENTATION('',(#3872),#3876);
#3872 = LINE('',#3873,#3874);
#3873 = CARTESIAN_POINT('',(0.,0.));
#3874 = VECTOR('',#3875,1.);
#3875 = DIRECTION('',(0.,-1.));
#3876 = ( GEOMETRIC_REPRESENTATION_CONTEXT(2) 
PARAMETRIC_REPRESENTATION_CONTEXT() REPRESENTATION_CONTEXT('2D SPACE',''
  ) );
#3877 = ORIENTED_EDGE('',*,*,#3878,.F.);
#3878 = EDGE_CURVE('',#3469,#3851,#3879,.T.);
#3879 = SURFACE_CURVE('',#3880,(#3888,#3899),.PCURVE_S1.);
#3880 = B_SPLINE_CURVE_WITH_KNOTS('',6,(#3881,#3882,#3883,#3884,#3885,
    #3886,#3887),.UNSPECIFIED.,.F.,.F.,(7,7),(0.,1.),
  .PIECEWISE_BEZIER_KNOTS.);
#3881 = CARTESIAN_POINT('',(-8.757136469295,-19.26178310386,
    8.907265733882E-07));
#3882 = CARTESIAN_POINT('',(-8.644364456878,-19.46112705627,
    2.553283448085E-04));
#3883 = CARTESIAN_POINT('',(-8.545183769123,-19.66814537512,
    2.152377550285E-03));
#3884 = CARTESIAN_POINT('',(-8.460272155683,-19.88163420325,
    6.343802256683E-03));
#3885 = CARTESIAN_POINT('',(-8.390167335181,-20.10027964363,
    1.350215302691E-02));
#3886 = CARTESIAN_POINT('',(-8.33524673202,-20.3226565866,
    2.422588240539E-02));
#3887 = CARTESIAN_POINT('',(-8.295651426942,-20.54721272043,
    3.895440134219E-02));
#3888 = PCURVE('',#657,#3889);
#3889 = DEFINITIONAL_REPRESENTATION('',(#3890),#3898);
#3890 = B_SPLINE_CURVE_WITH_KNOTS('',6,(#3891,#3892,#3893,#3894,#3895,
    #3896,#3897),.UNSPECIFIED.,.F.,.F.,(7,7),(0.,1.),
  .PIECEWISE_BEZIER_KNOTS.);
#3891 = CARTESIAN_POINT('',(1.405033253121,-8.907265733882E-07));
#3892 = CARTESIAN_POINT('',(1.461824435707,-2.553283448085E-04));
#3893 = CARTESIAN_POINT('',(1.518612476623,-2.152377550286E-03));
#3894 = CARTESIAN_POINT('',(1.575384647252,-6.34380225668E-03));
#3895 = CARTESIAN_POINT('',(1.632120782749,-1.350215302691E-02));
#3896 = CARTESIAN_POINT('',(1.688788874682,-2.422588240539E-02));
#3897 = CARTESIAN_POINT('',(1.745329251994,-3.895440134219E-02));
#3898 = ( GEOMETRIC_REPRESENTATION_CONTEXT(2) 
PARAMETRIC_REPRESENTATION_CONTEXT() REPRESENTATION_CONTEXT('2D SPACE',''
  ) );
#3899 = PCURVE('',#2762,#3900);
#3900 = DEFINITIONAL_REPRESENTATION('',(#3901),#3909);
#3901 = B_SPLINE_CURVE_WITH_KNOTS('',6,(#3902,#3903,#3904,#3905,#3906,
    #3907,#3908),.UNSPECIFIED.,.F.,.F.,(7,7),(0.,1.),
  .PIECEWISE_BEZIER_KNOTS.);
#3902 = CARTESIAN_POINT('',(4.285684880682,4.714276546903));
#3903 = CARTESIAN_POINT('',(4.294435918474,4.724261488886));
#3904 = CARTESIAN_POINT('',(4.302618524927,4.735324860512));
#3905 = CARTESIAN_POINT('',(4.310170385365,4.747377209614));
#3906 = CARTESIAN_POINT('',(4.317045543944,4.760315842363));
#3907 = CARTESIAN_POINT('',(4.323215108929,4.774029521392));
#3908 = CARTESIAN_POINT('',(4.328665986821,4.7883970997));
#3909 = ( GEOMETRIC_REPRESENTATION_CONTEXT(2) 
PARAMETRIC_REPRESENTATION_CONTEXT() REPRESENTATION_CONTEXT('2D SPACE',''
  ) );
#3910 = ORIENTED_EDGE('',*,*,#3492,.F.);
#3911 = ORIENTED_EDGE('',*,*,#636,.F.);
#3912 = ORIENTED_EDGE('',*,*,#3913,.T.);
#3913 = EDGE_CURVE('',#608,#3588,#3914,.T.);
#3914 = SURFACE_CURVE('',#3915,(#3927,#3942),.PCURVE_S1.);
#3915 = B_SPLINE_CURVE_WITH_KNOTS('',4,(#3916,#3917,#3918,#3919,#3920,
    #3921,#3922,#3923,#3924,#3925,#3926),.UNSPECIFIED.,.F.,.F.,(5,3,3,5)
  ,(0.,0.360031620265,0.735026728958,1.),.UNSPECIFIED.);
#3916 = CARTESIAN_POINT('',(-12.3010212341,-17.21478045038,0.));
#3917 = CARTESIAN_POINT('',(-12.30116563478,-17.21478165935,
    3.076334033083E-17));
#3918 = CARTESIAN_POINT('',(-12.30131002921,-17.21478287515,
    1.923779855221E-08));
#3919 = CARTESIAN_POINT('',(-12.30145441739,-17.2147840978,
    5.771624730175E-08));
#3920 = CARTESIAN_POINT('',(-12.30174918198,-17.21478660788,
    1.755591571104E-07));
#3921 = CARTESIAN_POINT('',(-12.30189955786,-17.21478789588,
    2.565564396837E-07));
#3922 = CARTESIAN_POINT('',(-12.30204992694,-17.21478919131,
    3.584332596649E-07));
#3923 = CARTESIAN_POINT('',(-12.30230653588,-17.21479141475,
    5.679353081627E-07));
#3924 = CARTESIAN_POINT('',(-12.30241277915,-17.21479233904,
    6.651043360704E-07));
#3925 = CARTESIAN_POINT('',(-12.30251901902,-17.21479326704,
    7.727010475982E-07));
#3926 = CARTESIAN_POINT('',(-12.30262525548,-17.21479419875,
    8.907265751645E-07));
#3927 = PCURVE('',#657,#3928);
#3928 = DEFINITIONAL_REPRESENTATION('',(#3929),#3941);
#3929 = B_SPLINE_CURVE_WITH_KNOTS('',4,(#3930,#3931,#3932,#3933,#3934,
    #3935,#3936,#3937,#3938,#3939,#3940),.UNSPECIFIED.,.F.,.F.,(5,3,3,5)
  ,(0.,0.360031620265,0.735026728958,1.),.UNSPECIFIED.);
#3930 = CARTESIAN_POINT('',(0.340693749934,0.));
#3931 = CARTESIAN_POINT('',(0.340657942791,-3.076338961133E-17));
#3932 = CARTESIAN_POINT('',(0.34062213718,-1.923779855221E-08));
#3933 = CARTESIAN_POINT('',(0.340586333105,-5.771624730175E-08));
#3934 = CARTESIAN_POINT('',(0.340513240019,-1.755591571104E-07));
#3935 = CARTESIAN_POINT('',(0.340475951139,-2.565564396837E-07));
#3936 = CARTESIAN_POINT('',(0.340438663929,-3.584332596649E-07));
#3937 = CARTESIAN_POINT('',(0.340375032258,-5.679353081627E-07));
#3938 = CARTESIAN_POINT('',(0.34034868696,-6.651043360704E-07));
#3939 = CARTESIAN_POINT('',(0.340322342498,-7.727010475982E-07));
#3940 = CARTESIAN_POINT('',(0.340295998873,-8.907265751645E-07));
#3941 = ( GEOMETRIC_REPRESENTATION_CONTEXT(2) 
PARAMETRIC_REPRESENTATION_CONTEXT() REPRESENTATION_CONTEXT('2D SPACE',''
  ) );
#3942 = PCURVE('',#624,#3943);
#3943 = DEFINITIONAL_REPRESENTATION('',(#3944),#3956);
#3944 = B_SPLINE_CURVE_WITH_KNOTS('',4,(#3945,#3946,#3947,#3948,#3949,
    #3950,#3951,#3952,#3953,#3954,#3955),.UNSPECIFIED.,.F.,.F.,(5,3,3,5)
  ,(0.,0.360031620265,0.735026728958,1.),.UNSPECIFIED.);
#3945 = CARTESIAN_POINT('',(4.091956830549,4.712388980385));
#3946 = CARTESIAN_POINT('',(4.091951310884,4.712558852978));
#3947 = CARTESIAN_POINT('',(4.091945791705,4.712728731166));
#3948 = CARTESIAN_POINT('',(4.091940273014,4.712898614951));
#3949 = CARTESIAN_POINT('',(4.091929007262,4.713245454586));
#3950 = CARTESIAN_POINT('',(4.091923260243,4.713422410911));
#3951 = CARTESIAN_POINT('',(4.091917513753,4.713599373307));
#3952 = CARTESIAN_POINT('',(4.09190770767,4.71390138851));
#3953 = CARTESIAN_POINT('',(4.091903647812,4.714026438276));
#3954 = CARTESIAN_POINT('',(4.091899588219,4.714151491073));
#3955 = CARTESIAN_POINT('',(4.091895528891,4.714276546902));
#3956 = ( GEOMETRIC_REPRESENTATION_CONTEXT(2) 
PARAMETRIC_REPRESENTATION_CONTEXT() REPRESENTATION_CONTEXT('2D SPACE',''
  ) );
#3957 = ADVANCED_FACE('',(#3958),#347,.F.);
#3958 = FACE_BOUND('',#3959,.F.);
#3959 = EDGE_LOOP('',(#3960,#3995,#4023,#4058,#4096,#4124,#4167,#4207,
    #4235,#4275,#4311,#4312));
#3960 = ORIENTED_EDGE('',*,*,#3961,.T.);
#3961 = EDGE_CURVE('',#3534,#3962,#3964,.T.);
#3962 = VERTEX_POINT('',#3963);
#3963 = CARTESIAN_POINT('',(3.089361483543,21.942233906328,
    3.895440134219E-02));
#3964 = SURFACE_CURVE('',#3965,(#3973,#3984),.PCURVE_S1.);
#3965 = B_SPLINE_CURVE_WITH_KNOTS('',6,(#3966,#3967,#3968,#3969,#3970,
    #3971,#3972),.UNSPECIFIED.,.F.,.F.,(7,7),(0.,1.),
  .PIECEWISE_BEZIER_KNOTS.);
#3966 = CARTESIAN_POINT('',(2.046988905117,21.059761724783,
    8.907265733882E-07));
#3967 = CARTESIAN_POINT('',(2.244324308907,21.176012645446,
    2.553283448086E-04));
#3968 = CARTESIAN_POINT('',(2.433726463494,21.305705424743,
    2.152377550282E-03));
#3969 = CARTESIAN_POINT('',(2.614006491876,21.44813636661,
    6.343802256687E-03));
#3970 = CARTESIAN_POINT('',(2.784041767546,21.602436462145,
    1.35021530269E-02));
#3971 = CARTESIAN_POINT('',(2.942792876561,21.767560242395,
    2.422588240539E-02));
#3972 = CARTESIAN_POINT('',(3.089361483543,21.942233906328,
    3.895440134219E-02));
#3973 = PCURVE('',#347,#3974);
#3974 = DEFINITIONAL_REPRESENTATION('',(#3975),#3983);
#3975 = B_SPLINE_CURVE_WITH_KNOTS('',6,(#3976,#3977,#3978,#3979,#3980,
    #3981,#3982),.UNSPECIFIED.,.F.,.F.,(7,7),(0.,1.),
  .PIECEWISE_BEZIER_KNOTS.);
#3976 = CARTESIAN_POINT('',(0.340295998873,-8.907265733882E-07));
#3977 = CARTESIAN_POINT('',(0.283504816287,-2.553283448086E-04));
#3978 = CARTESIAN_POINT('',(0.226716775371,-2.152377550284E-03));
#3979 = CARTESIAN_POINT('',(0.169944604742,-6.343802256681E-03));
#3980 = CARTESIAN_POINT('',(0.113208469246,-1.350215302691E-02));
#3981 = CARTESIAN_POINT('',(5.654037731205E-02,-2.422588240539E-02));
#3982 = CARTESIAN_POINT('',(0.,-3.895440134219E-02));
#3983 = ( GEOMETRIC_REPRESENTATION_CONTEXT(2) 
PARAMETRIC_REPRESENTATION_CONTEXT() REPRESENTATION_CONTEXT('2D SPACE',''
  ) );
#3984 = PCURVE('',#3418,#3985);
#3985 = DEFINITIONAL_REPRESENTATION('',(#3986),#3994);
#3986 = B_SPLINE_CURVE_WITH_KNOTS('',6,(#3987,#3988,#3989,#3990,#3991,
    #3992,#3993),.UNSPECIFIED.,.F.,.F.,(7,7),(0.,1.),
  .PIECEWISE_BEZIER_KNOTS.);
#3987 = CARTESIAN_POINT('',(1.473901650899,4.714276546903));
#3988 = CARTESIAN_POINT('',(1.465150613107,4.724261488886));
#3989 = CARTESIAN_POINT('',(1.456968006655,4.735324860512));
#3990 = CARTESIAN_POINT('',(1.449416146216,4.747377209614));
#3991 = CARTESIAN_POINT('',(1.442540987638,4.760315842363));
#3992 = CARTESIAN_POINT('',(1.436371422652,4.774029521392));
#3993 = CARTESIAN_POINT('',(1.43092054476,4.7883970997));
#3994 = ( GEOMETRIC_REPRESENTATION_CONTEXT(2) 
PARAMETRIC_REPRESENTATION_CONTEXT() REPRESENTATION_CONTEXT('2D SPACE',''
  ) );
#3995 = ORIENTED_EDGE('',*,*,#3996,.T.);
#3996 = EDGE_CURVE('',#3962,#3997,#3999,.T.);
#3997 = VERTEX_POINT('',#3998);
#3998 = CARTESIAN_POINT('',(3.089361483543,21.942233906328,
    7.161045598658));
#3999 = SURFACE_CURVE('',#4000,(#4004,#4011),.PCURVE_S1.);
#4000 = LINE('',#4001,#4002);
#4001 = CARTESIAN_POINT('',(3.089361483543,21.942233906328,0.));
#4002 = VECTOR('',#4003,1.);
#4003 = DIRECTION('',(0.,0.,1.));
#4004 = PCURVE('',#347,#4005);
#4005 = DEFINITIONAL_REPRESENTATION('',(#4006),#4010);
#4006 = LINE('',#4007,#4008);
#4007 = CARTESIAN_POINT('',(0.,0.));
#4008 = VECTOR('',#4009,1.);
#4009 = DIRECTION('',(0.,-1.));
#4010 = ( GEOMETRIC_REPRESENTATION_CONTEXT(2) 
PARAMETRIC_REPRESENTATION_CONTEXT() REPRESENTATION_CONTEXT('2D SPACE',''
  ) );
#4011 = PCURVE('',#4012,#4017);
#4012 = CYLINDRICAL_SURFACE('',#4013,10.392875);
#4013 = AXIS2_PLACEMENT_3D('',#4014,#4015,#4016);
#4014 = CARTESIAN_POINT('',(-4.872042658237,28.622645185349,0.));
#4015 = DIRECTION('',(0.,0.,-1.));
#4016 = DIRECTION('',(0.893632640323,-0.4487991802,0.));
#4017 = DEFINITIONAL_REPRESENTATION('',(#4018),#4022);
#4018 = LINE('',#4019,#4020);
#4019 = CARTESIAN_POINT('',(0.232710566933,0.));
#4020 = VECTOR('',#4021,1.);
#4021 = DIRECTION('',(0.,-1.));
#4022 = ( GEOMETRIC_REPRESENTATION_CONTEXT(2) 
PARAMETRIC_REPRESENTATION_CONTEXT() REPRESENTATION_CONTEXT('2D SPACE',''
  ) );
#4023 = ORIENTED_EDGE('',*,*,#4024,.T.);
#4024 = EDGE_CURVE('',#3997,#4025,#4027,.T.);
#4025 = VERTEX_POINT('',#4026);
#4026 = CARTESIAN_POINT('',(2.046988905117,21.059761724783,
    7.199999109273));
#4027 = SURFACE_CURVE('',#4028,(#4036,#4047),.PCURVE_S1.);
#4028 = B_SPLINE_CURVE_WITH_KNOTS('',6,(#4029,#4030,#4031,#4032,#4033,
    #4034,#4035),.UNSPECIFIED.,.F.,.F.,(7,7),(0.,1.),
  .PIECEWISE_BEZIER_KNOTS.);
#4029 = CARTESIAN_POINT('',(3.089361483543,21.942233906328,
    7.161045598658));
#4030 = CARTESIAN_POINT('',(2.942792876098,21.767560241843,
    7.175774117641));
#4031 = CARTESIAN_POINT('',(2.784041766414,21.60243646097,7.186497847051
    ));
#4032 = CARTESIAN_POINT('',(2.61400649084,21.448136365855,7.193656197748
    ));
#4033 = CARTESIAN_POINT('',(2.433726463047,21.305705424448,
    7.197847622458));
#4034 = CARTESIAN_POINT('',(2.244324308663,21.176012645302,
    7.199744671656));
#4035 = CARTESIAN_POINT('',(2.046988905117,21.059761724783,
    7.199999109273));
#4036 = PCURVE('',#347,#4037);
#4037 = DEFINITIONAL_REPRESENTATION('',(#4038),#4046);
#4038 = B_SPLINE_CURVE_WITH_KNOTS('',6,(#4039,#4040,#4041,#4042,#4043,
    #4044,#4045),.UNSPECIFIED.,.F.,.F.,(7,7),(0.,1.),
  .PIECEWISE_BEZIER_KNOTS.);
#4039 = CARTESIAN_POINT('',(0.,-7.161045598658));
#4040 = CARTESIAN_POINT('',(5.654037749058E-02,-7.175774117641));
#4041 = CARTESIAN_POINT('',(0.113208469645,-7.186497847051));
#4042 = CARTESIAN_POINT('',(0.169944605064,-7.193656197748));
#4043 = CARTESIAN_POINT('',(0.2267167755,-7.197847622458));
#4044 = CARTESIAN_POINT('',(0.283504816357,-7.199744671656));
#4045 = CARTESIAN_POINT('',(0.340295998873,-7.199999109273));
#4046 = ( GEOMETRIC_REPRESENTATION_CONTEXT(2) 
PARAMETRIC_REPRESENTATION_CONTEXT() REPRESENTATION_CONTEXT('2D SPACE',''
  ) );
#4047 = PCURVE('',#3350,#4048);
#4048 = DEFINITIONAL_REPRESENTATION('',(#4049),#4057);
#4049 = B_SPLINE_CURVE_WITH_KNOTS('',6,(#4050,#4051,#4052,#4053,#4054,
    #4055,#4056),.UNSPECIFIED.,.F.,.F.,(7,7),(0.,1.),
  .PIECEWISE_BEZIER_KNOTS.);
#4050 = CARTESIAN_POINT('',(1.43092054476,1.494788207479));
#4051 = CARTESIAN_POINT('',(1.436371422669,1.509155785833));
#4052 = CARTESIAN_POINT('',(1.442540987682,1.522869464914));
#4053 = CARTESIAN_POINT('',(1.449416146259,1.535808097631));
#4054 = CARTESIAN_POINT('',(1.456968006675,1.547860446692));
#4055 = CARTESIAN_POINT('',(1.465150613118,1.558923818305));
#4056 = CARTESIAN_POINT('',(1.473901650899,1.568908760277));
#4057 = ( GEOMETRIC_REPRESENTATION_CONTEXT(2) 
PARAMETRIC_REPRESENTATION_CONTEXT() REPRESENTATION_CONTEXT('2D SPACE',''
  ) );
#4058 = ORIENTED_EDGE('',*,*,#4059,.T.);
#4059 = EDGE_CURVE('',#4025,#4060,#4062,.T.);
#4060 = VERTEX_POINT('',#4061);
#4061 = CARTESIAN_POINT('',(2.045606656035,21.058947807659,7.2));
#4062 = SURFACE_CURVE('',#4063,(#4072,#4084),.PCURVE_S1.);
#4063 = B_SPLINE_CURVE_WITH_KNOTS('',4,(#4064,#4065,#4066,#4067,#4068,
    #4069,#4070,#4071),.UNSPECIFIED.,.F.,.F.,(5,3,5),(0.,0.419966569717,
    1.),.UNSPECIFIED.);
#4064 = CARTESIAN_POINT('',(2.046988905117,21.059761724783,
    7.199999109273));
#4065 = CARTESIAN_POINT('',(2.046843823532,21.059676256755,
    7.199999296337));
#4066 = CARTESIAN_POINT('',(2.046698729887,21.059590792502,
    7.199999457203));
#4067 = CARTESIAN_POINT('',(2.046553624191,21.059505332032,
    7.199999591875));
#4068 = CARTESIAN_POINT('',(2.046208078271,21.059301847557,
    7.199999850192));
#4069 = CARTESIAN_POINT('',(2.04600762712,21.059183826992,7.199999950068
    ));
#4070 = CARTESIAN_POINT('',(2.045807153032,21.059065813685,7.2));
#4071 = CARTESIAN_POINT('',(2.045606656035,21.058947807659,7.2));
#4072 = PCURVE('',#347,#4073);
#4073 = DEFINITIONAL_REPRESENTATION('',(#4074),#4083);
#4074 = B_SPLINE_CURVE_WITH_KNOTS('',4,(#4075,#4076,#4077,#4078,#4079,
    #4080,#4081,#4082),.UNSPECIFIED.,.F.,.F.,(5,3,5),(0.,0.419966569717,
    1.),.UNSPECIFIED.);
#4075 = CARTESIAN_POINT('',(0.340295998873,-7.199999109273));
#4076 = CARTESIAN_POINT('',(0.340337751922,-7.199999296337));
#4077 = CARTESIAN_POINT('',(0.340379507073,-7.199999457203));
#4078 = CARTESIAN_POINT('',(0.340421264322,-7.199999591875));
#4079 = CARTESIAN_POINT('',(0.340520699246,-7.199999850192));
#4080 = CARTESIAN_POINT('',(0.340578378824,-7.199999950068));
#4081 = CARTESIAN_POINT('',(0.340636062389,-7.2));
#4082 = CARTESIAN_POINT('',(0.340693749934,-7.2));
#4083 = ( GEOMETRIC_REPRESENTATION_CONTEXT(2) 
PARAMETRIC_REPRESENTATION_CONTEXT() REPRESENTATION_CONTEXT('2D SPACE',''
  ) );
#4084 = PCURVE('',#3309,#4085);
#4085 = DEFINITIONAL_REPRESENTATION('',(#4086),#4095);
#4086 = B_SPLINE_CURVE_WITH_KNOTS('',4,(#4087,#4088,#4089,#4090,#4091,
    #4092,#4093,#4094),.UNSPECIFIED.,.F.,.F.,(5,3,5),(0.,0.419966569717,
    1.),.UNSPECIFIED.);
#4087 = CARTESIAN_POINT('',(1.473901650899,1.568908760281));
#4088 = CARTESIAN_POINT('',(1.473908084689,1.569106966187));
#4089 = CARTESIAN_POINT('',(1.473914519143,1.569305164478));
#4090 = CARTESIAN_POINT('',(1.473920954262,1.569503355154));
#4091 = CARTESIAN_POINT('',(1.473936278774,1.569975257148));
#4092 = CARTESIAN_POINT('',(1.47394516877,1.570248961554));
#4093 = CARTESIAN_POINT('',(1.473954060032,1.570522651436));
#4094 = CARTESIAN_POINT('',(1.473962952558,1.570796326793));
#4095 = ( GEOMETRIC_REPRESENTATION_CONTEXT(2) 
PARAMETRIC_REPRESENTATION_CONTEXT() REPRESENTATION_CONTEXT('2D SPACE',''
  ) );
#4096 = ORIENTED_EDGE('',*,*,#4097,.T.);
#4097 = EDGE_CURVE('',#4060,#4098,#4100,.T.);
#4098 = VERTEX_POINT('',#4099);
#4099 = CARTESIAN_POINT('',(-2.045606656035,21.058947807659,7.2));
#4100 = SURFACE_CURVE('',#4101,(#4106,#4113),.PCURVE_S1.);
#4101 = CIRCLE('',#4102,4.032875);
#4102 = AXIS2_PLACEMENT_3D('',#4103,#4104,#4105);
#4103 = CARTESIAN_POINT('',(1.221245327088E-15,24.534515987742,7.2));
#4104 = DIRECTION('',(-0.,0.,-1.));
#4105 = DIRECTION('',(0.766044443119,-0.642787609687,-0.));
#4106 = PCURVE('',#347,#4107);
#4107 = DEFINITIONAL_REPRESENTATION('',(#4108),#4112);
#4108 = LINE('',#4109,#4110);
#4109 = CARTESIAN_POINT('',(0.,-7.2));
#4110 = VECTOR('',#4111,1.);
#4111 = DIRECTION('',(1.,0.));
#4112 = ( GEOMETRIC_REPRESENTATION_CONTEXT(2) 
PARAMETRIC_REPRESENTATION_CONTEXT() REPRESENTATION_CONTEXT('2D SPACE',''
  ) );
#4113 = PCURVE('',#1171,#4114);
#4114 = DEFINITIONAL_REPRESENTATION('',(#4115),#4123);
#4115 = ( BOUNDED_CURVE() B_SPLINE_CURVE(2,(#4116,#4117,#4118,#4119,
#4120,#4121,#4122),.UNSPECIFIED.,.T.,.F.) B_SPLINE_CURVE_WITH_KNOTS((1,2
    ,2,2,2,1),(-2.094395102393,0.,2.094395102393,4.188790204786,
6.28318530718,8.377580409573),.UNSPECIFIED.) CURVE() 
GEOMETRIC_REPRESENTATION_ITEM() RATIONAL_B_SPLINE_CURVE((1.,0.5,1.,0.5,
1.,0.5,1.)) REPRESENTATION_ITEM('') );
#4116 = CARTESIAN_POINT('',(3.089361483543,21.942233906328));
#4117 = CARTESIAN_POINT('',(-1.400602789017,16.591302853884));
#4118 = CARTESIAN_POINT('',(-3.789662878052,23.155191502228));
#4119 = CARTESIAN_POINT('',(-6.178722967087,29.719080150572));
#4120 = CARTESIAN_POINT('',(0.700301394509,28.506122554671));
#4121 = CARTESIAN_POINT('',(7.579325756104,27.293164958771));
#4122 = CARTESIAN_POINT('',(3.089361483543,21.942233906328));
#4123 = ( GEOMETRIC_REPRESENTATION_CONTEXT(2) 
PARAMETRIC_REPRESENTATION_CONTEXT() REPRESENTATION_CONTEXT('2D SPACE',''
  ) );
#4124 = ORIENTED_EDGE('',*,*,#4125,.F.);
#4125 = EDGE_CURVE('',#4126,#4098,#4128,.T.);
#4126 = VERTEX_POINT('',#4127);
#4127 = CARTESIAN_POINT('',(-2.046988905117,21.059761724783,
    7.199999109273));
#4128 = SURFACE_CURVE('',#4129,(#4138,#4150),.PCURVE_S1.);
#4129 = B_SPLINE_CURVE_WITH_KNOTS('',4,(#4130,#4131,#4132,#4133,#4134,
    #4135,#4136,#4137),.UNSPECIFIED.,.F.,.F.,(5,3,5),(0.,0.587966752813,
    1.),.UNSPECIFIED.);
#4130 = CARTESIAN_POINT('',(-2.046988905117,21.059761724783,
    7.199999109273));
#4131 = CARTESIAN_POINT('',(-2.046785786216,21.059642066785,
    7.199999371168));
#4132 = CARTESIAN_POINT('',(-2.046582643674,21.059522416187,
    7.199999581713));
#4133 = CARTESIAN_POINT('',(-2.046379477522,21.059402773011,
    7.199999740921));
#4134 = CARTESIAN_POINT('',(-2.04603389721,21.059199299382,
    7.199999924407));
#4135 = CARTESIAN_POINT('',(-2.045891495052,21.059115465139,
    7.199999974804));
#4136 = CARTESIAN_POINT('',(-2.045749081324,21.059031634562,7.2));
#4137 = CARTESIAN_POINT('',(-2.045606656035,21.058947807659,7.2));
#4138 = PCURVE('',#347,#4139);
#4139 = DEFINITIONAL_REPRESENTATION('',(#4140),#4149);
#4140 = B_SPLINE_CURVE_WITH_KNOTS('',4,(#4141,#4142,#4143,#4144,#4145,
    #4146,#4147,#4148),.UNSPECIFIED.,.F.,.F.,(5,3,5),(0.,0.587966752813,
    1.),.UNSPECIFIED.);
#4141 = CARTESIAN_POINT('',(1.405033253121,-7.199999109273));
#4142 = CARTESIAN_POINT('',(1.404974797505,-7.199999371168));
#4143 = CARTESIAN_POINT('',(1.404916337769,-7.199999581713));
#4144 = CARTESIAN_POINT('',(1.404857873923,-7.199999740921));
#4145 = CARTESIAN_POINT('',(1.404758433015,-7.199999924407));
#4146 = CARTESIAN_POINT('',(1.40471745804,-7.199999974804));
#4147 = CARTESIAN_POINT('',(1.404676481054,-7.2));
#4148 = CARTESIAN_POINT('',(1.40463550206,-7.2));
#4149 = ( GEOMETRIC_REPRESENTATION_CONTEXT(2) 
PARAMETRIC_REPRESENTATION_CONTEXT() REPRESENTATION_CONTEXT('2D SPACE',''
  ) );
#4150 = PCURVE('',#4151,#4156);
#4151 = TOROIDAL_SURFACE('',#4152,21.158066767946,0.500000001594);
#4152 = AXIS2_PLACEMENT_3D('',#4153,#4154,#4155);
#4153 = CARTESIAN_POINT('',(0.,0.,6.699999998406));
#4154 = DIRECTION('',(0.,0.,1.));
#4155 = DIRECTION('',(1.,0.,-0.));
#4156 = DEFINITIONAL_REPRESENTATION('',(#4157),#4166);
#4157 = B_SPLINE_CURVE_WITH_KNOTS('',4,(#4158,#4159,#4160,#4161,#4162,
    #4163,#4164,#4165),.UNSPECIFIED.,.F.,.F.,(5,3,5),(0.,0.587966752813,
    1.),.UNSPECIFIED.);
#4158 = CARTESIAN_POINT('',(1.667691002691,1.568908760281));
#4159 = CARTESIAN_POINT('',(1.667681995178,1.569186254947));
#4160 = CARTESIAN_POINT('',(1.667672986362,1.569463734687));
#4161 = CARTESIAN_POINT('',(1.667663976243,1.569741199501));
#4162 = CARTESIAN_POINT('',(1.667648649834,1.570213079735));
#4163 = CARTESIAN_POINT('',(1.667642334205,1.57040750275));
#4164 = CARTESIAN_POINT('',(1.667636017937,1.570601918436));
#4165 = CARTESIAN_POINT('',(1.667629701032,1.570796326793));
#4166 = ( GEOMETRIC_REPRESENTATION_CONTEXT(2) 
PARAMETRIC_REPRESENTATION_CONTEXT() REPRESENTATION_CONTEXT('2D SPACE',''
  ) );
#4167 = ORIENTED_EDGE('',*,*,#4168,.F.);
#4168 = EDGE_CURVE('',#4169,#4126,#4171,.T.);
#4169 = VERTEX_POINT('',#4170);
#4170 = CARTESIAN_POINT('',(-3.089361483543,21.942233906328,
    7.161045598658));
#4171 = SURFACE_CURVE('',#4172,(#4180,#4191),.PCURVE_S1.);
#4172 = B_SPLINE_CURVE_WITH_KNOTS('',6,(#4173,#4174,#4175,#4176,#4177,
    #4178,#4179),.UNSPECIFIED.,.F.,.F.,(7,7),(0.,1.),
  .PIECEWISE_BEZIER_KNOTS.);
#4173 = CARTESIAN_POINT('',(-3.089361483543,21.942233906328,
    7.161045598658));
#4174 = CARTESIAN_POINT('',(-2.942792875634,21.767560241572,
    7.175774119419));
#4175 = CARTESIAN_POINT('',(-2.784041768538,21.602436462647,
    7.186497843162));
#4176 = CARTESIAN_POINT('',(-2.614006488785,21.448136364333,
    7.193656201328));
#4177 = CARTESIAN_POINT('',(-2.433726464495,21.305705425428,
    7.197847621094));
#4178 = CARTESIAN_POINT('',(-2.244324308251,21.176012645059,
    7.199744671656));
#4179 = CARTESIAN_POINT('',(-2.046988905117,21.059761724783,
    7.199999109273));
#4180 = PCURVE('',#347,#4181);
#4181 = DEFINITIONAL_REPRESENTATION('',(#4182),#4190);
#4182 = B_SPLINE_CURVE_WITH_KNOTS('',6,(#4183,#4184,#4185,#4186,#4187,
    #4188,#4189),.UNSPECIFIED.,.F.,.F.,(7,7),(0.,1.),
  .PIECEWISE_BEZIER_KNOTS.);
#4183 = CARTESIAN_POINT('',(1.745329251994,-7.161045598658));
#4184 = CARTESIAN_POINT('',(1.688788874378,-7.175774119419));
#4185 = CARTESIAN_POINT('',(1.632120783011,-7.186497843162));
#4186 = CARTESIAN_POINT('',(1.575384646303,-7.193656201328));
#4187 = CARTESIAN_POINT('',(1.518612476926,-7.197847621094));
#4188 = CARTESIAN_POINT('',(1.461824435519,-7.199744671656));
#4189 = CARTESIAN_POINT('',(1.405033253121,-7.199999109273));
#4190 = ( GEOMETRIC_REPRESENTATION_CONTEXT(2) 
PARAMETRIC_REPRESENTATION_CONTEXT() REPRESENTATION_CONTEXT('2D SPACE',''
  ) );
#4191 = PCURVE('',#4192,#4197);
#4192 = TOROIDAL_SURFACE('',#4193,21.133528417785,13.5);
#4193 = AXIS2_PLACEMENT_3D('',#4194,#4195,#4196);
#4194 = CARTESIAN_POINT('',(0.,0.,-6.299976841109));
#4195 = DIRECTION('',(0.,0.,1.));
#4196 = DIRECTION('',(1.,0.,-0.));
#4197 = DEFINITIONAL_REPRESENTATION('',(#4198),#4206);
#4198 = B_SPLINE_CURVE_WITH_KNOTS('',6,(#4199,#4200,#4201,#4202,#4203,
    #4204,#4205),.UNSPECIFIED.,.F.,.F.,(7,7),(0.,1.),
  .PIECEWISE_BEZIER_KNOTS.);
#4199 = CARTESIAN_POINT('',(1.71067209907,1.494788198008));
#4200 = CARTESIAN_POINT('',(1.705221221089,1.509155776309));
#4201 = CARTESIAN_POINT('',(1.699051706146,1.522869503792));
#4202 = CARTESIAN_POINT('',(1.692176464335,1.535808056066));
#4203 = CARTESIAN_POINT('',(1.684624664413,1.547860463549));
#4204 = CARTESIAN_POINT('',(1.676442040454,1.558923818326));
#4205 = CARTESIAN_POINT('',(1.667691002691,1.568908760277));
#4206 = ( GEOMETRIC_REPRESENTATION_CONTEXT(2) 
PARAMETRIC_REPRESENTATION_CONTEXT() REPRESENTATION_CONTEXT('2D SPACE',''
  ) );
#4207 = ORIENTED_EDGE('',*,*,#4208,.F.);
#4208 = EDGE_CURVE('',#4209,#4169,#4211,.T.);
#4209 = VERTEX_POINT('',#4210);
#4210 = CARTESIAN_POINT('',(-3.089361483543,21.942233906328,
    3.895440134219E-02));
#4211 = SURFACE_CURVE('',#4212,(#4216,#4223),.PCURVE_S1.);
#4212 = LINE('',#4213,#4214);
#4213 = CARTESIAN_POINT('',(-3.089361483543,21.942233906328,0.));
#4214 = VECTOR('',#4215,1.);
#4215 = DIRECTION('',(0.,0.,1.));
#4216 = PCURVE('',#347,#4217);
#4217 = DEFINITIONAL_REPRESENTATION('',(#4218),#4222);
#4218 = LINE('',#4219,#4220);
#4219 = CARTESIAN_POINT('',(1.745329251994,0.));
#4220 = VECTOR('',#4221,1.);
#4221 = DIRECTION('',(0.,-1.));
#4222 = ( GEOMETRIC_REPRESENTATION_CONTEXT(2) 
PARAMETRIC_REPRESENTATION_CONTEXT() REPRESENTATION_CONTEXT('2D SPACE',''
  ) );
#4223 = PCURVE('',#4224,#4229);
#4224 = CYLINDRICAL_SURFACE('',#4225,10.392875);
#4225 = AXIS2_PLACEMENT_3D('',#4226,#4227,#4228);
#4226 = CARTESIAN_POINT('',(4.872042658237,28.622645185349,0.));
#4227 = DIRECTION('',(0.,0.,-1.));
#4228 = DIRECTION('',(-0.766044443119,-0.642787609687,-0.));
#4229 = DEFINITIONAL_REPRESENTATION('',(#4230),#4234);
#4230 = LINE('',#4231,#4232);
#4231 = CARTESIAN_POINT('',(0.,0.));
#4232 = VECTOR('',#4233,1.);
#4233 = DIRECTION('',(0.,-1.));
#4234 = ( GEOMETRIC_REPRESENTATION_CONTEXT(2) 
PARAMETRIC_REPRESENTATION_CONTEXT() REPRESENTATION_CONTEXT('2D SPACE',''
  ) );
#4235 = ORIENTED_EDGE('',*,*,#4236,.F.);
#4236 = EDGE_CURVE('',#4237,#4209,#4239,.T.);
#4237 = VERTEX_POINT('',#4238);
#4238 = CARTESIAN_POINT('',(-2.046988905117,21.059761724783,
    8.907265742764E-07));
#4239 = SURFACE_CURVE('',#4240,(#4248,#4259),.PCURVE_S1.);
#4240 = B_SPLINE_CURVE_WITH_KNOTS('',6,(#4241,#4242,#4243,#4244,#4245,
    #4246,#4247),.UNSPECIFIED.,.F.,.F.,(7,7),(0.,1.),
  .PIECEWISE_BEZIER_KNOTS.);
#4241 = CARTESIAN_POINT('',(-2.046988905117,21.059761724783,
    8.907265733882E-07));
#4242 = CARTESIAN_POINT('',(-2.244324308907,21.176012645446,
    2.553283448085E-04));
#4243 = CARTESIAN_POINT('',(-2.433726463494,21.305705424743,
    2.152377550285E-03));
#4244 = CARTESIAN_POINT('',(-2.614006491875,21.448136366609,
    6.34380225668E-03));
#4245 = CARTESIAN_POINT('',(-2.784041767546,21.602436462145,
    1.350215302691E-02));
#4246 = CARTESIAN_POINT('',(-2.942792876561,21.767560242395,
    2.422588240539E-02));
#4247 = CARTESIAN_POINT('',(-3.089361483543,21.942233906328,
    3.895440134219E-02));
#4248 = PCURVE('',#347,#4249);
#4249 = DEFINITIONAL_REPRESENTATION('',(#4250),#4258);
#4250 = B_SPLINE_CURVE_WITH_KNOTS('',6,(#4251,#4252,#4253,#4254,#4255,
    #4256,#4257),.UNSPECIFIED.,.F.,.F.,(7,7),(0.,1.),
  .PIECEWISE_BEZIER_KNOTS.);
#4251 = CARTESIAN_POINT('',(1.405033253121,-8.907265733882E-07));
#4252 = CARTESIAN_POINT('',(1.461824435707,-2.553283448085E-04));
#4253 = CARTESIAN_POINT('',(1.518612476623,-2.152377550285E-03));
#4254 = CARTESIAN_POINT('',(1.575384647252,-6.343802256678E-03));
#4255 = CARTESIAN_POINT('',(1.632120782749,-1.350215302691E-02));
#4256 = CARTESIAN_POINT('',(1.688788874682,-2.422588240539E-02));
#4257 = CARTESIAN_POINT('',(1.745329251994,-3.895440134219E-02));
#4258 = ( GEOMETRIC_REPRESENTATION_CONTEXT(2) 
PARAMETRIC_REPRESENTATION_CONTEXT() REPRESENTATION_CONTEXT('2D SPACE',''
  ) );
#4259 = PCURVE('',#4260,#4265);
#4260 = TOROIDAL_SURFACE('',#4261,21.133528417785,13.5);
#4261 = AXIS2_PLACEMENT_3D('',#4262,#4263,#4264);
#4262 = CARTESIAN_POINT('',(0.,0.,13.499976841109));
#4263 = DIRECTION('',(0.,0.,1.));
#4264 = DIRECTION('',(1.,0.,-0.));
#4265 = DEFINITIONAL_REPRESENTATION('',(#4266),#4274);
#4266 = B_SPLINE_CURVE_WITH_KNOTS('',6,(#4267,#4268,#4269,#4270,#4271,
    #4272,#4273),.UNSPECIFIED.,.F.,.F.,(7,7),(0.,1.),
  .PIECEWISE_BEZIER_KNOTS.);
#4267 = CARTESIAN_POINT('',(1.667691002691,4.714276546903));
#4268 = CARTESIAN_POINT('',(1.676442040483,4.724261488886));
#4269 = CARTESIAN_POINT('',(1.684624646935,4.735324860512));
#4270 = CARTESIAN_POINT('',(1.692176507374,4.747377209614));
#4271 = CARTESIAN_POINT('',(1.699051665952,4.760315842363));
#4272 = CARTESIAN_POINT('',(1.705221230938,4.774029521392));
#4273 = CARTESIAN_POINT('',(1.710672108829,4.7883970997));
#4274 = ( GEOMETRIC_REPRESENTATION_CONTEXT(2) 
PARAMETRIC_REPRESENTATION_CONTEXT() REPRESENTATION_CONTEXT('2D SPACE',''
  ) );
#4275 = ORIENTED_EDGE('',*,*,#4276,.F.);
#4276 = EDGE_CURVE('',#327,#4237,#4277,.T.);
#4277 = SURFACE_CURVE('',#4278,(#4287,#4299),.PCURVE_S1.);
#4278 = B_SPLINE_CURVE_WITH_KNOTS('',4,(#4279,#4280,#4281,#4282,#4283,
    #4284,#4285,#4286),.UNSPECIFIED.,.F.,.F.,(5,3,5),(0.,0.63003198898,
    1.),.UNSPECIFIED.);
#4279 = CARTESIAN_POINT('',(-2.045606656035,21.058947807659,0.));
#4280 = CARTESIAN_POINT('',(-2.045824435762,21.059075985739,
    5.383385070883E-17));
#4281 = CARTESIAN_POINT('',(-2.046042188459,21.059204172409,
    5.891139191804E-08));
#4282 = CARTESIAN_POINT('',(-2.046259914092,21.059332367639,
    1.767494572998E-07));
#4283 = CARTESIAN_POINT('',(-2.046605449773,21.059535855339,
    4.573383592438E-07));
#4284 = CARTESIAN_POINT('',(-2.046733277576,21.059611142221,
    5.814721304331E-07));
#4285 = CARTESIAN_POINT('',(-2.046861096027,21.059686432037,
    7.259338415032E-07));
#4286 = CARTESIAN_POINT('',(-2.046988905117,21.059761724783,
    8.907265751645E-07));
#4287 = PCURVE('',#347,#4288);
#4288 = DEFINITIONAL_REPRESENTATION('',(#4289),#4298);
#4289 = B_SPLINE_CURVE_WITH_KNOTS('',4,(#4290,#4291,#4292,#4293,#4294,
    #4295,#4296,#4297),.UNSPECIFIED.,.F.,.F.,(5,3,5),(0.,0.63003198898,
    1.),.UNSPECIFIED.);
#4290 = CARTESIAN_POINT('',(1.40463550206,0.));
#4291 = CARTESIAN_POINT('',(1.40469816224,-5.383392011658E-17));
#4292 = CARTESIAN_POINT('',(1.404760817724,-5.891139191804E-08));
#4293 = CARTESIAN_POINT('',(1.404823468501,-1.767494572998E-07));
#4294 = CARTESIAN_POINT('',(1.404922901644,-4.573383592438E-07));
#4295 = CARTESIAN_POINT('',(1.404959687099,-5.814721304331E-07));
#4296 = CARTESIAN_POINT('',(1.404996470926,-7.259338415032E-07));
#4297 = CARTESIAN_POINT('',(1.405033253121,-8.907265751645E-07));
#4298 = ( GEOMETRIC_REPRESENTATION_CONTEXT(2) 
PARAMETRIC_REPRESENTATION_CONTEXT() REPRESENTATION_CONTEXT('2D SPACE',''
  ) );
#4299 = PCURVE('',#376,#4300);
#4300 = DEFINITIONAL_REPRESENTATION('',(#4301),#4310);
#4301 = B_SPLINE_CURVE_WITH_KNOTS('',4,(#4302,#4303,#4304,#4305,#4306,
    #4307,#4308,#4309),.UNSPECIFIED.,.F.,.F.,(5,3,5),(0.,0.63003198898,
    1.),.UNSPECIFIED.);
#4302 = CARTESIAN_POINT('',(1.667629701032,4.712388980385));
#4303 = CARTESIAN_POINT('',(1.667639360089,4.712686246407));
#4304 = CARTESIAN_POINT('',(1.667649017654,4.712983529564));
#4305 = CARTESIAN_POINT('',(1.667658673726,4.713280829859));
#4306 = CARTESIAN_POINT('',(1.667673997673,4.713752738329));
#4307 = CARTESIAN_POINT('',(1.667679666528,4.713927335277));
#4308 = CARTESIAN_POINT('',(1.667685334867,4.714101938134));
#4309 = CARTESIAN_POINT('',(1.667691002691,4.714276546902));
#4310 = ( GEOMETRIC_REPRESENTATION_CONTEXT(2) 
PARAMETRIC_REPRESENTATION_CONTEXT() REPRESENTATION_CONTEXT('2D SPACE',''
  ) );
#4311 = ORIENTED_EDGE('',*,*,#326,.F.);
#4312 = ORIENTED_EDGE('',*,*,#3533,.T.);
#4313 = ADVANCED_FACE('',(#4314),#624,.T.);
#4314 = FACE_BOUND('',#4315,.T.);
#4315 = EDGE_LOOP('',(#4316,#4317,#4318,#4342));
#4316 = ORIENTED_EDGE('',*,*,#607,.T.);
#4317 = ORIENTED_EDGE('',*,*,#3913,.T.);
#4318 = ORIENTED_EDGE('',*,*,#4319,.F.);
#4319 = EDGE_CURVE('',#4320,#3588,#4322,.T.);
#4320 = VERTEX_POINT('',#4321);
#4321 = CARTESIAN_POINT('',(-17.21479419875,-12.30262525548,
    8.907265742764E-07));
#4322 = SURFACE_CURVE('',#4323,(#4328,#4335),.PCURVE_S1.);
#4323 = CIRCLE('',#4324,21.159010550645);
#4324 = AXIS2_PLACEMENT_3D('',#4325,#4326,#4327);
#4325 = CARTESIAN_POINT('',(0.,0.,8.907265742764E-07));
#4326 = DIRECTION('',(0.,0.,1.));
#4327 = DIRECTION('',(1.,0.,-0.));
#4328 = PCURVE('',#624,#4329);
#4329 = DEFINITIONAL_REPRESENTATION('',(#4330),#4334);
#4330 = LINE('',#4331,#4332);
#4331 = CARTESIAN_POINT('',(0.,4.714276546902));
#4332 = VECTOR('',#4333,1.);
#4333 = DIRECTION('',(1.,0.));
#4334 = ( GEOMETRIC_REPRESENTATION_CONTEXT(2) 
PARAMETRIC_REPRESENTATION_CONTEXT() REPRESENTATION_CONTEXT('2D SPACE',''
  ) );
#4335 = PCURVE('',#3613,#4336);
#4336 = DEFINITIONAL_REPRESENTATION('',(#4337),#4341);
#4337 = LINE('',#4338,#4339);
#4338 = CARTESIAN_POINT('',(0.,4.714276546903));
#4339 = VECTOR('',#4340,1.);
#4340 = DIRECTION('',(1.,0.));
#4341 = ( GEOMETRIC_REPRESENTATION_CONTEXT(2) 
PARAMETRIC_REPRESENTATION_CONTEXT() REPRESENTATION_CONTEXT('2D SPACE',''
  ) );
#4342 = ORIENTED_EDGE('',*,*,#4343,.F.);
#4343 = EDGE_CURVE('',#575,#4320,#4344,.T.);
#4344 = SURFACE_CURVE('',#4345,(#4354,#4366),.PCURVE_S1.);
#4345 = B_SPLINE_CURVE_WITH_KNOTS('',4,(#4346,#4347,#4348,#4349,#4350,
    #4351,#4352,#4353),.UNSPECIFIED.,.F.,.F.,(5,3,5),(0.,0.555033893612,
    1.),.UNSPECIFIED.);
#4346 = CARTESIAN_POINT('',(-17.21478045038,-12.3010212341,0.));
#4347 = CARTESIAN_POINT('',(-17.21478231415,-12.30124384585,
    4.74255470998E-17));
#4348 = CARTESIAN_POINT('',(-17.21478419419,-12.30146644276,
    4.572072321997E-08));
#4349 = CARTESIAN_POINT('',(-17.21478609047,-12.30168902481,
    1.371726178046E-07));
#4350 = CARTESIAN_POINT('',(-17.21478953628,-12.30209002222,
    3.843530039333E-07));
#4351 = CARTESIAN_POINT('',(-17.21479108,-12.30226844291,
    5.237384663823E-07));
#4352 = CARTESIAN_POINT('',(-17.21479263415,-12.302446854,
    6.925278691273E-07));
#4353 = CARTESIAN_POINT('',(-17.21479419875,-12.30262525548,
    8.907265751645E-07));
#4354 = PCURVE('',#624,#4355);
#4355 = DEFINITIONAL_REPRESENTATION('',(#4356),#4365);
#4356 = B_SPLINE_CURVE_WITH_KNOTS('',4,(#4357,#4358,#4359,#4360,#4361,
    #4362,#4363,#4364),.UNSPECIFIED.,.F.,.F.,(5,3,5),(0.,0.555033893612,
    1.),.UNSPECIFIED.);
#4357 = CARTESIAN_POINT('',(3.762024803425,4.712388980385));
#4358 = CARTESIAN_POINT('',(3.762033312682,4.71265086029));
#4359 = CARTESIAN_POINT('',(3.762041820781,4.712912753494));
#4360 = CARTESIAN_POINT('',(3.762050327721,4.713174659998));
#4361 = CARTESIAN_POINT('',(3.762065652516,4.713646558754));
#4362 = CARTESIAN_POINT('',(3.762072470785,4.713856546255));
#4363 = CARTESIAN_POINT('',(3.762079288307,4.714066542304));
#4364 = CARTESIAN_POINT('',(3.762086105084,4.714276546902));
#4365 = ( GEOMETRIC_REPRESENTATION_CONTEXT(2) 
PARAMETRIC_REPRESENTATION_CONTEXT() REPRESENTATION_CONTEXT('2D SPACE',''
  ) );
#4366 = PCURVE('',#595,#4367);
#4367 = DEFINITIONAL_REPRESENTATION('',(#4368),#4377);
#4368 = B_SPLINE_CURVE_WITH_KNOTS('',4,(#4369,#4370,#4371,#4372,#4373,
    #4374,#4375,#4376),.UNSPECIFIED.,.F.,.F.,(5,3,5),(0.,0.555033893612,
    1.),.UNSPECIFIED.);
#4369 = CARTESIAN_POINT('',(1.40463550206,0.));
#4370 = CARTESIAN_POINT('',(1.404690703263,-4.742558647501E-17));
#4371 = CARTESIAN_POINT('',(1.404745900821,-4.572072321997E-08));
#4372 = CARTESIAN_POINT('',(1.404801094728,-1.371726178046E-07));
#4373 = CARTESIAN_POINT('',(1.404900530543,-3.843530039333E-07));
#4374 = CARTESIAN_POINT('',(1.404944773759,-5.237384663823E-07));
#4375 = CARTESIAN_POINT('',(1.40498901462,-6.925278691273E-07));
#4376 = CARTESIAN_POINT('',(1.405033253121,-8.907265751645E-07));
#4377 = ( GEOMETRIC_REPRESENTATION_CONTEXT(2) 
PARAMETRIC_REPRESENTATION_CONTEXT() REPRESENTATION_CONTEXT('2D SPACE',''
  ) );
#4378 = ADVANCED_FACE('',(#4379),#376,.T.);
#4379 = FACE_BOUND('',#4380,.T.);
#4380 = EDGE_LOOP('',(#4381,#4382,#4383,#4421));
#4381 = ORIENTED_EDGE('',*,*,#4276,.F.);
#4382 = ORIENTED_EDGE('',*,*,#359,.T.);
#4383 = ORIENTED_EDGE('',*,*,#4384,.T.);
#4384 = EDGE_CURVE('',#360,#4385,#4387,.T.);
#4385 = VERTEX_POINT('',#4386);
#4386 = CARTESIAN_POINT('',(-8.757136469295,19.261783103868,
    8.907265742764E-07));
#4387 = SURFACE_CURVE('',#4388,(#4397,#4409),.PCURVE_S1.);
#4388 = B_SPLINE_CURVE_WITH_KNOTS('',4,(#4389,#4390,#4391,#4392,#4393,
    #4394,#4395,#4396),.UNSPECIFIED.,.F.,.F.,(5,3,5),(0.,0.420033431409,
    1.),.UNSPECIFIED.);
#4389 = CARTESIAN_POINT('',(-8.757926573553,19.26038710642,0.));
#4390 = CARTESIAN_POINT('',(-8.757843562003,19.260533707537,
    3.589026816888E-17));
#4391 = CARTESIAN_POINT('',(-8.757760562767,19.260680305953,
    2.618435008716E-08));
#4392 = CARTESIAN_POINT('',(-8.757677575848,19.260826901656,
    7.855757857294E-08));
#4393 = CARTESIAN_POINT('',(-8.75748003301,19.261175904772,
    2.656060895501E-07));
#4394 = CARTESIAN_POINT('',(-8.757365488261,19.261378309714,
    4.240258489197E-07));
#4395 = CARTESIAN_POINT('',(-8.757250967019,19.261580709424,
    6.323953859173E-07));
#4396 = CARTESIAN_POINT('',(-8.757136469295,19.261783103868,
    8.907265751645E-07));
#4397 = PCURVE('',#376,#4398);
#4398 = DEFINITIONAL_REPRESENTATION('',(#4399),#4408);
#4399 = B_SPLINE_CURVE_WITH_KNOTS('',4,(#4400,#4401,#4402,#4403,#4404,
    #4405,#4406,#4407),.UNSPECIFIED.,.F.,.F.,(5,3,5),(0.,0.420033431409,
    1.),.UNSPECIFIED.);
#4400 = CARTESIAN_POINT('',(1.997561728156,4.712388980385));
#4401 = CARTESIAN_POINT('',(1.997555288599,4.712587163444));
#4402 = CARTESIAN_POINT('',(1.997548849706,4.71278535412));
#4403 = CARTESIAN_POINT('',(1.997542411475,4.712983552413));
#4404 = CARTESIAN_POINT('',(1.997527085156,4.713455433684));
#4405 = CARTESIAN_POINT('',(1.997518197669,4.713729123567));
#4406 = CARTESIAN_POINT('',(1.997509311449,4.714002827973));
#4407 = CARTESIAN_POINT('',(1.997500426497,4.714276546902));
#4408 = ( GEOMETRIC_REPRESENTATION_CONTEXT(2) 
PARAMETRIC_REPRESENTATION_CONTEXT() REPRESENTATION_CONTEXT('2D SPACE',''
  ) );
#4409 = PCURVE('',#409,#4410);
#4410 = DEFINITIONAL_REPRESENTATION('',(#4411),#4420);
#4411 = B_SPLINE_CURVE_WITH_KNOTS('',4,(#4412,#4413,#4414,#4415,#4416,
    #4417,#4418,#4419),.UNSPECIFIED.,.F.,.F.,(5,3,5),(0.,0.420033431409,
    1.),.UNSPECIFIED.);
#4412 = CARTESIAN_POINT('',(0.340693749934,0.));
#4413 = CARTESIAN_POINT('',(0.340651975277,-3.589037416194E-17));
#4414 = CARTESIAN_POINT('',(0.340610202707,-2.618435008716E-08));
#4415 = CARTESIAN_POINT('',(0.340568432228,-7.855757857294E-08));
#4416 = CARTESIAN_POINT('',(0.340468991604,-2.656060895501E-07));
#4417 = CARTESIAN_POINT('',(0.340411323358,-4.240258489197E-07));
#4418 = CARTESIAN_POINT('',(0.340353659111,-6.323953859173E-07));
#4419 = CARTESIAN_POINT('',(0.340295998873,-8.907265751645E-07));
#4420 = ( GEOMETRIC_REPRESENTATION_CONTEXT(2) 
PARAMETRIC_REPRESENTATION_CONTEXT() REPRESENTATION_CONTEXT('2D SPACE',''
  ) );
#4421 = ORIENTED_EDGE('',*,*,#4422,.F.);
#4422 = EDGE_CURVE('',#4237,#4385,#4423,.T.);
#4423 = SURFACE_CURVE('',#4424,(#4429,#4436),.PCURVE_S1.);
#4424 = CIRCLE('',#4425,21.159010550645);
#4425 = AXIS2_PLACEMENT_3D('',#4426,#4427,#4428);
#4426 = CARTESIAN_POINT('',(0.,0.,8.907265742764E-07));
#4427 = DIRECTION('',(0.,0.,1.));
#4428 = DIRECTION('',(1.,0.,-0.));
#4429 = PCURVE('',#376,#4430);
#4430 = DEFINITIONAL_REPRESENTATION('',(#4431),#4435);
#4431 = LINE('',#4432,#4433);
#4432 = CARTESIAN_POINT('',(0.,4.714276546902));
#4433 = VECTOR('',#4434,1.);
#4434 = DIRECTION('',(1.,0.));
#4435 = ( GEOMETRIC_REPRESENTATION_CONTEXT(2) 
PARAMETRIC_REPRESENTATION_CONTEXT() REPRESENTATION_CONTEXT('2D SPACE',''
  ) );
#4436 = PCURVE('',#4260,#4437);
#4437 = DEFINITIONAL_REPRESENTATION('',(#4438),#4442);
#4438 = LINE('',#4439,#4440);
#4439 = CARTESIAN_POINT('',(0.,4.714276546903));
#4440 = VECTOR('',#4441,1.);
#4441 = DIRECTION('',(1.,0.));
#4442 = ( GEOMETRIC_REPRESENTATION_CONTEXT(2) 
PARAMETRIC_REPRESENTATION_CONTEXT() REPRESENTATION_CONTEXT('2D SPACE',''
  ) );
#4443 = ADVANCED_FACE('',(#4444),#595,.F.);
#4444 = FACE_BOUND('',#4445,.F.);
#4445 = EDGE_LOOP('',(#4446,#4488,#4516,#4556,#4599,#4627,#4665,#4700,
    #4728,#4761,#4762,#4763));
#4446 = ORIENTED_EDGE('',*,*,#4447,.T.);
#4447 = EDGE_CURVE('',#4448,#4450,#4452,.T.);
#4448 = VERTEX_POINT('',#4449);
#4449 = CARTESIAN_POINT('',(-19.26178310386,-8.757136469295,
    8.907265742764E-07));
#4450 = VERTEX_POINT('',#4451);
#4451 = CARTESIAN_POINT('',(-20.54721272043,-8.295651426942,
    3.895440134219E-02));
#4452 = SURFACE_CURVE('',#4453,(#4461,#4472),.PCURVE_S1.);
#4453 = B_SPLINE_CURVE_WITH_KNOTS('',6,(#4454,#4455,#4456,#4457,#4458,
    #4459,#4460),.UNSPECIFIED.,.F.,.F.,(7,7),(0.,1.),
  .PIECEWISE_BEZIER_KNOTS.);
#4454 = CARTESIAN_POINT('',(-19.26178310386,-8.757136469295,
    8.907265733882E-07));
#4455 = CARTESIAN_POINT('',(-19.46112705627,-8.644364456878,
    2.553283448086E-04));
#4456 = CARTESIAN_POINT('',(-19.66814537512,-8.545183769123,
    2.152377550282E-03));
#4457 = CARTESIAN_POINT('',(-19.88163420325,-8.460272155683,
    6.343802256691E-03));
#4458 = CARTESIAN_POINT('',(-20.10027964363,-8.390167335181,
    1.35021530269E-02));
#4459 = CARTESIAN_POINT('',(-20.3226565866,-8.33524673202,
    2.422588240539E-02));
#4460 = CARTESIAN_POINT('',(-20.54721272043,-8.295651426942,
    3.895440134219E-02));
#4461 = PCURVE('',#595,#4462);
#4462 = DEFINITIONAL_REPRESENTATION('',(#4463),#4471);
#4463 = B_SPLINE_CURVE_WITH_KNOTS('',6,(#4464,#4465,#4466,#4467,#4468,
    #4469,#4470),.UNSPECIFIED.,.F.,.F.,(7,7),(0.,1.),
  .PIECEWISE_BEZIER_KNOTS.);
#4464 = CARTESIAN_POINT('',(0.340295998873,-8.907265733882E-07));
#4465 = CARTESIAN_POINT('',(0.283504816287,-2.553283448086E-04));
#4466 = CARTESIAN_POINT('',(0.226716775371,-2.152377550283E-03));
#4467 = CARTESIAN_POINT('',(0.169944604742,-6.343802256688E-03));
#4468 = CARTESIAN_POINT('',(0.113208469246,-1.35021530269E-02));
#4469 = CARTESIAN_POINT('',(5.654037731205E-02,-2.422588240539E-02));
#4470 = CARTESIAN_POINT('',(0.,-3.895440134219E-02));
#4471 = ( GEOMETRIC_REPRESENTATION_CONTEXT(2) 
PARAMETRIC_REPRESENTATION_CONTEXT() REPRESENTATION_CONTEXT('2D SPACE',''
  ) );
#4472 = PCURVE('',#4473,#4478);
#4473 = TOROIDAL_SURFACE('',#4474,21.133528417785,13.5);
#4474 = AXIS2_PLACEMENT_3D('',#4475,#4476,#4477);
#4475 = CARTESIAN_POINT('',(0.,0.,13.499976841109));
#4476 = DIRECTION('',(0.,0.,1.));
#4477 = DIRECTION('',(1.,0.,-0.));
#4478 = DEFINITIONAL_REPRESENTATION('',(#4479),#4487);
#4479 = B_SPLINE_CURVE_WITH_KNOTS('',6,(#4480,#4481,#4482,#4483,#4484,
    #4485,#4486),.UNSPECIFIED.,.F.,.F.,(7,7),(0.,1.),
  .PIECEWISE_BEZIER_KNOTS.);
#4480 = CARTESIAN_POINT('',(3.568296753292,4.714276546903));
#4481 = CARTESIAN_POINT('',(3.5595457155,4.724261488886));
#4482 = CARTESIAN_POINT('',(3.551363109048,4.735324860512));
#4483 = CARTESIAN_POINT('',(3.543811248609,4.747377209614));
#4484 = CARTESIAN_POINT('',(3.536936090031,4.760315842363));
#4485 = CARTESIAN_POINT('',(3.530766525045,4.774029521392));
#4486 = CARTESIAN_POINT('',(3.525315647154,4.7883970997));
#4487 = ( GEOMETRIC_REPRESENTATION_CONTEXT(2) 
PARAMETRIC_REPRESENTATION_CONTEXT() REPRESENTATION_CONTEXT('2D SPACE',''
  ) );
#4488 = ORIENTED_EDGE('',*,*,#4489,.T.);
#4489 = EDGE_CURVE('',#4450,#4490,#4492,.T.);
#4490 = VERTEX_POINT('',#4491);
#4491 = CARTESIAN_POINT('',(-20.54721272043,-8.295651426942,
    7.161045598658));
#4492 = SURFACE_CURVE('',#4493,(#4497,#4504),.PCURVE_S1.);
#4493 = LINE('',#4494,#4495);
#4494 = CARTESIAN_POINT('',(-20.54721272043,-8.295651426942,0.));
#4495 = VECTOR('',#4496,1.);
#4496 = DIRECTION('',(0.,0.,1.));
#4497 = PCURVE('',#595,#4498);
#4498 = DEFINITIONAL_REPRESENTATION('',(#4499),#4503);
#4499 = LINE('',#4500,#4501);
#4500 = CARTESIAN_POINT('',(0.,0.));
#4501 = VECTOR('',#4502,1.);
#4502 = DIRECTION('',(0.,-1.));
#4503 = ( GEOMETRIC_REPRESENTATION_CONTEXT(2) 
PARAMETRIC_REPRESENTATION_CONTEXT() REPRESENTATION_CONTEXT('2D SPACE',''
  ) );
#4504 = PCURVE('',#4505,#4510);
#4505 = CYLINDRICAL_SURFACE('',#4506,10.392875);
#4506 = AXIS2_PLACEMENT_3D('',#4507,#4508,#4509);
#4507 = CARTESIAN_POINT('',(-22.3519165249,-18.53063530302,0.));
#4508 = DIRECTION('',(0.,0.,-1.));
#4509 = DIRECTION('',(-5.814482891048E-02,0.998308158271,0.));
#4510 = DEFINITIONAL_REPRESENTATION('',(#4511),#4515);
#4511 = LINE('',#4512,#4513);
#4512 = CARTESIAN_POINT('',(0.232710566933,0.));
#4513 = VECTOR('',#4514,1.);
#4514 = DIRECTION('',(0.,-1.));
#4515 = ( GEOMETRIC_REPRESENTATION_CONTEXT(2) 
PARAMETRIC_REPRESENTATION_CONTEXT() REPRESENTATION_CONTEXT('2D SPACE',''
  ) );
#4516 = ORIENTED_EDGE('',*,*,#4517,.T.);
#4517 = EDGE_CURVE('',#4490,#4518,#4520,.T.);
#4518 = VERTEX_POINT('',#4519);
#4519 = CARTESIAN_POINT('',(-19.26178310386,-8.757136469295,
    7.199999109273));
#4520 = SURFACE_CURVE('',#4521,(#4529,#4540),.PCURVE_S1.);
#4521 = B_SPLINE_CURVE_WITH_KNOTS('',6,(#4522,#4523,#4524,#4525,#4526,
    #4527,#4528),.UNSPECIFIED.,.F.,.F.,(7,7),(0.,1.),
  .PIECEWISE_BEZIER_KNOTS.);
#4522 = CARTESIAN_POINT('',(-20.54721272043,-8.295651426942,
    7.161045598658));
#4523 = CARTESIAN_POINT('',(-20.32265658589,-8.335246732145,
    7.175774117641));
#4524 = CARTESIAN_POINT('',(-20.10027964204,-8.390167335574,
    7.186497847051));
#4525 = CARTESIAN_POINT('',(-19.88163420208,-8.460272156203,
    7.193656197748));
#4526 = CARTESIAN_POINT('',(-19.66814537464,-8.545183769364,
    7.197847622458));
#4527 = CARTESIAN_POINT('',(-19.46112705602,-8.644364457018,
    7.199744671656));
#4528 = CARTESIAN_POINT('',(-19.26178310386,-8.757136469295,
    7.199999109273));
#4529 = PCURVE('',#595,#4530);
#4530 = DEFINITIONAL_REPRESENTATION('',(#4531),#4539);
#4531 = B_SPLINE_CURVE_WITH_KNOTS('',6,(#4532,#4533,#4534,#4535,#4536,
    #4537,#4538),.UNSPECIFIED.,.F.,.F.,(7,7),(0.,1.),
  .PIECEWISE_BEZIER_KNOTS.);
#4532 = CARTESIAN_POINT('',(0.,-7.161045598658));
#4533 = CARTESIAN_POINT('',(5.654037749057E-02,-7.175774117641));
#4534 = CARTESIAN_POINT('',(0.113208469645,-7.186497847051));
#4535 = CARTESIAN_POINT('',(0.169944605064,-7.193656197748));
#4536 = CARTESIAN_POINT('',(0.2267167755,-7.197847622458));
#4537 = CARTESIAN_POINT('',(0.283504816357,-7.199744671656));
#4538 = CARTESIAN_POINT('',(0.340295998873,-7.199999109273));
#4539 = ( GEOMETRIC_REPRESENTATION_CONTEXT(2) 
PARAMETRIC_REPRESENTATION_CONTEXT() REPRESENTATION_CONTEXT('2D SPACE',''
  ) );
#4540 = PCURVE('',#4541,#4546);
#4541 = TOROIDAL_SURFACE('',#4542,21.133528417785,13.5);
#4542 = AXIS2_PLACEMENT_3D('',#4543,#4544,#4545);
#4543 = CARTESIAN_POINT('',(0.,0.,-6.299976841109));
#4544 = DIRECTION('',(0.,0.,1.));
#4545 = DIRECTION('',(1.,0.,-0.));
#4546 = DEFINITIONAL_REPRESENTATION('',(#4547),#4555);
#4547 = B_SPLINE_CURVE_WITH_KNOTS('',6,(#4548,#4549,#4550,#4551,#4552,
    #4553,#4554),.UNSPECIFIED.,.F.,.F.,(7,7),(0.,1.),
  .PIECEWISE_BEZIER_KNOTS.);
#4548 = CARTESIAN_POINT('',(3.525315647154,1.494788207479));
#4549 = CARTESIAN_POINT('',(3.530766525063,1.509155785833));
#4550 = CARTESIAN_POINT('',(3.536936090075,1.522869464914));
#4551 = CARTESIAN_POINT('',(3.543811248652,1.535808097631));
#4552 = CARTESIAN_POINT('',(3.551363109068,1.547860446692));
#4553 = CARTESIAN_POINT('',(3.559545715511,1.558923818305));
#4554 = CARTESIAN_POINT('',(3.568296753292,1.568908760277));
#4555 = ( GEOMETRIC_REPRESENTATION_CONTEXT(2) 
PARAMETRIC_REPRESENTATION_CONTEXT() REPRESENTATION_CONTEXT('2D SPACE',''
  ) );
#4556 = ORIENTED_EDGE('',*,*,#4557,.T.);
#4557 = EDGE_CURVE('',#4518,#4558,#4560,.T.);
#4558 = VERTEX_POINT('',#4559);
#4559 = CARTESIAN_POINT('',(-19.26038710642,-8.757926573552,7.2));
#4560 = SURFACE_CURVE('',#4561,(#4570,#4582),.PCURVE_S1.);
#4561 = B_SPLINE_CURVE_WITH_KNOTS('',4,(#4562,#4563,#4564,#4565,#4566,
    #4567,#4568,#4569),.UNSPECIFIED.,.F.,.F.,(5,3,5),(0.,0.517965735086,
    1.),.UNSPECIFIED.);
#4562 = CARTESIAN_POINT('',(-19.26178310386,-8.757136469295,
    7.199999109273));
#4563 = CARTESIAN_POINT('',(-19.26160234623,-8.757238726737,
    7.199999339988));
#4564 = CARTESIAN_POINT('',(-19.26142158439,-8.757341002938,
    7.199999530852));
#4565 = CARTESIAN_POINT('',(-19.26124081837,-8.757443297889,
    7.199999681874));
#4566 = CARTESIAN_POINT('',(-19.26089181813,-8.757640827735,
    7.199999896538));
#4567 = CARTESIAN_POINT('',(-19.26072358446,-8.75773606012,
    7.199999965515));
#4568 = CARTESIAN_POINT('',(-19.26055534722,-8.757831308728,7.2));
#4569 = CARTESIAN_POINT('',(-19.26038710642,-8.757926573553,7.2));
#4570 = PCURVE('',#595,#4571);
#4571 = DEFINITIONAL_REPRESENTATION('',(#4572),#4581);
#4572 = B_SPLINE_CURVE_WITH_KNOTS('',4,(#4573,#4574,#4575,#4576,#4577,
    #4578,#4579,#4580),.UNSPECIFIED.,.F.,.F.,(5,3,5),(0.,0.517965735086,
    1.),.UNSPECIFIED.);
#4573 = CARTESIAN_POINT('',(0.340295998873,-7.199999109273));
#4574 = CARTESIAN_POINT('',(0.340347494993,-7.199999339988));
#4575 = CARTESIAN_POINT('',(0.340398994309,-7.199999530852));
#4576 = CARTESIAN_POINT('',(0.340450496817,-7.199999681874));
#4577 = CARTESIAN_POINT('',(0.340549935233,-7.199999896538));
#4578 = CARTESIAN_POINT('',(0.340597870715,-7.199999965515));
#4579 = CARTESIAN_POINT('',(0.34064580895,-7.2));
#4580 = CARTESIAN_POINT('',(0.340693749934,-7.2));
#4581 = ( GEOMETRIC_REPRESENTATION_CONTEXT(2) 
PARAMETRIC_REPRESENTATION_CONTEXT() REPRESENTATION_CONTEXT('2D SPACE',''
  ) );
#4582 = PCURVE('',#4583,#4588);
#4583 = TOROIDAL_SURFACE('',#4584,21.158066767946,0.500000001594);
#4584 = AXIS2_PLACEMENT_3D('',#4585,#4586,#4587);
#4585 = CARTESIAN_POINT('',(0.,0.,6.699999998406));
#4586 = DIRECTION('',(0.,0.,1.));
#4587 = DIRECTION('',(1.,0.,-0.));
#4588 = DEFINITIONAL_REPRESENTATION('',(#4589),#4598);
#4589 = B_SPLINE_CURVE_WITH_KNOTS('',4,(#4590,#4591,#4592,#4593,#4594,
    #4595,#4596,#4597),.UNSPECIFIED.,.F.,.F.,(5,3,5),(0.,0.517965735086,
    1.),.UNSPECIFIED.);
#4590 = CARTESIAN_POINT('',(3.568296753292,1.568908760281));
#4591 = CARTESIAN_POINT('',(3.568304688406,1.56915321752));
#4592 = CARTESIAN_POINT('',(3.568312624531,1.569397663174));
#4593 = CARTESIAN_POINT('',(3.568320561667,1.569642097246));
#4594 = CARTESIAN_POINT('',(3.568335887286,1.570113986546));
#4595 = CARTESIAN_POINT('',(3.568343275634,1.570341443326));
#4596 = CARTESIAN_POINT('',(3.568350664856,1.570568890075));
#4597 = CARTESIAN_POINT('',(3.568358054951,1.570796326793));
#4598 = ( GEOMETRIC_REPRESENTATION_CONTEXT(2) 
PARAMETRIC_REPRESENTATION_CONTEXT() REPRESENTATION_CONTEXT('2D SPACE',''
  ) );
#4599 = ORIENTED_EDGE('',*,*,#4600,.T.);
#4600 = EDGE_CURVE('',#4558,#4601,#4603,.T.);
#4601 = VERTEX_POINT('',#4602);
#4602 = CARTESIAN_POINT('',(-17.21478045038,-12.3010212341,7.2));
#4603 = SURFACE_CURVE('',#4604,(#4609,#4616),.PCURVE_S1.);
#4604 = CIRCLE('',#4605,4.032875);
#4605 = AXIS2_PLACEMENT_3D('',#4606,#4607,#4608);
#4606 = CARTESIAN_POINT('',(-21.24751411494,-12.26725799387,7.2));
#4607 = DIRECTION('',(0.,0.,-1.));
#4608 = DIRECTION('',(0.173648177667,0.984807753012,0.));
#4609 = PCURVE('',#595,#4610);
#4610 = DEFINITIONAL_REPRESENTATION('',(#4611),#4615);
#4611 = LINE('',#4612,#4613);
#4612 = CARTESIAN_POINT('',(0.,-7.2));
#4613 = VECTOR('',#4614,1.);
#4614 = DIRECTION('',(1.,0.));
#4615 = ( GEOMETRIC_REPRESENTATION_CONTEXT(2) 
PARAMETRIC_REPRESENTATION_CONTEXT() REPRESENTATION_CONTEXT('2D SPACE',''
  ) );
#4616 = PCURVE('',#1171,#4617);
#4617 = DEFINITIONAL_REPRESENTATION('',(#4618),#4626);
#4618 = ( BOUNDED_CURVE() B_SPLINE_CURVE(2,(#4619,#4620,#4621,#4622,
#4623,#4624,#4625),.UNSPECIFIED.,.T.,.F.) B_SPLINE_CURVE_WITH_KNOTS((1,2
    ,2,2,2,1),(-2.094395102393,0.,2.094395102393,4.188790204786,
6.28318530718,8.377580409573),.UNSPECIFIED.) CURVE() 
GEOMETRIC_REPRESENTATION_ITEM() RATIONAL_B_SPLINE_CURVE((1.,0.5,1.,0.5,
1.,0.5,1.)) REPRESENTATION_ITEM('') );
#4619 = CARTESIAN_POINT('',(-20.54721272043,-8.295651426942));
#4620 = CARTESIAN_POINT('',(-13.66818835883,-9.508609022842));
#4621 = CARTESIAN_POINT('',(-18.15815263139,-14.85954007528));
#4622 = CARTESIAN_POINT('',(-22.64811690395,-20.21047112772));
#4623 = CARTESIAN_POINT('',(-25.03717699299,-13.64658247938));
#4624 = CARTESIAN_POINT('',(-27.42623708202,-7.082693831042));
#4625 = CARTESIAN_POINT('',(-20.54721272043,-8.295651426942));
#4626 = ( GEOMETRIC_REPRESENTATION_CONTEXT(2) 
PARAMETRIC_REPRESENTATION_CONTEXT() REPRESENTATION_CONTEXT('2D SPACE',''
  ) );
#4627 = ORIENTED_EDGE('',*,*,#4628,.F.);
#4628 = EDGE_CURVE('',#4629,#4601,#4631,.T.);
#4629 = VERTEX_POINT('',#4630);
#4630 = CARTESIAN_POINT('',(-17.21479419875,-12.30262525548,
    7.199999109273));
#4631 = SURFACE_CURVE('',#4632,(#4641,#4653),.PCURVE_S1.);
#4632 = B_SPLINE_CURVE_WITH_KNOTS('',4,(#4633,#4634,#4635,#4636,#4637,
    #4638,#4639,#4640),.UNSPECIFIED.,.F.,.F.,(5,3,5),(0.,0.727972823322,
    1.),.UNSPECIFIED.);
#4633 = CARTESIAN_POINT('',(-17.21479419875,-12.30262525548,
    7.199999109273));
#4634 = CARTESIAN_POINT('',(-17.21479163904,-12.30233338734,
    7.19999943353));
#4635 = CARTESIAN_POINT('',(-17.21478910728,-12.30204149348,
    7.199999679071));
#4636 = CARTESIAN_POINT('',(-17.21478660347,-12.30174957398,
    7.19999984592));
#4637 = CARTESIAN_POINT('',(-17.21478320245,-12.30134853556,
    7.199999967051));
#4638 = CARTESIAN_POINT('',(-17.21478228119,-12.30123943864,
    7.199999989018));
#4639 = CARTESIAN_POINT('',(-17.21478136383,-12.30113033815,7.2));
#4640 = CARTESIAN_POINT('',(-17.21478045038,-12.3010212341,7.2));
#4641 = PCURVE('',#595,#4642);
#4642 = DEFINITIONAL_REPRESENTATION('',(#4643),#4652);
#4643 = B_SPLINE_CURVE_WITH_KNOTS('',4,(#4644,#4645,#4646,#4647,#4648,
    #4649,#4650,#4651),.UNSPECIFIED.,.F.,.F.,(5,3,5),(0.,0.727972823322,
    1.),.UNSPECIFIED.);
#4644 = CARTESIAN_POINT('',(1.405033253121,-7.199999109273));
#4645 = CARTESIAN_POINT('',(1.404960878111,-7.19999943353));
#4646 = CARTESIAN_POINT('',(1.404888496785,-7.199999679071));
#4647 = CARTESIAN_POINT('',(1.404816109162,-7.19999984592));
#4648 = CARTESIAN_POINT('',(1.404716663273,-7.199999967051));
#4649 = CARTESIAN_POINT('',(1.404689610411,-7.199999989018));
#4650 = CARTESIAN_POINT('',(1.404662556673,-7.2));
#4651 = CARTESIAN_POINT('',(1.40463550206,-7.2));
#4652 = ( GEOMETRIC_REPRESENTATION_CONTEXT(2) 
PARAMETRIC_REPRESENTATION_CONTEXT() REPRESENTATION_CONTEXT('2D SPACE',''
  ) );
#4653 = PCURVE('',#3723,#4654);
#4654 = DEFINITIONAL_REPRESENTATION('',(#4655),#4664);
#4655 = B_SPLINE_CURVE_WITH_KNOTS('',4,(#4656,#4657,#4658,#4659,#4660,
    #4661,#4662,#4663),.UNSPECIFIED.,.F.,.F.,(5,3,5),(0.,0.727972823322,
    1.),.UNSPECIFIED.);
#4656 = CARTESIAN_POINT('',(3.762086105084,1.568908760281));
#4657 = CARTESIAN_POINT('',(3.762074952711,1.569252331707));
#4658 = CARTESIAN_POINT('',(3.76206379834,1.569595880251));
#4659 = CARTESIAN_POINT('',(3.762052641973,1.569939405916));
#4660 = CARTESIAN_POINT('',(3.762037313984,1.570411268016));
#4661 = CARTESIAN_POINT('',(3.762033144076,1.570539624136));
#4662 = CARTESIAN_POINT('',(3.762028973889,1.570667977062));
#4663 = CARTESIAN_POINT('',(3.762024803425,1.570796326793));
#4664 = ( GEOMETRIC_REPRESENTATION_CONTEXT(2) 
PARAMETRIC_REPRESENTATION_CONTEXT() REPRESENTATION_CONTEXT('2D SPACE',''
  ) );
#4665 = ORIENTED_EDGE('',*,*,#4666,.F.);
#4666 = EDGE_CURVE('',#4667,#4629,#4669,.T.);
#4667 = VERTEX_POINT('',#4668);
#4668 = CARTESIAN_POINT('',(-17.45785123688,-13.64658247938,
    7.161045598658));
#4669 = SURFACE_CURVE('',#4670,(#4678,#4689),.PCURVE_S1.);
#4670 = B_SPLINE_CURVE_WITH_KNOTS('',6,(#4671,#4672,#4673,#4674,#4675,
    #4676,#4677),.UNSPECIFIED.,.F.,.F.,(7,7),(0.,1.),
  .PIECEWISE_BEZIER_KNOTS.);
#4671 = CARTESIAN_POINT('',(-17.45785123688,-13.64658247938,
    7.161045598658));
#4672 = CARTESIAN_POINT('',(-17.37986370979,-13.43231350916,
    7.175774119419));
#4673 = CARTESIAN_POINT('',(-17.31623787602,-13.21226912807,
    7.186497843162));
#4674 = CARTESIAN_POINT('',(-17.26762771095,-12.98786420711,
    7.193656201328));
#4675 = CARTESIAN_POINT('',(-17.23441891172,-12.76052165682,
    7.197847621094));
#4676 = CARTESIAN_POINT('',(-17.21680274735,-12.5316481878,
    7.199744671656));
#4677 = CARTESIAN_POINT('',(-17.21479419875,-12.30262525548,
    7.199999109273));
#4678 = PCURVE('',#595,#4679);
#4679 = DEFINITIONAL_REPRESENTATION('',(#4680),#4688);
#4680 = B_SPLINE_CURVE_WITH_KNOTS('',6,(#4681,#4682,#4683,#4684,#4685,
    #4686,#4687),.UNSPECIFIED.,.F.,.F.,(7,7),(0.,1.),
  .PIECEWISE_BEZIER_KNOTS.);
#4681 = CARTESIAN_POINT('',(1.745329251994,-7.161045598658));
#4682 = CARTESIAN_POINT('',(1.688788874378,-7.175774119419));
#4683 = CARTESIAN_POINT('',(1.632120783011,-7.186497843162));
#4684 = CARTESIAN_POINT('',(1.575384646303,-7.193656201328));
#4685 = CARTESIAN_POINT('',(1.518612476926,-7.197847621094));
#4686 = CARTESIAN_POINT('',(1.461824435519,-7.199744671656));
#4687 = CARTESIAN_POINT('',(1.405033253121,-7.199999109273));
#4688 = ( GEOMETRIC_REPRESENTATION_CONTEXT(2) 
PARAMETRIC_REPRESENTATION_CONTEXT() REPRESENTATION_CONTEXT('2D SPACE',''
  ) );
#4689 = PCURVE('',#3681,#4690);
#4690 = DEFINITIONAL_REPRESENTATION('',(#4691),#4699);
#4691 = B_SPLINE_CURVE_WITH_KNOTS('',6,(#4692,#4693,#4694,#4695,#4696,
    #4697,#4698),.UNSPECIFIED.,.F.,.F.,(7,7),(0.,1.),
  .PIECEWISE_BEZIER_KNOTS.);
#4692 = CARTESIAN_POINT('',(3.805067201464,1.494788198008));
#4693 = CARTESIAN_POINT('',(3.799616323482,1.509155776309));
#4694 = CARTESIAN_POINT('',(3.793446808539,1.522869503792));
#4695 = CARTESIAN_POINT('',(3.786571566728,1.535808056066));
#4696 = CARTESIAN_POINT('',(3.779019766807,1.547860463549));
#4697 = CARTESIAN_POINT('',(3.770837142847,1.558923818326));
#4698 = CARTESIAN_POINT('',(3.762086105084,1.568908760277));
#4699 = ( GEOMETRIC_REPRESENTATION_CONTEXT(2) 
PARAMETRIC_REPRESENTATION_CONTEXT() REPRESENTATION_CONTEXT('2D SPACE',''
  ) );
#4700 = ORIENTED_EDGE('',*,*,#4701,.F.);
#4701 = EDGE_CURVE('',#4702,#4667,#4704,.T.);
#4702 = VERTEX_POINT('',#4703);
#4703 = CARTESIAN_POINT('',(-17.45785123688,-13.64658247938,
    3.895440134219E-02));
#4704 = SURFACE_CURVE('',#4705,(#4709,#4716),.PCURVE_S1.);
#4705 = LINE('',#4706,#4707);
#4706 = CARTESIAN_POINT('',(-17.45785123688,-13.64658247938,0.));
#4707 = VECTOR('',#4708,1.);
#4708 = DIRECTION('',(0.,0.,1.));
#4709 = PCURVE('',#595,#4710);
#4710 = DEFINITIONAL_REPRESENTATION('',(#4711),#4715);
#4711 = LINE('',#4712,#4713);
#4712 = CARTESIAN_POINT('',(1.745329251994,0.));
#4713 = VECTOR('',#4714,1.);
#4714 = DIRECTION('',(0.,-1.));
#4715 = ( GEOMETRIC_REPRESENTATION_CONTEXT(2) 
PARAMETRIC_REPRESENTATION_CONTEXT() REPRESENTATION_CONTEXT('2D SPACE',''
  ) );
#4716 = PCURVE('',#4717,#4722);
#4717 = CYLINDRICAL_SURFACE('',#4718,10.392875);
#4718 = AXIS2_PLACEMENT_3D('',#4719,#4720,#4721);
#4719 = CARTESIAN_POINT('',(-27.22395918313,-10.09200988232,0.));
#4720 = DIRECTION('',(0.,0.,-1.));
#4721 = DIRECTION('',(0.939692620786,-0.342020143326,0.));
#4722 = DEFINITIONAL_REPRESENTATION('',(#4723),#4727);
#4723 = LINE('',#4724,#4725);
#4724 = CARTESIAN_POINT('',(0.,0.));
#4725 = VECTOR('',#4726,1.);
#4726 = DIRECTION('',(0.,-1.));
#4727 = ( GEOMETRIC_REPRESENTATION_CONTEXT(2) 
PARAMETRIC_REPRESENTATION_CONTEXT() REPRESENTATION_CONTEXT('2D SPACE',''
  ) );
#4728 = ORIENTED_EDGE('',*,*,#4729,.F.);
#4729 = EDGE_CURVE('',#4320,#4702,#4730,.T.);
#4730 = SURFACE_CURVE('',#4731,(#4739,#4750),.PCURVE_S1.);
#4731 = B_SPLINE_CURVE_WITH_KNOTS('',6,(#4732,#4733,#4734,#4735,#4736,
    #4737,#4738),.UNSPECIFIED.,.F.,.F.,(7,7),(0.,1.),
  .PIECEWISE_BEZIER_KNOTS.);
#4732 = CARTESIAN_POINT('',(-17.21479419875,-12.30262525548,
    8.907265733882E-07));
#4733 = CARTESIAN_POINT('',(-17.21680274736,-12.53164818856,
    2.553283448086E-04));
#4734 = CARTESIAN_POINT('',(-17.23441891162,-12.76052165562,
    2.152377550282E-03));
#4735 = CARTESIAN_POINT('',(-17.26762771137,-12.98786421092,
    6.34380225669E-03));
#4736 = CARTESIAN_POINT('',(-17.31623787608,-13.21226912696,
    1.35021530269E-02));
#4737 = CARTESIAN_POINT('',(-17.37986371004,-13.43231351037,
    2.422588240539E-02));
#4738 = CARTESIAN_POINT('',(-17.45785123688,-13.64658247938,
    3.895440134219E-02));
#4739 = PCURVE('',#595,#4740);
#4740 = DEFINITIONAL_REPRESENTATION('',(#4741),#4749);
#4741 = B_SPLINE_CURVE_WITH_KNOTS('',6,(#4742,#4743,#4744,#4745,#4746,
    #4747,#4748),.UNSPECIFIED.,.F.,.F.,(7,7),(0.,1.),
  .PIECEWISE_BEZIER_KNOTS.);
#4742 = CARTESIAN_POINT('',(1.405033253121,-8.907265733882E-07));
#4743 = CARTESIAN_POINT('',(1.461824435708,-2.553283448086E-04));
#4744 = CARTESIAN_POINT('',(1.518612476623,-2.152377550283E-03));
#4745 = CARTESIAN_POINT('',(1.575384647252,-6.343802256687E-03));
#4746 = CARTESIAN_POINT('',(1.632120782749,-1.35021530269E-02));
#4747 = CARTESIAN_POINT('',(1.688788874682,-2.422588240539E-02));
#4748 = CARTESIAN_POINT('',(1.745329251994,-3.895440134219E-02));
#4749 = ( GEOMETRIC_REPRESENTATION_CONTEXT(2) 
PARAMETRIC_REPRESENTATION_CONTEXT() REPRESENTATION_CONTEXT('2D SPACE',''
  ) );
#4750 = PCURVE('',#3613,#4751);
#4751 = DEFINITIONAL_REPRESENTATION('',(#4752),#4760);
#4752 = B_SPLINE_CURVE_WITH_KNOTS('',6,(#4753,#4754,#4755,#4756,#4757,
    #4758,#4759),.UNSPECIFIED.,.F.,.F.,(7,7),(0.,1.),
  .PIECEWISE_BEZIER_KNOTS.);
#4753 = CARTESIAN_POINT('',(3.762086105084,4.714276546903));
#4754 = CARTESIAN_POINT('',(3.770837142876,4.724261488886));
#4755 = CARTESIAN_POINT('',(3.779019749328,4.735324860512));
#4756 = CARTESIAN_POINT('',(3.786571609767,4.747377209614));
#4757 = CARTESIAN_POINT('',(3.793446768345,4.760315842363));
#4758 = CARTESIAN_POINT('',(3.799616333331,4.774029521392));
#4759 = CARTESIAN_POINT('',(3.805067211223,4.7883970997));
#4760 = ( GEOMETRIC_REPRESENTATION_CONTEXT(2) 
PARAMETRIC_REPRESENTATION_CONTEXT() REPRESENTATION_CONTEXT('2D SPACE',''
  ) );
#4761 = ORIENTED_EDGE('',*,*,#4343,.F.);
#4762 = ORIENTED_EDGE('',*,*,#574,.F.);
#4763 = ORIENTED_EDGE('',*,*,#4764,.T.);
#4764 = EDGE_CURVE('',#546,#4448,#4765,.T.);
#4765 = SURFACE_CURVE('',#4766,(#4775,#4787),.PCURVE_S1.);
#4766 = B_SPLINE_CURVE_WITH_KNOTS('',4,(#4767,#4768,#4769,#4770,#4771,
    #4772,#4773,#4774),.UNSPECIFIED.,.F.,.F.,(5,3,5),(0.,0.240025033368,
    1.),.UNSPECIFIED.);
#4767 = CARTESIAN_POINT('',(-19.26038710642,-8.757926573553,0.));
#4768 = CARTESIAN_POINT('',(-19.26047088055,-8.75787913721,
    2.050923133918E-17));
#4769 = CARTESIAN_POINT('',(-19.26055465381,-8.757831704887,
    8.550414248106E-09));
#4770 = CARTESIAN_POINT('',(-19.26063842618,-8.757784276587,
    2.565208803622E-08));
#4771 = CARTESIAN_POINT('',(-19.26098743762,-8.757586696037,
    1.325316781631E-07));
#4772 = CARTESIAN_POINT('',(-19.26125266869,-8.757436580092,
    2.994925491661E-07));
#4773 = CARTESIAN_POINT('',(-19.2615178908,-8.757286504501,
    5.522152754385E-07));
#4774 = CARTESIAN_POINT('',(-19.26178310386,-8.757136469295,
    8.907265751645E-07));
#4775 = PCURVE('',#595,#4776);
#4776 = DEFINITIONAL_REPRESENTATION('',(#4777),#4786);
#4777 = B_SPLINE_CURVE_WITH_KNOTS('',4,(#4778,#4779,#4780,#4781,#4782,
    #4783,#4784,#4785),.UNSPECIFIED.,.F.,.F.,(5,3,5),(0.,0.240025033368,
    1.),.UNSPECIFIED.);
#4778 = CARTESIAN_POINT('',(0.340693749934,0.));
#4779 = CARTESIAN_POINT('',(0.340669878112,-2.050931463099E-17));
#4780 = CARTESIAN_POINT('',(0.340646006971,-8.550414248106E-09));
#4781 = CARTESIAN_POINT('',(0.340622136513,-2.565208803622E-08));
#4782 = CARTESIAN_POINT('',(0.340522689485,-1.325316781631E-07));
#4783 = CARTESIAN_POINT('',(0.340447119078,-2.994925491661E-07));
#4784 = CARTESIAN_POINT('',(0.340371555535,-5.522152754385E-07));
#4785 = CARTESIAN_POINT('',(0.340295998873,-8.907265751645E-07));
#4786 = ( GEOMETRIC_REPRESENTATION_CONTEXT(2) 
PARAMETRIC_REPRESENTATION_CONTEXT() REPRESENTATION_CONTEXT('2D SPACE',''
  ) );
#4787 = PCURVE('',#562,#4788);
#4788 = DEFINITIONAL_REPRESENTATION('',(#4789),#4798);
#4789 = B_SPLINE_CURVE_WITH_KNOTS('',4,(#4790,#4791,#4792,#4793,#4794,
    #4795,#4796,#4797),.UNSPECIFIED.,.F.,.F.,(5,3,5),(0.,0.240025033368,
    1.),.UNSPECIFIED.);
#4790 = CARTESIAN_POINT('',(3.568358054951,4.712388980385));
#4791 = CARTESIAN_POINT('',(3.568354375114,4.712502230645));
#4792 = CARTESIAN_POINT('',(3.568350695492,4.712615483393));
#4793 = CARTESIAN_POINT('',(3.568347016088,4.712728738627));
#4794 = CARTESIAN_POINT('',(3.568331687737,4.713200596584));
#4795 = CARTESIAN_POINT('',(3.568320040747,4.713559221754));
#4796 = CARTESIAN_POINT('',(3.568308395931,4.713917871859));
#4797 = CARTESIAN_POINT('',(3.568296753292,4.714276546902));
#4798 = ( GEOMETRIC_REPRESENTATION_CONTEXT(2) 
PARAMETRIC_REPRESENTATION_CONTEXT() REPRESENTATION_CONTEXT('2D SPACE',''
  ) );
#4799 = ADVANCED_FACE('',(#4800),#409,.F.);
#4800 = FACE_BOUND('',#4801,.F.);
#4801 = EDGE_LOOP('',(#4802,#4837,#4865,#4900,#4929,#4957,#5009,#5049,
    #5077,#5117,#5162,#5163));
#4802 = ORIENTED_EDGE('',*,*,#4803,.T.);
#4803 = EDGE_CURVE('',#4385,#4804,#4806,.T.);
#4804 = VERTEX_POINT('',#4805);
#4805 = CARTESIAN_POINT('',(-8.295651426942,20.547212720432,
    3.895440134219E-02));
#4806 = SURFACE_CURVE('',#4807,(#4815,#4826),.PCURVE_S1.);
#4807 = B_SPLINE_CURVE_WITH_KNOTS('',6,(#4808,#4809,#4810,#4811,#4812,
    #4813,#4814),.UNSPECIFIED.,.F.,.F.,(7,7),(0.,1.),
  .PIECEWISE_BEZIER_KNOTS.);
#4808 = CARTESIAN_POINT('',(-8.757136469295,19.261783103868,
    8.907265733882E-07));
#4809 = CARTESIAN_POINT('',(-8.644364456878,19.46112705627,
    2.553283448085E-04));
#4810 = CARTESIAN_POINT('',(-8.545183769123,19.668145375123,
    2.152377550285E-03));
#4811 = CARTESIAN_POINT('',(-8.460272155683,19.881634203254,
    6.343802256684E-03));
#4812 = CARTESIAN_POINT('',(-8.390167335181,20.10027964363,
    1.350215302691E-02));
#4813 = CARTESIAN_POINT('',(-8.33524673202,20.322656586603,
    2.422588240539E-02));
#4814 = CARTESIAN_POINT('',(-8.295651426942,20.547212720432,
    3.895440134219E-02));
#4815 = PCURVE('',#409,#4816);
#4816 = DEFINITIONAL_REPRESENTATION('',(#4817),#4825);
#4817 = B_SPLINE_CURVE_WITH_KNOTS('',6,(#4818,#4819,#4820,#4821,#4822,
    #4823,#4824),.UNSPECIFIED.,.F.,.F.,(7,7),(0.,1.),
  .PIECEWISE_BEZIER_KNOTS.);
#4818 = CARTESIAN_POINT('',(0.340295998873,-8.907265733882E-07));
#4819 = CARTESIAN_POINT('',(0.283504816287,-2.553283448085E-04));
#4820 = CARTESIAN_POINT('',(0.226716775371,-2.152377550286E-03));
#4821 = CARTESIAN_POINT('',(0.169944604743,-6.343802256683E-03));
#4822 = CARTESIAN_POINT('',(0.113208469245,-1.350215302691E-02));
#4823 = CARTESIAN_POINT('',(5.654037731206E-02,-2.422588240539E-02));
#4824 = CARTESIAN_POINT('',(0.,-3.895440134219E-02));
#4825 = ( GEOMETRIC_REPRESENTATION_CONTEXT(2) 
PARAMETRIC_REPRESENTATION_CONTEXT() REPRESENTATION_CONTEXT('2D SPACE',''
  ) );
#4826 = PCURVE('',#4260,#4827);
#4827 = DEFINITIONAL_REPRESENTATION('',(#4828),#4836);
#4828 = B_SPLINE_CURVE_WITH_KNOTS('',6,(#4829,#4830,#4831,#4832,#4833,
    #4834,#4835),.UNSPECIFIED.,.F.,.F.,(7,7),(0.,1.),
  .PIECEWISE_BEZIER_KNOTS.);
#4829 = CARTESIAN_POINT('',(1.997500426497,4.714276546903));
#4830 = CARTESIAN_POINT('',(1.988749388705,4.724261488886));
#4831 = CARTESIAN_POINT('',(1.980566782253,4.735324860512));
#4832 = CARTESIAN_POINT('',(1.973014921814,4.747377209614));
#4833 = CARTESIAN_POINT('',(1.966139763236,4.760315842363));
#4834 = CARTESIAN_POINT('',(1.95997019825,4.774029521392));
#4835 = CARTESIAN_POINT('',(1.954519320359,4.7883970997));
#4836 = ( GEOMETRIC_REPRESENTATION_CONTEXT(2) 
PARAMETRIC_REPRESENTATION_CONTEXT() REPRESENTATION_CONTEXT('2D SPACE',''
  ) );
#4837 = ORIENTED_EDGE('',*,*,#4838,.T.);
#4838 = EDGE_CURVE('',#4804,#4839,#4841,.T.);
#4839 = VERTEX_POINT('',#4840);
#4840 = CARTESIAN_POINT('',(-8.295651426942,20.547212720432,
    7.161045598658));
#4841 = SURFACE_CURVE('',#4842,(#4846,#4853),.PCURVE_S1.);
#4842 = LINE('',#4843,#4844);
#4843 = CARTESIAN_POINT('',(-8.295651426942,20.547212720432,0.));
#4844 = VECTOR('',#4845,1.);
#4845 = DIRECTION('',(0.,0.,1.));
#4846 = PCURVE('',#409,#4847);
#4847 = DEFINITIONAL_REPRESENTATION('',(#4848),#4852);
#4848 = LINE('',#4849,#4850);
#4849 = CARTESIAN_POINT('',(0.,0.));
#4850 = VECTOR('',#4851,1.);
#4851 = DIRECTION('',(0.,-1.));
#4852 = ( GEOMETRIC_REPRESENTATION_CONTEXT(2) 
PARAMETRIC_REPRESENTATION_CONTEXT() REPRESENTATION_CONTEXT('2D SPACE',''
  ) );
#4853 = PCURVE('',#4854,#4859);
#4854 = CYLINDRICAL_SURFACE('',#4855,10.392874999999);
#4855 = AXIS2_PLACEMENT_3D('',#4856,#4857,#4858);
#4856 = CARTESIAN_POINT('',(-18.53063530302,22.351916524902,0.));
#4857 = DIRECTION('',(0.,0.,-1.));
#4858 = DIRECTION('',(0.998308158271,5.814482891049E-02,0.));
#4859 = DEFINITIONAL_REPRESENTATION('',(#4860),#4864);
#4860 = LINE('',#4861,#4862);
#4861 = CARTESIAN_POINT('',(0.232710566933,0.));
#4862 = VECTOR('',#4863,1.);
#4863 = DIRECTION('',(0.,-1.));
#4864 = ( GEOMETRIC_REPRESENTATION_CONTEXT(2) 
PARAMETRIC_REPRESENTATION_CONTEXT() REPRESENTATION_CONTEXT('2D SPACE',''
  ) );
#4865 = ORIENTED_EDGE('',*,*,#4866,.T.);
#4866 = EDGE_CURVE('',#4839,#4867,#4869,.T.);
#4867 = VERTEX_POINT('',#4868);
#4868 = CARTESIAN_POINT('',(-8.757136469295,19.261783103868,
    7.199999109273));
#4869 = SURFACE_CURVE('',#4870,(#4878,#4889),.PCURVE_S1.);
#4870 = B_SPLINE_CURVE_WITH_KNOTS('',6,(#4871,#4872,#4873,#4874,#4875,
    #4876,#4877),.UNSPECIFIED.,.F.,.F.,(7,7),(0.,1.),
  .PIECEWISE_BEZIER_KNOTS.);
#4871 = CARTESIAN_POINT('',(-8.295651426942,20.547212720432,
    7.161045598658));
#4872 = CARTESIAN_POINT('',(-8.335246732145,20.322656585894,
    7.175774117641));
#4873 = CARTESIAN_POINT('',(-8.390167335574,20.100279642047,
    7.186497847051));
#4874 = CARTESIAN_POINT('',(-8.460272156203,19.881634202083,
    7.193656197748));
#4875 = CARTESIAN_POINT('',(-8.545183769363,19.668145374644,
    7.197847622458));
#4876 = CARTESIAN_POINT('',(-8.644364457018,19.461127056024,
    7.199744671656));
#4877 = CARTESIAN_POINT('',(-8.757136469295,19.261783103868,
    7.199999109273));
#4878 = PCURVE('',#409,#4879);
#4879 = DEFINITIONAL_REPRESENTATION('',(#4880),#4888);
#4880 = B_SPLINE_CURVE_WITH_KNOTS('',6,(#4881,#4882,#4883,#4884,#4885,
    #4886,#4887),.UNSPECIFIED.,.F.,.F.,(7,7),(0.,1.),
  .PIECEWISE_BEZIER_KNOTS.);
#4881 = CARTESIAN_POINT('',(0.,-7.161045598658));
#4882 = CARTESIAN_POINT('',(5.654037749058E-02,-7.175774117641));
#4883 = CARTESIAN_POINT('',(0.113208469645,-7.186497847051));
#4884 = CARTESIAN_POINT('',(0.169944605064,-7.193656197748));
#4885 = CARTESIAN_POINT('',(0.2267167755,-7.197847622458));
#4886 = CARTESIAN_POINT('',(0.283504816357,-7.199744671656));
#4887 = CARTESIAN_POINT('',(0.340295998873,-7.199999109273));
#4888 = ( GEOMETRIC_REPRESENTATION_CONTEXT(2) 
PARAMETRIC_REPRESENTATION_CONTEXT() REPRESENTATION_CONTEXT('2D SPACE',''
  ) );
#4889 = PCURVE('',#4192,#4890);
#4890 = DEFINITIONAL_REPRESENTATION('',(#4891),#4899);
#4891 = B_SPLINE_CURVE_WITH_KNOTS('',6,(#4892,#4893,#4894,#4895,#4896,
    #4897,#4898),.UNSPECIFIED.,.F.,.F.,(7,7),(0.,1.),
  .PIECEWISE_BEZIER_KNOTS.);
#4892 = CARTESIAN_POINT('',(1.954519320359,1.494788207479));
#4893 = CARTESIAN_POINT('',(1.959970198268,1.509155785833));
#4894 = CARTESIAN_POINT('',(1.96613976328,1.522869464914));
#4895 = CARTESIAN_POINT('',(1.973014921858,1.535808097631));
#4896 = CARTESIAN_POINT('',(1.980566782273,1.547860446692));
#4897 = CARTESIAN_POINT('',(1.988749388716,1.558923818305));
#4898 = CARTESIAN_POINT('',(1.997500426497,1.568908760277));
#4899 = ( GEOMETRIC_REPRESENTATION_CONTEXT(2) 
PARAMETRIC_REPRESENTATION_CONTEXT() REPRESENTATION_CONTEXT('2D SPACE',''
  ) );
#4900 = ORIENTED_EDGE('',*,*,#4901,.T.);
#4901 = EDGE_CURVE('',#4867,#4902,#4904,.T.);
#4902 = VERTEX_POINT('',#4903);
#4903 = CARTESIAN_POINT('',(-8.757926573552,19.26038710642,7.2));
#4904 = SURFACE_CURVE('',#4905,(#4911,#4920),.PCURVE_S1.);
#4905 = B_SPLINE_CURVE_WITH_KNOTS('',4,(#4906,#4907,#4908,#4909,#4910),
  .UNSPECIFIED.,.F.,.F.,(5,5),(0.,1.),.PIECEWISE_BEZIER_KNOTS.);
#4906 = CARTESIAN_POINT('',(-8.757136469295,19.261783103868,
    7.199999109273));
#4907 = CARTESIAN_POINT('',(-8.757333890543,19.261434127815,
    7.199999554698));
#4908 = CARTESIAN_POINT('',(-8.757531381712,19.261085136106,
    7.199999851586));
#4909 = CARTESIAN_POINT('',(-8.757728942738,19.260736128916,7.2));
#4910 = CARTESIAN_POINT('',(-8.757926573553,19.26038710642,7.2));
#4911 = PCURVE('',#409,#4912);
#4912 = DEFINITIONAL_REPRESENTATION('',(#4913),#4919);
#4913 = B_SPLINE_CURVE_WITH_KNOTS('',4,(#4914,#4915,#4916,#4917,#4918),
  .UNSPECIFIED.,.F.,.F.,(5,5),(0.,1.),.PIECEWISE_BEZIER_KNOTS.);
#4914 = CARTESIAN_POINT('',(0.340295998873,-7.199999109273));
#4915 = CARTESIAN_POINT('',(0.340395418808,-7.199999554698));
#4916 = CARTESIAN_POINT('',(0.340494850659,-7.199999851586));
#4917 = CARTESIAN_POINT('',(0.340594294382,-7.2));
#4918 = CARTESIAN_POINT('',(0.340693749934,-7.2));
#4919 = ( GEOMETRIC_REPRESENTATION_CONTEXT(2) 
PARAMETRIC_REPRESENTATION_CONTEXT() REPRESENTATION_CONTEXT('2D SPACE',''
  ) );
#4920 = PCURVE('',#4151,#4921);
#4921 = DEFINITIONAL_REPRESENTATION('',(#4922),#4928);
#4922 = B_SPLINE_CURVE_WITH_KNOTS('',4,(#4923,#4924,#4925,#4926,#4927),
  .UNSPECIFIED.,.F.,.F.,(5,5),(0.,1.),.PIECEWISE_BEZIER_KNOTS.);
#4923 = CARTESIAN_POINT('',(1.997500426497,1.568908760281));
#4924 = CARTESIAN_POINT('',(1.997515746263,1.569380716671));
#4925 = CARTESIAN_POINT('',(1.997531069799,1.569852629884));
#4926 = CARTESIAN_POINT('',(1.997546397099,1.570324499924));
#4927 = CARTESIAN_POINT('',(1.997561728156,1.570796326793));
#4928 = ( GEOMETRIC_REPRESENTATION_CONTEXT(2) 
PARAMETRIC_REPRESENTATION_CONTEXT() REPRESENTATION_CONTEXT('2D SPACE',''
  ) );
#4929 = ORIENTED_EDGE('',*,*,#4930,.T.);
#4930 = EDGE_CURVE('',#4902,#4931,#4933,.T.);
#4931 = VERTEX_POINT('',#4932);
#4932 = CARTESIAN_POINT('',(-12.3010212341,17.214780450386,7.2));
#4933 = SURFACE_CURVE('',#4934,(#4939,#4946),.PCURVE_S1.);
#4934 = CIRCLE('',#4935,4.032875);
#4935 = AXIS2_PLACEMENT_3D('',#4936,#4937,#4938);
#4936 = CARTESIAN_POINT('',(-12.26725799387,21.24751411494,7.2));
#4937 = DIRECTION('',(0.,0.,-1.));
#4938 = DIRECTION('',(0.984807753012,-0.173648177667,0.));
#4939 = PCURVE('',#409,#4940);
#4940 = DEFINITIONAL_REPRESENTATION('',(#4941),#4945);
#4941 = LINE('',#4942,#4943);
#4942 = CARTESIAN_POINT('',(0.,-7.2));
#4943 = VECTOR('',#4944,1.);
#4944 = DIRECTION('',(1.,0.));
#4945 = ( GEOMETRIC_REPRESENTATION_CONTEXT(2) 
PARAMETRIC_REPRESENTATION_CONTEXT() REPRESENTATION_CONTEXT('2D SPACE',''
  ) );
#4946 = PCURVE('',#1171,#4947);
#4947 = DEFINITIONAL_REPRESENTATION('',(#4948),#4956);
#4948 = ( BOUNDED_CURVE() B_SPLINE_CURVE(2,(#4949,#4950,#4951,#4952,
#4953,#4954,#4955),.UNSPECIFIED.,.T.,.F.) B_SPLINE_CURVE_WITH_KNOTS((1,2
    ,2,2,2,1),(-2.094395102393,0.,2.094395102393,4.188790204786,
6.28318530718,8.377580409573),.UNSPECIFIED.) CURVE() 
GEOMETRIC_REPRESENTATION_ITEM() RATIONAL_B_SPLINE_CURVE((1.,0.5,1.,0.5,
1.,0.5,1.)) REPRESENTATION_ITEM('') );
#4949 = CARTESIAN_POINT('',(-8.295651426942,20.547212720432));
#4950 = CARTESIAN_POINT('',(-9.508609022842,13.668188358836));
#4951 = CARTESIAN_POINT('',(-14.85954007528,18.158152631397));
#4952 = CARTESIAN_POINT('',(-20.21047112772,22.648116903957));
#4953 = CARTESIAN_POINT('',(-13.64658247938,25.037176992992));
#4954 = CARTESIAN_POINT('',(-7.082693831042,27.426237082027));
#4955 = CARTESIAN_POINT('',(-8.295651426942,20.547212720432));
#4956 = ( GEOMETRIC_REPRESENTATION_CONTEXT(2) 
PARAMETRIC_REPRESENTATION_CONTEXT() REPRESENTATION_CONTEXT('2D SPACE',''
  ) );
#4957 = ORIENTED_EDGE('',*,*,#4958,.F.);
#4958 = EDGE_CURVE('',#4959,#4931,#4961,.T.);
#4959 = VERTEX_POINT('',#4960);
#4960 = CARTESIAN_POINT('',(-12.30262525548,17.214794198751,
    7.199999109273));
#4961 = SURFACE_CURVE('',#4962,(#4974,#4989),.PCURVE_S1.);
#4962 = B_SPLINE_CURVE_WITH_KNOTS('',4,(#4963,#4964,#4965,#4966,#4967,
    #4968,#4969,#4970,#4971,#4972,#4973),.UNSPECIFIED.,.F.,.F.,(5,3,3,5)
  ,(0.,0.293971515933,0.531965831031,1.),.UNSPECIFIED.);
#4963 = CARTESIAN_POINT('',(-12.30262525548,17.214794198751,
    7.199999109273));
#4964 = CARTESIAN_POINT('',(-12.30250739268,17.214793165085,
    7.199999240215));
#4965 = CARTESIAN_POINT('',(-12.30238952567,17.214792135976,
    7.199999358321));
#4966 = CARTESIAN_POINT('',(-12.30227165448,17.214791111424,
    7.199999463592));
#4967 = CARTESIAN_POINT('',(-12.30205834922,17.21478926566,
    7.199999630866));
#4968 = CARTESIAN_POINT('',(-12.30196291659,17.214788442878,
    7.19999969729));
#4969 = CARTESIAN_POINT('',(-12.30186748122,17.214787623084,
    7.199999755305));
#4970 = CARTESIAN_POINT('',(-12.30158435672,17.214785199966,
    7.199999902461));
#4971 = CARTESIAN_POINT('',(-12.30139665974,17.214783605212,
    7.199999967489));
#4972 = CARTESIAN_POINT('',(-12.3012089522,17.214782022017,7.2));
#4973 = CARTESIAN_POINT('',(-12.3010212341,17.214780450385,7.2));
#4974 = PCURVE('',#409,#4975);
#4975 = DEFINITIONAL_REPRESENTATION('',(#4976),#4988);
#4976 = B_SPLINE_CURVE_WITH_KNOTS('',4,(#4977,#4978,#4979,#4980,#4981,
    #4982,#4983,#4984,#4985,#4986,#4987),.UNSPECIFIED.,.F.,.F.,(5,3,3,5)
  ,(0.,0.293971515933,0.531965831031,1.),.UNSPECIFIED.);
#4977 = CARTESIAN_POINT('',(1.405033253121,-7.199999109273));
#4978 = CARTESIAN_POINT('',(1.405004026492,-7.199999240215));
#4979 = CARTESIAN_POINT('',(1.404974798834,-7.199999358321));
#4980 = CARTESIAN_POINT('',(1.404945570146,-7.199999463592));
#4981 = CARTESIAN_POINT('',(1.404892676554,-7.199999630866));
#4982 = CARTESIAN_POINT('',(1.404869012003,-7.19999969729));
#4983 = CARTESIAN_POINT('',(1.404845346778,-7.199999755305));
#4984 = CARTESIAN_POINT('',(1.404775140072,-7.199999902461));
#4985 = CARTESIAN_POINT('',(1.404728596662,-7.199999967489));
#4986 = CARTESIAN_POINT('',(1.404682050657,-7.2));
#4987 = CARTESIAN_POINT('',(1.40463550206,-7.2));
#4988 = ( GEOMETRIC_REPRESENTATION_CONTEXT(2) 
PARAMETRIC_REPRESENTATION_CONTEXT() REPRESENTATION_CONTEXT('2D SPACE',''
  ) );
#4989 = PCURVE('',#4990,#4995);
#4990 = TOROIDAL_SURFACE('',#4991,21.158066767946,0.500000001594);
#4991 = AXIS2_PLACEMENT_3D('',#4992,#4993,#4994);
#4992 = CARTESIAN_POINT('',(0.,0.,6.699999998406));
#4993 = DIRECTION('',(0.,0.,1.));
#4994 = DIRECTION('',(1.,0.,-0.));
#4995 = DEFINITIONAL_REPRESENTATION('',(#4996),#5008);
#4996 = B_SPLINE_CURVE_WITH_KNOTS('',4,(#4997,#4998,#4999,#5000,#5001,
    #5002,#5003,#5004,#5005,#5006,#5007),.UNSPECIFIED.,.F.,.F.,(5,3,3,5)
  ,(0.,0.293971515933,0.531965831031,1.),.UNSPECIFIED.);
#4997 = CARTESIAN_POINT('',(2.191289778289,1.568908760281));
#4998 = CARTESIAN_POINT('',(2.191285274714,1.569047502017));
#4999 = CARTESIAN_POINT('',(2.191280770814,1.569186240021));
#5000 = CARTESIAN_POINT('',(2.191276266588,1.569324974294));
#5001 = CARTESIAN_POINT('',(2.191268115228,1.569576018711));
#5002 = CARTESIAN_POINT('',(2.191264468206,1.569688330141));
#5003 = CARTESIAN_POINT('',(2.191260820972,1.569800639126));
#5004 = CARTESIAN_POINT('',(2.191250000536,1.570133805133));
#5005 = CARTESIAN_POINT('',(2.191242826725,1.570354655143));
#5006 = CARTESIAN_POINT('',(2.191235652089,1.570575495697));
#5007 = CARTESIAN_POINT('',(2.19122847663,1.570796326793));
#5008 = ( GEOMETRIC_REPRESENTATION_CONTEXT(2) 
PARAMETRIC_REPRESENTATION_CONTEXT() REPRESENTATION_CONTEXT('2D SPACE',''
  ) );
#5009 = ORIENTED_EDGE('',*,*,#5010,.F.);
#5010 = EDGE_CURVE('',#5011,#4959,#5013,.T.);
#5011 = VERTEX_POINT('',#5012);
#5012 = CARTESIAN_POINT('',(-13.64658247938,17.457851236888,
    7.161045598658));
#5013 = SURFACE_CURVE('',#5014,(#5022,#5033),.PCURVE_S1.);
#5014 = B_SPLINE_CURVE_WITH_KNOTS('',6,(#5015,#5016,#5017,#5018,#5019,
    #5020,#5021),.UNSPECIFIED.,.F.,.F.,(7,7),(0.,1.),
  .PIECEWISE_BEZIER_KNOTS.);
#5015 = CARTESIAN_POINT('',(-13.64658247938,17.457851236888,
    7.161045598658));
#5016 = CARTESIAN_POINT('',(-13.43231350916,17.379863709792,
    7.175774119419));
#5017 = CARTESIAN_POINT('',(-13.21226912807,17.316237876023,
    7.186497843162));
#5018 = CARTESIAN_POINT('',(-12.98786420711,17.267627710953,
    7.193656201328));
#5019 = CARTESIAN_POINT('',(-12.76052165682,17.234418911721,
    7.197847621094));
#5020 = CARTESIAN_POINT('',(-12.5316481878,17.216802747356,
    7.199744671656));
#5021 = CARTESIAN_POINT('',(-12.30262525548,17.214794198751,
    7.199999109273));
#5022 = PCURVE('',#409,#5023);
#5023 = DEFINITIONAL_REPRESENTATION('',(#5024),#5032);
#5024 = B_SPLINE_CURVE_WITH_KNOTS('',6,(#5025,#5026,#5027,#5028,#5029,
    #5030,#5031),.UNSPECIFIED.,.F.,.F.,(7,7),(0.,1.),
  .PIECEWISE_BEZIER_KNOTS.);
#5025 = CARTESIAN_POINT('',(1.745329251994,-7.161045598658));
#5026 = CARTESIAN_POINT('',(1.688788874378,-7.175774119419));
#5027 = CARTESIAN_POINT('',(1.632120783011,-7.186497843162));
#5028 = CARTESIAN_POINT('',(1.575384646303,-7.193656201328));
#5029 = CARTESIAN_POINT('',(1.518612476926,-7.197847621094));
#5030 = CARTESIAN_POINT('',(1.461824435519,-7.199744671656));
#5031 = CARTESIAN_POINT('',(1.405033253121,-7.199999109273));
#5032 = ( GEOMETRIC_REPRESENTATION_CONTEXT(2) 
PARAMETRIC_REPRESENTATION_CONTEXT() REPRESENTATION_CONTEXT('2D SPACE',''
  ) );
#5033 = PCURVE('',#5034,#5039);
#5034 = TOROIDAL_SURFACE('',#5035,21.133528417785,13.5);
#5035 = AXIS2_PLACEMENT_3D('',#5036,#5037,#5038);
#5036 = CARTESIAN_POINT('',(0.,0.,-6.299976841109));
#5037 = DIRECTION('',(0.,0.,1.));
#5038 = DIRECTION('',(1.,0.,-0.));
#5039 = DEFINITIONAL_REPRESENTATION('',(#5040),#5048);
#5040 = B_SPLINE_CURVE_WITH_KNOTS('',6,(#5041,#5042,#5043,#5044,#5045,
    #5046,#5047),.UNSPECIFIED.,.F.,.F.,(7,7),(0.,1.),
  .PIECEWISE_BEZIER_KNOTS.);
#5041 = CARTESIAN_POINT('',(2.234270874669,1.494788198008));
#5042 = CARTESIAN_POINT('',(2.228819996687,1.509155776309));
#5043 = CARTESIAN_POINT('',(2.222650481744,1.522869503792));
#5044 = CARTESIAN_POINT('',(2.215775239934,1.535808056066));
#5045 = CARTESIAN_POINT('',(2.208223440012,1.547860463549));
#5046 = CARTESIAN_POINT('',(2.200040816052,1.558923818326));
#5047 = CARTESIAN_POINT('',(2.191289778289,1.568908760277));
#5048 = ( GEOMETRIC_REPRESENTATION_CONTEXT(2) 
PARAMETRIC_REPRESENTATION_CONTEXT() REPRESENTATION_CONTEXT('2D SPACE',''
  ) );
#5049 = ORIENTED_EDGE('',*,*,#5050,.F.);
#5050 = EDGE_CURVE('',#5051,#5011,#5053,.T.);
#5051 = VERTEX_POINT('',#5052);
#5052 = CARTESIAN_POINT('',(-13.64658247938,17.457851236888,
    3.895440134219E-02));
#5053 = SURFACE_CURVE('',#5054,(#5058,#5065),.PCURVE_S1.);
#5054 = LINE('',#5055,#5056);
#5055 = CARTESIAN_POINT('',(-13.64658247938,17.457851236888,0.));
#5056 = VECTOR('',#5057,1.);
#5057 = DIRECTION('',(0.,0.,1.));
#5058 = PCURVE('',#409,#5059);
#5059 = DEFINITIONAL_REPRESENTATION('',(#5060),#5064);
#5060 = LINE('',#5061,#5062);
#5061 = CARTESIAN_POINT('',(1.745329251994,0.));
#5062 = VECTOR('',#5063,1.);
#5063 = DIRECTION('',(0.,-1.));
#5064 = ( GEOMETRIC_REPRESENTATION_CONTEXT(2) 
PARAMETRIC_REPRESENTATION_CONTEXT() REPRESENTATION_CONTEXT('2D SPACE',''
  ) );
#5065 = PCURVE('',#5066,#5071);
#5066 = CYLINDRICAL_SURFACE('',#5067,10.392875);
#5067 = AXIS2_PLACEMENT_3D('',#5068,#5069,#5070);
#5068 = CARTESIAN_POINT('',(-10.09200988232,27.223959183139,0.));
#5069 = DIRECTION('',(0.,0.,-1.));
#5070 = DIRECTION('',(-0.342020143326,-0.939692620786,-0.));
#5071 = DEFINITIONAL_REPRESENTATION('',(#5072),#5076);
#5072 = LINE('',#5073,#5074);
#5073 = CARTESIAN_POINT('',(0.,0.));
#5074 = VECTOR('',#5075,1.);
#5075 = DIRECTION('',(0.,-1.));
#5076 = ( GEOMETRIC_REPRESENTATION_CONTEXT(2) 
PARAMETRIC_REPRESENTATION_CONTEXT() REPRESENTATION_CONTEXT('2D SPACE',''
  ) );
#5077 = ORIENTED_EDGE('',*,*,#5078,.F.);
#5078 = EDGE_CURVE('',#5079,#5051,#5081,.T.);
#5079 = VERTEX_POINT('',#5080);
#5080 = CARTESIAN_POINT('',(-12.30262525548,17.214794198751,
    8.907265742764E-07));
#5081 = SURFACE_CURVE('',#5082,(#5090,#5101),.PCURVE_S1.);
#5082 = B_SPLINE_CURVE_WITH_KNOTS('',6,(#5083,#5084,#5085,#5086,#5087,
    #5088,#5089),.UNSPECIFIED.,.F.,.F.,(7,7),(0.,1.),
  .PIECEWISE_BEZIER_KNOTS.);
#5083 = CARTESIAN_POINT('',(-12.30262525548,17.214794198751,
    8.907265733882E-07));
#5084 = CARTESIAN_POINT('',(-12.53164818856,17.216802747363,
    2.553283448086E-04));
#5085 = CARTESIAN_POINT('',(-12.76052165562,17.234418911628,
    2.152377550283E-03));
#5086 = CARTESIAN_POINT('',(-12.98786421092,17.267627711379,
    6.343802256691E-03));
#5087 = CARTESIAN_POINT('',(-13.21226912696,17.316237876084,
    1.35021530269E-02));
#5088 = CARTESIAN_POINT('',(-13.43231351037,17.379863710042,
    2.422588240539E-02));
#5089 = CARTESIAN_POINT('',(-13.64658247938,17.457851236888,
    3.895440134219E-02));
#5090 = PCURVE('',#409,#5091);
#5091 = DEFINITIONAL_REPRESENTATION('',(#5092),#5100);
#5092 = B_SPLINE_CURVE_WITH_KNOTS('',6,(#5093,#5094,#5095,#5096,#5097,
    #5098,#5099),.UNSPECIFIED.,.F.,.F.,(7,7),(0.,1.),
  .PIECEWISE_BEZIER_KNOTS.);
#5093 = CARTESIAN_POINT('',(1.405033253121,-8.907265733882E-07));
#5094 = CARTESIAN_POINT('',(1.461824435708,-2.553283448086E-04));
#5095 = CARTESIAN_POINT('',(1.518612476623,-2.152377550284E-03));
#5096 = CARTESIAN_POINT('',(1.575384647252,-6.343802256688E-03));
#5097 = CARTESIAN_POINT('',(1.632120782749,-1.35021530269E-02));
#5098 = CARTESIAN_POINT('',(1.688788874682,-2.422588240539E-02));
#5099 = CARTESIAN_POINT('',(1.745329251994,-3.895440134219E-02));
#5100 = ( GEOMETRIC_REPRESENTATION_CONTEXT(2) 
PARAMETRIC_REPRESENTATION_CONTEXT() REPRESENTATION_CONTEXT('2D SPACE',''
  ) );
#5101 = PCURVE('',#5102,#5107);
#5102 = TOROIDAL_SURFACE('',#5103,21.133528417785,13.5);
#5103 = AXIS2_PLACEMENT_3D('',#5104,#5105,#5106);
#5104 = CARTESIAN_POINT('',(0.,0.,13.499976841109));
#5105 = DIRECTION('',(0.,0.,1.));
#5106 = DIRECTION('',(1.,0.,-0.));
#5107 = DEFINITIONAL_REPRESENTATION('',(#5108),#5116);
#5108 = B_SPLINE_CURVE_WITH_KNOTS('',6,(#5109,#5110,#5111,#5112,#5113,
    #5114,#5115),.UNSPECIFIED.,.F.,.F.,(7,7),(0.,1.),
  .PIECEWISE_BEZIER_KNOTS.);
#5109 = CARTESIAN_POINT('',(2.191289778289,4.714276546903));
#5110 = CARTESIAN_POINT('',(2.200040816081,4.724261488886));
#5111 = CARTESIAN_POINT('',(2.208223422533,4.735324860512));
#5112 = CARTESIAN_POINT('',(2.215775282972,4.747377209614));
#5113 = CARTESIAN_POINT('',(2.222650441551,4.760315842363));
#5114 = CARTESIAN_POINT('',(2.228820006536,4.774029521392));
#5115 = CARTESIAN_POINT('',(2.234270884428,4.7883970997));
#5116 = ( GEOMETRIC_REPRESENTATION_CONTEXT(2) 
PARAMETRIC_REPRESENTATION_CONTEXT() REPRESENTATION_CONTEXT('2D SPACE',''
  ) );
#5117 = ORIENTED_EDGE('',*,*,#5118,.F.);
#5118 = EDGE_CURVE('',#389,#5079,#5119,.T.);
#5119 = SURFACE_CURVE('',#5120,(#5132,#5147),.PCURVE_S1.);
#5120 = B_SPLINE_CURVE_WITH_KNOTS('',4,(#5121,#5122,#5123,#5124,#5125,
    #5126,#5127,#5128,#5129,#5130,#5131),.UNSPECIFIED.,.F.,.F.,(5,3,3,5)
  ,(0.,0.300028820935,0.645031422796,1.),.UNSPECIFIED.);
#5121 = CARTESIAN_POINT('',(-12.3010212341,17.214780450385,0.));
#5122 = CARTESIAN_POINT('',(-12.30114156899,17.214781457865,
    2.563632805507E-17));
#5123 = CARTESIAN_POINT('',(-12.30126189954,17.214782470096,
    1.335980235403E-08));
#5124 = CARTESIAN_POINT('',(-12.30138222575,17.214783487078,
    4.008105737139E-08));
#5125 = CARTESIAN_POINT('',(-12.30164090552,17.214785683697,
    1.262583426201E-07));
#5126 = CARTESIAN_POINT('',(-12.30177925767,17.214786864866,
    1.900208443311E-07));
#5127 = CARTESIAN_POINT('',(-12.30191760408,17.214788052314,
    2.714554251645E-07));
#5128 = CARTESIAN_POINT('',(-12.30219828157,17.21479047425,
    4.725366843819E-07));
#5129 = CARTESIAN_POINT('',(-12.30234061231,17.214791709106,
    5.932192306575E-07));
#5130 = CARTESIAN_POINT('',(-12.30248293696,17.214792950607,
    7.326149534589E-07));
#5131 = CARTESIAN_POINT('',(-12.30262525548,17.214794198751,
    8.907265751645E-07));
#5132 = PCURVE('',#409,#5133);
#5133 = DEFINITIONAL_REPRESENTATION('',(#5134),#5146);
#5134 = B_SPLINE_CURVE_WITH_KNOTS('',4,(#5135,#5136,#5137,#5138,#5139,
    #5140,#5141,#5142,#5143,#5144,#5145),.UNSPECIFIED.,.F.,.F.,(5,3,3,5)
  ,(0.,0.300028820935,0.645031422796,1.),.UNSPECIFIED.);
#5135 = CARTESIAN_POINT('',(1.40463550206,0.));
#5136 = CARTESIAN_POINT('',(1.404665341592,-2.563640506072E-17));
#5137 = CARTESIAN_POINT('',(1.404695180059,-1.335980235403E-08));
#5138 = CARTESIAN_POINT('',(1.404725017461,-4.008105737139E-08));
#5139 = CARTESIAN_POINT('',(1.404789162542,-1.262583426201E-07));
#5140 = CARTESIAN_POINT('',(1.404823469878,-1.900208443311E-07));
#5141 = CARTESIAN_POINT('',(1.404857775801,-2.714554251645E-07));
#5142 = CARTESIAN_POINT('',(1.404927375761,-4.725366843819E-07));
#5143 = CARTESIAN_POINT('',(1.404962669714,-5.932192306575E-07));
#5144 = CARTESIAN_POINT('',(1.404997962168,-7.326149534589E-07));
#5145 = CARTESIAN_POINT('',(1.405033253121,-8.907265751645E-07));
#5146 = ( GEOMETRIC_REPRESENTATION_CONTEXT(2) 
PARAMETRIC_REPRESENTATION_CONTEXT() REPRESENTATION_CONTEXT('2D SPACE',''
  ) );
#5147 = PCURVE('',#438,#5148);
#5148 = DEFINITIONAL_REPRESENTATION('',(#5149),#5161);
#5149 = B_SPLINE_CURVE_WITH_KNOTS('',4,(#5150,#5151,#5152,#5153,#5154,
    #5155,#5156,#5157,#5158,#5159,#5160),.UNSPECIFIED.,.F.,.F.,(5,3,3,5)
  ,(0.,0.300028820935,0.645031422796,1.),.UNSPECIFIED.);
#5150 = CARTESIAN_POINT('',(2.19122847663,4.712388980385));
#5151 = CARTESIAN_POINT('',(2.191233076389,4.712530542045));
#5152 = CARTESIAN_POINT('',(2.19123767581,4.71267210759));
#5153 = CARTESIAN_POINT('',(2.191242274893,4.712813677022));
#5154 = CARTESIAN_POINT('',(2.191252161724,4.713118045244));
#5155 = CARTESIAN_POINT('',(2.191257449363,4.713280845287));
#5156 = CARTESIAN_POINT('',(2.191262736555,4.713443650468));
#5157 = CARTESIAN_POINT('',(2.191273462758,4.713773974157));
#5158 = CARTESIAN_POINT('',(2.191278901743,4.713941492965));
#5159 = CARTESIAN_POINT('',(2.191284340254,4.714109017213));
#5160 = CARTESIAN_POINT('',(2.191289778289,4.714276546902));
#5161 = ( GEOMETRIC_REPRESENTATION_CONTEXT(2) 
PARAMETRIC_REPRESENTATION_CONTEXT() REPRESENTATION_CONTEXT('2D SPACE',''
  ) );
#5162 = ORIENTED_EDGE('',*,*,#388,.F.);
#5163 = ORIENTED_EDGE('',*,*,#4384,.T.);
#5164 = ADVANCED_FACE('',(#5165),#562,.T.);
#5165 = FACE_BOUND('',#5166,.T.);
#5166 = EDGE_LOOP('',(#5167,#5168,#5169,#5193));
#5167 = ORIENTED_EDGE('',*,*,#545,.T.);
#5168 = ORIENTED_EDGE('',*,*,#4764,.T.);
#5169 = ORIENTED_EDGE('',*,*,#5170,.F.);
#5170 = EDGE_CURVE('',#5171,#4448,#5173,.T.);
#5171 = VERTEX_POINT('',#5172);
#5172 = CARTESIAN_POINT('',(-21.05976172478,-2.046988905117,
    8.907265742764E-07));
#5173 = SURFACE_CURVE('',#5174,(#5179,#5186),.PCURVE_S1.);
#5174 = CIRCLE('',#5175,21.159010550645);
#5175 = AXIS2_PLACEMENT_3D('',#5176,#5177,#5178);
#5176 = CARTESIAN_POINT('',(0.,0.,8.907265742764E-07));
#5177 = DIRECTION('',(0.,0.,1.));
#5178 = DIRECTION('',(1.,0.,-0.));
#5179 = PCURVE('',#562,#5180);
#5180 = DEFINITIONAL_REPRESENTATION('',(#5181),#5185);
#5181 = LINE('',#5182,#5183);
#5182 = CARTESIAN_POINT('',(0.,4.714276546902));
#5183 = VECTOR('',#5184,1.);
#5184 = DIRECTION('',(1.,0.));
#5185 = ( GEOMETRIC_REPRESENTATION_CONTEXT(2) 
PARAMETRIC_REPRESENTATION_CONTEXT() REPRESENTATION_CONTEXT('2D SPACE',''
  ) );
#5186 = PCURVE('',#4473,#5187);
#5187 = DEFINITIONAL_REPRESENTATION('',(#5188),#5192);
#5188 = LINE('',#5189,#5190);
#5189 = CARTESIAN_POINT('',(0.,4.714276546903));
#5190 = VECTOR('',#5191,1.);
#5191 = DIRECTION('',(1.,0.));
#5192 = ( GEOMETRIC_REPRESENTATION_CONTEXT(2) 
PARAMETRIC_REPRESENTATION_CONTEXT() REPRESENTATION_CONTEXT('2D SPACE',''
  ) );
#5193 = ORIENTED_EDGE('',*,*,#5194,.F.);
#5194 = EDGE_CURVE('',#513,#5171,#5195,.T.);
#5195 = SURFACE_CURVE('',#5196,(#5205,#5217),.PCURVE_S1.);
#5196 = B_SPLINE_CURVE_WITH_KNOTS('',4,(#5197,#5198,#5199,#5200,#5201,
    #5202,#5203,#5204),.UNSPECIFIED.,.F.,.F.,(5,3,5),(0.,0.330030344126,
    1.),.UNSPECIFIED.);
#5197 = CARTESIAN_POINT('',(-21.05894780765,-2.045606656035,0.));
#5198 = CARTESIAN_POINT('',(-21.05901495132,-2.045720735827,
    2.819984474759E-17));
#5199 = CARTESIAN_POINT('',(-21.05908209734,-2.045834808202,
    1.616522769069E-08));
#5200 = CARTESIAN_POINT('',(-21.05914924571,-2.045948873155,
    4.849787975615E-08));
#5201 = CARTESIAN_POINT('',(-21.05935271404,-2.046294470244,
    1.954609422867E-07));
#5202 = CARTESIAN_POINT('',(-21.05948904132,-2.0465259792,
    3.60556716673E-07));
#5203 = CARTESIAN_POINT('',(-21.05962537825,-2.046757457506,
    5.92305825872E-07));
#5204 = CARTESIAN_POINT('',(-21.05976172478,-2.046988905117,
    8.907265751645E-07));
#5205 = PCURVE('',#562,#5206);
#5206 = DEFINITIONAL_REPRESENTATION('',(#5207),#5216);
#5207 = B_SPLINE_CURVE_WITH_KNOTS('',4,(#5208,#5209,#5210,#5211,#5212,
    #5213,#5214,#5215),.UNSPECIFIED.,.F.,.F.,(5,3,5),(0.,0.330030344126,
    1.),.UNSPECIFIED.);
#5208 = CARTESIAN_POINT('',(3.238426027827,4.712388980385));
#5209 = CARTESIAN_POINT('',(3.238431087541,4.712544697569));
#5210 = CARTESIAN_POINT('',(3.238436146846,4.712700419456));
#5211 = CARTESIAN_POINT('',(3.238441205741,4.712856146045));
#5212 = CARTESIAN_POINT('',(3.238456533076,4.713328015659));
#5213 = CARTESIAN_POINT('',(3.238466800237,4.71364417336));
#5214 = CARTESIAN_POINT('',(3.238477065707,4.713960350441));
#5215 = CARTESIAN_POINT('',(3.238487329486,4.714276546902));
#5216 = ( GEOMETRIC_REPRESENTATION_CONTEXT(2) 
PARAMETRIC_REPRESENTATION_CONTEXT() REPRESENTATION_CONTEXT('2D SPACE',''
  ) );
#5217 = PCURVE('',#533,#5218);
#5218 = DEFINITIONAL_REPRESENTATION('',(#5219),#5228);
#5219 = B_SPLINE_CURVE_WITH_KNOTS('',4,(#5220,#5221,#5222,#5223,#5224,
    #5225,#5226,#5227),.UNSPECIFIED.,.F.,.F.,(5,3,5),(0.,0.330030344126,
    1.),.UNSPECIFIED.);
#5220 = CARTESIAN_POINT('',(1.40463550206,0.));
#5221 = CARTESIAN_POINT('',(1.40466832541,-2.819984439646E-17));
#5222 = CARTESIAN_POINT('',(1.404701147472,-1.616522769069E-08));
#5223 = CARTESIAN_POINT('',(1.404733968244,-4.849787975615E-08));
#5224 = CARTESIAN_POINT('',(1.40483341207,-1.954609422867E-07));
#5225 = CARTESIAN_POINT('',(1.404900031094,-3.60556716673E-07));
#5226 = CARTESIAN_POINT('',(1.404966644782,-5.92305825872E-07));
#5227 = CARTESIAN_POINT('',(1.405033253121,-8.907265751645E-07));
#5228 = ( GEOMETRIC_REPRESENTATION_CONTEXT(2) 
PARAMETRIC_REPRESENTATION_CONTEXT() REPRESENTATION_CONTEXT('2D SPACE',''
  ) );
#5229 = ADVANCED_FACE('',(#5230),#438,.T.);
#5230 = FACE_BOUND('',#5231,.T.);
#5231 = EDGE_LOOP('',(#5232,#5233,#5234,#5281));
#5232 = ORIENTED_EDGE('',*,*,#5118,.F.);
#5233 = ORIENTED_EDGE('',*,*,#421,.T.);
#5234 = ORIENTED_EDGE('',*,*,#5235,.T.);
#5235 = EDGE_CURVE('',#422,#5236,#5238,.T.);
#5236 = VERTEX_POINT('',#5237);
#5237 = CARTESIAN_POINT('',(-17.21479419875,12.302625255488,
    8.907265742764E-07));
#5238 = SURFACE_CURVE('',#5239,(#5251,#5266),.PCURVE_S1.);
#5239 = B_SPLINE_CURVE_WITH_KNOTS('',4,(#5240,#5241,#5242,#5243,#5244,
    #5245,#5246,#5247,#5248,#5249,#5250),.UNSPECIFIED.,.F.,.F.,(5,3,3,5)
  ,(0.,0.225023932067,0.510034295355,1.),.UNSPECIFIED.);
#5240 = CARTESIAN_POINT('',(-17.21478045038,12.301021234106,0.));
#5241 = CARTESIAN_POINT('',(-17.214781206,12.3011114862,
    1.922744396603E-17));
#5242 = CARTESIAN_POINT('',(-17.21478196429,12.301201735855,
    7.515043488452E-09));
#5243 = CARTESIAN_POINT('',(-17.21478272525,12.30129198307,
    2.254582690444E-08));
#5244 = CARTESIAN_POINT('',(-17.21478445609,12.301496529888,
    7.365085710321E-08));
#5245 = CARTESIAN_POINT('',(-17.21478542758,12.301610828014,
    1.142666833767E-07));
#5246 = CARTESIAN_POINT('',(-17.21478640336,12.301725122218,
    1.669419382236E-07));
#5247 = CARTESIAN_POINT('',(-17.21478906826,12.302035890672,
    3.429668514586E-07));
#5248 = CARTESIAN_POINT('',(-17.21479076576,12.302232357244,
    4.898997676881E-07));
#5249 = CARTESIAN_POINT('',(-17.21479247592,12.30242881219,
    6.724839556274E-07));
#5250 = CARTESIAN_POINT('',(-17.21479419875,12.302625255488,
    8.907265751645E-07));
#5251 = PCURVE('',#438,#5252);
#5252 = DEFINITIONAL_REPRESENTATION('',(#5253),#5265);
#5253 = B_SPLINE_CURVE_WITH_KNOTS('',4,(#5254,#5255,#5256,#5257,#5258,
    #5259,#5260,#5261,#5262,#5263,#5264),.UNSPECIFIED.,.F.,.F.,(5,3,3,5)
  ,(0.,0.225023932067,0.510034295355,1.),.UNSPECIFIED.);
#5254 = CARTESIAN_POINT('',(2.521160503755,4.712388980385));
#5255 = CARTESIAN_POINT('',(2.5211570539,4.712495152723));
#5256 = CARTESIAN_POINT('',(2.521153604235,4.712601327246));
#5257 = CARTESIAN_POINT('',(2.521150154761,4.712707503956));
#5258 = CARTESIAN_POINT('',(2.52114233669,4.712948166705));
#5259 = CARTESIAN_POINT('',(2.521137968208,4.713082654066));
#5260 = CARTESIAN_POINT('',(2.521133600032,4.713217144934));
#5261 = CARTESIAN_POINT('',(2.521121723289,4.71358285066));
#5262 = CARTESIAN_POINT('',(2.52111421532,4.713814072375));
#5263 = CARTESIAN_POINT('',(2.521106708255,4.714045304456));
#5264 = CARTESIAN_POINT('',(2.521099202096,4.714276546902));
#5265 = ( GEOMETRIC_REPRESENTATION_CONTEXT(2) 
PARAMETRIC_REPRESENTATION_CONTEXT() REPRESENTATION_CONTEXT('2D SPACE',''
  ) );
#5266 = PCURVE('',#471,#5267);
#5267 = DEFINITIONAL_REPRESENTATION('',(#5268),#5280);
#5268 = B_SPLINE_CURVE_WITH_KNOTS('',4,(#5269,#5270,#5271,#5272,#5273,
    #5274,#5275,#5276,#5277,#5278,#5279),.UNSPECIFIED.,.F.,.F.,(5,3,3,5)
  ,(0.,0.225023932067,0.510034295355,1.),.UNSPECIFIED.);
#5269 = CARTESIAN_POINT('',(0.340693749934,0.));
#5270 = CARTESIAN_POINT('',(0.340671370055,-1.922754202355E-17));
#5271 = CARTESIAN_POINT('',(0.340648990774,-7.515043488452E-09));
#5272 = CARTESIAN_POINT('',(0.340626612093,-2.254582690444E-08));
#5273 = CARTESIAN_POINT('',(0.340575890427,-7.365085710321E-08));
#5274 = CARTESIAN_POINT('',(0.340547547804,-1.142666833767E-07));
#5275 = CARTESIAN_POINT('',(0.340519206145,-1.669419382236E-07));
#5276 = CARTESIAN_POINT('',(0.340442144525,-3.429668514586E-07));
#5277 = CARTESIAN_POINT('',(0.34039342645,-4.898997676881E-07));
#5278 = CARTESIAN_POINT('',(0.340344711231,-6.724839556274E-07));
#5279 = CARTESIAN_POINT('',(0.340295998873,-8.907265751645E-07));
#5280 = ( GEOMETRIC_REPRESENTATION_CONTEXT(2) 
PARAMETRIC_REPRESENTATION_CONTEXT() REPRESENTATION_CONTEXT('2D SPACE',''
  ) );
#5281 = ORIENTED_EDGE('',*,*,#5282,.F.);
#5282 = EDGE_CURVE('',#5079,#5236,#5283,.T.);
#5283 = SURFACE_CURVE('',#5284,(#5289,#5296),.PCURVE_S1.);
#5284 = CIRCLE('',#5285,21.159010550645);
#5285 = AXIS2_PLACEMENT_3D('',#5286,#5287,#5288);
#5286 = CARTESIAN_POINT('',(0.,0.,8.907265742764E-07));
#5287 = DIRECTION('',(0.,0.,1.));
#5288 = DIRECTION('',(1.,0.,-0.));
#5289 = PCURVE('',#438,#5290);
#5290 = DEFINITIONAL_REPRESENTATION('',(#5291),#5295);
#5291 = LINE('',#5292,#5293);
#5292 = CARTESIAN_POINT('',(0.,4.714276546902));
#5293 = VECTOR('',#5294,1.);
#5294 = DIRECTION('',(1.,0.));
#5295 = ( GEOMETRIC_REPRESENTATION_CONTEXT(2) 
PARAMETRIC_REPRESENTATION_CONTEXT() REPRESENTATION_CONTEXT('2D SPACE',''
  ) );
#5296 = PCURVE('',#5102,#5297);
#5297 = DEFINITIONAL_REPRESENTATION('',(#5298),#5302);
#5298 = LINE('',#5299,#5300);
#5299 = CARTESIAN_POINT('',(0.,4.714276546903));
#5300 = VECTOR('',#5301,1.);
#5301 = DIRECTION('',(1.,0.));
#5302 = ( GEOMETRIC_REPRESENTATION_CONTEXT(2) 
PARAMETRIC_REPRESENTATION_CONTEXT() REPRESENTATION_CONTEXT('2D SPACE',''
  ) );
#5303 = ADVANCED_FACE('',(#5304),#533,.F.);
#5304 = FACE_BOUND('',#5305,.F.);
#5305 = EDGE_LOOP('',(#5306,#5348,#5376,#5416,#5459,#5487,#5525,#5560,
    #5588,#5621,#5622,#5623));
#5306 = ORIENTED_EDGE('',*,*,#5307,.T.);
#5307 = EDGE_CURVE('',#5308,#5310,#5312,.T.);
#5308 = VERTEX_POINT('',#5309);
#5309 = CARTESIAN_POINT('',(-21.05976172478,2.046988905117,
    8.907265742764E-07));
#5310 = VERTEX_POINT('',#5311);
#5311 = CARTESIAN_POINT('',(-21.94223390632,3.089361483543,
    3.895440134219E-02));
#5312 = SURFACE_CURVE('',#5313,(#5321,#5332),.PCURVE_S1.);
#5313 = B_SPLINE_CURVE_WITH_KNOTS('',6,(#5314,#5315,#5316,#5317,#5318,
    #5319,#5320),.UNSPECIFIED.,.F.,.F.,(7,7),(0.,1.),
  .PIECEWISE_BEZIER_KNOTS.);
#5314 = CARTESIAN_POINT('',(-21.05976172478,2.046988905117,
    8.907265733882E-07));
#5315 = CARTESIAN_POINT('',(-21.17601264544,2.244324308907,
    2.553283448085E-04));
#5316 = CARTESIAN_POINT('',(-21.30570542474,2.433726463494,
    2.152377550284E-03));
#5317 = CARTESIAN_POINT('',(-21.4481363666,2.614006491876,
    6.343802256685E-03));
#5318 = CARTESIAN_POINT('',(-21.60243646214,2.784041767546,
    1.350215302691E-02));
#5319 = CARTESIAN_POINT('',(-21.76756024239,2.942792876561,
    2.422588240539E-02));
#5320 = CARTESIAN_POINT('',(-21.94223390632,3.089361483543,
    3.895440134219E-02));
#5321 = PCURVE('',#533,#5322);
#5322 = DEFINITIONAL_REPRESENTATION('',(#5323),#5331);
#5323 = B_SPLINE_CURVE_WITH_KNOTS('',6,(#5324,#5325,#5326,#5327,#5328,
    #5329,#5330),.UNSPECIFIED.,.F.,.F.,(7,7),(0.,1.),
  .PIECEWISE_BEZIER_KNOTS.);
#5324 = CARTESIAN_POINT('',(0.340295998873,-8.907265733882E-07));
#5325 = CARTESIAN_POINT('',(0.283504816287,-2.553283448085E-04));
#5326 = CARTESIAN_POINT('',(0.226716775371,-2.152377550285E-03));
#5327 = CARTESIAN_POINT('',(0.169944604742,-6.343802256681E-03));
#5328 = CARTESIAN_POINT('',(0.113208469246,-1.350215302691E-02));
#5329 = CARTESIAN_POINT('',(5.654037731206E-02,-2.422588240539E-02));
#5330 = CARTESIAN_POINT('',(0.,-3.895440134219E-02));
#5331 = ( GEOMETRIC_REPRESENTATION_CONTEXT(2) 
PARAMETRIC_REPRESENTATION_CONTEXT() REPRESENTATION_CONTEXT('2D SPACE',''
  ) );
#5332 = PCURVE('',#5333,#5338);
#5333 = TOROIDAL_SURFACE('',#5334,21.133528417785,13.5);
#5334 = AXIS2_PLACEMENT_3D('',#5335,#5336,#5337);
#5335 = CARTESIAN_POINT('',(0.,0.,13.499976841109));
#5336 = DIRECTION('',(0.,0.,1.));
#5337 = DIRECTION('',(1.,0.,-0.));
#5338 = DEFINITIONAL_REPRESENTATION('',(#5339),#5347);
#5339 = B_SPLINE_CURVE_WITH_KNOTS('',6,(#5340,#5341,#5342,#5343,#5344,
    #5345,#5346),.UNSPECIFIED.,.F.,.F.,(7,7),(0.,1.),
  .PIECEWISE_BEZIER_KNOTS.);
#5340 = CARTESIAN_POINT('',(3.044697977694,4.714276546903));
#5341 = CARTESIAN_POINT('',(3.035946939902,4.724261488886));
#5342 = CARTESIAN_POINT('',(3.02776433345,4.735324860512));
#5343 = CARTESIAN_POINT('',(3.020212473011,4.747377209614));
#5344 = CARTESIAN_POINT('',(3.013337314432,4.760315842363));
#5345 = CARTESIAN_POINT('',(3.007167749447,4.774029521392));
#5346 = CARTESIAN_POINT('',(3.001716871555,4.7883970997));
#5347 = ( GEOMETRIC_REPRESENTATION_CONTEXT(2) 
PARAMETRIC_REPRESENTATION_CONTEXT() REPRESENTATION_CONTEXT('2D SPACE',''
  ) );
#5348 = ORIENTED_EDGE('',*,*,#5349,.T.);
#5349 = EDGE_CURVE('',#5310,#5350,#5352,.T.);
#5350 = VERTEX_POINT('',#5351);
#5351 = CARTESIAN_POINT('',(-21.94223390632,3.089361483543,
    7.161045598658));
#5352 = SURFACE_CURVE('',#5353,(#5357,#5364),.PCURVE_S1.);
#5353 = LINE('',#5354,#5355);
#5354 = CARTESIAN_POINT('',(-21.94223390632,3.089361483543,0.));
#5355 = VECTOR('',#5356,1.);
#5356 = DIRECTION('',(0.,0.,1.));
#5357 = PCURVE('',#533,#5358);
#5358 = DEFINITIONAL_REPRESENTATION('',(#5359),#5363);
#5359 = LINE('',#5360,#5361);
#5360 = CARTESIAN_POINT('',(0.,0.));
#5361 = VECTOR('',#5362,1.);
#5362 = DIRECTION('',(0.,-1.));
#5363 = ( GEOMETRIC_REPRESENTATION_CONTEXT(2) 
PARAMETRIC_REPRESENTATION_CONTEXT() REPRESENTATION_CONTEXT('2D SPACE',''
  ) );
#5364 = PCURVE('',#5365,#5370);
#5365 = CYLINDRICAL_SURFACE('',#5366,10.392875);
#5366 = AXIS2_PLACEMENT_3D('',#5367,#5368,#5369);
#5367 = CARTESIAN_POINT('',(-28.62264518534,-4.872042658236,0.));
#5368 = DIRECTION('',(0.,0.,-1.));
#5369 = DIRECTION('',(0.4487991802,0.893632640323,0.));
#5370 = DEFINITIONAL_REPRESENTATION('',(#5371),#5375);
#5371 = LINE('',#5372,#5373);
#5372 = CARTESIAN_POINT('',(0.232710566933,0.));
#5373 = VECTOR('',#5374,1.);
#5374 = DIRECTION('',(0.,-1.));
#5375 = ( GEOMETRIC_REPRESENTATION_CONTEXT(2) 
PARAMETRIC_REPRESENTATION_CONTEXT() REPRESENTATION_CONTEXT('2D SPACE',''
  ) );
#5376 = ORIENTED_EDGE('',*,*,#5377,.T.);
#5377 = EDGE_CURVE('',#5350,#5378,#5380,.T.);
#5378 = VERTEX_POINT('',#5379);
#5379 = CARTESIAN_POINT('',(-21.05976172478,2.046988905117,
    7.199999109273));
#5380 = SURFACE_CURVE('',#5381,(#5389,#5400),.PCURVE_S1.);
#5381 = B_SPLINE_CURVE_WITH_KNOTS('',6,(#5382,#5383,#5384,#5385,#5386,
    #5387,#5388),.UNSPECIFIED.,.F.,.F.,(7,7),(0.,1.),
  .PIECEWISE_BEZIER_KNOTS.);
#5382 = CARTESIAN_POINT('',(-21.94223390632,3.089361483543,
    7.161045598658));
#5383 = CARTESIAN_POINT('',(-21.76756024184,2.942792876098,
    7.175774117641));
#5384 = CARTESIAN_POINT('',(-21.60243646097,2.784041766414,
    7.186497847051));
#5385 = CARTESIAN_POINT('',(-21.44813636585,2.61400649084,7.193656197748
    ));
#5386 = CARTESIAN_POINT('',(-21.30570542444,2.433726463046,
    7.197847622458));
#5387 = CARTESIAN_POINT('',(-21.1760126453,2.244324308663,7.199744671656
    ));
#5388 = CARTESIAN_POINT('',(-21.05976172478,2.046988905117,
    7.199999109273));
#5389 = PCURVE('',#533,#5390);
#5390 = DEFINITIONAL_REPRESENTATION('',(#5391),#5399);
#5391 = B_SPLINE_CURVE_WITH_KNOTS('',6,(#5392,#5393,#5394,#5395,#5396,
    #5397,#5398),.UNSPECIFIED.,.F.,.F.,(7,7),(0.,1.),
  .PIECEWISE_BEZIER_KNOTS.);
#5392 = CARTESIAN_POINT('',(0.,-7.161045598658));
#5393 = CARTESIAN_POINT('',(5.654037749057E-02,-7.175774117641));
#5394 = CARTESIAN_POINT('',(0.113208469645,-7.186497847051));
#5395 = CARTESIAN_POINT('',(0.169944605064,-7.193656197748));
#5396 = CARTESIAN_POINT('',(0.2267167755,-7.197847622458));
#5397 = CARTESIAN_POINT('',(0.283504816357,-7.199744671656));
#5398 = CARTESIAN_POINT('',(0.340295998873,-7.199999109273));
#5399 = ( GEOMETRIC_REPRESENTATION_CONTEXT(2) 
PARAMETRIC_REPRESENTATION_CONTEXT() REPRESENTATION_CONTEXT('2D SPACE',''
  ) );
#5400 = PCURVE('',#5401,#5406);
#5401 = TOROIDAL_SURFACE('',#5402,21.133528417785,13.5);
#5402 = AXIS2_PLACEMENT_3D('',#5403,#5404,#5405);
#5403 = CARTESIAN_POINT('',(0.,0.,-6.299976841109));
#5404 = DIRECTION('',(0.,0.,1.));
#5405 = DIRECTION('',(1.,0.,-0.));
#5406 = DEFINITIONAL_REPRESENTATION('',(#5407),#5415);
#5407 = B_SPLINE_CURVE_WITH_KNOTS('',6,(#5408,#5409,#5410,#5411,#5412,
    #5413,#5414),.UNSPECIFIED.,.F.,.F.,(7,7),(0.,1.),
  .PIECEWISE_BEZIER_KNOTS.);
#5408 = CARTESIAN_POINT('',(3.001716871555,1.494788207479));
#5409 = CARTESIAN_POINT('',(3.007167749464,1.509155785833));
#5410 = CARTESIAN_POINT('',(3.013337314477,1.522869464914));
#5411 = CARTESIAN_POINT('',(3.020212473054,1.535808097631));
#5412 = CARTESIAN_POINT('',(3.02776433347,1.547860446692));
#5413 = CARTESIAN_POINT('',(3.035946939913,1.558923818305));
#5414 = CARTESIAN_POINT('',(3.044697977694,1.568908760277));
#5415 = ( GEOMETRIC_REPRESENTATION_CONTEXT(2) 
PARAMETRIC_REPRESENTATION_CONTEXT() REPRESENTATION_CONTEXT('2D SPACE',''
  ) );
#5416 = ORIENTED_EDGE('',*,*,#5417,.T.);
#5417 = EDGE_CURVE('',#5378,#5418,#5420,.T.);
#5418 = VERTEX_POINT('',#5419);
#5419 = CARTESIAN_POINT('',(-21.05894780765,2.045606656035,7.2));
#5420 = SURFACE_CURVE('',#5421,(#5430,#5442),.PCURVE_S1.);
#5421 = B_SPLINE_CURVE_WITH_KNOTS('',4,(#5422,#5423,#5424,#5425,#5426,
    #5427,#5428,#5429),.UNSPECIFIED.,.F.,.F.,(5,3,5),(0.,0.391967292342,
    1.),.UNSPECIFIED.);
#5422 = CARTESIAN_POINT('',(-21.05976172478,2.046988905117,
    7.199999109273));
#5423 = CARTESIAN_POINT('',(-21.05968195493,2.046853496158,
    7.199999283865));
#5424 = CARTESIAN_POINT('',(-21.05960218836,2.046718076693,
    7.199999435636));
#5425 = CARTESIAN_POINT('',(-21.05952242509,2.046582646731,7.19999956459
    ));
#5426 = CARTESIAN_POINT('',(-21.05931893881,2.046237106545,
    7.199999835379));
#5427 = CARTESIAN_POINT('',(-21.05919522044,2.04602698157,7.199999945131
    ));
#5428 = CARTESIAN_POINT('',(-21.05907151005,2.04581683139,7.2));
#5429 = CARTESIAN_POINT('',(-21.05894780765,2.045606656035,7.2));
#5430 = PCURVE('',#533,#5431);
#5431 = DEFINITIONAL_REPRESENTATION('',(#5432),#5441);
#5432 = B_SPLINE_CURVE_WITH_KNOTS('',4,(#5433,#5434,#5435,#5436,#5437,
    #5438,#5439,#5440),.UNSPECIFIED.,.F.,.F.,(5,3,5),(0.,0.391967292342,
    1.),.UNSPECIFIED.);
#5433 = CARTESIAN_POINT('',(0.340295998873,-7.199999109273));
#5434 = CARTESIAN_POINT('',(0.340334968236,-7.199999283865));
#5435 = CARTESIAN_POINT('',(0.340373939429,-7.199999435636));
#5436 = CARTESIAN_POINT('',(0.340412912451,-7.19999956459));
#5437 = CARTESIAN_POINT('',(0.340512346377,-7.199999835379));
#5438 = CARTESIAN_POINT('',(0.34057280985,-7.199999945131));
#5439 = CARTESIAN_POINT('',(0.340633277705,-7.2));
#5440 = CARTESIAN_POINT('',(0.340693749934,-7.2));
#5441 = ( GEOMETRIC_REPRESENTATION_CONTEXT(2) 
PARAMETRIC_REPRESENTATION_CONTEXT() REPRESENTATION_CONTEXT('2D SPACE',''
  ) );
#5442 = PCURVE('',#5443,#5448);
#5443 = TOROIDAL_SURFACE('',#5444,21.158066767946,0.500000001594);
#5444 = AXIS2_PLACEMENT_3D('',#5445,#5446,#5447);
#5445 = CARTESIAN_POINT('',(0.,0.,6.699999998406));
#5446 = DIRECTION('',(0.,0.,1.));
#5447 = DIRECTION('',(1.,0.,-0.));
#5448 = DEFINITIONAL_REPRESENTATION('',(#5449),#5458);
#5449 = B_SPLINE_CURVE_WITH_KNOTS('',4,(#5450,#5451,#5452,#5453,#5454,
    #5455,#5456,#5457),.UNSPECIFIED.,.F.,.F.,(5,3,5),(0.,0.391967292342,
    1.),.UNSPECIFIED.);
#5450 = CARTESIAN_POINT('',(3.044697977694,1.568908760281));
#5451 = CARTESIAN_POINT('',(3.044703982541,1.56909375175));
#5452 = CARTESIAN_POINT('',(3.044709987967,1.569278736584));
#5453 = CARTESIAN_POINT('',(3.044715993972,1.569463714785));
#5454 = CARTESIAN_POINT('',(3.044731318169,1.569935620405));
#5455 = CARTESIAN_POINT('',(3.044740637173,1.570222538495));
#5456 = CARTESIAN_POINT('',(3.044749957568,1.570509440624));
#5457 = CARTESIAN_POINT('',(3.044759279353,1.570796326793));
#5458 = ( GEOMETRIC_REPRESENTATION_CONTEXT(2) 
PARAMETRIC_REPRESENTATION_CONTEXT() REPRESENTATION_CONTEXT('2D SPACE',''
  ) );
#5459 = ORIENTED_EDGE('',*,*,#5460,.T.);
#5460 = EDGE_CURVE('',#5418,#5461,#5463,.T.);
#5461 = VERTEX_POINT('',#5462);
#5462 = CARTESIAN_POINT('',(-21.05894780765,-2.045606656035,7.2));
#5463 = SURFACE_CURVE('',#5464,(#5469,#5476),.PCURVE_S1.);
#5464 = CIRCLE('',#5465,4.032875);
#5465 = AXIS2_PLACEMENT_3D('',#5466,#5467,#5468);
#5466 = CARTESIAN_POINT('',(-24.53451598774,2.6645352591E-15,7.2));
#5467 = DIRECTION('',(0.,0.,-1.));
#5468 = DIRECTION('',(0.642787609687,0.766044443119,0.));
#5469 = PCURVE('',#533,#5470);
#5470 = DEFINITIONAL_REPRESENTATION('',(#5471),#5475);
#5471 = LINE('',#5472,#5473);
#5472 = CARTESIAN_POINT('',(0.,-7.2));
#5473 = VECTOR('',#5474,1.);
#5474 = DIRECTION('',(1.,0.));
#5475 = ( GEOMETRIC_REPRESENTATION_CONTEXT(2) 
PARAMETRIC_REPRESENTATION_CONTEXT() REPRESENTATION_CONTEXT('2D SPACE',''
  ) );
#5476 = PCURVE('',#1171,#5477);
#5477 = DEFINITIONAL_REPRESENTATION('',(#5478),#5486);
#5478 = ( BOUNDED_CURVE() B_SPLINE_CURVE(2,(#5479,#5480,#5481,#5482,
#5483,#5484,#5485),.UNSPECIFIED.,.T.,.F.) B_SPLINE_CURVE_WITH_KNOTS((1,2
    ,2,2,2,1),(-2.094395102393,0.,2.094395102393,4.188790204786,
6.28318530718,8.377580409573),.UNSPECIFIED.) CURVE() 
GEOMETRIC_REPRESENTATION_ITEM() RATIONAL_B_SPLINE_CURVE((1.,0.5,1.,0.5,
1.,0.5,1.)) REPRESENTATION_ITEM('') );
#5479 = CARTESIAN_POINT('',(-21.94223390632,3.089361483543));
#5480 = CARTESIAN_POINT('',(-16.59130285388,-1.400602789017));
#5481 = CARTESIAN_POINT('',(-23.15519150222,-3.789662878052));
#5482 = CARTESIAN_POINT('',(-29.71908015057,-6.178722967087));
#5483 = CARTESIAN_POINT('',(-28.50612255467,0.700301394509));
#5484 = CARTESIAN_POINT('',(-27.29316495877,7.579325756104));
#5485 = CARTESIAN_POINT('',(-21.94223390632,3.089361483543));
#5486 = ( GEOMETRIC_REPRESENTATION_CONTEXT(2) 
PARAMETRIC_REPRESENTATION_CONTEXT() REPRESENTATION_CONTEXT('2D SPACE',''
  ) );
#5487 = ORIENTED_EDGE('',*,*,#5488,.F.);
#5488 = EDGE_CURVE('',#5489,#5461,#5491,.T.);
#5489 = VERTEX_POINT('',#5490);
#5490 = CARTESIAN_POINT('',(-21.05976172478,-2.046988905117,
    7.199999109273));
#5491 = SURFACE_CURVE('',#5492,(#5501,#5513),.PCURVE_S1.);
#5492 = B_SPLINE_CURVE_WITH_KNOTS('',4,(#5493,#5494,#5495,#5496,#5497,
    #5498,#5499,#5500),.UNSPECIFIED.,.F.,.F.,(5,3,5),(0.,0.391967292342,
    1.),.UNSPECIFIED.);
#5493 = CARTESIAN_POINT('',(-21.05976172478,-2.046988905117,
    7.199999109273));
#5494 = CARTESIAN_POINT('',(-21.05968195493,-2.046853496158,
    7.199999283865));
#5495 = CARTESIAN_POINT('',(-21.05960218836,-2.046718076693,
    7.199999435636));
#5496 = CARTESIAN_POINT('',(-21.05952242509,-2.046582646731,
    7.19999956459));
#5497 = CARTESIAN_POINT('',(-21.05931893881,-2.046237106545,
    7.199999835379));
#5498 = CARTESIAN_POINT('',(-21.05919522044,-2.04602698157,
    7.199999945131));
#5499 = CARTESIAN_POINT('',(-21.05907151005,-2.04581683139,7.2));
#5500 = CARTESIAN_POINT('',(-21.05894780765,-2.045606656035,7.2));
#5501 = PCURVE('',#533,#5502);
#5502 = DEFINITIONAL_REPRESENTATION('',(#5503),#5512);
#5503 = B_SPLINE_CURVE_WITH_KNOTS('',4,(#5504,#5505,#5506,#5507,#5508,
    #5509,#5510,#5511),.UNSPECIFIED.,.F.,.F.,(5,3,5),(0.,0.391967292342,
    1.),.UNSPECIFIED.);
#5504 = CARTESIAN_POINT('',(1.405033253121,-7.199999109273));
#5505 = CARTESIAN_POINT('',(1.404994283759,-7.199999283865));
#5506 = CARTESIAN_POINT('',(1.404955312565,-7.199999435636));
#5507 = CARTESIAN_POINT('',(1.404916339544,-7.19999956459));
#5508 = CARTESIAN_POINT('',(1.404816905617,-7.199999835379));
#5509 = CARTESIAN_POINT('',(1.404756442145,-7.199999945131));
#5510 = CARTESIAN_POINT('',(1.404695974289,-7.2));
#5511 = CARTESIAN_POINT('',(1.40463550206,-7.2));
#5512 = ( GEOMETRIC_REPRESENTATION_CONTEXT(2) 
PARAMETRIC_REPRESENTATION_CONTEXT() REPRESENTATION_CONTEXT('2D SPACE',''
  ) );
#5513 = PCURVE('',#4583,#5514);
#5514 = DEFINITIONAL_REPRESENTATION('',(#5515),#5524);
#5515 = B_SPLINE_CURVE_WITH_KNOTS('',4,(#5516,#5517,#5518,#5519,#5520,
    #5521,#5522,#5523),.UNSPECIFIED.,.F.,.F.,(5,3,5),(0.,0.391967292342,
    1.),.UNSPECIFIED.);
#5516 = CARTESIAN_POINT('',(3.238487329486,1.568908760281));
#5517 = CARTESIAN_POINT('',(3.238481324639,1.56909375175));
#5518 = CARTESIAN_POINT('',(3.238475319212,1.569278736584));
#5519 = CARTESIAN_POINT('',(3.238469313207,1.569463714785));
#5520 = CARTESIAN_POINT('',(3.238453989011,1.569935620405));
#5521 = CARTESIAN_POINT('',(3.238444670006,1.570222538495));
#5522 = CARTESIAN_POINT('',(3.238435349611,1.570509440624));
#5523 = CARTESIAN_POINT('',(3.238426027827,1.570796326793));
#5524 = ( GEOMETRIC_REPRESENTATION_CONTEXT(2) 
PARAMETRIC_REPRESENTATION_CONTEXT() REPRESENTATION_CONTEXT('2D SPACE',''
  ) );
#5525 = ORIENTED_EDGE('',*,*,#5526,.F.);
#5526 = EDGE_CURVE('',#5527,#5489,#5529,.T.);
#5527 = VERTEX_POINT('',#5528);
#5528 = CARTESIAN_POINT('',(-21.94223390632,-3.089361483543,
    7.161045598658));
#5529 = SURFACE_CURVE('',#5530,(#5538,#5549),.PCURVE_S1.);
#5530 = B_SPLINE_CURVE_WITH_KNOTS('',6,(#5531,#5532,#5533,#5534,#5535,
    #5536,#5537),.UNSPECIFIED.,.F.,.F.,(7,7),(0.,1.),
  .PIECEWISE_BEZIER_KNOTS.);
#5531 = CARTESIAN_POINT('',(-21.94223390632,-3.089361483543,
    7.161045598658));
#5532 = CARTESIAN_POINT('',(-21.76756024157,-2.942792875634,
    7.175774119419));
#5533 = CARTESIAN_POINT('',(-21.60243646264,-2.784041768538,
    7.186497843162));
#5534 = CARTESIAN_POINT('',(-21.44813636433,-2.614006488785,
    7.193656201328));
#5535 = CARTESIAN_POINT('',(-21.30570542542,-2.433726464495,
    7.197847621094));
#5536 = CARTESIAN_POINT('',(-21.17601264505,-2.244324308251,
    7.199744671656));
#5537 = CARTESIAN_POINT('',(-21.05976172478,-2.046988905117,
    7.199999109273));
#5538 = PCURVE('',#533,#5539);
#5539 = DEFINITIONAL_REPRESENTATION('',(#5540),#5548);
#5540 = B_SPLINE_CURVE_WITH_KNOTS('',6,(#5541,#5542,#5543,#5544,#5545,
    #5546,#5547),.UNSPECIFIED.,.F.,.F.,(7,7),(0.,1.),
  .PIECEWISE_BEZIER_KNOTS.);
#5541 = CARTESIAN_POINT('',(1.745329251994,-7.161045598658));
#5542 = CARTESIAN_POINT('',(1.688788874378,-7.175774119419));
#5543 = CARTESIAN_POINT('',(1.632120783011,-7.186497843162));
#5544 = CARTESIAN_POINT('',(1.575384646303,-7.193656201328));
#5545 = CARTESIAN_POINT('',(1.518612476926,-7.197847621094));
#5546 = CARTESIAN_POINT('',(1.461824435519,-7.199744671656));
#5547 = CARTESIAN_POINT('',(1.405033253121,-7.199999109273));
#5548 = ( GEOMETRIC_REPRESENTATION_CONTEXT(2) 
PARAMETRIC_REPRESENTATION_CONTEXT() REPRESENTATION_CONTEXT('2D SPACE',''
  ) );
#5549 = PCURVE('',#4541,#5550);
#5550 = DEFINITIONAL_REPRESENTATION('',(#5551),#5559);
#5551 = B_SPLINE_CURVE_WITH_KNOTS('',6,(#5552,#5553,#5554,#5555,#5556,
    #5557,#5558),.UNSPECIFIED.,.F.,.F.,(7,7),(0.,1.),
  .PIECEWISE_BEZIER_KNOTS.);
#5552 = CARTESIAN_POINT('',(3.281468425865,1.494788198008));
#5553 = CARTESIAN_POINT('',(3.276017547884,1.509155776309));
#5554 = CARTESIAN_POINT('',(3.26984803294,1.522869503792));
#5555 = CARTESIAN_POINT('',(3.26297279113,1.535808056066));
#5556 = CARTESIAN_POINT('',(3.255420991208,1.547860463549));
#5557 = CARTESIAN_POINT('',(3.247238367249,1.558923818326));
#5558 = CARTESIAN_POINT('',(3.238487329486,1.568908760277));
#5559 = ( GEOMETRIC_REPRESENTATION_CONTEXT(2) 
PARAMETRIC_REPRESENTATION_CONTEXT() REPRESENTATION_CONTEXT('2D SPACE',''
  ) );
#5560 = ORIENTED_EDGE('',*,*,#5561,.F.);
#5561 = EDGE_CURVE('',#5562,#5527,#5564,.T.);
#5562 = VERTEX_POINT('',#5563);
#5563 = CARTESIAN_POINT('',(-21.94223390632,-3.089361483543,
    3.895440134219E-02));
#5564 = SURFACE_CURVE('',#5565,(#5569,#5576),.PCURVE_S1.);
#5565 = LINE('',#5566,#5567);
#5566 = CARTESIAN_POINT('',(-21.94223390632,-3.089361483543,0.));
#5567 = VECTOR('',#5568,1.);
#5568 = DIRECTION('',(0.,0.,1.));
#5569 = PCURVE('',#533,#5570);
#5570 = DEFINITIONAL_REPRESENTATION('',(#5571),#5575);
#5571 = LINE('',#5572,#5573);
#5572 = CARTESIAN_POINT('',(1.745329251994,0.));
#5573 = VECTOR('',#5574,1.);
#5574 = DIRECTION('',(0.,-1.));
#5575 = ( GEOMETRIC_REPRESENTATION_CONTEXT(2) 
PARAMETRIC_REPRESENTATION_CONTEXT() REPRESENTATION_CONTEXT('2D SPACE',''
  ) );
#5576 = PCURVE('',#5577,#5582);
#5577 = CYLINDRICAL_SURFACE('',#5578,10.392875);
#5578 = AXIS2_PLACEMENT_3D('',#5579,#5580,#5581);
#5579 = CARTESIAN_POINT('',(-28.62264518534,4.872042658237,0.));
#5580 = DIRECTION('',(0.,0.,-1.));
#5581 = DIRECTION('',(0.642787609687,-0.766044443119,0.));
#5582 = DEFINITIONAL_REPRESENTATION('',(#5583),#5587);
#5583 = LINE('',#5584,#5585);
#5584 = CARTESIAN_POINT('',(0.,0.));
#5585 = VECTOR('',#5586,1.);
#5586 = DIRECTION('',(0.,-1.));
#5587 = ( GEOMETRIC_REPRESENTATION_CONTEXT(2) 
PARAMETRIC_REPRESENTATION_CONTEXT() REPRESENTATION_CONTEXT('2D SPACE',''
  ) );
#5588 = ORIENTED_EDGE('',*,*,#5589,.F.);
#5589 = EDGE_CURVE('',#5171,#5562,#5590,.T.);
#5590 = SURFACE_CURVE('',#5591,(#5599,#5610),.PCURVE_S1.);
#5591 = B_SPLINE_CURVE_WITH_KNOTS('',6,(#5592,#5593,#5594,#5595,#5596,
    #5597,#5598),.UNSPECIFIED.,.F.,.F.,(7,7),(0.,1.),
  .PIECEWISE_BEZIER_KNOTS.);
#5592 = CARTESIAN_POINT('',(-21.05976172478,-2.046988905117,
    8.907265733882E-07));
#5593 = CARTESIAN_POINT('',(-21.17601264544,-2.244324308907,
    2.553283448086E-04));
#5594 = CARTESIAN_POINT('',(-21.30570542474,-2.433726463494,
    2.152377550285E-03));
#5595 = CARTESIAN_POINT('',(-21.4481363666,-2.614006491876,
    6.343802256684E-03));
#5596 = CARTESIAN_POINT('',(-21.60243646214,-2.784041767546,
    1.35021530269E-02));
#5597 = CARTESIAN_POINT('',(-21.76756024239,-2.942792876561,
    2.422588240539E-02));
#5598 = CARTESIAN_POINT('',(-21.94223390632,-3.089361483543,
    3.895440134219E-02));
#5599 = PCURVE('',#533,#5600);
#5600 = DEFINITIONAL_REPRESENTATION('',(#5601),#5609);
#5601 = B_SPLINE_CURVE_WITH_KNOTS('',6,(#5602,#5603,#5604,#5605,#5606,
    #5607,#5608),.UNSPECIFIED.,.F.,.F.,(7,7),(0.,1.),
  .PIECEWISE_BEZIER_KNOTS.);
#5602 = CARTESIAN_POINT('',(1.405033253121,-8.907265733882E-07));
#5603 = CARTESIAN_POINT('',(1.461824435708,-2.553283448086E-04));
#5604 = CARTESIAN_POINT('',(1.518612476623,-2.152377550286E-03));
#5605 = CARTESIAN_POINT('',(1.575384647252,-6.34380225668E-03));
#5606 = CARTESIAN_POINT('',(1.632120782749,-1.350215302691E-02));
#5607 = CARTESIAN_POINT('',(1.688788874682,-2.422588240539E-02));
#5608 = CARTESIAN_POINT('',(1.745329251994,-3.895440134219E-02));
#5609 = ( GEOMETRIC_REPRESENTATION_CONTEXT(2) 
PARAMETRIC_REPRESENTATION_CONTEXT() REPRESENTATION_CONTEXT('2D SPACE',''
  ) );
#5610 = PCURVE('',#4473,#5611);
#5611 = DEFINITIONAL_REPRESENTATION('',(#5612),#5620);
#5612 = B_SPLINE_CURVE_WITH_KNOTS('',6,(#5613,#5614,#5615,#5616,#5617,
    #5618,#5619),.UNSPECIFIED.,.F.,.F.,(7,7),(0.,1.),
  .PIECEWISE_BEZIER_KNOTS.);
#5613 = CARTESIAN_POINT('',(3.238487329486,4.714276546903));
#5614 = CARTESIAN_POINT('',(3.247238367278,4.724261488886));
#5615 = CARTESIAN_POINT('',(3.25542097373,4.735324860512));
#5616 = CARTESIAN_POINT('',(3.262972834169,4.747377209614));
#5617 = CARTESIAN_POINT('',(3.269847992747,4.760315842363));
#5618 = CARTESIAN_POINT('',(3.276017557733,4.774029521392));
#5619 = CARTESIAN_POINT('',(3.281468435624,4.7883970997));
#5620 = ( GEOMETRIC_REPRESENTATION_CONTEXT(2) 
PARAMETRIC_REPRESENTATION_CONTEXT() REPRESENTATION_CONTEXT('2D SPACE',''
  ) );
#5621 = ORIENTED_EDGE('',*,*,#5194,.F.);
#5622 = ORIENTED_EDGE('',*,*,#512,.F.);
#5623 = ORIENTED_EDGE('',*,*,#5624,.T.);
#5624 = EDGE_CURVE('',#484,#5308,#5625,.T.);
#5625 = SURFACE_CURVE('',#5626,(#5635,#5647),.PCURVE_S1.);
#5626 = B_SPLINE_CURVE_WITH_KNOTS('',4,(#5627,#5628,#5629,#5630,#5631,
    #5632,#5633,#5634),.UNSPECIFIED.,.F.,.F.,(5,3,5),(0.,0.555033893609,
    1.),.UNSPECIFIED.);
#5627 = CARTESIAN_POINT('',(-21.05894780765,2.045606656035,0.));
#5628 = CARTESIAN_POINT('',(-21.0590607276,2.045798511578,
    4.74255470991E-17));
#5629 = CARTESIAN_POINT('',(-21.05917365422,2.045990346145,
    4.57207232271E-08));
#5630 = CARTESIAN_POINT('',(-21.05928658748,2.04618215971,
    1.371726178066E-07));
#5631 = CARTESIAN_POINT('',(-21.05949007034,2.046527710749,
    3.843530039334E-07));
#5632 = CARTESIAN_POINT('',(-21.05958061757,2.046681455736,
    5.237384663901E-07));
#5633 = CARTESIAN_POINT('',(-21.05967116906,2.046835187196,
    6.925278691271E-07));
#5634 = CARTESIAN_POINT('',(-21.05976172478,2.046988905117,
    8.907265751645E-07));
#5635 = PCURVE('',#533,#5636);
#5636 = DEFINITIONAL_REPRESENTATION('',(#5637),#5646);
#5637 = B_SPLINE_CURVE_WITH_KNOTS('',4,(#5638,#5639,#5640,#5641,#5642,
    #5643,#5644,#5645),.UNSPECIFIED.,.F.,.F.,(5,3,5),(0.,0.555033893609,
    1.),.UNSPECIFIED.);
#5638 = CARTESIAN_POINT('',(0.340693749934,0.));
#5639 = CARTESIAN_POINT('',(0.340638548732,-4.742558647501E-17));
#5640 = CARTESIAN_POINT('',(0.340583351173,-4.57207232271E-08));
#5641 = CARTESIAN_POINT('',(0.340528157266,-1.371726178066E-07));
#5642 = CARTESIAN_POINT('',(0.340428721451,-3.843530039334E-07));
#5643 = CARTESIAN_POINT('',(0.340384478235,-5.237384663901E-07));
#5644 = CARTESIAN_POINT('',(0.340340237374,-6.925278691271E-07));
#5645 = CARTESIAN_POINT('',(0.340295998873,-8.907265751645E-07));
#5646 = ( GEOMETRIC_REPRESENTATION_CONTEXT(2) 
PARAMETRIC_REPRESENTATION_CONTEXT() REPRESENTATION_CONTEXT('2D SPACE',''
  ) );
#5647 = PCURVE('',#500,#5648);
#5648 = DEFINITIONAL_REPRESENTATION('',(#5649),#5658);
#5649 = B_SPLINE_CURVE_WITH_KNOTS('',4,(#5650,#5651,#5652,#5653,#5654,
    #5655,#5656,#5657),.UNSPECIFIED.,.F.,.F.,(5,3,5),(0.,0.555033893609,
    1.),.UNSPECIFIED.);
#5650 = CARTESIAN_POINT('',(3.044759279353,4.712388980385));
#5651 = CARTESIAN_POINT('',(3.044750770096,4.71265086029));
#5652 = CARTESIAN_POINT('',(3.044742261997,4.712912753494));
#5653 = CARTESIAN_POINT('',(3.044733755057,4.713174659998));
#5654 = CARTESIAN_POINT('',(3.044718430262,4.713646558754));
#5655 = CARTESIAN_POINT('',(3.044711611993,4.713856546255));
#5656 = CARTESIAN_POINT('',(3.04470479447,4.714066542304));
#5657 = CARTESIAN_POINT('',(3.044697977694,4.714276546902));
#5658 = ( GEOMETRIC_REPRESENTATION_CONTEXT(2) 
PARAMETRIC_REPRESENTATION_CONTEXT() REPRESENTATION_CONTEXT('2D SPACE',''
  ) );
#5659 = ADVANCED_FACE('',(#5660),#471,.F.);
#5660 = FACE_BOUND('',#5661,.F.);
#5661 = EDGE_LOOP('',(#5662,#5697,#5725,#5760,#5807,#5835,#5873,#5908,
    #5936,#5971,#6007,#6008));
#5662 = ORIENTED_EDGE('',*,*,#5663,.T.);
#5663 = EDGE_CURVE('',#5236,#5664,#5666,.T.);
#5664 = VERTEX_POINT('',#5665);
#5665 = CARTESIAN_POINT('',(-17.45785123688,13.646582479386,
    3.895440134218E-02));
#5666 = SURFACE_CURVE('',#5667,(#5675,#5686),.PCURVE_S1.);
#5667 = B_SPLINE_CURVE_WITH_KNOTS('',6,(#5668,#5669,#5670,#5671,#5672,
    #5673,#5674),.UNSPECIFIED.,.F.,.F.,(7,7),(0.,1.),
  .PIECEWISE_BEZIER_KNOTS.);
#5668 = CARTESIAN_POINT('',(-17.21479419875,12.302625255488,
    8.907265733882E-07));
#5669 = CARTESIAN_POINT('',(-17.21680274736,12.531648188568,
    2.553283448086E-04));
#5670 = CARTESIAN_POINT('',(-17.23441891162,12.76052165562,
    2.152377550283E-03));
#5671 = CARTESIAN_POINT('',(-17.26762771137,12.987864210926,
    6.343802256687E-03));
#5672 = CARTESIAN_POINT('',(-17.31623787608,13.212269126964,
    1.35021530269E-02));
#5673 = CARTESIAN_POINT('',(-17.37986371004,13.432313510375,
    2.422588240539E-02));
#5674 = CARTESIAN_POINT('',(-17.45785123688,13.646582479386,
    3.895440134219E-02));
#5675 = PCURVE('',#471,#5676);
#5676 = DEFINITIONAL_REPRESENTATION('',(#5677),#5685);
#5677 = B_SPLINE_CURVE_WITH_KNOTS('',6,(#5678,#5679,#5680,#5681,#5682,
    #5683,#5684),.UNSPECIFIED.,.F.,.F.,(7,7),(0.,1.),
  .PIECEWISE_BEZIER_KNOTS.);
#5678 = CARTESIAN_POINT('',(0.340295998873,-8.907265733882E-07));
#5679 = CARTESIAN_POINT('',(0.283504816287,-2.553283448086E-04));
#5680 = CARTESIAN_POINT('',(0.226716775371,-2.152377550283E-03));
#5681 = CARTESIAN_POINT('',(0.169944604742,-6.343802256686E-03));
#5682 = CARTESIAN_POINT('',(0.113208469246,-1.350215302691E-02));
#5683 = CARTESIAN_POINT('',(5.654037731206E-02,-2.422588240539E-02));
#5684 = CARTESIAN_POINT('',(0.,-3.895440134219E-02));
#5685 = ( GEOMETRIC_REPRESENTATION_CONTEXT(2) 
PARAMETRIC_REPRESENTATION_CONTEXT() REPRESENTATION_CONTEXT('2D SPACE',''
  ) );
#5686 = PCURVE('',#5102,#5687);
#5687 = DEFINITIONAL_REPRESENTATION('',(#5688),#5696);
#5688 = B_SPLINE_CURVE_WITH_KNOTS('',6,(#5689,#5690,#5691,#5692,#5693,
    #5694,#5695),.UNSPECIFIED.,.F.,.F.,(7,7),(0.,1.),
  .PIECEWISE_BEZIER_KNOTS.);
#5689 = CARTESIAN_POINT('',(2.521099202096,4.714276546903));
#5690 = CARTESIAN_POINT('',(2.512348164304,4.724261488886));
#5691 = CARTESIAN_POINT('',(2.504165557851,4.735324860512));
#5692 = CARTESIAN_POINT('',(2.496613697413,4.747377209614));
#5693 = CARTESIAN_POINT('',(2.489738538834,4.760315842363));
#5694 = CARTESIAN_POINT('',(2.483568973849,4.774029521392));
#5695 = CARTESIAN_POINT('',(2.478118095957,4.7883970997));
#5696 = ( GEOMETRIC_REPRESENTATION_CONTEXT(2) 
PARAMETRIC_REPRESENTATION_CONTEXT() REPRESENTATION_CONTEXT('2D SPACE',''
  ) );
#5697 = ORIENTED_EDGE('',*,*,#5698,.T.);
#5698 = EDGE_CURVE('',#5664,#5699,#5701,.T.);
#5699 = VERTEX_POINT('',#5700);
#5700 = CARTESIAN_POINT('',(-17.45785123688,13.646582479386,
    7.161045598658));
#5701 = SURFACE_CURVE('',#5702,(#5706,#5713),.PCURVE_S1.);
#5702 = LINE('',#5703,#5704);
#5703 = CARTESIAN_POINT('',(-17.45785123688,13.646582479386,0.));
#5704 = VECTOR('',#5705,1.);
#5705 = DIRECTION('',(0.,0.,1.));
#5706 = PCURVE('',#471,#5707);
#5707 = DEFINITIONAL_REPRESENTATION('',(#5708),#5712);
#5708 = LINE('',#5709,#5710);
#5709 = CARTESIAN_POINT('',(0.,0.));
#5710 = VECTOR('',#5711,1.);
#5711 = DIRECTION('',(0.,-1.));
#5712 = ( GEOMETRIC_REPRESENTATION_CONTEXT(2) 
PARAMETRIC_REPRESENTATION_CONTEXT() REPRESENTATION_CONTEXT('2D SPACE',''
  ) );
#5713 = PCURVE('',#5714,#5719);
#5714 = CYLINDRICAL_SURFACE('',#5715,10.392875);
#5715 = AXIS2_PLACEMENT_3D('',#5716,#5717,#5718);
#5716 = CARTESIAN_POINT('',(-27.22395918313,10.09200988232,0.));
#5717 = DIRECTION('',(0.,0.,-1.));
#5718 = DIRECTION('',(0.835487811413,0.549508978071,0.));
#5719 = DEFINITIONAL_REPRESENTATION('',(#5720),#5724);
#5720 = LINE('',#5721,#5722);
#5721 = CARTESIAN_POINT('',(0.232710566933,0.));
#5722 = VECTOR('',#5723,1.);
#5723 = DIRECTION('',(0.,-1.));
#5724 = ( GEOMETRIC_REPRESENTATION_CONTEXT(2) 
PARAMETRIC_REPRESENTATION_CONTEXT() REPRESENTATION_CONTEXT('2D SPACE',''
  ) );
#5725 = ORIENTED_EDGE('',*,*,#5726,.T.);
#5726 = EDGE_CURVE('',#5699,#5727,#5729,.T.);
#5727 = VERTEX_POINT('',#5728);
#5728 = CARTESIAN_POINT('',(-17.21479419875,12.302625255488,
    7.199999109273));
#5729 = SURFACE_CURVE('',#5730,(#5738,#5749),.PCURVE_S1.);
#5730 = B_SPLINE_CURVE_WITH_KNOTS('',6,(#5731,#5732,#5733,#5734,#5735,
    #5736,#5737),.UNSPECIFIED.,.F.,.F.,(7,7),(0.,1.),
  .PIECEWISE_BEZIER_KNOTS.);
#5731 = CARTESIAN_POINT('',(-17.45785123688,13.646582479386,
    7.161045598658));
#5732 = CARTESIAN_POINT('',(-17.37986370979,13.432313509699,
    7.175774117641));
#5733 = CARTESIAN_POINT('',(-17.31623787563,13.212269125397,
    7.186497847051));
#5734 = CARTESIAN_POINT('',(-17.26762771124,12.987864209652,
    7.193656197748));
#5735 = CARTESIAN_POINT('',(-17.23441891159,12.760521655085,
    7.197847622458));
#5736 = CARTESIAN_POINT('',(-17.21680274736,12.531648188284,
    7.199744671656));
#5737 = CARTESIAN_POINT('',(-17.21479419875,12.302625255488,
    7.199999109273));
#5738 = PCURVE('',#471,#5739);
#5739 = DEFINITIONAL_REPRESENTATION('',(#5740),#5748);
#5740 = B_SPLINE_CURVE_WITH_KNOTS('',6,(#5741,#5742,#5743,#5744,#5745,
    #5746,#5747),.UNSPECIFIED.,.F.,.F.,(7,7),(0.,1.),
  .PIECEWISE_BEZIER_KNOTS.);
#5741 = CARTESIAN_POINT('',(0.,-7.161045598658));
#5742 = CARTESIAN_POINT('',(5.654037749059E-02,-7.175774117641));
#5743 = CARTESIAN_POINT('',(0.113208469645,-7.186497847051));
#5744 = CARTESIAN_POINT('',(0.169944605064,-7.193656197748));
#5745 = CARTESIAN_POINT('',(0.2267167755,-7.197847622458));
#5746 = CARTESIAN_POINT('',(0.283504816357,-7.199744671656));
#5747 = CARTESIAN_POINT('',(0.340295998873,-7.199999109273));
#5748 = ( GEOMETRIC_REPRESENTATION_CONTEXT(2) 
PARAMETRIC_REPRESENTATION_CONTEXT() REPRESENTATION_CONTEXT('2D SPACE',''
  ) );
#5749 = PCURVE('',#5034,#5750);
#5750 = DEFINITIONAL_REPRESENTATION('',(#5751),#5759);
#5751 = B_SPLINE_CURVE_WITH_KNOTS('',6,(#5752,#5753,#5754,#5755,#5756,
    #5757,#5758),.UNSPECIFIED.,.F.,.F.,(7,7),(0.,1.),
  .PIECEWISE_BEZIER_KNOTS.);
#5752 = CARTESIAN_POINT('',(2.478118095957,1.494788207479));
#5753 = CARTESIAN_POINT('',(2.483568973866,1.509155785833));
#5754 = CARTESIAN_POINT('',(2.489738538879,1.522869464914));
#5755 = CARTESIAN_POINT('',(2.496613697456,1.535808097631));
#5756 = CARTESIAN_POINT('',(2.504165557871,1.547860446692));
#5757 = CARTESIAN_POINT('',(2.512348164314,1.558923818305));
#5758 = CARTESIAN_POINT('',(2.521099202096,1.568908760277));
#5759 = ( GEOMETRIC_REPRESENTATION_CONTEXT(2) 
PARAMETRIC_REPRESENTATION_CONTEXT() REPRESENTATION_CONTEXT('2D SPACE',''
  ) );
#5760 = ORIENTED_EDGE('',*,*,#5761,.T.);
#5761 = EDGE_CURVE('',#5727,#5762,#5764,.T.);
#5762 = VERTEX_POINT('',#5763);
#5763 = CARTESIAN_POINT('',(-17.21478045038,12.301021234105,7.2));
#5764 = SURFACE_CURVE('',#5765,(#5777,#5792),.PCURVE_S1.);
#5765 = B_SPLINE_CURVE_WITH_KNOTS('',4,(#5766,#5767,#5768,#5769,#5770,
    #5771,#5772,#5773,#5774,#5775,#5776),.UNSPECIFIED.,.F.,.F.,(5,3,3,5)
  ,(0.,0.335969383076,0.587966752814,1.),.UNSPECIFIED.);
#5766 = CARTESIAN_POINT('',(-17.21479419875,12.302625255488,
    7.199999109273));
#5767 = CARTESIAN_POINT('',(-17.21479301741,12.302490554359,
    7.199999258922));
#5768 = CARTESIAN_POINT('',(-17.21479184202,12.302355847753,
    7.199999391805));
#5769 = CARTESIAN_POINT('',(-17.21479067258,12.302221135678,
    7.199999507924));
#5770 = CARTESIAN_POINT('',(-17.21478863642,12.301985371834,
    7.199999681806));
#5771 = CARTESIAN_POINT('',(-17.21478776709,12.301884322454,
    7.199999746901));
#5772 = CARTESIAN_POINT('',(-17.21478690111,12.301783270004,
    7.199999802567));
#5773 = CARTESIAN_POINT('',(-17.21478462801,12.301516981679,
    7.199999924407));
#5774 = CARTESIAN_POINT('',(-17.21478322651,12.301351740671,
    7.199999974804));
#5775 = CARTESIAN_POINT('',(-17.21478183396,12.301186491476,7.2));
#5776 = CARTESIAN_POINT('',(-17.21478045038,12.301021234106,7.2));
#5777 = PCURVE('',#471,#5778);
#5778 = DEFINITIONAL_REPRESENTATION('',(#5779),#5791);
#5779 = B_SPLINE_CURVE_WITH_KNOTS('',4,(#5780,#5781,#5782,#5783,#5784,
    #5785,#5786,#5787,#5788,#5789,#5790),.UNSPECIFIED.,.F.,.F.,(5,3,3,5)
  ,(0.,0.335969383076,0.587966752814,1.),.UNSPECIFIED.);
#5780 = CARTESIAN_POINT('',(0.340295998873,-7.199999109273));
#5781 = CARTESIAN_POINT('',(0.340329400927,-7.199999258922));
#5782 = CARTESIAN_POINT('',(0.340362804326,-7.199999391805));
#5783 = CARTESIAN_POINT('',(0.340396209069,-7.199999507924));
#5784 = CARTESIAN_POINT('',(0.340454671738,-7.199999681806));
#5785 = CARTESIAN_POINT('',(0.340479729078,-7.199999746901));
#5786 = CARTESIAN_POINT('',(0.340504787172,-7.199999802567));
#5787 = CARTESIAN_POINT('',(0.340570818979,-7.199999924407));
#5788 = CARTESIAN_POINT('',(0.340611793954,-7.199999974804));
#5789 = CARTESIAN_POINT('',(0.34065277094,-7.2));
#5790 = CARTESIAN_POINT('',(0.340693749934,-7.2));
#5791 = ( GEOMETRIC_REPRESENTATION_CONTEXT(2) 
PARAMETRIC_REPRESENTATION_CONTEXT() REPRESENTATION_CONTEXT('2D SPACE',''
  ) );
#5792 = PCURVE('',#4990,#5793);
#5793 = DEFINITIONAL_REPRESENTATION('',(#5794),#5806);
#5794 = B_SPLINE_CURVE_WITH_KNOTS('',4,(#5795,#5796,#5797,#5798,#5799,
    #5800,#5801,#5802,#5803,#5804,#5805),.UNSPECIFIED.,.F.,.F.,(5,3,3,5)
  ,(0.,0.335969383076,0.587966752814,1.),.UNSPECIFIED.);
#5795 = CARTESIAN_POINT('',(2.521099202096,1.568908760281));
#5796 = CARTESIAN_POINT('',(2.521104349068,1.569067323178));
#5797 = CARTESIAN_POINT('',(2.521109496466,1.569225881202));
#5798 = CARTESIAN_POINT('',(2.521114644289,1.569384434352));
#5799 = CARTESIAN_POINT('',(2.521123654035,1.569661903432));
#5800 = CARTESIAN_POINT('',(2.521127515771,1.569780821493));
#5801 = CARTESIAN_POINT('',(2.521131377747,1.569899736812));
#5802 = CARTESIAN_POINT('',(2.521141554952,1.570213079735));
#5803 = CARTESIAN_POINT('',(2.521147870582,1.57040750275));
#5804 = CARTESIAN_POINT('',(2.521154186849,1.570601918436));
#5805 = CARTESIAN_POINT('',(2.521160503755,1.570796326793));
#5806 = ( GEOMETRIC_REPRESENTATION_CONTEXT(2) 
PARAMETRIC_REPRESENTATION_CONTEXT() REPRESENTATION_CONTEXT('2D SPACE',''
  ) );
#5807 = ORIENTED_EDGE('',*,*,#5808,.T.);
#5808 = EDGE_CURVE('',#5762,#5809,#5811,.T.);
#5809 = VERTEX_POINT('',#5810);
#5810 = CARTESIAN_POINT('',(-19.26038710642,8.757926573552,7.2));
#5811 = SURFACE_CURVE('',#5812,(#5817,#5824),.PCURVE_S1.);
#5812 = CIRCLE('',#5813,4.032875);
#5813 = AXIS2_PLACEMENT_3D('',#5814,#5815,#5816);
#5814 = CARTESIAN_POINT('',(-21.24751411494,12.267257993871,7.2));
#5815 = DIRECTION('',(0.,0.,-1.));
#5816 = DIRECTION('',(0.939692620786,0.342020143326,0.));
#5817 = PCURVE('',#471,#5818);
#5818 = DEFINITIONAL_REPRESENTATION('',(#5819),#5823);
#5819 = LINE('',#5820,#5821);
#5820 = CARTESIAN_POINT('',(0.,-7.2));
#5821 = VECTOR('',#5822,1.);
#5822 = DIRECTION('',(1.,0.));
#5823 = ( GEOMETRIC_REPRESENTATION_CONTEXT(2) 
PARAMETRIC_REPRESENTATION_CONTEXT() REPRESENTATION_CONTEXT('2D SPACE',''
  ) );
#5824 = PCURVE('',#1171,#5825);
#5825 = DEFINITIONAL_REPRESENTATION('',(#5826),#5834);
#5826 = ( BOUNDED_CURVE() B_SPLINE_CURVE(2,(#5827,#5828,#5829,#5830,
#5831,#5832,#5833),.UNSPECIFIED.,.T.,.F.) B_SPLINE_CURVE_WITH_KNOTS((1,2
    ,2,2,2,1),(-2.094395102393,0.,2.094395102393,4.188790204786,
6.28318530718,8.377580409573),.UNSPECIFIED.) CURVE() 
GEOMETRIC_REPRESENTATION_ITEM() RATIONAL_B_SPLINE_CURVE((1.,0.5,1.,0.5,
1.,0.5,1.)) REPRESENTATION_ITEM('') );
#5827 = CARTESIAN_POINT('',(-17.45785123688,13.646582479386));
#5828 = CARTESIAN_POINT('',(-15.06879114785,7.082693831042));
#5829 = CARTESIAN_POINT('',(-21.94781550944,8.295651426942));
#5830 = CARTESIAN_POINT('',(-28.82683987104,9.508609022842));
#5831 = CARTESIAN_POINT('',(-24.33687559848,14.859540075286));
#5832 = CARTESIAN_POINT('',(-19.84691132592,20.210471127729));
#5833 = CARTESIAN_POINT('',(-17.45785123688,13.646582479386));
#5834 = ( GEOMETRIC_REPRESENTATION_CONTEXT(2) 
PARAMETRIC_REPRESENTATION_CONTEXT() REPRESENTATION_CONTEXT('2D SPACE',''
  ) );
#5835 = ORIENTED_EDGE('',*,*,#5836,.F.);
#5836 = EDGE_CURVE('',#5837,#5809,#5839,.T.);
#5837 = VERTEX_POINT('',#5838);
#5838 = CARTESIAN_POINT('',(-19.26178310386,8.757136469295,
    7.199999109273));
#5839 = SURFACE_CURVE('',#5840,(#5849,#5861),.PCURVE_S1.);
#5840 = B_SPLINE_CURVE_WITH_KNOTS('',4,(#5841,#5842,#5843,#5844,#5845,
    #5846,#5847,#5848),.UNSPECIFIED.,.F.,.F.,(5,3,5),(0.,0.587966752812,
    1.),.UNSPECIFIED.);
#5841 = CARTESIAN_POINT('',(-19.26178310386,8.757136469295,
    7.199999109273));
#5842 = CARTESIAN_POINT('',(-19.26157791755,8.757252546425,
    7.199999371168));
#5843 = CARTESIAN_POINT('',(-19.26137272582,8.757368647727,
    7.199999581713));
#5844 = CARTESIAN_POINT('',(-19.26116752871,8.757484773189,
    7.199999740921));
#5845 = CARTESIAN_POINT('',(-19.26081852523,8.757682317703,
    7.199999924407));
#5846 = CARTESIAN_POINT('',(-19.26067472156,8.757763724468,
    7.199999974804));
#5847 = CARTESIAN_POINT('',(-19.26053091529,8.757845143086,7.2));
#5848 = CARTESIAN_POINT('',(-19.26038710642,8.757926573553,7.2));
#5849 = PCURVE('',#471,#5850);
#5850 = DEFINITIONAL_REPRESENTATION('',(#5851),#5860);
#5851 = B_SPLINE_CURVE_WITH_KNOTS('',4,(#5852,#5853,#5854,#5855,#5856,
    #5857,#5858,#5859),.UNSPECIFIED.,.F.,.F.,(5,3,5),(0.,0.587966752812,
    1.),.UNSPECIFIED.);
#5852 = CARTESIAN_POINT('',(1.405033253121,-7.199999109273));
#5853 = CARTESIAN_POINT('',(1.404974797505,-7.199999371168));
#5854 = CARTESIAN_POINT('',(1.404916337769,-7.199999581713));
#5855 = CARTESIAN_POINT('',(1.404857873923,-7.199999740921));
#5856 = CARTESIAN_POINT('',(1.404758433015,-7.199999924407));
#5857 = CARTESIAN_POINT('',(1.40471745804,-7.199999974804));
#5858 = CARTESIAN_POINT('',(1.404676481054,-7.2));
#5859 = CARTESIAN_POINT('',(1.40463550206,-7.2));
#5860 = ( GEOMETRIC_REPRESENTATION_CONTEXT(2) 
PARAMETRIC_REPRESENTATION_CONTEXT() REPRESENTATION_CONTEXT('2D SPACE',''
  ) );
#5861 = PCURVE('',#5443,#5862);
#5862 = DEFINITIONAL_REPRESENTATION('',(#5863),#5872);
#5863 = B_SPLINE_CURVE_WITH_KNOTS('',4,(#5864,#5865,#5866,#5867,#5868,
    #5869,#5870,#5871),.UNSPECIFIED.,.F.,.F.,(5,3,5),(0.,0.587966752812,
    1.),.UNSPECIFIED.);
#5864 = CARTESIAN_POINT('',(2.714888553887,1.568908760281));
#5865 = CARTESIAN_POINT('',(2.714879546374,1.569186254947));
#5866 = CARTESIAN_POINT('',(2.714870537558,1.569463734687));
#5867 = CARTESIAN_POINT('',(2.71486152744,1.569741199501));
#5868 = CARTESIAN_POINT('',(2.714846201031,1.570213079735));
#5869 = CARTESIAN_POINT('',(2.714839885401,1.57040750275));
#5870 = CARTESIAN_POINT('',(2.714833569134,1.570601918436));
#5871 = CARTESIAN_POINT('',(2.714827252228,1.570796326793));
#5872 = ( GEOMETRIC_REPRESENTATION_CONTEXT(2) 
PARAMETRIC_REPRESENTATION_CONTEXT() REPRESENTATION_CONTEXT('2D SPACE',''
  ) );
#5873 = ORIENTED_EDGE('',*,*,#5874,.F.);
#5874 = EDGE_CURVE('',#5875,#5837,#5877,.T.);
#5875 = VERTEX_POINT('',#5876);
#5876 = CARTESIAN_POINT('',(-20.54721272043,8.295651426942,
    7.161045598658));
#5877 = SURFACE_CURVE('',#5878,(#5886,#5897),.PCURVE_S1.);
#5878 = B_SPLINE_CURVE_WITH_KNOTS('',6,(#5879,#5880,#5881,#5882,#5883,
    #5884,#5885),.UNSPECIFIED.,.F.,.F.,(7,7),(0.,1.),
  .PIECEWISE_BEZIER_KNOTS.);
#5879 = CARTESIAN_POINT('',(-20.54721272043,8.295651426942,
    7.161045598658));
#5880 = CARTESIAN_POINT('',(-20.32265658542,8.335246732411,
    7.175774119419));
#5881 = CARTESIAN_POINT('',(-20.10027964456,8.390167334573,
    7.186497843162));
#5882 = CARTESIAN_POINT('',(-19.88163419973,8.460272157222,
    7.193656201328));
#5883 = CARTESIAN_POINT('',(-19.66814537621,8.545183768598,
    7.197847621094));
#5884 = CARTESIAN_POINT('',(-19.4611270556,8.644364457253,7.199744671656
    ));
#5885 = CARTESIAN_POINT('',(-19.26178310386,8.757136469295,
    7.199999109273));
#5886 = PCURVE('',#471,#5887);
#5887 = DEFINITIONAL_REPRESENTATION('',(#5888),#5896);
#5888 = B_SPLINE_CURVE_WITH_KNOTS('',6,(#5889,#5890,#5891,#5892,#5893,
    #5894,#5895),.UNSPECIFIED.,.F.,.F.,(7,7),(0.,1.),
  .PIECEWISE_BEZIER_KNOTS.);
#5889 = CARTESIAN_POINT('',(1.745329251994,-7.161045598658));
#5890 = CARTESIAN_POINT('',(1.688788874378,-7.175774119419));
#5891 = CARTESIAN_POINT('',(1.632120783011,-7.186497843162));
#5892 = CARTESIAN_POINT('',(1.575384646303,-7.193656201328));
#5893 = CARTESIAN_POINT('',(1.518612476926,-7.197847621094));
#5894 = CARTESIAN_POINT('',(1.461824435519,-7.199744671656));
#5895 = CARTESIAN_POINT('',(1.405033253121,-7.199999109273));
#5896 = ( GEOMETRIC_REPRESENTATION_CONTEXT(2) 
PARAMETRIC_REPRESENTATION_CONTEXT() REPRESENTATION_CONTEXT('2D SPACE',''
  ) );
#5897 = PCURVE('',#5401,#5898);
#5898 = DEFINITIONAL_REPRESENTATION('',(#5899),#5907);
#5899 = B_SPLINE_CURVE_WITH_KNOTS('',6,(#5900,#5901,#5902,#5903,#5904,
    #5905,#5906),.UNSPECIFIED.,.F.,.F.,(7,7),(0.,1.),
  .PIECEWISE_BEZIER_KNOTS.);
#5900 = CARTESIAN_POINT('',(2.757869650267,1.494788198008));
#5901 = CARTESIAN_POINT('',(2.752418772285,1.509155776309));
#5902 = CARTESIAN_POINT('',(2.746249257342,1.522869503792));
#5903 = CARTESIAN_POINT('',(2.739374015532,1.535808056066));
#5904 = CARTESIAN_POINT('',(2.73182221561,1.547860463549));
#5905 = CARTESIAN_POINT('',(2.72363959165,1.558923818326));
#5906 = CARTESIAN_POINT('',(2.714888553887,1.568908760277));
#5907 = ( GEOMETRIC_REPRESENTATION_CONTEXT(2) 
PARAMETRIC_REPRESENTATION_CONTEXT() REPRESENTATION_CONTEXT('2D SPACE',''
  ) );
#5908 = ORIENTED_EDGE('',*,*,#5909,.F.);
#5909 = EDGE_CURVE('',#5910,#5875,#5912,.T.);
#5910 = VERTEX_POINT('',#5911);
#5911 = CARTESIAN_POINT('',(-20.54721272043,8.295651426942,
    3.895440134219E-02));
#5912 = SURFACE_CURVE('',#5913,(#5917,#5924),.PCURVE_S1.);
#5913 = LINE('',#5914,#5915);
#5914 = CARTESIAN_POINT('',(-20.54721272043,8.295651426942,0.));
#5915 = VECTOR('',#5916,1.);
#5916 = DIRECTION('',(0.,0.,1.));
#5917 = PCURVE('',#471,#5918);
#5918 = DEFINITIONAL_REPRESENTATION('',(#5919),#5923);
#5919 = LINE('',#5920,#5921);
#5920 = CARTESIAN_POINT('',(1.745329251994,0.));
#5921 = VECTOR('',#5922,1.);
#5922 = DIRECTION('',(0.,-1.));
#5923 = ( GEOMETRIC_REPRESENTATION_CONTEXT(2) 
PARAMETRIC_REPRESENTATION_CONTEXT() REPRESENTATION_CONTEXT('2D SPACE',''
  ) );
#5924 = PCURVE('',#5925,#5930);
#5925 = CYLINDRICAL_SURFACE('',#5926,10.392875);
#5926 = AXIS2_PLACEMENT_3D('',#5927,#5928,#5929);
#5927 = CARTESIAN_POINT('',(-22.3519165249,18.530635303029,0.));
#5928 = DIRECTION('',(-0.,0.,-1.));
#5929 = DIRECTION('',(0.173648177667,-0.984807753012,-0.));
#5930 = DEFINITIONAL_REPRESENTATION('',(#5931),#5935);
#5931 = LINE('',#5932,#5933);
#5932 = CARTESIAN_POINT('',(0.,0.));
#5933 = VECTOR('',#5934,1.);
#5934 = DIRECTION('',(0.,-1.));
#5935 = ( GEOMETRIC_REPRESENTATION_CONTEXT(2) 
PARAMETRIC_REPRESENTATION_CONTEXT() REPRESENTATION_CONTEXT('2D SPACE',''
  ) );
#5936 = ORIENTED_EDGE('',*,*,#5937,.F.);
#5937 = EDGE_CURVE('',#5938,#5910,#5940,.T.);
#5938 = VERTEX_POINT('',#5939);
#5939 = CARTESIAN_POINT('',(-19.26178310386,8.757136469295,
    8.907265742764E-07));
#5940 = SURFACE_CURVE('',#5941,(#5949,#5960),.PCURVE_S1.);
#5941 = B_SPLINE_CURVE_WITH_KNOTS('',6,(#5942,#5943,#5944,#5945,#5946,
    #5947,#5948),.UNSPECIFIED.,.F.,.F.,(7,7),(0.,1.),
  .PIECEWISE_BEZIER_KNOTS.);
#5942 = CARTESIAN_POINT('',(-19.26178310386,8.757136469295,
    8.907265733882E-07));
#5943 = CARTESIAN_POINT('',(-19.46112705627,8.644364456878,
    2.553283448086E-04));
#5944 = CARTESIAN_POINT('',(-19.66814537512,8.545183769123,
    2.152377550283E-03));
#5945 = CARTESIAN_POINT('',(-19.88163420325,8.460272155683,
    6.343802256687E-03));
#5946 = CARTESIAN_POINT('',(-20.10027964363,8.390167335181,
    1.350215302691E-02));
#5947 = CARTESIAN_POINT('',(-20.3226565866,8.33524673202,
    2.422588240539E-02));
#5948 = CARTESIAN_POINT('',(-20.54721272043,8.295651426942,
    3.895440134219E-02));
#5949 = PCURVE('',#471,#5950);
#5950 = DEFINITIONAL_REPRESENTATION('',(#5951),#5959);
#5951 = B_SPLINE_CURVE_WITH_KNOTS('',6,(#5952,#5953,#5954,#5955,#5956,
    #5957,#5958),.UNSPECIFIED.,.F.,.F.,(7,7),(0.,1.),
  .PIECEWISE_BEZIER_KNOTS.);
#5952 = CARTESIAN_POINT('',(1.405033253121,-8.907265733882E-07));
#5953 = CARTESIAN_POINT('',(1.461824435708,-2.553283448086E-04));
#5954 = CARTESIAN_POINT('',(1.518612476623,-2.152377550284E-03));
#5955 = CARTESIAN_POINT('',(1.575384647252,-6.343802256684E-03));
#5956 = CARTESIAN_POINT('',(1.632120782749,-1.350215302691E-02));
#5957 = CARTESIAN_POINT('',(1.688788874682,-2.422588240539E-02));
#5958 = CARTESIAN_POINT('',(1.745329251994,-3.895440134219E-02));
#5959 = ( GEOMETRIC_REPRESENTATION_CONTEXT(2) 
PARAMETRIC_REPRESENTATION_CONTEXT() REPRESENTATION_CONTEXT('2D SPACE',''
  ) );
#5960 = PCURVE('',#5333,#5961);
#5961 = DEFINITIONAL_REPRESENTATION('',(#5962),#5970);
#5962 = B_SPLINE_CURVE_WITH_KNOTS('',6,(#5963,#5964,#5965,#5966,#5967,
    #5968,#5969),.UNSPECIFIED.,.F.,.F.,(7,7),(0.,1.),
  .PIECEWISE_BEZIER_KNOTS.);
#5963 = CARTESIAN_POINT('',(2.714888553887,4.714276546903));
#5964 = CARTESIAN_POINT('',(2.723639591679,4.724261488886));
#5965 = CARTESIAN_POINT('',(2.731822198132,4.735324860512));
#5966 = CARTESIAN_POINT('',(2.73937405857,4.747377209614));
#5967 = CARTESIAN_POINT('',(2.746249217149,4.760315842363));
#5968 = CARTESIAN_POINT('',(2.752418782134,4.774029521392));
#5969 = CARTESIAN_POINT('',(2.757869660026,4.7883970997));
#5970 = ( GEOMETRIC_REPRESENTATION_CONTEXT(2) 
PARAMETRIC_REPRESENTATION_CONTEXT() REPRESENTATION_CONTEXT('2D SPACE',''
  ) );
#5971 = ORIENTED_EDGE('',*,*,#5972,.F.);
#5972 = EDGE_CURVE('',#451,#5938,#5973,.T.);
#5973 = SURFACE_CURVE('',#5974,(#5983,#5995),.PCURVE_S1.);
#5974 = B_SPLINE_CURVE_WITH_KNOTS('',4,(#5975,#5976,#5977,#5978,#5979,
    #5980,#5981,#5982),.UNSPECIFIED.,.F.,.F.,(5,3,5),(0.,0.360031620274,
    1.),.UNSPECIFIED.);
#5975 = CARTESIAN_POINT('',(-19.26038710642,8.757926573553,0.));
#5976 = CARTESIAN_POINT('',(-19.26051276555,8.75785542021,
    3.076334033118E-17));
#5977 = CARTESIAN_POINT('',(-19.2606384227,8.757784275914,
    1.923779855029E-08));
#5978 = CARTESIAN_POINT('',(-19.26076407786,8.757713140667,
    5.771624730111E-08));
#5979 = CARTESIAN_POINT('',(-19.26111308376,8.757515585257,
    2.180409064799E-07));
#5980 = CARTESIAN_POINT('',(-19.26133643017,8.757389184644,
    3.814458846141E-07));
#5981 = CARTESIAN_POINT('',(-19.26155977022,8.757262812651,
    6.056691225949E-07));
#5982 = CARTESIAN_POINT('',(-19.26178310386,8.757136469295,
    8.907265751645E-07));
#5983 = PCURVE('',#471,#5984);
#5984 = DEFINITIONAL_REPRESENTATION('',(#5985),#5994);
#5985 = B_SPLINE_CURVE_WITH_KNOTS('',4,(#5986,#5987,#5988,#5989,#5990,
    #5991,#5992,#5993),.UNSPECIFIED.,.F.,.F.,(5,3,5),(0.,0.360031620274,
    1.),.UNSPECIFIED.);
#5986 = CARTESIAN_POINT('',(1.40463550206,0.));
#5987 = CARTESIAN_POINT('',(1.404671309204,-3.076338961133E-17));
#5988 = CARTESIAN_POINT('',(1.404707114814,-1.923779855029E-08));
#5989 = CARTESIAN_POINT('',(1.404742918889,-5.771624730111E-08));
#5990 = CARTESIAN_POINT('',(1.404842361648,-2.180409064799E-07));
#5991 = CARTESIAN_POINT('',(1.404905997012,-3.814458846141E-07));
#5992 = CARTESIAN_POINT('',(1.404969627507,-6.056691225949E-07));
#5993 = CARTESIAN_POINT('',(1.405033253121,-8.907265751645E-07));
#5994 = ( GEOMETRIC_REPRESENTATION_CONTEXT(2) 
PARAMETRIC_REPRESENTATION_CONTEXT() REPRESENTATION_CONTEXT('2D SPACE',''
  ) );
#5995 = PCURVE('',#500,#5996);
#5996 = DEFINITIONAL_REPRESENTATION('',(#5997),#6006);
#5997 = B_SPLINE_CURVE_WITH_KNOTS('',4,(#5998,#5999,#6000,#6001,#6002,
    #6003,#6004,#6005),.UNSPECIFIED.,.F.,.F.,(5,3,5),(0.,0.360031620274,
    1.),.UNSPECIFIED.);
#5998 = CARTESIAN_POINT('',(2.714827252228,4.712388980385));
#5999 = CARTESIAN_POINT('',(2.714832771894,4.712558852978));
#6000 = CARTESIAN_POINT('',(2.714838291072,4.712728731166));
#6001 = CARTESIAN_POINT('',(2.714843809763,4.712898614951));
#6002 = CARTESIAN_POINT('',(2.71485913676,4.71337048845));
#6003 = CARTESIAN_POINT('',(2.714868944012,4.713672490251));
#6004 = CARTESIAN_POINT('',(2.714878749722,4.713974509735));
#6005 = CARTESIAN_POINT('',(2.714888553887,4.714276546902));
#6006 = ( GEOMETRIC_REPRESENTATION_CONTEXT(2) 
PARAMETRIC_REPRESENTATION_CONTEXT() REPRESENTATION_CONTEXT('2D SPACE',''
  ) );
#6007 = ORIENTED_EDGE('',*,*,#450,.F.);
#6008 = ORIENTED_EDGE('',*,*,#5235,.T.);
#6009 = ADVANCED_FACE('',(#6010),#500,.T.);
#6010 = FACE_BOUND('',#6011,.T.);
#6011 = EDGE_LOOP('',(#6012,#6013,#6014,#6015));
#6012 = ORIENTED_EDGE('',*,*,#5972,.F.);
#6013 = ORIENTED_EDGE('',*,*,#483,.T.);
#6014 = ORIENTED_EDGE('',*,*,#5624,.T.);
#6015 = ORIENTED_EDGE('',*,*,#6016,.F.);
#6016 = EDGE_CURVE('',#5938,#5308,#6017,.T.);
#6017 = SURFACE_CURVE('',#6018,(#6023,#6030),.PCURVE_S1.);
#6018 = CIRCLE('',#6019,21.159010550645);
#6019 = AXIS2_PLACEMENT_3D('',#6020,#6021,#6022);
#6020 = CARTESIAN_POINT('',(0.,0.,8.907265742764E-07));
#6021 = DIRECTION('',(0.,0.,1.));
#6022 = DIRECTION('',(1.,0.,-0.));
#6023 = PCURVE('',#500,#6024);
#6024 = DEFINITIONAL_REPRESENTATION('',(#6025),#6029);
#6025 = LINE('',#6026,#6027);
#6026 = CARTESIAN_POINT('',(0.,4.714276546902));
#6027 = VECTOR('',#6028,1.);
#6028 = DIRECTION('',(1.,0.));
#6029 = ( GEOMETRIC_REPRESENTATION_CONTEXT(2) 
PARAMETRIC_REPRESENTATION_CONTEXT() REPRESENTATION_CONTEXT('2D SPACE',''
  ) );
#6030 = PCURVE('',#5333,#6031);
#6031 = DEFINITIONAL_REPRESENTATION('',(#6032),#6036);
#6032 = LINE('',#6033,#6034);
#6033 = CARTESIAN_POINT('',(0.,4.714276546903));
#6034 = VECTOR('',#6035,1.);
#6035 = DIRECTION('',(1.,0.));
#6036 = ( GEOMETRIC_REPRESENTATION_CONTEXT(2) 
PARAMETRIC_REPRESENTATION_CONTEXT() REPRESENTATION_CONTEXT('2D SPACE',''
  ) );
#6037 = ADVANCED_FACE('',(#6038),#879,.F.);
#6038 = FACE_BOUND('',#6039,.F.);
#6039 = EDGE_LOOP('',(#6040,#6069,#6090,#6091));
#6040 = ORIENTED_EDGE('',*,*,#6041,.F.);
#6041 = EDGE_CURVE('',#6042,#6042,#6044,.T.);
#6042 = VERTEX_POINT('',#6043);
#6043 = CARTESIAN_POINT('',(2.5,0.,0.));
#6044 = SURFACE_CURVE('',#6045,(#6050,#6057),.PCURVE_S1.);
#6045 = CIRCLE('',#6046,2.5);
#6046 = AXIS2_PLACEMENT_3D('',#6047,#6048,#6049);
#6047 = CARTESIAN_POINT('',(0.,0.,0.));
#6048 = DIRECTION('',(0.,0.,1.));
#6049 = DIRECTION('',(1.,0.,-0.));
#6050 = PCURVE('',#879,#6051);
#6051 = DEFINITIONAL_REPRESENTATION('',(#6052),#6056);
#6052 = LINE('',#6053,#6054);
#6053 = CARTESIAN_POINT('',(0.,10.));
#6054 = VECTOR('',#6055,1.);
#6055 = DIRECTION('',(1.,0.));
#6056 = ( GEOMETRIC_REPRESENTATION_CONTEXT(2) 
PARAMETRIC_REPRESENTATION_CONTEXT() REPRESENTATION_CONTEXT('2D SPACE',''
  ) );
#6057 = PCURVE('',#6058,#6063);
#6058 = CYLINDRICAL_SURFACE('',#6059,2.5);
#6059 = AXIS2_PLACEMENT_3D('',#6060,#6061,#6062);
#6060 = CARTESIAN_POINT('',(0.,0.,7.2));
#6061 = DIRECTION('',(-0.,-0.,-1.));
#6062 = DIRECTION('',(1.,0.,0.));
#6063 = DEFINITIONAL_REPRESENTATION('',(#6064),#6068);
#6064 = LINE('',#6065,#6066);
#6065 = CARTESIAN_POINT('',(-0.,7.2));
#6066 = VECTOR('',#6067,1.);
#6067 = DIRECTION('',(-1.,0.));
#6068 = ( GEOMETRIC_REPRESENTATION_CONTEXT(2) 
PARAMETRIC_REPRESENTATION_CONTEXT() REPRESENTATION_CONTEXT('2D SPACE',''
  ) );
#6069 = ORIENTED_EDGE('',*,*,#6070,.F.);
#6070 = EDGE_CURVE('',#863,#6042,#6071,.T.);
#6071 = SEAM_CURVE('',#6072,(#6076,#6083),.PCURVE_S1.);
#6072 = LINE('',#6073,#6074);
#6073 = CARTESIAN_POINT('',(2.5,-6.123233995737E-16,-10.));
#6074 = VECTOR('',#6075,1.);
#6075 = DIRECTION('',(0.,0.,1.));
#6076 = PCURVE('',#879,#6077);
#6077 = DEFINITIONAL_REPRESENTATION('',(#6078),#6082);
#6078 = LINE('',#6079,#6080);
#6079 = CARTESIAN_POINT('',(6.28318530718,-0.));
#6080 = VECTOR('',#6081,1.);
#6081 = DIRECTION('',(0.,1.));
#6082 = ( GEOMETRIC_REPRESENTATION_CONTEXT(2) 
PARAMETRIC_REPRESENTATION_CONTEXT() REPRESENTATION_CONTEXT('2D SPACE',''
  ) );
#6083 = PCURVE('',#879,#6084);
#6084 = DEFINITIONAL_REPRESENTATION('',(#6085),#6089);
#6085 = LINE('',#6086,#6087);
#6086 = CARTESIAN_POINT('',(0.,-0.));
#6087 = VECTOR('',#6088,1.);
#6088 = DIRECTION('',(0.,1.));
#6089 = ( GEOMETRIC_REPRESENTATION_CONTEXT(2) 
PARAMETRIC_REPRESENTATION_CONTEXT() REPRESENTATION_CONTEXT('2D SPACE',''
  ) );
#6090 = ORIENTED_EDGE('',*,*,#862,.T.);
#6091 = ORIENTED_EDGE('',*,*,#6070,.T.);
#6092 = ADVANCED_FACE('',(#6093),#950,.T.);
#6093 = FACE_BOUND('',#6094,.T.);
#6094 = EDGE_LOOP('',(#6095,#6139,#6140,#6141,#6142,#6186,#6220,#6263,
    #6297,#6340));
#6095 = ORIENTED_EDGE('',*,*,#6096,.F.);
#6096 = EDGE_CURVE('',#1280,#6097,#6099,.T.);
#6097 = VERTEX_POINT('',#6098);
#6098 = CARTESIAN_POINT('',(22.956208463665,-8.155343402635,
    0.391648014941));
#6099 = SURFACE_CURVE('',#6100,(#6111,#6125),.PCURVE_S1.);
#6100 = B_SPLINE_CURVE_WITH_KNOTS('',5,(#6101,#6102,#6103,#6104,#6105,
    #6106,#6107,#6108,#6109,#6110),.UNSPECIFIED.,.F.,.F.,(6,4,6),(0.,
    0.678562721325,1.),.UNSPECIFIED.);
#6101 = CARTESIAN_POINT('',(20.547212720432,-8.295651426942,
    3.895440134219E-02));
#6102 = CARTESIAN_POINT('',(20.87661715746,-8.237568537129,
    6.055986544558E-02));
#6103 = CARTESIAN_POINT('',(21.207338460768,-8.192917568943,
    9.029355703039E-02));
#6104 = CARTESIAN_POINT('',(21.53795578034,-8.161779263255,
    0.128923633473));
#6105 = CARTESIAN_POINT('',(21.86697793425,-8.143965433508,
    0.176920978785));
#6106 = CARTESIAN_POINT('',(22.347235079839,-8.136614650905,
    0.261576802321));
#6107 = CARTESIAN_POINT('',(22.500909251613,-8.137129935661,
    0.290909283118));
#6108 = CARTESIAN_POINT('',(22.653726906931,-8.14046998621,
    0.322372247641));
#6109 = CARTESIAN_POINT('',(22.80553957723,-8.146567939238,
    0.355959281399));
#6110 = CARTESIAN_POINT('',(22.956208463665,-8.155343402635,
    0.391648014941));
#6111 = PCURVE('',#950,#6112);
#6112 = DEFINITIONAL_REPRESENTATION('',(#6113),#6124);
#6113 = B_SPLINE_CURVE_WITH_KNOTS('',5,(#6114,#6115,#6116,#6117,#6118,
    #6119,#6120,#6121,#6122,#6123),.UNSPECIFIED.,.F.,.F.,(6,4,6),(0.,
    0.678562721325,1.),.UNSPECIFIED.);
#6114 = CARTESIAN_POINT('',(5.899462313616,4.7883970997));
#6115 = CARTESIAN_POINT('',(5.907458280293,4.809473095102));
#6116 = CARTESIAN_POINT('',(5.914658460944,4.831187248477));
#6117 = CARTESIAN_POINT('',(5.921073063969,4.85342437525));
#6118 = CARTESIAN_POINT('',(5.926732240764,4.876069436946));
#6119 = CARTESIAN_POINT('',(5.934019613751,4.909868150788));
#6120 = CARTESIAN_POINT('',(5.936201850827,4.920797661649));
#6121 = CARTESIAN_POINT('',(5.938228408821,4.931780347325));
#6122 = CARTESIAN_POINT('',(5.940104350902,4.942804674322));
#6123 = CARTESIAN_POINT('',(5.941835286228,4.953859745101));
#6124 = ( GEOMETRIC_REPRESENTATION_CONTEXT(2) 
PARAMETRIC_REPRESENTATION_CONTEXT() REPRESENTATION_CONTEXT('2D SPACE',''
  ) );
#6125 = PCURVE('',#1295,#6126);
#6126 = DEFINITIONAL_REPRESENTATION('',(#6127),#6138);
#6127 = B_SPLINE_CURVE_WITH_KNOTS('',5,(#6128,#6129,#6130,#6131,#6132,
    #6133,#6134,#6135,#6136,#6137),.UNSPECIFIED.,.F.,.F.,(6,4,6),(0.,
    0.678562721325,1.),.UNSPECIFIED.);
#6128 = CARTESIAN_POINT('',(0.,-3.895440134219E-02));
#6129 = CARTESIAN_POINT('',(3.218416765642E-02,-6.055986544558E-02));
#6130 = CARTESIAN_POINT('',(6.426869906369E-02,-9.029355703039E-02));
#6131 = CARTESIAN_POINT('',(9.618702333103E-02,-0.128923633473));
#6132 = CARTESIAN_POINT('',(0.127867977275,-0.176920978785));
#6133 = CARTESIAN_POINT('',(0.174083619971,-0.261576802321));
#6134 = CARTESIAN_POINT('',(0.188867612393,-0.290909283118));
#6135 = CARTESIAN_POINT('',(0.203571901269,-0.322372247641));
#6136 = CARTESIAN_POINT('',(0.218188673198,-0.355959281399));
#6137 = CARTESIAN_POINT('',(0.232710566933,-0.391648014941));
#6138 = ( GEOMETRIC_REPRESENTATION_CONTEXT(2) 
PARAMETRIC_REPRESENTATION_CONTEXT() REPRESENTATION_CONTEXT('2D SPACE',''
  ) );
#6139 = ORIENTED_EDGE('',*,*,#1307,.F.);
#6140 = ORIENTED_EDGE('',*,*,#933,.T.);
#6141 = ORIENTED_EDGE('',*,*,#1390,.T.);
#6142 = ORIENTED_EDGE('',*,*,#6143,.T.);
#6143 = EDGE_CURVE('',#1391,#6144,#6146,.T.);
#6144 = VERTEX_POINT('',#6145);
#6145 = CARTESIAN_POINT('',(23.958331405423,-4.415369668564,
    0.391648014941));
#6146 = SURFACE_CURVE('',#6147,(#6158,#6172),.PCURVE_S1.);
#6147 = B_SPLINE_CURVE_WITH_KNOTS('',5,(#6148,#6149,#6150,#6151,#6152,
    #6153,#6154,#6155,#6156,#6157),.UNSPECIFIED.,.F.,.F.,(6,4,6),(0.,
    0.678562721325,1.),.UNSPECIFIED.);
#6148 = CARTESIAN_POINT('',(21.942233906328,-3.089361483543,
    3.895440134219E-02));
#6149 = CARTESIAN_POINT('',(22.198465072007,-3.304364960161,
    6.055986544558E-02));
#6150 = CARTESIAN_POINT('',(22.462552638151,-3.508394484567,
    9.029355703038E-02));
#6151 = CARTESIAN_POINT('',(22.733306482988,-3.70066970811,
    0.128923633473));
#6152 = CARTESIAN_POINT('',(23.009341111808,-3.880608014165,
    0.176920978785));
#6153 = CARTESIAN_POINT('',(23.421580608936,-4.127102551431,
    0.261576802321));
#6154 = CARTESIAN_POINT('',(23.554923987975,-4.20349338763,
    0.290909283118));
#6155 = CARTESIAN_POINT('',(23.688937984902,-4.277009646663,
    0.322372247641));
#6156 = CARTESIAN_POINT('',(23.823460590511,-4.347634999579,
    0.355959281399));
#6157 = CARTESIAN_POINT('',(23.958331405423,-4.415369668564,
    0.391648014941));
#6158 = PCURVE('',#950,#6159);
#6159 = DEFINITIONAL_REPRESENTATION('',(#6160),#6171);
#6160 = B_SPLINE_CURVE_WITH_KNOTS('',5,(#6161,#6162,#6163,#6164,#6165,
    #6166,#6167,#6168,#6169,#6170),.UNSPECIFIED.,.F.,.F.,(6,4,6),(0.,
    0.678562721325,1.),.UNSPECIFIED.);
#6161 = CARTESIAN_POINT('',(6.143309525145,4.7883970997));
#6162 = CARTESIAN_POINT('',(6.135313558468,4.809473095102));
#6163 = CARTESIAN_POINT('',(6.128113377817,4.831187248477));
#6164 = CARTESIAN_POINT('',(6.121698774792,4.85342437525));
#6165 = CARTESIAN_POINT('',(6.116039597997,4.876069436946));
#6166 = CARTESIAN_POINT('',(6.10875222501,4.909868150788));
#6167 = CARTESIAN_POINT('',(6.106569987934,4.920797661649));
#6168 = CARTESIAN_POINT('',(6.10454342994,4.931780347325));
#6169 = CARTESIAN_POINT('',(6.102667487859,4.942804674322));
#6170 = CARTESIAN_POINT('',(6.100936552533,4.953859745101));
#6171 = ( GEOMETRIC_REPRESENTATION_CONTEXT(2) 
PARAMETRIC_REPRESENTATION_CONTEXT() REPRESENTATION_CONTEXT('2D SPACE',''
  ) );
#6172 = PCURVE('',#1441,#6173);
#6173 = DEFINITIONAL_REPRESENTATION('',(#6174),#6185);
#6174 = B_SPLINE_CURVE_WITH_KNOTS('',5,(#6175,#6176,#6177,#6178,#6179,
    #6180,#6181,#6182,#6183,#6184),.UNSPECIFIED.,.F.,.F.,(6,4,6),(0.,
    0.678562721325,1.),.UNSPECIFIED.);
#6175 = CARTESIAN_POINT('',(0.232710566933,-3.895440134219E-02));
#6176 = CARTESIAN_POINT('',(0.200526399276,-6.055986544558E-02));
#6177 = CARTESIAN_POINT('',(0.168441867869,-9.029355703038E-02));
#6178 = CARTESIAN_POINT('',(0.136523543602,-0.128923633473));
#6179 = CARTESIAN_POINT('',(0.104842589657,-0.176920978785));
#6180 = CARTESIAN_POINT('',(5.862694696191E-02,-0.261576802321));
#6181 = CARTESIAN_POINT('',(4.384295453961E-02,-0.290909283118));
#6182 = CARTESIAN_POINT('',(2.913866566403E-02,-0.322372247641));
#6183 = CARTESIAN_POINT('',(1.452189373431E-02,-0.355959281399));
#6184 = CARTESIAN_POINT('',(0.,-0.391648014941));
#6185 = ( GEOMETRIC_REPRESENTATION_CONTEXT(2) 
PARAMETRIC_REPRESENTATION_CONTEXT() REPRESENTATION_CONTEXT('2D SPACE',''
  ) );
#6186 = ORIENTED_EDGE('',*,*,#6187,.T.);
#6187 = EDGE_CURVE('',#6144,#6188,#6190,.T.);
#6188 = VERTEX_POINT('',#6189);
#6189 = CARTESIAN_POINT('',(24.658907798493,-4.76721235726,
    0.600598998088));
#6190 = SURFACE_CURVE('',#6191,(#6197,#6206),.PCURVE_S1.);
#6191 = B_SPLINE_CURVE_WITH_KNOTS('',4,(#6192,#6193,#6194,#6195,#6196),
  .UNSPECIFIED.,.F.,.F.,(5,5),(0.,1.),.PIECEWISE_BEZIER_KNOTS.);
#6192 = CARTESIAN_POINT('',(23.888273766116,-4.380185399695,
    0.373341058361));
#6193 = CARTESIAN_POINT('',(24.100267885917,-4.486652848265,
    0.428039076436));
#6194 = CARTESIAN_POINT('',(24.311159940271,-4.592566818765,
    0.488082200825));
#6195 = CARTESIAN_POINT('',(24.520782219049,-4.697843084002,
    0.553458259061));
#6196 = CARTESIAN_POINT('',(24.7289654378,-4.80239662613,0.624138849873)
  );
#6197 = PCURVE('',#950,#6198);
#6198 = DEFINITIONAL_REPRESENTATION('',(#6199),#6205);
#6199 = B_SPLINE_CURVE_WITH_KNOTS('',4,(#6200,#6201,#6202,#6203,#6204),
  .UNSPECIFIED.,.F.,.F.,(5,5),(0.,1.),.PIECEWISE_BEZIER_KNOTS.);
#6200 = CARTESIAN_POINT('',(6.101838461098,4.94812205133));
#6201 = CARTESIAN_POINT('',(6.099100834042,4.965469958185));
#6202 = CARTESIAN_POINT('',(6.096445875788,4.982842524983));
#6203 = CARTESIAN_POINT('',(6.093870448941,5.000239184384));
#6204 = CARTESIAN_POINT('',(6.091371613968,5.017659192849));
#6205 = ( GEOMETRIC_REPRESENTATION_CONTEXT(2) 
PARAMETRIC_REPRESENTATION_CONTEXT() REPRESENTATION_CONTEXT('2D SPACE',''
  ) );
#6206 = PCURVE('',#6207,#6212);
#6207 = PLANE('',#6208);
#6208 = AXIS2_PLACEMENT_3D('',#6209,#6210,#6211);
#6209 = CARTESIAN_POINT('',(24.658907798493,-4.76721235726,0.));
#6210 = DIRECTION('',(-0.4487991802,-0.893632640323,0.));
#6211 = DIRECTION('',(-0.893632640323,0.4487991802,0.));
#6212 = DEFINITIONAL_REPRESENTATION('',(#6213),#6219);
#6213 = B_SPLINE_CURVE_WITH_KNOTS('',4,(#6214,#6215,#6216,#6217,#6218),
  .UNSPECIFIED.,.F.,.F.,(5,5),(0.,1.),.PIECEWISE_BEZIER_KNOTS.);
#6214 = CARTESIAN_POINT('',(0.862361106347,-0.373341058361));
#6215 = CARTESIAN_POINT('',(0.6251337377,-0.428039076436));
#6216 = CARTESIAN_POINT('',(0.389139611212,-0.488082200825));
#6217 = CARTESIAN_POINT('',(0.154566399224,-0.553458259061));
#6218 = CARTESIAN_POINT('',(-7.839646421336E-02,-0.624138849873));
#6219 = ( GEOMETRIC_REPRESENTATION_CONTEXT(2) 
PARAMETRIC_REPRESENTATION_CONTEXT() REPRESENTATION_CONTEXT('2D SPACE',''
  ) );
#6220 = ORIENTED_EDGE('',*,*,#6221,.T.);
#6221 = EDGE_CURVE('',#6188,#6222,#6224,.T.);
#6222 = VERTEX_POINT('',#6223);
#6223 = CARTESIAN_POINT('',(26.751432255357,-6.409343918504,1.6));
#6224 = SURFACE_CURVE('',#6225,(#6234,#6246),.PCURVE_S1.);
#6225 = B_SPLINE_CURVE_WITH_KNOTS('',7,(#6226,#6227,#6228,#6229,#6230,
    #6231,#6232,#6233),.UNSPECIFIED.,.F.,.F.,(8,8),(0.,1.),
  .PIECEWISE_BEZIER_KNOTS.);
#6226 = CARTESIAN_POINT('',(24.658907798493,-4.76721235726,
    0.600598998088));
#6227 = CARTESIAN_POINT('',(25.015290363787,-4.946194408636,
    0.719099553285));
#6228 = CARTESIAN_POINT('',(25.353628523558,-5.147124369573,
    0.848182674858));
#6229 = CARTESIAN_POINT('',(25.672882539651,-5.367723204824,
    0.98631034072));
#6230 = CARTESIAN_POINT('',(25.972478226469,-5.605886792922,
    1.131937080568));
#6231 = CARTESIAN_POINT('',(26.252132726349,-5.859792137509,
    1.283614655301));
#6232 = CARTESIAN_POINT('',(26.511779510232,-6.127949847894,
    1.440024629007));
#6233 = CARTESIAN_POINT('',(26.751432255357,-6.409343918505,1.6));
#6234 = PCURVE('',#950,#6235);
#6235 = DEFINITIONAL_REPRESENTATION('',(#6236),#6245);
#6236 = B_SPLINE_CURVE_WITH_KNOTS('',7,(#6237,#6238,#6239,#6240,#6241,
    #6242,#6243,#6244),.UNSPECIFIED.,.F.,.F.,(8,8),(0.,1.),
  .PIECEWISE_BEZIER_KNOTS.);
#6237 = CARTESIAN_POINT('',(6.092215043563,5.011803082344));
#6238 = CARTESIAN_POINT('',(6.087911616217,5.041562392828));
#6239 = CARTESIAN_POINT('',(6.082767298859,5.070632248963));
#6240 = CARTESIAN_POINT('',(6.076907832219,5.098948728532));
#6241 = CARTESIAN_POINT('',(6.070435129257,5.126477188547));
#6242 = CARTESIAN_POINT('',(6.063428375951,5.153198073043));
#6243 = CARTESIAN_POINT('',(6.055947125491,5.179104389785));
#6244 = CARTESIAN_POINT('',(6.04802915462,5.204198588418));
#6245 = ( GEOMETRIC_REPRESENTATION_CONTEXT(2) 
PARAMETRIC_REPRESENTATION_CONTEXT() REPRESENTATION_CONTEXT('2D SPACE',''
  ) );
#6246 = PCURVE('',#6247,#6252);
#6247 = CYLINDRICAL_SURFACE('',#6248,6.695751497138);
#6248 = AXIS2_PLACEMENT_3D('',#6249,#6250,#6251);
#6249 = CARTESIAN_POINT('',(21.653860015751,-10.75075444659,0.));
#6250 = DIRECTION('',(-0.,-0.,-1.));
#6251 = DIRECTION('',(0.761314430768,0.648382863365,-0.));
#6252 = DEFINITIONAL_REPRESENTATION('',(#6253),#6262);
#6253 = B_SPLINE_CURVE_WITH_KNOTS('',7,(#6254,#6255,#6256,#6257,#6258,
    #6259,#6260,#6261),.UNSPECIFIED.,.F.,.F.,(8,8),(0.,1.),
  .PIECEWISE_BEZIER_KNOTS.);
#6254 = CARTESIAN_POINT('',(-0.399916820262,-0.600598998088));
#6255 = CARTESIAN_POINT('',(-0.34035635257,-0.719099553285));
#6256 = CARTESIAN_POINT('',(-0.281733038893,-0.848182674858));
#6257 = CARTESIAN_POINT('',(-0.223993204871,-0.98631034072));
#6258 = CARTESIAN_POINT('',(-0.167058643527,-1.131937080568));
#6259 = CARTESIAN_POINT('',(-0.110834318449,-1.283614655301));
#6260 = CARTESIAN_POINT('',(-5.520158565372E-02,-1.440024629007));
#6261 = CARTESIAN_POINT('',(8.881784197001E-16,-1.6));
#6262 = ( GEOMETRIC_REPRESENTATION_CONTEXT(2) 
PARAMETRIC_REPRESENTATION_CONTEXT() REPRESENTATION_CONTEXT('2D SPACE',''
  ) );
#6263 = ORIENTED_EDGE('',*,*,#6264,.T.);
#6264 = EDGE_CURVE('',#6222,#6265,#6267,.T.);
#6265 = VERTEX_POINT('',#6266);
#6266 = CARTESIAN_POINT('',(26.37209188001,-7.825061472663,1.6));
#6267 = SURFACE_CURVE('',#6268,(#6274,#6283),.PCURVE_S1.);
#6268 = B_SPLINE_CURVE_WITH_KNOTS('',4,(#6269,#6270,#6271,#6272,#6273),
  .UNSPECIFIED.,.F.,.F.,(5,5),(0.,1.),.PIECEWISE_BEZIER_KNOTS.);
#6269 = CARTESIAN_POINT('',(26.751432255357,-6.409343918505,1.6));
#6270 = CARTESIAN_POINT('',(26.656603684758,-6.763248961987,
    1.594771077215));
#6271 = CARTESIAN_POINT('',(26.561762027924,-7.117202843966,
    1.593038407659));
#6272 = CARTESIAN_POINT('',(26.466920449666,-7.471156432697,
    1.594771077267));
#6273 = CARTESIAN_POINT('',(26.37209188001,-7.825061472662,1.6));
#6274 = PCURVE('',#950,#6275);
#6275 = DEFINITIONAL_REPRESENTATION('',(#6276),#6282);
#6276 = B_SPLINE_CURVE_WITH_KNOTS('',4,(#6277,#6278,#6279,#6280,#6281),
  .UNSPECIFIED.,.F.,.F.,(5,5),(0.,1.),.PIECEWISE_BEZIER_KNOTS.);
#6277 = CARTESIAN_POINT('',(6.04802915462,5.204198588418));
#6278 = CARTESIAN_POINT('',(6.03471475634,5.203378364491));
#6279 = CARTESIAN_POINT('',(6.02138591334,5.203104898197));
#6280 = CARTESIAN_POINT('',(6.008057082289,5.203378364499));
#6281 = CARTESIAN_POINT('',(5.994742684141,5.204198588418));
#6282 = ( GEOMETRIC_REPRESENTATION_CONTEXT(2) 
PARAMETRIC_REPRESENTATION_CONTEXT() REPRESENTATION_CONTEXT('2D SPACE',''
  ) );
#6283 = PCURVE('',#6284,#6289);
#6284 = PLANE('',#6285);
#6285 = AXIS2_PLACEMENT_3D('',#6286,#6287,#6288);
#6286 = CARTESIAN_POINT('',(26.37209188001,-7.825061472662,0.));
#6287 = DIRECTION('',(-0.965925826289,0.258819045103,0.));
#6288 = DIRECTION('',(0.258819045103,0.965925826289,0.));
#6289 = DEFINITIONAL_REPRESENTATION('',(#6290),#6296);
#6290 = B_SPLINE_CURVE_WITH_KNOTS('',4,(#6291,#6292,#6293,#6294,#6295),
  .UNSPECIFIED.,.F.,.F.,(5,5),(0.,1.),.PIECEWISE_BEZIER_KNOTS.);
#6291 = CARTESIAN_POINT('',(1.465658662007,-1.6));
#6292 = CARTESIAN_POINT('',(1.099269200363,-1.594771077215));
#6293 = CARTESIAN_POINT('',(0.732829177387,-1.593038407659));
#6294 = CARTESIAN_POINT('',(0.366389458003,-1.594771077267));
#6295 = CARTESIAN_POINT('',(3.064215547965E-13,-1.6));
#6296 = ( GEOMETRIC_REPRESENTATION_CONTEXT(2) 
PARAMETRIC_REPRESENTATION_CONTEXT() REPRESENTATION_CONTEXT('2D SPACE',''
  ) );
#6297 = ORIENTED_EDGE('',*,*,#6298,.F.);
#6298 = EDGE_CURVE('',#6299,#6265,#6301,.T.);
#6299 = VERTEX_POINT('',#6300);
#6300 = CARTESIAN_POINT('',(23.738846761703,-8.200926892624,
    0.600598998088));
#6301 = SURFACE_CURVE('',#6302,(#6311,#6323),.PCURVE_S1.);
#6302 = B_SPLINE_CURVE_WITH_KNOTS('',7,(#6303,#6304,#6305,#6306,#6307,
    #6308,#6309,#6310),.UNSPECIFIED.,.F.,.F.,(8,8),(0.,1.),
  .PIECEWISE_BEZIER_KNOTS.);
#6303 = CARTESIAN_POINT('',(23.738846761703,-8.200926892624,
    0.600598998088));
#6304 = CARTESIAN_POINT('',(24.1369741424,-8.224115171958,0.719099553285
    ));
#6305 = CARTESIAN_POINT('',(24.530448564304,-8.219273801291,
    0.848182674859));
#6306 = CARTESIAN_POINT('',(24.917230070119,-8.187856613965,
    0.986310340718));
#6307 = CARTESIAN_POINT('',(25.295769339825,-8.131398739824,
    1.131937080569));
#6308 = CARTESIAN_POINT('',(25.664909913291,-8.051337511196,1.2836146553
    ));
#6309 = CARTESIAN_POINT('',(26.023849479341,-7.948929513723,
    1.440024629007));
#6310 = CARTESIAN_POINT('',(26.37209188001,-7.825061472662,1.6));
#6311 = PCURVE('',#950,#6312);
#6312 = DEFINITIONAL_REPRESENTATION('',(#6313),#6322);
#6313 = B_SPLINE_CURVE_WITH_KNOTS('',7,(#6314,#6315,#6316,#6317,#6318,
    #6319,#6320,#6321),.UNSPECIFIED.,.F.,.F.,(8,8),(0.,1.),
  .PIECEWISE_BEZIER_KNOTS.);
#6314 = CARTESIAN_POINT('',(5.950556795198,5.011803082344));
#6315 = CARTESIAN_POINT('',(5.954860222544,5.041562392828));
#6316 = CARTESIAN_POINT('',(5.960004539902,5.070632248963));
#6317 = CARTESIAN_POINT('',(5.965864006542,5.098948728532));
#6318 = CARTESIAN_POINT('',(5.972336709504,5.126477188547));
#6319 = CARTESIAN_POINT('',(5.97934346281,5.153198073043));
#6320 = CARTESIAN_POINT('',(5.986824713269,5.179104389785));
#6321 = CARTESIAN_POINT('',(5.994742684141,5.204198588418));
#6322 = ( GEOMETRIC_REPRESENTATION_CONTEXT(2) 
PARAMETRIC_REPRESENTATION_CONTEXT() REPRESENTATION_CONTEXT('2D SPACE',''
  ) );
#6323 = PCURVE('',#6324,#6329);
#6324 = CYLINDRICAL_SURFACE('',#6325,6.695751497138);
#6325 = AXIS2_PLACEMENT_3D('',#6326,#6327,#6328);
#6326 = CARTESIAN_POINT('',(24.128170086931,-1.516503547274,0.));
#6327 = DIRECTION('',(-0.,-0.,-1.));
#6328 = DIRECTION('',(-5.814482891048E-02,-0.998308158271,0.));
#6329 = DEFINITIONAL_REPRESENTATION('',(#6330),#6339);
#6330 = B_SPLINE_CURVE_WITH_KNOTS('',7,(#6331,#6332,#6333,#6334,#6335,
    #6336,#6337,#6338),.UNSPECIFIED.,.F.,.F.,(8,8),(0.,1.),
  .PIECEWISE_BEZIER_KNOTS.);
#6331 = CARTESIAN_POINT('',(0.,-0.600598998088));
#6332 = CARTESIAN_POINT('',(-5.956046769154E-02,-0.719099553285));
#6333 = CARTESIAN_POINT('',(-0.118183781369,-0.848182674859));
#6334 = CARTESIAN_POINT('',(-0.17592361539,-0.986310340718));
#6335 = CARTESIAN_POINT('',(-0.232858176735,-1.131937080569));
#6336 = CARTESIAN_POINT('',(-0.289082501812,-1.2836146553));
#6337 = CARTESIAN_POINT('',(-0.344715234608,-1.440024629007));
#6338 = CARTESIAN_POINT('',(-0.399916820262,-1.6));
#6339 = ( GEOMETRIC_REPRESENTATION_CONTEXT(2) 
PARAMETRIC_REPRESENTATION_CONTEXT() REPRESENTATION_CONTEXT('2D SPACE',''
  ) );
#6340 = ORIENTED_EDGE('',*,*,#6341,.F.);
#6341 = EDGE_CURVE('',#6097,#6299,#6342,.T.);
#6342 = SURFACE_CURVE('',#6343,(#6349,#6358),.PCURVE_S1.);
#6343 = B_SPLINE_CURVE_WITH_KNOTS('',4,(#6344,#6345,#6346,#6347,#6348),
  .UNSPECIFIED.,.F.,.F.,(5,5),(0.,1.),.PIECEWISE_BEZIER_KNOTS.);
#6344 = CARTESIAN_POINT('',(22.877944633861,-8.150785053636,
    0.373341058361));
#6345 = CARTESIAN_POINT('',(23.114770651346,-8.164578598399,
    0.428039076436));
#6346 = CARTESIAN_POINT('',(23.350365513124,-8.178300436508,
    0.488082200825));
#6347 = CARTESIAN_POINT('',(23.584541864363,-8.191939655786,
    0.553458259061));
#6348 = CARTESIAN_POINT('',(23.817110591507,-8.205485241623,
    0.624138849873));
#6349 = PCURVE('',#950,#6350);
#6350 = DEFINITIONAL_REPRESENTATION('',(#6351),#6357);
#6351 = B_SPLINE_CURVE_WITH_KNOTS('',4,(#6352,#6353,#6354,#6355,#6356),
  .UNSPECIFIED.,.F.,.F.,(5,5),(0.,1.),.PIECEWISE_BEZIER_KNOTS.);
#6352 = CARTESIAN_POINT('',(5.940933377662,4.94812205133));
#6353 = CARTESIAN_POINT('',(5.943671004719,4.965469958185));
#6354 = CARTESIAN_POINT('',(5.946325962973,4.982842524983));
#6355 = CARTESIAN_POINT('',(5.948901389819,5.000239184384));
#6356 = CARTESIAN_POINT('',(5.951400224793,5.017659192849));
#6357 = ( GEOMETRIC_REPRESENTATION_CONTEXT(2) 
PARAMETRIC_REPRESENTATION_CONTEXT() REPRESENTATION_CONTEXT('2D SPACE',''
  ) );
#6358 = PCURVE('',#6359,#6364);
#6359 = PLANE('',#6360);
#6360 = AXIS2_PLACEMENT_3D('',#6361,#6362,#6363);
#6361 = CARTESIAN_POINT('',(22.956208463665,-8.155343402635,0.));
#6362 = DIRECTION('',(5.814482891048E-02,0.998308158271,-0.));
#6363 = DIRECTION('',(0.998308158271,-5.814482891048E-02,0.));
#6364 = DEFINITIONAL_REPRESENTATION('',(#6365),#6371);
#6365 = B_SPLINE_CURVE_WITH_KNOTS('',4,(#6366,#6367,#6368,#6369,#6370),
  .UNSPECIFIED.,.F.,.F.,(5,5),(0.,1.),.PIECEWISE_BEZIER_KNOTS.);
#6366 = CARTESIAN_POINT('',(-7.839646421336E-02,-0.373341058361));
#6367 = CARTESIAN_POINT('',(0.158830904433,-0.428039076436));
#6368 = CARTESIAN_POINT('',(0.394825030922,-0.488082200825));
#6369 = CARTESIAN_POINT('',(0.62939824291,-0.553458259061));
#6370 = CARTESIAN_POINT('',(0.862361106347,-0.624138849873));
#6371 = ( GEOMETRIC_REPRESENTATION_CONTEXT(2) 
PARAMETRIC_REPRESENTATION_CONTEXT() REPRESENTATION_CONTEXT('2D SPACE',''
  ) );
#6372 = ADVANCED_FACE('',(#6373),#1027,.T.);
#6373 = FACE_BOUND('',#6374,.T.);
#6374 = EDGE_LOOP('',(#6375,#6419,#6420,#6421,#6422,#6466,#6500,#6543,
    #6577,#6620));
#6375 = ORIENTED_EDGE('',*,*,#6376,.F.);
#6376 = EDGE_CURVE('',#2149,#6377,#6379,.T.);
#6377 = VERTEX_POINT('',#6378);
#6378 = CARTESIAN_POINT('',(15.802988002788,-18.5408387951,
    0.391648014941));
#6379 = SURFACE_CURVE('',#6380,(#6391,#6405),.PCURVE_S1.);
#6380 = B_SPLINE_CURVE_WITH_KNOTS('',5,(#6381,#6382,#6383,#6384,#6385,
    #6386,#6387,#6388,#6389,#6390),.UNSPECIFIED.,.F.,.F.,(6,4,6),(0.,
    0.678562721325,1.),.UNSPECIFIED.);
#6381 = CARTESIAN_POINT('',(13.646582479386,-17.45785123688,
    3.895440134219E-02));
#6382 = CARTESIAN_POINT('',(13.960896534878,-17.57225219729,
    6.055986544558E-02));
#6383 = CARTESIAN_POINT('',(14.269635069208,-17.6989439762,
    9.029355703039E-02));
#6384 = CARTESIAN_POINT('',(14.571527219733,-17.83728607223,
    0.128923633473));
#6385 = CARTESIAN_POINT('',(14.8653756783,-17.98636992008,0.176920978785
    ));
#6386 = CARTESIAN_POINT('',(15.284965958031,-18.2201325284,
    0.261576802321));
#6387 = CARTESIAN_POINT('',(15.417794052315,-18.29741586398,
    0.290909283118));
#6388 = CARTESIAN_POINT('',(15.548467998693,-18.37671726026,
    0.322372247641));
#6389 = CARTESIAN_POINT('',(15.676892651273,-18.45790457765,
    0.355959281399));
#6390 = CARTESIAN_POINT('',(15.802988002788,-18.5408387951,
    0.391648014941));
#6391 = PCURVE('',#1027,#6392);
#6392 = DEFINITIONAL_REPRESENTATION('',(#6393),#6404);
#6393 = B_SPLINE_CURVE_WITH_KNOTS('',5,(#6394,#6395,#6396,#6397,#6398,
    #6399,#6400,#6401,#6402,#6403),.UNSPECIFIED.,.F.,.F.,(6,4,6),(0.,
    0.678562721325,1.),.UNSPECIFIED.);
#6394 = CARTESIAN_POINT('',(5.375863538017,4.7883970997));
#6395 = CARTESIAN_POINT('',(5.383859504694,4.809473095102));
#6396 = CARTESIAN_POINT('',(5.391059685345,4.831187248477));
#6397 = CARTESIAN_POINT('',(5.39747428837,4.85342437525));
#6398 = CARTESIAN_POINT('',(5.403133465166,4.876069436946));
#6399 = CARTESIAN_POINT('',(5.410420838153,4.909868150788));
#6400 = CARTESIAN_POINT('',(5.412603075229,4.920797661649));
#6401 = CARTESIAN_POINT('',(5.414629633222,4.931780347325));
#6402 = CARTESIAN_POINT('',(5.416505575304,4.942804674322));
#6403 = CARTESIAN_POINT('',(5.41823651063,4.953859745101));
#6404 = ( GEOMETRIC_REPRESENTATION_CONTEXT(2) 
PARAMETRIC_REPRESENTATION_CONTEXT() REPRESENTATION_CONTEXT('2D SPACE',''
  ) );
#6405 = PCURVE('',#2164,#6406);
#6406 = DEFINITIONAL_REPRESENTATION('',(#6407),#6418);
#6407 = B_SPLINE_CURVE_WITH_KNOTS('',5,(#6408,#6409,#6410,#6411,#6412,
    #6413,#6414,#6415,#6416,#6417),.UNSPECIFIED.,.F.,.F.,(6,4,6),(0.,
    0.678562721325,1.),.UNSPECIFIED.);
#6408 = CARTESIAN_POINT('',(0.,-3.895440134219E-02));
#6409 = CARTESIAN_POINT('',(3.218416765642E-02,-6.055986544558E-02));
#6410 = CARTESIAN_POINT('',(6.426869906368E-02,-9.029355703039E-02));
#6411 = CARTESIAN_POINT('',(9.618702333103E-02,-0.128923633473));
#6412 = CARTESIAN_POINT('',(0.127867977275,-0.176920978785));
#6413 = CARTESIAN_POINT('',(0.174083619971,-0.261576802321));
#6414 = CARTESIAN_POINT('',(0.188867612393,-0.290909283118));
#6415 = CARTESIAN_POINT('',(0.203571901269,-0.322372247641));
#6416 = CARTESIAN_POINT('',(0.218188673198,-0.355959281399));
#6417 = CARTESIAN_POINT('',(0.232710566933,-0.391648014941));
#6418 = ( GEOMETRIC_REPRESENTATION_CONTEXT(2) 
PARAMETRIC_REPRESENTATION_CONTEXT() REPRESENTATION_CONTEXT('2D SPACE',''
  ) );
#6419 = ORIENTED_EDGE('',*,*,#2176,.F.);
#6420 = ORIENTED_EDGE('',*,*,#1757,.T.);
#6421 = ORIENTED_EDGE('',*,*,#1001,.T.);
#6422 = ORIENTED_EDGE('',*,*,#6423,.T.);
#6423 = EDGE_CURVE('',#1004,#6424,#6426,.T.);
#6424 = VERTEX_POINT('',#6425);
#6425 = CARTESIAN_POINT('',(18.5408387951,-15.80298800278,0.391648014941
    ));
#6426 = SURFACE_CURVE('',#6427,(#6438,#6452),.PCURVE_S1.);
#6427 = B_SPLINE_CURVE_WITH_KNOTS('',5,(#6428,#6429,#6430,#6431,#6432,
    #6433,#6434,#6435,#6436,#6437),.UNSPECIFIED.,.F.,.F.,(6,4,6),(0.,
    0.678562721325,1.),.UNSPECIFIED.);
#6428 = CARTESIAN_POINT('',(17.457851236888,-13.64658247938,
    3.895440134219E-02));
#6429 = CARTESIAN_POINT('',(17.572252197299,-13.96089653487,
    6.055986544558E-02));
#6430 = CARTESIAN_POINT('',(17.6989439762,-14.2696350692,
    9.029355703038E-02));
#6431 = CARTESIAN_POINT('',(17.83728607223,-14.57152721973,
    0.128923633473));
#6432 = CARTESIAN_POINT('',(17.986369920085,-14.8653756783,
    0.176920978785));
#6433 = CARTESIAN_POINT('',(18.220132528408,-15.28496595803,
    0.261576802321));
#6434 = CARTESIAN_POINT('',(18.297415863983,-15.41779405231,
    0.290909283118));
#6435 = CARTESIAN_POINT('',(18.376717260268,-15.54846799869,
    0.322372247641));
#6436 = CARTESIAN_POINT('',(18.457904577651,-15.67689265127,
    0.355959281399));
#6437 = CARTESIAN_POINT('',(18.5408387951,-15.80298800278,0.391648014941
    ));
#6438 = PCURVE('',#1027,#6439);
#6439 = DEFINITIONAL_REPRESENTATION('',(#6440),#6451);
#6440 = B_SPLINE_CURVE_WITH_KNOTS('',5,(#6441,#6442,#6443,#6444,#6445,
    #6446,#6447,#6448,#6449,#6450),.UNSPECIFIED.,.F.,.F.,(6,4,6),(0.,
    0.678562721325,1.),.UNSPECIFIED.);
#6441 = CARTESIAN_POINT('',(5.619710749547,4.7883970997));
#6442 = CARTESIAN_POINT('',(5.61171478287,4.809473095102));
#6443 = CARTESIAN_POINT('',(5.604514602219,4.831187248477));
#6444 = CARTESIAN_POINT('',(5.598099999194,4.85342437525));
#6445 = CARTESIAN_POINT('',(5.592440822398,4.876069436946));
#6446 = CARTESIAN_POINT('',(5.585153449411,4.909868150788));
#6447 = CARTESIAN_POINT('',(5.582971212335,4.920797661649));
#6448 = CARTESIAN_POINT('',(5.580944654342,4.931780347325));
#6449 = CARTESIAN_POINT('',(5.57906871226,4.942804674322));
#6450 = CARTESIAN_POINT('',(5.577337776934,4.953859745101));
#6451 = ( GEOMETRIC_REPRESENTATION_CONTEXT(2) 
PARAMETRIC_REPRESENTATION_CONTEXT() REPRESENTATION_CONTEXT('2D SPACE',''
  ) );
#6452 = PCURVE('',#1059,#6453);
#6453 = DEFINITIONAL_REPRESENTATION('',(#6454),#6465);
#6454 = B_SPLINE_CURVE_WITH_KNOTS('',5,(#6455,#6456,#6457,#6458,#6459,
    #6460,#6461,#6462,#6463,#6464),.UNSPECIFIED.,.F.,.F.,(6,4,6),(0.,
    0.678562721325,1.),.UNSPECIFIED.);
#6455 = CARTESIAN_POINT('',(0.232710566933,-3.895440134219E-02));
#6456 = CARTESIAN_POINT('',(0.200526399276,-6.055986544558E-02));
#6457 = CARTESIAN_POINT('',(0.168441867869,-9.029355703038E-02));
#6458 = CARTESIAN_POINT('',(0.136523543602,-0.128923633473));
#6459 = CARTESIAN_POINT('',(0.104842589657,-0.176920978785));
#6460 = CARTESIAN_POINT('',(5.862694696189E-02,-0.261576802321));
#6461 = CARTESIAN_POINT('',(4.38429545396E-02,-0.290909283118));
#6462 = CARTESIAN_POINT('',(2.913866566402E-02,-0.322372247641));
#6463 = CARTESIAN_POINT('',(1.45218937343E-02,-0.355959281399));
#6464 = CARTESIAN_POINT('',(0.,-0.391648014941));
#6465 = ( GEOMETRIC_REPRESENTATION_CONTEXT(2) 
PARAMETRIC_REPRESENTATION_CONTEXT() REPRESENTATION_CONTEXT('2D SPACE',''
  ) );
#6466 = ORIENTED_EDGE('',*,*,#6467,.T.);
#6467 = EDGE_CURVE('',#6424,#6468,#6470,.T.);
#6468 = VERTEX_POINT('',#6469);
#6469 = CARTESIAN_POINT('',(18.971634404443,-16.45798090586,
    0.600598998088));
#6470 = SURFACE_CURVE('',#6471,(#6477,#6486),.PCURVE_S1.);
#6471 = B_SPLINE_CURVE_WITH_KNOTS('',4,(#6472,#6473,#6474,#6475,#6476),
  .UNSPECIFIED.,.F.,.F.,(5,5),(0.,1.),.PIECEWISE_BEZIER_KNOTS.);
#6472 = CARTESIAN_POINT('',(18.497759234166,-15.73748871247,
    0.373341058361));
#6473 = CARTESIAN_POINT('',(18.628117803082,-15.93568928751,
    0.428039076436));
#6474 = CARTESIAN_POINT('',(18.757798694359,-16.13285950376,
    0.488082200825));
#6475 = CARTESIAN_POINT('',(18.886698780361,-16.32884256326,
    0.553458259061));
#6476 = CARTESIAN_POINT('',(19.014713965377,-16.52348019617,
    0.624138849873));
#6477 = PCURVE('',#1027,#6478);
#6478 = DEFINITIONAL_REPRESENTATION('',(#6479),#6485);
#6479 = B_SPLINE_CURVE_WITH_KNOTS('',4,(#6480,#6481,#6482,#6483,#6484),
  .UNSPECIFIED.,.F.,.F.,(5,5),(0.,1.),.PIECEWISE_BEZIER_KNOTS.);
#6480 = CARTESIAN_POINT('',(5.5782396855,4.94812205133));
#6481 = CARTESIAN_POINT('',(5.575502058444,4.965469958185));
#6482 = CARTESIAN_POINT('',(5.57284710019,4.982842524983));
#6483 = CARTESIAN_POINT('',(5.570271673343,5.000239184384));
#6484 = CARTESIAN_POINT('',(5.56777283837,5.017659192849));
#6485 = ( GEOMETRIC_REPRESENTATION_CONTEXT(2) 
PARAMETRIC_REPRESENTATION_CONTEXT() REPRESENTATION_CONTEXT('2D SPACE',''
  ) );
#6486 = PCURVE('',#6487,#6492);
#6487 = PLANE('',#6488);
#6488 = AXIS2_PLACEMENT_3D('',#6489,#6490,#6491);
#6489 = CARTESIAN_POINT('',(18.971634404443,-16.45798090586,0.));
#6490 = DIRECTION('',(-0.835487811413,-0.549508978071,0.));
#6491 = DIRECTION('',(-0.549508978071,0.835487811413,0.));
#6492 = DEFINITIONAL_REPRESENTATION('',(#6493),#6499);
#6493 = B_SPLINE_CURVE_WITH_KNOTS('',4,(#6494,#6495,#6496,#6497,#6498),
  .UNSPECIFIED.,.F.,.F.,(5,5),(0.,1.),.PIECEWISE_BEZIER_KNOTS.);
#6494 = CARTESIAN_POINT('',(0.862361106347,-0.373341058361));
#6495 = CARTESIAN_POINT('',(0.6251337377,-0.428039076436));
#6496 = CARTESIAN_POINT('',(0.389139611212,-0.488082200825));
#6497 = CARTESIAN_POINT('',(0.154566399224,-0.553458259061));
#6498 = CARTESIAN_POINT('',(-7.839646421336E-02,-0.624138849873));
#6499 = ( GEOMETRIC_REPRESENTATION_CONTEXT(2) 
PARAMETRIC_REPRESENTATION_CONTEXT() REPRESENTATION_CONTEXT('2D SPACE',''
  ) );
#6500 = ORIENTED_EDGE('',*,*,#6501,.T.);
#6501 = EDGE_CURVE('',#6468,#6502,#6504,.T.);
#6502 = VERTEX_POINT('',#6503);
#6503 = CARTESIAN_POINT('',(19.962747961505,-18.92637078269,1.6));
#6504 = SURFACE_CURVE('',#6505,(#6514,#6526),.PCURVE_S1.);
#6505 = B_SPLINE_CURVE_WITH_KNOTS('',7,(#6506,#6507,#6508,#6509,#6510,
    #6511,#6512,#6513),.UNSPECIFIED.,.F.,.F.,(8,8),(0.,1.),
  .PIECEWISE_BEZIER_KNOTS.);
#6506 = CARTESIAN_POINT('',(18.971634404443,-16.45798090586,
    0.600598998088));
#6507 = CARTESIAN_POINT('',(19.190779733765,-16.79117519182,
    0.719099553285));
#6508 = CARTESIAN_POINT('',(19.383324194728,-17.13435472226,
    0.848182674858));
#6509 = CARTESIAN_POINT('',(19.5495068653,-17.48502592568,0.98631034072)
  );
#6510 = CARTESIAN_POINT('',(19.689882546899,-17.84107948664,
    1.131937080567));
#6511 = CARTESIAN_POINT('',(19.805117775784,-18.20079521515,
    1.283614655301));
#6512 = CARTESIAN_POINT('',(19.895899631446,-18.56284999651,
    1.440024629007));
#6513 = CARTESIAN_POINT('',(19.962747961505,-18.92637078269,1.6));
#6514 = PCURVE('',#1027,#6515);
#6515 = DEFINITIONAL_REPRESENTATION('',(#6516),#6525);
#6516 = B_SPLINE_CURVE_WITH_KNOTS('',7,(#6517,#6518,#6519,#6520,#6521,
    #6522,#6523,#6524),.UNSPECIFIED.,.F.,.F.,(8,8),(0.,1.),
  .PIECEWISE_BEZIER_KNOTS.);
#6517 = CARTESIAN_POINT('',(5.568616267965,5.011803082344));
#6518 = CARTESIAN_POINT('',(5.564312840618,5.041562392828));
#6519 = CARTESIAN_POINT('',(5.559168523261,5.070632248963));
#6520 = CARTESIAN_POINT('',(5.55330905662,5.098948728532));
#6521 = CARTESIAN_POINT('',(5.546836353659,5.126477188547));
#6522 = CARTESIAN_POINT('',(5.539829600352,5.153198073043));
#6523 = CARTESIAN_POINT('',(5.532348349893,5.179104389785));
#6524 = CARTESIAN_POINT('',(5.524430379021,5.204198588418));
#6525 = ( GEOMETRIC_REPRESENTATION_CONTEXT(2) 
PARAMETRIC_REPRESENTATION_CONTEXT() REPRESENTATION_CONTEXT('2D SPACE',''
  ) );
#6526 = PCURVE('',#6527,#6532);
#6527 = CYLINDRICAL_SURFACE('',#6528,6.695751497138);
#6528 = AXIS2_PLACEMENT_3D('',#6529,#6530,#6531);
#6529 = CARTESIAN_POINT('',(13.377415640334,-20.13735646847,0.));
#6530 = DIRECTION('',(-0.,-0.,-1.));
#6531 = DIRECTION('',(0.983509068995,0.180858815668,-0.));
#6532 = DEFINITIONAL_REPRESENTATION('',(#6533),#6542);
#6533 = B_SPLINE_CURVE_WITH_KNOTS('',7,(#6534,#6535,#6536,#6537,#6538,
    #6539,#6540,#6541),.UNSPECIFIED.,.F.,.F.,(8,8),(0.,1.),
  .PIECEWISE_BEZIER_KNOTS.);
#6534 = CARTESIAN_POINT('',(-0.399916820262,-0.600598998088));
#6535 = CARTESIAN_POINT('',(-0.34035635257,-0.719099553285));
#6536 = CARTESIAN_POINT('',(-0.281733038893,-0.848182674858));
#6537 = CARTESIAN_POINT('',(-0.223993204871,-0.98631034072));
#6538 = CARTESIAN_POINT('',(-0.167058643527,-1.131937080568));
#6539 = CARTESIAN_POINT('',(-0.110834318449,-1.283614655301));
#6540 = CARTESIAN_POINT('',(-5.520158565372E-02,-1.440024629007));
#6541 = CARTESIAN_POINT('',(2.6645352591E-15,-1.6));
#6542 = ( GEOMETRIC_REPRESENTATION_CONTEXT(2) 
PARAMETRIC_REPRESENTATION_CONTEXT() REPRESENTATION_CONTEXT('2D SPACE',''
  ) );
#6543 = ORIENTED_EDGE('',*,*,#6544,.T.);
#6544 = EDGE_CURVE('',#6502,#6545,#6547,.T.);
#6545 = VERTEX_POINT('',#6546);
#6546 = CARTESIAN_POINT('',(18.926370782695,-19.9627479615,1.6));
#6547 = SURFACE_CURVE('',#6548,(#6554,#6563),.PCURVE_S1.);
#6548 = B_SPLINE_CURVE_WITH_KNOTS('',4,(#6549,#6550,#6551,#6552,#6553),
  .UNSPECIFIED.,.F.,.F.,(5,5),(0.,1.),.PIECEWISE_BEZIER_KNOTS.);
#6549 = CARTESIAN_POINT('',(19.962747961505,-18.92637078269,1.6));
#6550 = CARTESIAN_POINT('',(19.703671488621,-19.18544725557,
    1.594771077215));
#6551 = CARTESIAN_POINT('',(19.444559263476,-19.44455948072,
    1.593038407659));
#6552 = CARTESIAN_POINT('',(19.185447253004,-19.70367149119,
    1.594771077267));
#6553 = CARTESIAN_POINT('',(18.926370782695,-19.9627479615,1.6));
#6554 = PCURVE('',#1027,#6555);
#6555 = DEFINITIONAL_REPRESENTATION('',(#6556),#6562);
#6556 = B_SPLINE_CURVE_WITH_KNOTS('',4,(#6557,#6558,#6559,#6560,#6561),
  .UNSPECIFIED.,.F.,.F.,(5,5),(0.,1.),.PIECEWISE_BEZIER_KNOTS.);
#6557 = CARTESIAN_POINT('',(5.524430379021,5.204198588418));
#6558 = CARTESIAN_POINT('',(5.511115980742,5.203378364491));
#6559 = CARTESIAN_POINT('',(5.497787137741,5.203104898197));
#6560 = CARTESIAN_POINT('',(5.48445830669,5.203378364499));
#6561 = CARTESIAN_POINT('',(5.471143908543,5.204198588418));
#6562 = ( GEOMETRIC_REPRESENTATION_CONTEXT(2) 
PARAMETRIC_REPRESENTATION_CONTEXT() REPRESENTATION_CONTEXT('2D SPACE',''
  ) );
#6563 = PCURVE('',#6564,#6569);
#6564 = PLANE('',#6565);
#6565 = AXIS2_PLACEMENT_3D('',#6566,#6567,#6568);
#6566 = CARTESIAN_POINT('',(18.926370782695,-19.9627479615,0.));
#6567 = DIRECTION('',(-0.707106781187,0.707106781187,0.));
#6568 = DIRECTION('',(0.707106781187,0.707106781187,0.));
#6569 = DEFINITIONAL_REPRESENTATION('',(#6570),#6576);
#6570 = B_SPLINE_CURVE_WITH_KNOTS('',4,(#6571,#6572,#6573,#6574,#6575),
  .UNSPECIFIED.,.F.,.F.,(5,5),(0.,1.),.PIECEWISE_BEZIER_KNOTS.);
#6571 = CARTESIAN_POINT('',(1.465658662007,-1.6));
#6572 = CARTESIAN_POINT('',(1.099269200363,-1.594771077215));
#6573 = CARTESIAN_POINT('',(0.732829177387,-1.593038407659));
#6574 = CARTESIAN_POINT('',(0.366389458003,-1.594771077267));
#6575 = CARTESIAN_POINT('',(1.829647544582E-13,-1.6));
#6576 = ( GEOMETRIC_REPRESENTATION_CONTEXT(2) 
PARAMETRIC_REPRESENTATION_CONTEXT() REPRESENTATION_CONTEXT('2D SPACE',''
  ) );
#6577 = ORIENTED_EDGE('',*,*,#6578,.F.);
#6578 = EDGE_CURVE('',#6579,#6545,#6581,.T.);
#6579 = VERTEX_POINT('',#6580);
#6580 = CARTESIAN_POINT('',(16.457980905869,-18.97163440444,
    0.600598998088));
#6581 = SURFACE_CURVE('',#6582,(#6591,#6603),.PCURVE_S1.);
#6582 = B_SPLINE_CURVE_WITH_KNOTS('',7,(#6583,#6584,#6585,#6586,#6587,
    #6588,#6589,#6590),.UNSPECIFIED.,.F.,.F.,(8,8),(0.,1.),
  .PIECEWISE_BEZIER_KNOTS.);
#6583 = CARTESIAN_POINT('',(16.457980905869,-18.97163440444,
    0.600598998088));
#6584 = CARTESIAN_POINT('',(16.791175191828,-19.19077973376,
    0.719099553285));
#6585 = CARTESIAN_POINT('',(17.134354722269,-19.38332419472,
    0.848182674858));
#6586 = CARTESIAN_POINT('',(17.485025925684,-19.54950686529,
    0.986310340719));
#6587 = CARTESIAN_POINT('',(17.841079486647,-19.6898825469,
    1.131937080569));
#6588 = CARTESIAN_POINT('',(18.200795215152,-19.80511777578,1.2836146553
    ));
#6589 = CARTESIAN_POINT('',(18.56284999651,-19.89589963144,
    1.440024629007));
#6590 = CARTESIAN_POINT('',(18.926370782695,-19.9627479615,1.6));
#6591 = PCURVE('',#1027,#6592);
#6592 = DEFINITIONAL_REPRESENTATION('',(#6593),#6602);
#6593 = B_SPLINE_CURVE_WITH_KNOTS('',7,(#6594,#6595,#6596,#6597,#6598,
    #6599,#6600,#6601),.UNSPECIFIED.,.F.,.F.,(8,8),(0.,1.),
  .PIECEWISE_BEZIER_KNOTS.);
#6594 = CARTESIAN_POINT('',(5.4269580196,5.011803082344));
#6595 = CARTESIAN_POINT('',(5.431261446946,5.041562392828));
#6596 = CARTESIAN_POINT('',(5.436405764303,5.070632248963));
#6597 = CARTESIAN_POINT('',(5.442265230944,5.098948728532));
#6598 = CARTESIAN_POINT('',(5.448737933905,5.126477188547));
#6599 = CARTESIAN_POINT('',(5.455744687212,5.153198073043));
#6600 = CARTESIAN_POINT('',(5.463225937671,5.179104389785));
#6601 = CARTESIAN_POINT('',(5.471143908543,5.204198588418));
#6602 = ( GEOMETRIC_REPRESENTATION_CONTEXT(2) 
PARAMETRIC_REPRESENTATION_CONTEXT() REPRESENTATION_CONTEXT('2D SPACE',''
  ) );
#6603 = PCURVE('',#6604,#6609);
#6604 = CYLINDRICAL_SURFACE('',#6605,6.695751497138);
#6605 = AXIS2_PLACEMENT_3D('',#6606,#6607,#6608);
#6606 = CARTESIAN_POINT('',(20.137356468477,-13.37741564033,0.));
#6607 = DIRECTION('',(-0.,-0.,-1.));
#6608 = DIRECTION('',(-0.549508978071,-0.835487811413,0.));
#6609 = DEFINITIONAL_REPRESENTATION('',(#6610),#6619);
#6610 = B_SPLINE_CURVE_WITH_KNOTS('',7,(#6611,#6612,#6613,#6614,#6615,
    #6616,#6617,#6618),.UNSPECIFIED.,.F.,.F.,(8,8),(0.,1.),
  .PIECEWISE_BEZIER_KNOTS.);
#6611 = CARTESIAN_POINT('',(0.,-0.600598998088));
#6612 = CARTESIAN_POINT('',(-5.95604676916E-02,-0.719099553285));
#6613 = CARTESIAN_POINT('',(-0.118183781368,-0.848182674858));
#6614 = CARTESIAN_POINT('',(-0.175923615391,-0.986310340719));
#6615 = CARTESIAN_POINT('',(-0.232858176735,-1.131937080569));
#6616 = CARTESIAN_POINT('',(-0.289082501812,-1.2836146553));
#6617 = CARTESIAN_POINT('',(-0.344715234608,-1.440024629007));
#6618 = CARTESIAN_POINT('',(-0.399916820262,-1.6));
#6619 = ( GEOMETRIC_REPRESENTATION_CONTEXT(2) 
PARAMETRIC_REPRESENTATION_CONTEXT() REPRESENTATION_CONTEXT('2D SPACE',''
  ) );
#6620 = ORIENTED_EDGE('',*,*,#6621,.F.);
#6621 = EDGE_CURVE('',#6377,#6579,#6622,.T.);
#6622 = SURFACE_CURVE('',#6623,(#6629,#6638),.PCURVE_S1.);
#6623 = B_SPLINE_CURVE_WITH_KNOTS('',4,(#6624,#6625,#6626,#6627,#6628),
  .UNSPECIFIED.,.F.,.F.,(5,5),(0.,1.),.PIECEWISE_BEZIER_KNOTS.);
#6624 = CARTESIAN_POINT('',(15.737488712479,-18.49775923416,
    0.373341058361));
#6625 = CARTESIAN_POINT('',(15.935689287517,-18.62811780308,
    0.428039076436));
#6626 = CARTESIAN_POINT('',(16.132859503763,-18.75779869435,
    0.488082200825));
#6627 = CARTESIAN_POINT('',(16.328842563263,-18.88669878036,
    0.553458259061));
#6628 = CARTESIAN_POINT('',(16.523480196177,-19.01471396537,
    0.624138849873));
#6629 = PCURVE('',#1027,#6630);
#6630 = DEFINITIONAL_REPRESENTATION('',(#6631),#6637);
#6631 = B_SPLINE_CURVE_WITH_KNOTS('',4,(#6632,#6633,#6634,#6635,#6636),
  .UNSPECIFIED.,.F.,.F.,(5,5),(0.,1.),.PIECEWISE_BEZIER_KNOTS.);
#6632 = CARTESIAN_POINT('',(5.417334602064,4.94812205133));
#6633 = CARTESIAN_POINT('',(5.420072229121,4.965469958185));
#6634 = CARTESIAN_POINT('',(5.422727187375,4.982842524983));
#6635 = CARTESIAN_POINT('',(5.425302614221,5.000239184384));
#6636 = CARTESIAN_POINT('',(5.427801449194,5.017659192849));
#6637 = ( GEOMETRIC_REPRESENTATION_CONTEXT(2) 
PARAMETRIC_REPRESENTATION_CONTEXT() REPRESENTATION_CONTEXT('2D SPACE',''
  ) );
#6638 = PCURVE('',#6639,#6644);
#6639 = PLANE('',#6640);
#6640 = AXIS2_PLACEMENT_3D('',#6641,#6642,#6643);
#6641 = CARTESIAN_POINT('',(15.802988002788,-18.5408387951,0.));
#6642 = DIRECTION('',(0.549508978071,0.835487811413,-0.));
#6643 = DIRECTION('',(0.835487811413,-0.549508978071,0.));
#6644 = DEFINITIONAL_REPRESENTATION('',(#6645),#6651);
#6645 = B_SPLINE_CURVE_WITH_KNOTS('',4,(#6646,#6647,#6648,#6649,#6650),
  .UNSPECIFIED.,.F.,.F.,(5,5),(0.,1.),.PIECEWISE_BEZIER_KNOTS.);
#6646 = CARTESIAN_POINT('',(-7.839646421336E-02,-0.373341058361));
#6647 = CARTESIAN_POINT('',(0.158830904433,-0.428039076436));
#6648 = CARTESIAN_POINT('',(0.394825030922,-0.488082200825));
#6649 = CARTESIAN_POINT('',(0.62939824291,-0.553458259061));
#6650 = CARTESIAN_POINT('',(0.862361106347,-0.624138849873));
#6651 = ( GEOMETRIC_REPRESENTATION_CONTEXT(2) 
PARAMETRIC_REPRESENTATION_CONTEXT() REPRESENTATION_CONTEXT('2D SPACE',''
  ) );
#6652 = ADVANCED_FACE('',(#6653),#1295,.F.);
#6653 = FACE_BOUND('',#6654,.F.);
#6654 = EDGE_LOOP('',(#6655,#6656,#6657,#6701));
#6655 = ORIENTED_EDGE('',*,*,#6096,.F.);
#6656 = ORIENTED_EDGE('',*,*,#1279,.T.);
#6657 = ORIENTED_EDGE('',*,*,#6658,.F.);
#6658 = EDGE_CURVE('',#6659,#1240,#6661,.T.);
#6659 = VERTEX_POINT('',#6660);
#6660 = CARTESIAN_POINT('',(22.956208463665,-8.155343402635,
    6.808351985059));
#6661 = SURFACE_CURVE('',#6662,(#6673,#6687),.PCURVE_S1.);
#6662 = B_SPLINE_CURVE_WITH_KNOTS('',5,(#6663,#6664,#6665,#6666,#6667,
    #6668,#6669,#6670,#6671,#6672),.UNSPECIFIED.,.F.,.F.,(6,4,6),(0.,
    0.323177195942,1.),.UNSPECIFIED.);
#6663 = CARTESIAN_POINT('',(22.956208463665,-8.155343402635,
    6.808351985059));
#6664 = CARTESIAN_POINT('',(22.804723998908,-8.146520437288,
    6.844233903113));
#6665 = CARTESIAN_POINT('',(22.652083323393,-8.140404044884,
    6.877991311034));
#6666 = CARTESIAN_POINT('',(22.498427521535,-8.137075937308,
    6.909601465401));
#6667 = CARTESIAN_POINT('',(22.343907536966,-8.136603993679,
    6.939057935759));
#6668 = CARTESIAN_POINT('',(21.863603337379,-8.144148667919,
    7.023570918734));
#6669 = CARTESIAN_POINT('',(21.535412474222,-8.162019051767,
    7.071373368011));
#6670 = CARTESIAN_POINT('',(21.205642351453,-8.193146658911,
    7.109858873618));
#6671 = CARTESIAN_POINT('',(20.875772576823,-8.237717459483,
    7.139495530155));
#6672 = CARTESIAN_POINT('',(20.547212720432,-8.295651426942,
    7.161045598658));
#6673 = PCURVE('',#1295,#6674);
#6674 = DEFINITIONAL_REPRESENTATION('',(#6675),#6686);
#6675 = B_SPLINE_CURVE_WITH_KNOTS('',5,(#6676,#6677,#6678,#6679,#6680,
    #6681,#6682,#6683,#6684,#6685),.UNSPECIFIED.,.F.,.F.,(6,4,6),(0.,
    0.323177195942,1.),.UNSPECIFIED.);
#6676 = CARTESIAN_POINT('',(0.232710566933,-6.808351985059));
#6677 = CARTESIAN_POINT('',(0.218110065452,-6.844233903113));
#6678 = CARTESIAN_POINT('',(0.203413654973,-6.877991311034));
#6679 = CARTESIAN_POINT('',(0.188628818357,-6.909601465401));
#6680 = CARTESIAN_POINT('',(0.173763498962,-6.939057935759));
#6681 = CARTESIAN_POINT('',(0.127543040018,-7.023570918734));
#6682 = CARTESIAN_POINT('',(9.594148558225E-02,-7.071373368011));
#6683 = CARTESIAN_POINT('',(6.410415142549E-02,-7.109858873618));
#6684 = CARTESIAN_POINT('',(3.210164865614E-02,-7.139495530155));
#6685 = CARTESIAN_POINT('',(0.,-7.161045598658));
#6686 = ( GEOMETRIC_REPRESENTATION_CONTEXT(2) 
PARAMETRIC_REPRESENTATION_CONTEXT() REPRESENTATION_CONTEXT('2D SPACE',''
  ) );
#6687 = PCURVE('',#1263,#6688);
#6688 = DEFINITIONAL_REPRESENTATION('',(#6689),#6700);
#6689 = B_SPLINE_CURVE_WITH_KNOTS('',5,(#6690,#6691,#6692,#6693,#6694,
    #6695,#6696,#6697,#6698,#6699),.UNSPECIFIED.,.F.,.F.,(6,4,6),(0.,
    0.323177195942,1.),.UNSPECIFIED.);
#6690 = CARTESIAN_POINT('',(5.941835289969,1.329325564959));
#6691 = CARTESIAN_POINT('',(5.940094985019,1.340440477399));
#6692 = CARTESIAN_POINT('',(5.938208094202,1.351524309085));
#6693 = CARTESIAN_POINT('',(5.936168925085,1.362565990076));
#6694 = CARTESIAN_POINT('',(5.933972335711,1.373553795731));
#6695 = CARTESIAN_POINT('',(5.926674168821,1.40734810769));
#6696 = CARTESIAN_POINT('',(5.921023704053,1.429931982637));
#6697 = CARTESIAN_POINT('',(5.914621528964,1.452109416493));
#6698 = CARTESIAN_POINT('',(5.907437778934,1.47376625014));
#6699 = CARTESIAN_POINT('',(5.899462313616,1.494788207479));
#6700 = ( GEOMETRIC_REPRESENTATION_CONTEXT(2) 
PARAMETRIC_REPRESENTATION_CONTEXT() REPRESENTATION_CONTEXT('2D SPACE',''
  ) );
#6701 = ORIENTED_EDGE('',*,*,#6702,.F.);
#6702 = EDGE_CURVE('',#6097,#6659,#6703,.T.);
#6703 = SURFACE_CURVE('',#6704,(#6708,#6715),.PCURVE_S1.);
#6704 = LINE('',#6705,#6706);
#6705 = CARTESIAN_POINT('',(22.956208463665,-8.155343402635,0.));
#6706 = VECTOR('',#6707,1.);
#6707 = DIRECTION('',(0.,0.,1.));
#6708 = PCURVE('',#1295,#6709);
#6709 = DEFINITIONAL_REPRESENTATION('',(#6710),#6714);
#6710 = LINE('',#6711,#6712);
#6711 = CARTESIAN_POINT('',(0.232710566933,0.));
#6712 = VECTOR('',#6713,1.);
#6713 = DIRECTION('',(0.,-1.));
#6714 = ( GEOMETRIC_REPRESENTATION_CONTEXT(2) 
PARAMETRIC_REPRESENTATION_CONTEXT() REPRESENTATION_CONTEXT('2D SPACE',''
  ) );
#6715 = PCURVE('',#6359,#6716);
#6716 = DEFINITIONAL_REPRESENTATION('',(#6717),#6721);
#6717 = LINE('',#6718,#6719);
#6718 = CARTESIAN_POINT('',(0.,0.));
#6719 = VECTOR('',#6720,1.);
#6720 = DIRECTION('',(0.,-1.));
#6721 = ( GEOMETRIC_REPRESENTATION_CONTEXT(2) 
PARAMETRIC_REPRESENTATION_CONTEXT() REPRESENTATION_CONTEXT('2D SPACE',''
  ) );
#6722 = ADVANCED_FACE('',(#6723),#1263,.T.);
#6723 = FACE_BOUND('',#6724,.T.);
#6724 = EDGE_LOOP('',(#6725,#6765,#6794,#6832,#6861,#6903,#6904,#6926,
    #6927,#6928));
#6725 = ORIENTED_EDGE('',*,*,#6726,.F.);
#6726 = EDGE_CURVE('',#6727,#6729,#6731,.T.);
#6727 = VERTEX_POINT('',#6728);
#6728 = CARTESIAN_POINT('',(26.37209188001,-7.825061472663,5.6));
#6729 = VERTEX_POINT('',#6730);
#6730 = CARTESIAN_POINT('',(23.738846761703,-8.200926892624,
    6.599401001912));
#6731 = SURFACE_CURVE('',#6732,(#6741,#6753),.PCURVE_S1.);
#6732 = B_SPLINE_CURVE_WITH_KNOTS('',7,(#6733,#6734,#6735,#6736,#6737,
    #6738,#6739,#6740),.UNSPECIFIED.,.F.,.F.,(8,8),(0.,1.),
  .PIECEWISE_BEZIER_KNOTS.);
#6733 = CARTESIAN_POINT('',(26.37209188001,-7.825061472662,5.6));
#6734 = CARTESIAN_POINT('',(26.023849479248,-7.948929513755,
    5.759975371035));
#6735 = CARTESIAN_POINT('',(25.664909913457,-8.051337511123,
    5.916385344619));
#6736 = CARTESIAN_POINT('',(25.295769340124,-8.131398739769,
    6.068062919311));
#6737 = CARTESIAN_POINT('',(24.917230070269,-8.187856613985,
    6.213689659241));
#6738 = CARTESIAN_POINT('',(24.530448564114,-8.219273801334,
    6.351817325222));
#6739 = CARTESIAN_POINT('',(24.13697414201,-8.224115171935,
    6.480900446831));
#6740 = CARTESIAN_POINT('',(23.738846761703,-8.200926892624,
    6.599401001912));
#6741 = PCURVE('',#1263,#6742);
#6742 = DEFINITIONAL_REPRESENTATION('',(#6743),#6752);
#6743 = B_SPLINE_CURVE_WITH_KNOTS('',7,(#6744,#6745,#6746,#6747,#6748,
    #6749,#6750,#6751),.UNSPECIFIED.,.F.,.F.,(8,8),(0.,1.),
  .PIECEWISE_BEZIER_KNOTS.);
#6744 = CARTESIAN_POINT('',(5.994742684141,1.078986718762));
#6745 = CARTESIAN_POINT('',(5.986824713267,1.104080917401));
#6746 = CARTESIAN_POINT('',(5.979343462814,1.129987234125));
#6747 = CARTESIAN_POINT('',(5.972336709509,1.156708118611));
#6748 = CARTESIAN_POINT('',(5.965864006544,1.184236578637));
#6749 = CARTESIAN_POINT('',(5.960004539898,1.21255305823));
#6750 = CARTESIAN_POINT('',(5.95486022254,1.241622914381));
#6751 = CARTESIAN_POINT('',(5.950556795198,1.271382224835));
#6752 = ( GEOMETRIC_REPRESENTATION_CONTEXT(2) 
PARAMETRIC_REPRESENTATION_CONTEXT() REPRESENTATION_CONTEXT('2D SPACE',''
  ) );
#6753 = PCURVE('',#6324,#6754);
#6754 = DEFINITIONAL_REPRESENTATION('',(#6755),#6764);
#6755 = B_SPLINE_CURVE_WITH_KNOTS('',7,(#6756,#6757,#6758,#6759,#6760,
    #6761,#6762,#6763),.UNSPECIFIED.,.F.,.F.,(8,8),(0.,1.),
  .PIECEWISE_BEZIER_KNOTS.);
#6756 = CARTESIAN_POINT('',(-0.399916820262,-5.6));
#6757 = CARTESIAN_POINT('',(-0.344715234593,-5.759975371035));
#6758 = CARTESIAN_POINT('',(-0.289082501839,-5.916385344619));
#6759 = CARTESIAN_POINT('',(-0.23285817678,-6.068062919312));
#6760 = CARTESIAN_POINT('',(-0.175923615412,-6.21368965924));
#6761 = CARTESIAN_POINT('',(-0.118183781341,-6.351817325222));
#6762 = CARTESIAN_POINT('',(-5.956046763309E-02,-6.480900446831));
#6763 = CARTESIAN_POINT('',(0.,-6.599401001912));
#6764 = ( GEOMETRIC_REPRESENTATION_CONTEXT(2) 
PARAMETRIC_REPRESENTATION_CONTEXT() REPRESENTATION_CONTEXT('2D SPACE',''
  ) );
#6765 = ORIENTED_EDGE('',*,*,#6766,.T.);
#6766 = EDGE_CURVE('',#6727,#6767,#6769,.T.);
#6767 = VERTEX_POINT('',#6768);
#6768 = CARTESIAN_POINT('',(26.751432255357,-6.409343918504,5.6));
#6769 = SURFACE_CURVE('',#6770,(#6776,#6785),.PCURVE_S1.);
#6770 = B_SPLINE_CURVE_WITH_KNOTS('',4,(#6771,#6772,#6773,#6774,#6775),
  .UNSPECIFIED.,.F.,.F.,(5,5),(0.,1.),.PIECEWISE_BEZIER_KNOTS.);
#6771 = CARTESIAN_POINT('',(26.37209188001,-7.825061472661,5.6));
#6772 = CARTESIAN_POINT('',(26.466920450608,-7.471156429179,
    5.605228922785));
#6773 = CARTESIAN_POINT('',(26.561762107442,-7.117202547201,
    5.606961592341));
#6774 = CARTESIAN_POINT('',(26.656603685701,-6.76324895847,
    5.605228922733));
#6775 = CARTESIAN_POINT('',(26.751432255357,-6.409343918505,5.6));
#6776 = PCURVE('',#1263,#6777);
#6777 = DEFINITIONAL_REPRESENTATION('',(#6778),#6784);
#6778 = B_SPLINE_CURVE_WITH_KNOTS('',4,(#6779,#6780,#6781,#6782,#6783),
  .UNSPECIFIED.,.F.,.F.,(5,5),(0.,1.),.PIECEWISE_BEZIER_KNOTS.);
#6779 = CARTESIAN_POINT('',(5.994742684141,1.078986718762));
#6780 = CARTESIAN_POINT('',(6.008057082421,1.079806942689));
#6781 = CARTESIAN_POINT('',(6.021385925421,1.080080408983));
#6782 = CARTESIAN_POINT('',(6.034714756472,1.079806942681));
#6783 = CARTESIAN_POINT('',(6.04802915462,1.078986718762));
#6784 = ( GEOMETRIC_REPRESENTATION_CONTEXT(2) 
PARAMETRIC_REPRESENTATION_CONTEXT() REPRESENTATION_CONTEXT('2D SPACE',''
  ) );
#6785 = PCURVE('',#6284,#6786);
#6786 = DEFINITIONAL_REPRESENTATION('',(#6787),#6793);
#6787 = B_SPLINE_CURVE_WITH_KNOTS('',4,(#6788,#6789,#6790,#6791,#6792),
  .UNSPECIFIED.,.F.,.F.,(5,5),(0.,1.),.PIECEWISE_BEZIER_KNOTS.);
#6788 = CARTESIAN_POINT('',(5.275779813019E-13,-5.6));
#6789 = CARTESIAN_POINT('',(0.366389461645,-5.605228922785));
#6790 = CARTESIAN_POINT('',(0.732829484621,-5.606961592341));
#6791 = CARTESIAN_POINT('',(1.099269204004,-5.605228922733));
#6792 = CARTESIAN_POINT('',(1.465658662007,-5.6));
#6793 = ( GEOMETRIC_REPRESENTATION_CONTEXT(2) 
PARAMETRIC_REPRESENTATION_CONTEXT() REPRESENTATION_CONTEXT('2D SPACE',''
  ) );
#6794 = ORIENTED_EDGE('',*,*,#6795,.T.);
#6795 = EDGE_CURVE('',#6767,#6796,#6798,.T.);
#6796 = VERTEX_POINT('',#6797);
#6797 = CARTESIAN_POINT('',(24.658907798493,-4.76721235726,
    6.599401001912));
#6798 = SURFACE_CURVE('',#6799,(#6808,#6820),.PCURVE_S1.);
#6799 = B_SPLINE_CURVE_WITH_KNOTS('',7,(#6800,#6801,#6802,#6803,#6804,
    #6805,#6806,#6807),.UNSPECIFIED.,.F.,.F.,(8,8),(0.,1.),
  .PIECEWISE_BEZIER_KNOTS.);
#6800 = CARTESIAN_POINT('',(26.751432255357,-6.409343918505,5.6));
#6801 = CARTESIAN_POINT('',(26.511779510169,-6.12794984782,
    5.759975371035));
#6802 = CARTESIAN_POINT('',(26.252132726455,-5.859792137653,
    5.916385344619));
#6803 = CARTESIAN_POINT('',(25.972478226702,-5.605886793121,
    6.068062919312));
#6804 = CARTESIAN_POINT('',(25.672882539788,-5.367723204879,
    6.21368965924));
#6805 = CARTESIAN_POINT('',(25.353628523417,-5.147124369442,
    6.351817325222));
#6806 = CARTESIAN_POINT('',(25.015290363436,-4.94619440846,
    6.480900446831));
#6807 = CARTESIAN_POINT('',(24.658907798493,-4.76721235726,
    6.599401001912));
#6808 = PCURVE('',#1263,#6809);
#6809 = DEFINITIONAL_REPRESENTATION('',(#6810),#6819);
#6810 = B_SPLINE_CURVE_WITH_KNOTS('',7,(#6811,#6812,#6813,#6814,#6815,
    #6816,#6817,#6818),.UNSPECIFIED.,.F.,.F.,(8,8),(0.,1.),
  .PIECEWISE_BEZIER_KNOTS.);
#6811 = CARTESIAN_POINT('',(6.04802915462,1.078986718762));
#6812 = CARTESIAN_POINT('',(6.055947125494,1.104080917401));
#6813 = CARTESIAN_POINT('',(6.063428375947,1.129987234125));
#6814 = CARTESIAN_POINT('',(6.070435129252,1.156708118611));
#6815 = CARTESIAN_POINT('',(6.076907832217,1.184236578637));
#6816 = CARTESIAN_POINT('',(6.082767298863,1.21255305823));
#6817 = CARTESIAN_POINT('',(6.087911616221,1.241622914381));
#6818 = CARTESIAN_POINT('',(6.092215043563,1.271382224835));
#6819 = ( GEOMETRIC_REPRESENTATION_CONTEXT(2) 
PARAMETRIC_REPRESENTATION_CONTEXT() REPRESENTATION_CONTEXT('2D SPACE',''
  ) );
#6820 = PCURVE('',#6247,#6821);
#6821 = DEFINITIONAL_REPRESENTATION('',(#6822),#6831);
#6822 = B_SPLINE_CURVE_WITH_KNOTS('',7,(#6823,#6824,#6825,#6826,#6827,
    #6828,#6829,#6830),.UNSPECIFIED.,.F.,.F.,(8,8),(0.,1.),
  .PIECEWISE_BEZIER_KNOTS.);
#6823 = CARTESIAN_POINT('',(1.7763568394E-15,-5.6));
#6824 = CARTESIAN_POINT('',(-5.520158566827E-02,-5.759975371035));
#6825 = CARTESIAN_POINT('',(-0.110834318423,-5.916385344619));
#6826 = CARTESIAN_POINT('',(-0.167058643482,-6.068062919312));
#6827 = CARTESIAN_POINT('',(-0.22399320485,-6.21368965924));
#6828 = CARTESIAN_POINT('',(-0.281733038921,-6.351817325222));
#6829 = CARTESIAN_POINT('',(-0.340356352629,-6.480900446831));
#6830 = CARTESIAN_POINT('',(-0.399916820262,-6.599401001912));
#6831 = ( GEOMETRIC_REPRESENTATION_CONTEXT(2) 
PARAMETRIC_REPRESENTATION_CONTEXT() REPRESENTATION_CONTEXT('2D SPACE',''
  ) );
#6832 = ORIENTED_EDGE('',*,*,#6833,.T.);
#6833 = EDGE_CURVE('',#6796,#6834,#6836,.T.);
#6834 = VERTEX_POINT('',#6835);
#6835 = CARTESIAN_POINT('',(23.958331405423,-4.415369668564,
    6.808351985059));
#6836 = SURFACE_CURVE('',#6837,(#6843,#6852),.PCURVE_S1.);
#6837 = B_SPLINE_CURVE_WITH_KNOTS('',4,(#6838,#6839,#6840,#6841,#6842),
  .UNSPECIFIED.,.F.,.F.,(5,5),(0.,1.),.PIECEWISE_BEZIER_KNOTS.);
#6838 = CARTESIAN_POINT('',(24.7289654378,-4.80239662613,6.575861150127)
  );
#6839 = CARTESIAN_POINT('',(24.520782219188,-4.697843084071,
    6.646541740914));
#6840 = CARTESIAN_POINT('',(24.311159940218,-4.592566818738,
    6.711917799181));
#6841 = CARTESIAN_POINT('',(24.100267885963,-4.486652848288,
    6.771960923545));
#6842 = CARTESIAN_POINT('',(23.888273766116,-4.380185399695,
    6.826658941639));
#6843 = PCURVE('',#1263,#6844);
#6844 = DEFINITIONAL_REPRESENTATION('',(#6845),#6851);
#6845 = B_SPLINE_CURVE_WITH_KNOTS('',4,(#6846,#6847,#6848,#6849,#6850),
  .UNSPECIFIED.,.F.,.F.,(5,5),(0.,1.),.PIECEWISE_BEZIER_KNOTS.);
#6846 = CARTESIAN_POINT('',(6.091371614007,1.265526114236));
#6847 = CARTESIAN_POINT('',(6.093870448979,1.28294612269));
#6848 = CARTESIAN_POINT('',(6.096445875718,1.300342782355));
#6849 = CARTESIAN_POINT('',(6.099100834058,1.317715348962));
#6850 = CARTESIAN_POINT('',(6.101838461116,1.33506325582));
#6851 = ( GEOMETRIC_REPRESENTATION_CONTEXT(2) 
PARAMETRIC_REPRESENTATION_CONTEXT() REPRESENTATION_CONTEXT('2D SPACE',''
  ) );
#6852 = PCURVE('',#6207,#6853);
#6853 = DEFINITIONAL_REPRESENTATION('',(#6854),#6860);
#6854 = B_SPLINE_CURVE_WITH_KNOTS('',4,(#6855,#6856,#6857,#6858,#6859),
  .UNSPECIFIED.,.F.,.F.,(5,5),(0.,1.),.PIECEWISE_BEZIER_KNOTS.);
#6855 = CARTESIAN_POINT('',(-7.839646421336E-02,-6.575861150127));
#6856 = CARTESIAN_POINT('',(0.154566399069,-6.646541740914));
#6857 = CARTESIAN_POINT('',(0.389139611271,-6.711917799181));
#6858 = CARTESIAN_POINT('',(0.625133737648,-6.771960923545));
#6859 = CARTESIAN_POINT('',(0.862361106347,-6.826658941639));
#6860 = ( GEOMETRIC_REPRESENTATION_CONTEXT(2) 
PARAMETRIC_REPRESENTATION_CONTEXT() REPRESENTATION_CONTEXT('2D SPACE',''
  ) );
#6861 = ORIENTED_EDGE('',*,*,#6862,.T.);
#6862 = EDGE_CURVE('',#6834,#1426,#6863,.T.);
#6863 = SURFACE_CURVE('',#6864,(#6875,#6889),.PCURVE_S1.);
#6864 = B_SPLINE_CURVE_WITH_KNOTS('',5,(#6865,#6866,#6867,#6868,#6869,
    #6870,#6871,#6872,#6873,#6874),.UNSPECIFIED.,.F.,.F.,(6,4,6),(0.,
    0.323177195942,1.),.UNSPECIFIED.);
#6865 = CARTESIAN_POINT('',(23.958331405423,-4.415369668564,
    6.808351985059));
#6866 = CARTESIAN_POINT('',(23.822730527991,-4.347268348313,
    6.844233903113));
#6867 = CARTESIAN_POINT('',(23.687481629142,-4.276244961758,
    6.877991311034));
#6868 = CARTESIAN_POINT('',(23.552747747506,-4.202299286536,
    6.909601465401));
#6869 = CARTESIAN_POINT('',(23.418693543663,-4.125448009423,
    6.939057935759));
#6870 = CARTESIAN_POINT('',(23.006510242397,-3.878762030074,
    7.023570918734));
#6871 = CARTESIAN_POINT('',(22.731223809536,-3.699190392108,
    7.071373368011));
#6872 = CARTESIAN_POINT('',(22.461198309381,-3.507348032178,
    7.109858873618));
#6873 = CARTESIAN_POINT('',(22.197808104897,-3.303813699301,
    7.139495530155));
#6874 = CARTESIAN_POINT('',(21.942233906328,-3.089361483543,
    7.161045598658));
#6875 = PCURVE('',#1263,#6876);
#6876 = DEFINITIONAL_REPRESENTATION('',(#6877),#6888);
#6877 = B_SPLINE_CURVE_WITH_KNOTS('',5,(#6878,#6879,#6880,#6881,#6882,
    #6883,#6884,#6885,#6886,#6887),.UNSPECIFIED.,.F.,.F.,(6,4,6),(0.,
    0.323177195942,1.),.UNSPECIFIED.);
#6878 = CARTESIAN_POINT('',(6.100936548792,1.329325564959));
#6879 = CARTESIAN_POINT('',(6.102676853742,1.340440477399));
#6880 = CARTESIAN_POINT('',(6.104563744559,1.351524309085));
#6881 = CARTESIAN_POINT('',(6.106602913676,1.362565990076));
#6882 = CARTESIAN_POINT('',(6.10879950305,1.373553795731));
#6883 = CARTESIAN_POINT('',(6.11609766994,1.40734810769));
#6884 = CARTESIAN_POINT('',(6.121748134708,1.429931982637));
#6885 = CARTESIAN_POINT('',(6.128150309797,1.452109416493));
#6886 = CARTESIAN_POINT('',(6.135334059827,1.47376625014));
#6887 = CARTESIAN_POINT('',(6.143309525145,1.494788207479));
#6888 = ( GEOMETRIC_REPRESENTATION_CONTEXT(2) 
PARAMETRIC_REPRESENTATION_CONTEXT() REPRESENTATION_CONTEXT('2D SPACE',''
  ) );
#6889 = PCURVE('',#1441,#6890);
#6890 = DEFINITIONAL_REPRESENTATION('',(#6891),#6902);
#6891 = B_SPLINE_CURVE_WITH_KNOTS('',5,(#6892,#6893,#6894,#6895,#6896,
    #6897,#6898,#6899,#6900,#6901),.UNSPECIFIED.,.F.,.F.,(6,4,6),(0.,
    0.323177195942,1.),.UNSPECIFIED.);
#6892 = CARTESIAN_POINT('',(0.,-6.808351985059));
#6893 = CARTESIAN_POINT('',(1.460050148098E-02,-6.844233903113));
#6894 = CARTESIAN_POINT('',(2.92969119592E-02,-6.877991311034));
#6895 = CARTESIAN_POINT('',(4.408174857539E-02,-6.909601465401));
#6896 = CARTESIAN_POINT('',(5.894706797082E-02,-6.939057935759));
#6897 = CARTESIAN_POINT('',(0.105167526914,-7.023570918734));
#6898 = CARTESIAN_POINT('',(0.13676908135,-7.071373368011));
#6899 = CARTESIAN_POINT('',(0.168606415507,-7.109858873618));
#6900 = CARTESIAN_POINT('',(0.200608918276,-7.139495530155));
#6901 = CARTESIAN_POINT('',(0.232710566933,-7.161045598658));
#6902 = ( GEOMETRIC_REPRESENTATION_CONTEXT(2) 
PARAMETRIC_REPRESENTATION_CONTEXT() REPRESENTATION_CONTEXT('2D SPACE',''
  ) );
#6903 = ORIENTED_EDGE('',*,*,#1453,.T.);
#6904 = ORIENTED_EDGE('',*,*,#6905,.F.);
#6905 = EDGE_CURVE('',#1188,#1454,#6906,.T.);
#6906 = SURFACE_CURVE('',#6907,(#6912,#6919),.PCURVE_S1.);
#6907 = CIRCLE('',#6908,21.159010550645);
#6908 = AXIS2_PLACEMENT_3D('',#6909,#6910,#6911);
#6909 = CARTESIAN_POINT('',(0.,0.,7.199999109273));
#6910 = DIRECTION('',(0.,0.,1.));
#6911 = DIRECTION('',(1.,0.,-0.));
#6912 = PCURVE('',#1263,#6913);
#6913 = DEFINITIONAL_REPRESENTATION('',(#6914),#6918);
#6914 = LINE('',#6915,#6916);
#6915 = CARTESIAN_POINT('',(0.,1.568908760277));
#6916 = VECTOR('',#6917,1.);
#6917 = DIRECTION('',(1.,0.));
#6918 = ( GEOMETRIC_REPRESENTATION_CONTEXT(2) 
PARAMETRIC_REPRESENTATION_CONTEXT() REPRESENTATION_CONTEXT('2D SPACE',''
  ) );
#6919 = PCURVE('',#1219,#6920);
#6920 = DEFINITIONAL_REPRESENTATION('',(#6921),#6925);
#6921 = LINE('',#6922,#6923);
#6922 = CARTESIAN_POINT('',(0.,1.568908760281));
#6923 = VECTOR('',#6924,1.);
#6924 = DIRECTION('',(1.,0.));
#6925 = ( GEOMETRIC_REPRESENTATION_CONTEXT(2) 
PARAMETRIC_REPRESENTATION_CONTEXT() REPRESENTATION_CONTEXT('2D SPACE',''
  ) );
#6926 = ORIENTED_EDGE('',*,*,#1239,.F.);
#6927 = ORIENTED_EDGE('',*,*,#6658,.F.);
#6928 = ORIENTED_EDGE('',*,*,#6929,.F.);
#6929 = EDGE_CURVE('',#6729,#6659,#6930,.T.);
#6930 = SURFACE_CURVE('',#6931,(#6937,#6946),.PCURVE_S1.);
#6931 = B_SPLINE_CURVE_WITH_KNOTS('',4,(#6932,#6933,#6934,#6935,#6936),
  .UNSPECIFIED.,.F.,.F.,(5,5),(0.,1.),.PIECEWISE_BEZIER_KNOTS.);
#6932 = CARTESIAN_POINT('',(23.817110591507,-8.205485241623,
    6.575861150127));
#6933 = CARTESIAN_POINT('',(23.584541864518,-8.191939655795,
    6.646541740914));
#6934 = CARTESIAN_POINT('',(23.350365513065,-8.178300436504,
    6.711917799181));
#6935 = CARTESIAN_POINT('',(23.114770651398,-8.164578598402,
    6.771960923545));
#6936 = CARTESIAN_POINT('',(22.877944633861,-8.150785053636,
    6.826658941639));
#6937 = PCURVE('',#1263,#6938);
#6938 = DEFINITIONAL_REPRESENTATION('',(#6939),#6945);
#6939 = B_SPLINE_CURVE_WITH_KNOTS('',4,(#6940,#6941,#6942,#6943,#6944),
  .UNSPECIFIED.,.F.,.F.,(5,5),(0.,1.),.PIECEWISE_BEZIER_KNOTS.);
#6940 = CARTESIAN_POINT('',(5.951400224753,1.265526114236));
#6941 = CARTESIAN_POINT('',(5.948901389782,1.28294612269));
#6942 = CARTESIAN_POINT('',(5.946325963043,1.300342782355));
#6943 = CARTESIAN_POINT('',(5.943671004702,1.317715348962));
#6944 = CARTESIAN_POINT('',(5.940933377645,1.33506325582));
#6945 = ( GEOMETRIC_REPRESENTATION_CONTEXT(2) 
PARAMETRIC_REPRESENTATION_CONTEXT() REPRESENTATION_CONTEXT('2D SPACE',''
  ) );
#6946 = PCURVE('',#6359,#6947);
#6947 = DEFINITIONAL_REPRESENTATION('',(#6948),#6954);
#6948 = B_SPLINE_CURVE_WITH_KNOTS('',4,(#6949,#6950,#6951,#6952,#6953),
  .UNSPECIFIED.,.F.,.F.,(5,5),(0.,1.),.PIECEWISE_BEZIER_KNOTS.);
#6949 = CARTESIAN_POINT('',(0.862361106347,-6.575861150127));
#6950 = CARTESIAN_POINT('',(0.629398243065,-6.646541740914));
#6951 = CARTESIAN_POINT('',(0.394825030862,-6.711917799181));
#6952 = CARTESIAN_POINT('',(0.158830904485,-6.771960923545));
#6953 = CARTESIAN_POINT('',(-7.839646421336E-02,-6.826658941639));
#6954 = ( GEOMETRIC_REPRESENTATION_CONTEXT(2) 
PARAMETRIC_REPRESENTATION_CONTEXT() REPRESENTATION_CONTEXT('2D SPACE',''
  ) );
#6955 = ADVANCED_FACE('',(#6956),#1219,.T.);
#6956 = FACE_BOUND('',#6957,.T.);
#6957 = EDGE_LOOP('',(#6958,#6959,#6960,#6982));
#6958 = ORIENTED_EDGE('',*,*,#6905,.T.);
#6959 = ORIENTED_EDGE('',*,*,#1488,.T.);
#6960 = ORIENTED_EDGE('',*,*,#6961,.F.);
#6961 = EDGE_CURVE('',#1155,#1489,#6962,.T.);
#6962 = SURFACE_CURVE('',#6963,(#6968,#6975),.PCURVE_S1.);
#6963 = CIRCLE('',#6964,21.158066767947);
#6964 = AXIS2_PLACEMENT_3D('',#6965,#6966,#6967);
#6965 = CARTESIAN_POINT('',(0.,0.,7.2));
#6966 = DIRECTION('',(0.,0.,1.));
#6967 = DIRECTION('',(1.,0.,-0.));
#6968 = PCURVE('',#1219,#6969);
#6969 = DEFINITIONAL_REPRESENTATION('',(#6970),#6974);
#6970 = LINE('',#6971,#6972);
#6971 = CARTESIAN_POINT('',(0.,1.570796326793));
#6972 = VECTOR('',#6973,1.);
#6973 = DIRECTION('',(1.,0.));
#6974 = ( GEOMETRIC_REPRESENTATION_CONTEXT(2) 
PARAMETRIC_REPRESENTATION_CONTEXT() REPRESENTATION_CONTEXT('2D SPACE',''
  ) );
#6975 = PCURVE('',#1171,#6976);
#6976 = DEFINITIONAL_REPRESENTATION('',(#6977),#6981);
#6977 = CIRCLE('',#6978,21.158066767947);
#6978 = AXIS2_PLACEMENT_2D('',#6979,#6980);
#6979 = CARTESIAN_POINT('',(0.,0.));
#6980 = DIRECTION('',(1.,0.));
#6981 = ( GEOMETRIC_REPRESENTATION_CONTEXT(2) 
PARAMETRIC_REPRESENTATION_CONTEXT() REPRESENTATION_CONTEXT('2D SPACE',''
  ) );
#6982 = ORIENTED_EDGE('',*,*,#1187,.F.);
#6983 = ADVANCED_FACE('',(#6984,#7241),#1171,.T.);
#6984 = FACE_BOUND('',#6985,.T.);
#6985 = EDGE_LOOP('',(#6986,#6987,#6988,#7010,#7011,#7033,#7034,#7056,
    #7057,#7079,#7080,#7102,#7103,#7125,#7126,#7148,#7149,#7171,#7172,
    #7194,#7195,#7217,#7218,#7240));
#6986 = ORIENTED_EDGE('',*,*,#6961,.T.);
#6987 = ORIENTED_EDGE('',*,*,#1535,.T.);
#6988 = ORIENTED_EDGE('',*,*,#6989,.T.);
#6989 = EDGE_CURVE('',#1536,#2349,#6990,.T.);
#6990 = SURFACE_CURVE('',#6991,(#6996,#7003),.PCURVE_S1.);
#6991 = CIRCLE('',#6992,21.158066767947);
#6992 = AXIS2_PLACEMENT_3D('',#6993,#6994,#6995);
#6993 = CARTESIAN_POINT('',(0.,0.,7.2));
#6994 = DIRECTION('',(0.,0.,1.));
#6995 = DIRECTION('',(1.,0.,-0.));
#6996 = PCURVE('',#1171,#6997);
#6997 = DEFINITIONAL_REPRESENTATION('',(#6998),#7002);
#6998 = CIRCLE('',#6999,21.158066767947);
#6999 = AXIS2_PLACEMENT_2D('',#7000,#7001);
#7000 = CARTESIAN_POINT('',(0.,0.));
#7001 = DIRECTION('',(1.,0.));
#7002 = ( GEOMETRIC_REPRESENTATION_CONTEXT(2) 
PARAMETRIC_REPRESENTATION_CONTEXT() REPRESENTATION_CONTEXT('2D SPACE',''
  ) );
#7003 = PCURVE('',#1589,#7004);
#7004 = DEFINITIONAL_REPRESENTATION('',(#7005),#7009);
#7005 = LINE('',#7006,#7007);
#7006 = CARTESIAN_POINT('',(0.,1.570796326793));
#7007 = VECTOR('',#7008,1.);
#7008 = DIRECTION('',(1.,0.));
#7009 = ( GEOMETRIC_REPRESENTATION_CONTEXT(2) 
PARAMETRIC_REPRESENTATION_CONTEXT() REPRESENTATION_CONTEXT('2D SPACE',''
  ) );
#7010 = ORIENTED_EDGE('',*,*,#2386,.T.);
#7011 = ORIENTED_EDGE('',*,*,#7012,.T.);
#7012 = EDGE_CURVE('',#2387,#3209,#7013,.T.);
#7013 = SURFACE_CURVE('',#7014,(#7019,#7026),.PCURVE_S1.);
#7014 = CIRCLE('',#7015,21.158066767947);
#7015 = AXIS2_PLACEMENT_3D('',#7016,#7017,#7018);
#7016 = CARTESIAN_POINT('',(0.,0.,7.2));
#7017 = DIRECTION('',(0.,0.,1.));
#7018 = DIRECTION('',(1.,0.,-0.));
#7019 = PCURVE('',#1171,#7020);
#7020 = DEFINITIONAL_REPRESENTATION('',(#7021),#7025);
#7021 = CIRCLE('',#7022,21.158066767947);
#7022 = AXIS2_PLACEMENT_2D('',#7023,#7024);
#7023 = CARTESIAN_POINT('',(0.,0.));
#7024 = DIRECTION('',(1.,0.));
#7025 = ( GEOMETRIC_REPRESENTATION_CONTEXT(2) 
PARAMETRIC_REPRESENTATION_CONTEXT() REPRESENTATION_CONTEXT('2D SPACE',''
  ) );
#7026 = PCURVE('',#2446,#7027);
#7027 = DEFINITIONAL_REPRESENTATION('',(#7028),#7032);
#7028 = LINE('',#7029,#7030);
#7029 = CARTESIAN_POINT('',(0.,1.570796326793));
#7030 = VECTOR('',#7031,1.);
#7031 = DIRECTION('',(1.,0.));
#7032 = ( GEOMETRIC_REPRESENTATION_CONTEXT(2) 
PARAMETRIC_REPRESENTATION_CONTEXT() REPRESENTATION_CONTEXT('2D SPACE',''
  ) );
#7033 = ORIENTED_EDGE('',*,*,#3255,.T.);
#7034 = ORIENTED_EDGE('',*,*,#7035,.T.);
#7035 = EDGE_CURVE('',#3256,#4060,#7036,.T.);
#7036 = SURFACE_CURVE('',#7037,(#7042,#7049),.PCURVE_S1.);
#7037 = CIRCLE('',#7038,21.158066767947);
#7038 = AXIS2_PLACEMENT_3D('',#7039,#7040,#7041);
#7039 = CARTESIAN_POINT('',(0.,0.,7.2));
#7040 = DIRECTION('',(0.,0.,1.));
#7041 = DIRECTION('',(1.,0.,-0.));
#7042 = PCURVE('',#1171,#7043);
#7043 = DEFINITIONAL_REPRESENTATION('',(#7044),#7048);
#7044 = CIRCLE('',#7045,21.158066767947);
#7045 = AXIS2_PLACEMENT_2D('',#7046,#7047);
#7046 = CARTESIAN_POINT('',(0.,0.));
#7047 = DIRECTION('',(1.,0.));
#7048 = ( GEOMETRIC_REPRESENTATION_CONTEXT(2) 
PARAMETRIC_REPRESENTATION_CONTEXT() REPRESENTATION_CONTEXT('2D SPACE',''
  ) );
#7049 = PCURVE('',#3309,#7050);
#7050 = DEFINITIONAL_REPRESENTATION('',(#7051),#7055);
#7051 = LINE('',#7052,#7053);
#7052 = CARTESIAN_POINT('',(0.,1.570796326793));
#7053 = VECTOR('',#7054,1.);
#7054 = DIRECTION('',(1.,0.));
#7055 = ( GEOMETRIC_REPRESENTATION_CONTEXT(2) 
PARAMETRIC_REPRESENTATION_CONTEXT() REPRESENTATION_CONTEXT('2D SPACE',''
  ) );
#7056 = ORIENTED_EDGE('',*,*,#4097,.T.);
#7057 = ORIENTED_EDGE('',*,*,#7058,.T.);
#7058 = EDGE_CURVE('',#4098,#4902,#7059,.T.);
#7059 = SURFACE_CURVE('',#7060,(#7065,#7072),.PCURVE_S1.);
#7060 = CIRCLE('',#7061,21.158066767947);
#7061 = AXIS2_PLACEMENT_3D('',#7062,#7063,#7064);
#7062 = CARTESIAN_POINT('',(0.,0.,7.2));
#7063 = DIRECTION('',(0.,0.,1.));
#7064 = DIRECTION('',(1.,0.,-0.));
#7065 = PCURVE('',#1171,#7066);
#7066 = DEFINITIONAL_REPRESENTATION('',(#7067),#7071);
#7067 = CIRCLE('',#7068,21.158066767947);
#7068 = AXIS2_PLACEMENT_2D('',#7069,#7070);
#7069 = CARTESIAN_POINT('',(0.,0.));
#7070 = DIRECTION('',(1.,0.));
#7071 = ( GEOMETRIC_REPRESENTATION_CONTEXT(2) 
PARAMETRIC_REPRESENTATION_CONTEXT() REPRESENTATION_CONTEXT('2D SPACE',''
  ) );
#7072 = PCURVE('',#4151,#7073);
#7073 = DEFINITIONAL_REPRESENTATION('',(#7074),#7078);
#7074 = LINE('',#7075,#7076);
#7075 = CARTESIAN_POINT('',(0.,1.570796326793));
#7076 = VECTOR('',#7077,1.);
#7077 = DIRECTION('',(1.,0.));
#7078 = ( GEOMETRIC_REPRESENTATION_CONTEXT(2) 
PARAMETRIC_REPRESENTATION_CONTEXT() REPRESENTATION_CONTEXT('2D SPACE',''
  ) );
#7079 = ORIENTED_EDGE('',*,*,#4930,.T.);
#7080 = ORIENTED_EDGE('',*,*,#7081,.T.);
#7081 = EDGE_CURVE('',#4931,#5762,#7082,.T.);
#7082 = SURFACE_CURVE('',#7083,(#7088,#7095),.PCURVE_S1.);
#7083 = CIRCLE('',#7084,21.158066767947);
#7084 = AXIS2_PLACEMENT_3D('',#7085,#7086,#7087);
#7085 = CARTESIAN_POINT('',(0.,0.,7.2));
#7086 = DIRECTION('',(0.,0.,1.));
#7087 = DIRECTION('',(1.,0.,-0.));
#7088 = PCURVE('',#1171,#7089);
#7089 = DEFINITIONAL_REPRESENTATION('',(#7090),#7094);
#7090 = CIRCLE('',#7091,21.158066767947);
#7091 = AXIS2_PLACEMENT_2D('',#7092,#7093);
#7092 = CARTESIAN_POINT('',(0.,0.));
#7093 = DIRECTION('',(1.,0.));
#7094 = ( GEOMETRIC_REPRESENTATION_CONTEXT(2) 
PARAMETRIC_REPRESENTATION_CONTEXT() REPRESENTATION_CONTEXT('2D SPACE',''
  ) );
#7095 = PCURVE('',#4990,#7096);
#7096 = DEFINITIONAL_REPRESENTATION('',(#7097),#7101);
#7097 = LINE('',#7098,#7099);
#7098 = CARTESIAN_POINT('',(0.,1.570796326793));
#7099 = VECTOR('',#7100,1.);
#7100 = DIRECTION('',(1.,0.));
#7101 = ( GEOMETRIC_REPRESENTATION_CONTEXT(2) 
PARAMETRIC_REPRESENTATION_CONTEXT() REPRESENTATION_CONTEXT('2D SPACE',''
  ) );
#7102 = ORIENTED_EDGE('',*,*,#5808,.T.);
#7103 = ORIENTED_EDGE('',*,*,#7104,.T.);
#7104 = EDGE_CURVE('',#5809,#5418,#7105,.T.);
#7105 = SURFACE_CURVE('',#7106,(#7111,#7118),.PCURVE_S1.);
#7106 = CIRCLE('',#7107,21.158066767947);
#7107 = AXIS2_PLACEMENT_3D('',#7108,#7109,#7110);
#7108 = CARTESIAN_POINT('',(0.,0.,7.2));
#7109 = DIRECTION('',(0.,0.,1.));
#7110 = DIRECTION('',(1.,0.,-0.));
#7111 = PCURVE('',#1171,#7112);
#7112 = DEFINITIONAL_REPRESENTATION('',(#7113),#7117);
#7113 = CIRCLE('',#7114,21.158066767947);
#7114 = AXIS2_PLACEMENT_2D('',#7115,#7116);
#7115 = CARTESIAN_POINT('',(0.,0.));
#7116 = DIRECTION('',(1.,0.));
#7117 = ( GEOMETRIC_REPRESENTATION_CONTEXT(2) 
PARAMETRIC_REPRESENTATION_CONTEXT() REPRESENTATION_CONTEXT('2D SPACE',''
  ) );
#7118 = PCURVE('',#5443,#7119);
#7119 = DEFINITIONAL_REPRESENTATION('',(#7120),#7124);
#7120 = LINE('',#7121,#7122);
#7121 = CARTESIAN_POINT('',(0.,1.570796326793));
#7122 = VECTOR('',#7123,1.);
#7123 = DIRECTION('',(1.,0.));
#7124 = ( GEOMETRIC_REPRESENTATION_CONTEXT(2) 
PARAMETRIC_REPRESENTATION_CONTEXT() REPRESENTATION_CONTEXT('2D SPACE',''
  ) );
#7125 = ORIENTED_EDGE('',*,*,#5460,.T.);
#7126 = ORIENTED_EDGE('',*,*,#7127,.T.);
#7127 = EDGE_CURVE('',#5461,#4558,#7128,.T.);
#7128 = SURFACE_CURVE('',#7129,(#7134,#7141),.PCURVE_S1.);
#7129 = CIRCLE('',#7130,21.158066767947);
#7130 = AXIS2_PLACEMENT_3D('',#7131,#7132,#7133);
#7131 = CARTESIAN_POINT('',(0.,0.,7.2));
#7132 = DIRECTION('',(0.,0.,1.));
#7133 = DIRECTION('',(1.,0.,-0.));
#7134 = PCURVE('',#1171,#7135);
#7135 = DEFINITIONAL_REPRESENTATION('',(#7136),#7140);
#7136 = CIRCLE('',#7137,21.158066767947);
#7137 = AXIS2_PLACEMENT_2D('',#7138,#7139);
#7138 = CARTESIAN_POINT('',(0.,0.));
#7139 = DIRECTION('',(1.,0.));
#7140 = ( GEOMETRIC_REPRESENTATION_CONTEXT(2) 
PARAMETRIC_REPRESENTATION_CONTEXT() REPRESENTATION_CONTEXT('2D SPACE',''
  ) );
#7141 = PCURVE('',#4583,#7142);
#7142 = DEFINITIONAL_REPRESENTATION('',(#7143),#7147);
#7143 = LINE('',#7144,#7145);
#7144 = CARTESIAN_POINT('',(0.,1.570796326793));
#7145 = VECTOR('',#7146,1.);
#7146 = DIRECTION('',(1.,0.));
#7147 = ( GEOMETRIC_REPRESENTATION_CONTEXT(2) 
PARAMETRIC_REPRESENTATION_CONTEXT() REPRESENTATION_CONTEXT('2D SPACE',''
  ) );
#7148 = ORIENTED_EDGE('',*,*,#4600,.T.);
#7149 = ORIENTED_EDGE('',*,*,#7150,.T.);
#7150 = EDGE_CURVE('',#4601,#3698,#7151,.T.);
#7151 = SURFACE_CURVE('',#7152,(#7157,#7164),.PCURVE_S1.);
#7152 = CIRCLE('',#7153,21.158066767947);
#7153 = AXIS2_PLACEMENT_3D('',#7154,#7155,#7156);
#7154 = CARTESIAN_POINT('',(0.,0.,7.2));
#7155 = DIRECTION('',(0.,0.,1.));
#7156 = DIRECTION('',(1.,0.,-0.));
#7157 = PCURVE('',#1171,#7158);
#7158 = DEFINITIONAL_REPRESENTATION('',(#7159),#7163);
#7159 = CIRCLE('',#7160,21.158066767947);
#7160 = AXIS2_PLACEMENT_2D('',#7161,#7162);
#7161 = CARTESIAN_POINT('',(0.,0.));
#7162 = DIRECTION('',(1.,0.));
#7163 = ( GEOMETRIC_REPRESENTATION_CONTEXT(2) 
PARAMETRIC_REPRESENTATION_CONTEXT() REPRESENTATION_CONTEXT('2D SPACE',''
  ) );
#7164 = PCURVE('',#3723,#7165);
#7165 = DEFINITIONAL_REPRESENTATION('',(#7166),#7170);
#7166 = LINE('',#7167,#7168);
#7167 = CARTESIAN_POINT('',(0.,1.570796326793));
#7168 = VECTOR('',#7169,1.);
#7169 = DIRECTION('',(1.,0.));
#7170 = ( GEOMETRIC_REPRESENTATION_CONTEXT(2) 
PARAMETRIC_REPRESENTATION_CONTEXT() REPRESENTATION_CONTEXT('2D SPACE',''
  ) );
#7171 = ORIENTED_EDGE('',*,*,#3740,.T.);
#7172 = ORIENTED_EDGE('',*,*,#7173,.T.);
#7173 = EDGE_CURVE('',#3741,#2847,#7174,.T.);
#7174 = SURFACE_CURVE('',#7175,(#7180,#7187),.PCURVE_S1.);
#7175 = CIRCLE('',#7176,21.158066767947);
#7176 = AXIS2_PLACEMENT_3D('',#7177,#7178,#7179);
#7177 = CARTESIAN_POINT('',(0.,0.,7.2));
#7178 = DIRECTION('',(0.,0.,1.));
#7179 = DIRECTION('',(1.,0.,-0.));
#7180 = PCURVE('',#1171,#7181);
#7181 = DEFINITIONAL_REPRESENTATION('',(#7182),#7186);
#7182 = CIRCLE('',#7183,21.158066767947);
#7183 = AXIS2_PLACEMENT_2D('',#7184,#7185);
#7184 = CARTESIAN_POINT('',(0.,0.));
#7185 = DIRECTION('',(1.,0.));
#7186 = ( GEOMETRIC_REPRESENTATION_CONTEXT(2) 
PARAMETRIC_REPRESENTATION_CONTEXT() REPRESENTATION_CONTEXT('2D SPACE',''
  ) );
#7187 = PCURVE('',#2878,#7188);
#7188 = DEFINITIONAL_REPRESENTATION('',(#7189),#7193);
#7189 = LINE('',#7190,#7191);
#7190 = CARTESIAN_POINT('',(0.,1.570796326793));
#7191 = VECTOR('',#7192,1.);
#7192 = DIRECTION('',(1.,0.));
#7193 = ( GEOMETRIC_REPRESENTATION_CONTEXT(2) 
PARAMETRIC_REPRESENTATION_CONTEXT() REPRESENTATION_CONTEXT('2D SPACE',''
  ) );
#7194 = ORIENTED_EDGE('',*,*,#2898,.T.);
#7195 = ORIENTED_EDGE('',*,*,#7196,.T.);
#7196 = EDGE_CURVE('',#2899,#1987,#7197,.T.);
#7197 = SURFACE_CURVE('',#7198,(#7203,#7210),.PCURVE_S1.);
#7198 = CIRCLE('',#7199,21.158066767947);
#7199 = AXIS2_PLACEMENT_3D('',#7200,#7201,#7202);
#7200 = CARTESIAN_POINT('',(0.,0.,7.2));
#7201 = DIRECTION('',(0.,0.,1.));
#7202 = DIRECTION('',(1.,0.,-0.));
#7203 = PCURVE('',#1171,#7204);
#7204 = DEFINITIONAL_REPRESENTATION('',(#7205),#7209);
#7205 = CIRCLE('',#7206,21.158066767947);
#7206 = AXIS2_PLACEMENT_2D('',#7207,#7208);
#7207 = CARTESIAN_POINT('',(0.,0.));
#7208 = DIRECTION('',(1.,0.));
#7209 = ( GEOMETRIC_REPRESENTATION_CONTEXT(2) 
PARAMETRIC_REPRESENTATION_CONTEXT() REPRESENTATION_CONTEXT('2D SPACE',''
  ) );
#7210 = PCURVE('',#2018,#7211);
#7211 = DEFINITIONAL_REPRESENTATION('',(#7212),#7216);
#7212 = LINE('',#7213,#7214);
#7213 = CARTESIAN_POINT('',(0.,1.570796326793));
#7214 = VECTOR('',#7215,1.);
#7215 = DIRECTION('',(1.,0.));
#7216 = ( GEOMETRIC_REPRESENTATION_CONTEXT(2) 
PARAMETRIC_REPRESENTATION_CONTEXT() REPRESENTATION_CONTEXT('2D SPACE',''
  ) );
#7217 = ORIENTED_EDGE('',*,*,#2038,.T.);
#7218 = ORIENTED_EDGE('',*,*,#7219,.T.);
#7219 = EDGE_CURVE('',#2039,#1112,#7220,.T.);
#7220 = SURFACE_CURVE('',#7221,(#7226,#7233),.PCURVE_S1.);
#7221 = CIRCLE('',#7222,21.158066767947);
#7222 = AXIS2_PLACEMENT_3D('',#7223,#7224,#7225);
#7223 = CARTESIAN_POINT('',(0.,0.,7.2));
#7224 = DIRECTION('',(0.,0.,1.));
#7225 = DIRECTION('',(1.,0.,-0.));
#7226 = PCURVE('',#1171,#7227);
#7227 = DEFINITIONAL_REPRESENTATION('',(#7228),#7232);
#7228 = CIRCLE('',#7229,21.158066767947);
#7229 = AXIS2_PLACEMENT_2D('',#7230,#7231);
#7230 = CARTESIAN_POINT('',(0.,0.));
#7231 = DIRECTION('',(1.,0.));
#7232 = ( GEOMETRIC_REPRESENTATION_CONTEXT(2) 
PARAMETRIC_REPRESENTATION_CONTEXT() REPRESENTATION_CONTEXT('2D SPACE',''
  ) );
#7233 = PCURVE('',#1137,#7234);
#7234 = DEFINITIONAL_REPRESENTATION('',(#7235),#7239);
#7235 = LINE('',#7236,#7237);
#7236 = CARTESIAN_POINT('',(0.,1.570796326793));
#7237 = VECTOR('',#7238,1.);
#7238 = DIRECTION('',(1.,0.));
#7239 = ( GEOMETRIC_REPRESENTATION_CONTEXT(2) 
PARAMETRIC_REPRESENTATION_CONTEXT() REPRESENTATION_CONTEXT('2D SPACE',''
  ) );
#7240 = ORIENTED_EDGE('',*,*,#1154,.T.);
#7241 = FACE_BOUND('',#7242,.T.);
#7242 = EDGE_LOOP('',(#7243));
#7243 = ORIENTED_EDGE('',*,*,#7244,.F.);
#7244 = EDGE_CURVE('',#7245,#7245,#7247,.T.);
#7245 = VERTEX_POINT('',#7246);
#7246 = CARTESIAN_POINT('',(2.5,-3.061616997868E-16,7.2));
#7247 = SURFACE_CURVE('',#7248,(#7253,#7260),.PCURVE_S1.);
#7248 = CIRCLE('',#7249,2.5);
#7249 = AXIS2_PLACEMENT_3D('',#7250,#7251,#7252);
#7250 = CARTESIAN_POINT('',(0.,0.,7.2));
#7251 = DIRECTION('',(0.,0.,1.));
#7252 = DIRECTION('',(1.,0.,-0.));
#7253 = PCURVE('',#1171,#7254);
#7254 = DEFINITIONAL_REPRESENTATION('',(#7255),#7259);
#7255 = CIRCLE('',#7256,2.5);
#7256 = AXIS2_PLACEMENT_2D('',#7257,#7258);
#7257 = CARTESIAN_POINT('',(0.,0.));
#7258 = DIRECTION('',(1.,0.));
#7259 = ( GEOMETRIC_REPRESENTATION_CONTEXT(2) 
PARAMETRIC_REPRESENTATION_CONTEXT() REPRESENTATION_CONTEXT('2D SPACE',''
  ) );
#7260 = PCURVE('',#6058,#7261);
#7261 = DEFINITIONAL_REPRESENTATION('',(#7262),#7266);
#7262 = LINE('',#7263,#7264);
#7263 = CARTESIAN_POINT('',(-0.,0.));
#7264 = VECTOR('',#7265,1.);
#7265 = DIRECTION('',(-1.,0.));
#7266 = ( GEOMETRIC_REPRESENTATION_CONTEXT(2) 
PARAMETRIC_REPRESENTATION_CONTEXT() REPRESENTATION_CONTEXT('2D SPACE',''
  ) );
#7267 = ADVANCED_FACE('',(#7268),#1137,.T.);
#7268 = FACE_BOUND('',#7269,.T.);
#7269 = EDGE_LOOP('',(#7270,#7292,#7293,#7294));
#7270 = ORIENTED_EDGE('',*,*,#7271,.T.);
#7271 = EDGE_CURVE('',#2067,#1072,#7272,.T.);
#7272 = SURFACE_CURVE('',#7273,(#7278,#7285),.PCURVE_S1.);
#7273 = CIRCLE('',#7274,21.159010550645);
#7274 = AXIS2_PLACEMENT_3D('',#7275,#7276,#7277);
#7275 = CARTESIAN_POINT('',(0.,0.,7.199999109273));
#7276 = DIRECTION('',(0.,0.,1.));
#7277 = DIRECTION('',(1.,0.,-0.));
#7278 = PCURVE('',#1137,#7279);
#7279 = DEFINITIONAL_REPRESENTATION('',(#7280),#7284);
#7280 = LINE('',#7281,#7282);
#7281 = CARTESIAN_POINT('',(0.,1.568908760281));
#7282 = VECTOR('',#7283,1.);
#7283 = DIRECTION('',(1.,0.));
#7284 = ( GEOMETRIC_REPRESENTATION_CONTEXT(2) 
PARAMETRIC_REPRESENTATION_CONTEXT() REPRESENTATION_CONTEXT('2D SPACE',''
  ) );
#7285 = PCURVE('',#1095,#7286);
#7286 = DEFINITIONAL_REPRESENTATION('',(#7287),#7291);
#7287 = LINE('',#7288,#7289);
#7288 = CARTESIAN_POINT('',(0.,1.568908760277));
#7289 = VECTOR('',#7290,1.);
#7290 = DIRECTION('',(1.,0.));
#7291 = ( GEOMETRIC_REPRESENTATION_CONTEXT(2) 
PARAMETRIC_REPRESENTATION_CONTEXT() REPRESENTATION_CONTEXT('2D SPACE',''
  ) );
#7292 = ORIENTED_EDGE('',*,*,#1111,.T.);
#7293 = ORIENTED_EDGE('',*,*,#7219,.F.);
#7294 = ORIENTED_EDGE('',*,*,#2066,.F.);
#7295 = ADVANCED_FACE('',(#7296),#1095,.T.);
#7296 = FACE_BOUND('',#7297,.T.);
#7297 = EDGE_LOOP('',(#7298,#7338,#7367,#7405,#7434,#7476,#7477,#7478,
    #7479,#7523));
#7298 = ORIENTED_EDGE('',*,*,#7299,.F.);
#7299 = EDGE_CURVE('',#7300,#7302,#7304,.T.);
#7300 = VERTEX_POINT('',#7301);
#7301 = CARTESIAN_POINT('',(18.926370782695,-19.9627479615,5.6));
#7302 = VERTEX_POINT('',#7303);
#7303 = CARTESIAN_POINT('',(16.457980905869,-18.97163440444,
    6.599401001912));
#7304 = SURFACE_CURVE('',#7305,(#7314,#7326),.PCURVE_S1.);
#7305 = B_SPLINE_CURVE_WITH_KNOTS('',7,(#7306,#7307,#7308,#7309,#7310,
    #7311,#7312,#7313),.UNSPECIFIED.,.F.,.F.,(8,8),(0.,1.),
  .PIECEWISE_BEZIER_KNOTS.);
#7306 = CARTESIAN_POINT('',(18.926370782695,-19.9627479615,5.6));
#7307 = CARTESIAN_POINT('',(18.562849996414,-19.89589963142,
    5.759975371035));
#7308 = CARTESIAN_POINT('',(18.200795215331,-19.8051177758,
    5.916385344619));
#7309 = CARTESIAN_POINT('',(17.841079486934,-19.689882547,6.068062919311
    ));
#7310 = CARTESIAN_POINT('',(17.485025925802,-19.54950686539,
    6.213689659241));
#7311 = CARTESIAN_POINT('',(17.134354722083,-19.38332419467,
    6.351817325222));
#7312 = CARTESIAN_POINT('',(16.791175191501,-19.19077973355,
    6.480900446831));
#7313 = CARTESIAN_POINT('',(16.457980905869,-18.97163440444,
    6.599401001912));
#7314 = PCURVE('',#1095,#7315);
#7315 = DEFINITIONAL_REPRESENTATION('',(#7316),#7325);
#7316 = B_SPLINE_CURVE_WITH_KNOTS('',7,(#7317,#7318,#7319,#7320,#7321,
    #7322,#7323,#7324),.UNSPECIFIED.,.F.,.F.,(8,8),(0.,1.),
  .PIECEWISE_BEZIER_KNOTS.);
#7317 = CARTESIAN_POINT('',(5.471143908543,1.078986718762));
#7318 = CARTESIAN_POINT('',(5.463225937669,1.104080917401));
#7319 = CARTESIAN_POINT('',(5.455744687216,1.129987234125));
#7320 = CARTESIAN_POINT('',(5.448737933911,1.156708118611));
#7321 = CARTESIAN_POINT('',(5.442265230945,1.184236578637));
#7322 = CARTESIAN_POINT('',(5.4364057643,1.21255305823));
#7323 = CARTESIAN_POINT('',(5.431261446942,1.241622914381));
#7324 = CARTESIAN_POINT('',(5.4269580196,1.271382224835));
#7325 = ( GEOMETRIC_REPRESENTATION_CONTEXT(2) 
PARAMETRIC_REPRESENTATION_CONTEXT() REPRESENTATION_CONTEXT('2D SPACE',''
  ) );
#7326 = PCURVE('',#6604,#7327);
#7327 = DEFINITIONAL_REPRESENTATION('',(#7328),#7337);
#7328 = B_SPLINE_CURVE_WITH_KNOTS('',7,(#7329,#7330,#7331,#7332,#7333,
    #7334,#7335,#7336),.UNSPECIFIED.,.F.,.F.,(8,8),(0.,1.),
  .PIECEWISE_BEZIER_KNOTS.);
#7329 = CARTESIAN_POINT('',(-0.399916820262,-5.6));
#7330 = CARTESIAN_POINT('',(-0.344715234593,-5.759975371035));
#7331 = CARTESIAN_POINT('',(-0.289082501839,-5.916385344619));
#7332 = CARTESIAN_POINT('',(-0.23285817678,-6.068062919312));
#7333 = CARTESIAN_POINT('',(-0.175923615412,-6.21368965924));
#7334 = CARTESIAN_POINT('',(-0.118183781341,-6.351817325222));
#7335 = CARTESIAN_POINT('',(-5.956046763309E-02,-6.480900446831));
#7336 = CARTESIAN_POINT('',(0.,-6.599401001912));
#7337 = ( GEOMETRIC_REPRESENTATION_CONTEXT(2) 
PARAMETRIC_REPRESENTATION_CONTEXT() REPRESENTATION_CONTEXT('2D SPACE',''
  ) );
#7338 = ORIENTED_EDGE('',*,*,#7339,.T.);
#7339 = EDGE_CURVE('',#7300,#7340,#7342,.T.);
#7340 = VERTEX_POINT('',#7341);
#7341 = CARTESIAN_POINT('',(19.962747961505,-18.92637078269,5.6));
#7342 = SURFACE_CURVE('',#7343,(#7349,#7358),.PCURVE_S1.);
#7343 = B_SPLINE_CURVE_WITH_KNOTS('',4,(#7344,#7345,#7346,#7347,#7348),
  .UNSPECIFIED.,.F.,.F.,(5,5),(0.,1.),.PIECEWISE_BEZIER_KNOTS.);
#7344 = CARTESIAN_POINT('',(18.926370782695,-19.9627479615,5.6));
#7345 = CARTESIAN_POINT('',(19.185447255579,-19.70367148862,
    5.605228922785));
#7346 = CARTESIAN_POINT('',(19.444559480724,-19.44455926347,
    5.606961592341));
#7347 = CARTESIAN_POINT('',(19.703671491196,-19.185447253,5.605228922733
    ));
#7348 = CARTESIAN_POINT('',(19.962747961505,-18.92637078269,5.6));
#7349 = PCURVE('',#1095,#7350);
#7350 = DEFINITIONAL_REPRESENTATION('',(#7351),#7357);
#7351 = B_SPLINE_CURVE_WITH_KNOTS('',4,(#7352,#7353,#7354,#7355,#7356),
  .UNSPECIFIED.,.F.,.F.,(5,5),(0.,1.),.PIECEWISE_BEZIER_KNOTS.);
#7352 = CARTESIAN_POINT('',(5.471143908543,1.078986718762));
#7353 = CARTESIAN_POINT('',(5.484458306823,1.079806942689));
#7354 = CARTESIAN_POINT('',(5.497787149823,1.080080408983));
#7355 = CARTESIAN_POINT('',(5.511115980874,1.079806942681));
#7356 = CARTESIAN_POINT('',(5.524430379021,1.078986718762));
#7357 = ( GEOMETRIC_REPRESENTATION_CONTEXT(2) 
PARAMETRIC_REPRESENTATION_CONTEXT() REPRESENTATION_CONTEXT('2D SPACE',''
  ) );
#7358 = PCURVE('',#6564,#7359);
#7359 = DEFINITIONAL_REPRESENTATION('',(#7360),#7366);
#7360 = B_SPLINE_CURVE_WITH_KNOTS('',4,(#7361,#7362,#7363,#7364,#7365),
  .UNSPECIFIED.,.F.,.F.,(5,5),(0.,1.),.PIECEWISE_BEZIER_KNOTS.);
#7361 = CARTESIAN_POINT('',(4.298783551349E-13,-5.6));
#7362 = CARTESIAN_POINT('',(0.366389461644,-5.605228922785));
#7363 = CARTESIAN_POINT('',(0.732829484621,-5.606961592341));
#7364 = CARTESIAN_POINT('',(1.099269204004,-5.605228922733));
#7365 = CARTESIAN_POINT('',(1.465658662007,-5.6));
#7366 = ( GEOMETRIC_REPRESENTATION_CONTEXT(2) 
PARAMETRIC_REPRESENTATION_CONTEXT() REPRESENTATION_CONTEXT('2D SPACE',''
  ) );
#7367 = ORIENTED_EDGE('',*,*,#7368,.T.);
#7368 = EDGE_CURVE('',#7340,#7369,#7371,.T.);
#7369 = VERTEX_POINT('',#7370);
#7370 = CARTESIAN_POINT('',(18.971634404443,-16.45798090586,
    6.599401001912));
#7371 = SURFACE_CURVE('',#7372,(#7381,#7393),.PCURVE_S1.);
#7372 = B_SPLINE_CURVE_WITH_KNOTS('',7,(#7373,#7374,#7375,#7376,#7377,
    #7378,#7379,#7380),.UNSPECIFIED.,.F.,.F.,(8,8),(0.,1.),
  .PIECEWISE_BEZIER_KNOTS.);
#7373 = CARTESIAN_POINT('',(19.962747961505,-18.92637078269,5.6));
#7374 = CARTESIAN_POINT('',(19.895899631428,-18.56284999641,
    5.759975371035));
#7375 = CARTESIAN_POINT('',(19.805117775804,-18.20079521533,
    5.916385344619));
#7376 = CARTESIAN_POINT('',(19.689882547003,-17.84107948693,
    6.068062919312));
#7377 = CARTESIAN_POINT('',(19.54950686539,-17.4850259258,6.21368965924)
  );
#7378 = CARTESIAN_POINT('',(19.383324194673,-17.13435472208,
    6.351817325222));
#7379 = CARTESIAN_POINT('',(19.19077973355,-16.7911751915,6.480900446831
    ));
#7380 = CARTESIAN_POINT('',(18.971634404443,-16.45798090586,
    6.599401001912));
#7381 = PCURVE('',#1095,#7382);
#7382 = DEFINITIONAL_REPRESENTATION('',(#7383),#7392);
#7383 = B_SPLINE_CURVE_WITH_KNOTS('',7,(#7384,#7385,#7386,#7387,#7388,
    #7389,#7390,#7391),.UNSPECIFIED.,.F.,.F.,(8,8),(0.,1.),
  .PIECEWISE_BEZIER_KNOTS.);
#7384 = CARTESIAN_POINT('',(5.524430379021,1.078986718762));
#7385 = CARTESIAN_POINT('',(5.532348349895,1.104080917401));
#7386 = CARTESIAN_POINT('',(5.539829600348,1.129987234125));
#7387 = CARTESIAN_POINT('',(5.546836353654,1.156708118611));
#7388 = CARTESIAN_POINT('',(5.553309056619,1.184236578637));
#7389 = CARTESIAN_POINT('',(5.559168523265,1.21255305823));
#7390 = CARTESIAN_POINT('',(5.564312840623,1.241622914381));
#7391 = CARTESIAN_POINT('',(5.568616267965,1.271382224835));
#7392 = ( GEOMETRIC_REPRESENTATION_CONTEXT(2) 
PARAMETRIC_REPRESENTATION_CONTEXT() REPRESENTATION_CONTEXT('2D SPACE',''
  ) );
#7393 = PCURVE('',#6527,#7394);
#7394 = DEFINITIONAL_REPRESENTATION('',(#7395),#7404);
#7395 = B_SPLINE_CURVE_WITH_KNOTS('',7,(#7396,#7397,#7398,#7399,#7400,
    #7401,#7402,#7403),.UNSPECIFIED.,.F.,.F.,(8,8),(0.,1.),
  .PIECEWISE_BEZIER_KNOTS.);
#7396 = CARTESIAN_POINT('',(3.552713678801E-15,-5.6));
#7397 = CARTESIAN_POINT('',(-5.520158566825E-02,-5.759975371035));
#7398 = CARTESIAN_POINT('',(-0.110834318423,-5.916385344619));
#7399 = CARTESIAN_POINT('',(-0.167058643481,-6.068062919312));
#7400 = CARTESIAN_POINT('',(-0.22399320485,-6.21368965924));
#7401 = CARTESIAN_POINT('',(-0.281733038921,-6.351817325222));
#7402 = CARTESIAN_POINT('',(-0.340356352629,-6.480900446831));
#7403 = CARTESIAN_POINT('',(-0.399916820262,-6.599401001912));
#7404 = ( GEOMETRIC_REPRESENTATION_CONTEXT(2) 
PARAMETRIC_REPRESENTATION_CONTEXT() REPRESENTATION_CONTEXT('2D SPACE',''
  ) );
#7405 = ORIENTED_EDGE('',*,*,#7406,.T.);
#7406 = EDGE_CURVE('',#7369,#7407,#7409,.T.);
#7407 = VERTEX_POINT('',#7408);
#7408 = CARTESIAN_POINT('',(18.5408387951,-15.80298800278,6.808351985059
    ));
#7409 = SURFACE_CURVE('',#7410,(#7416,#7425),.PCURVE_S1.);
#7410 = B_SPLINE_CURVE_WITH_KNOTS('',4,(#7411,#7412,#7413,#7414,#7415),
  .UNSPECIFIED.,.F.,.F.,(5,5),(0.,1.),.PIECEWISE_BEZIER_KNOTS.);
#7411 = CARTESIAN_POINT('',(19.014713965377,-16.52348019617,
    6.575861150127));
#7412 = CARTESIAN_POINT('',(18.886698780446,-16.32884256339,
    6.646541740914));
#7413 = CARTESIAN_POINT('',(18.757798694326,-16.13285950371,
    6.711917799181));
#7414 = CARTESIAN_POINT('',(18.62811780311,-15.93568928756,
    6.771960923545));
#7415 = CARTESIAN_POINT('',(18.497759234166,-15.73748871247,
    6.826658941639));
#7416 = PCURVE('',#1095,#7417);
#7417 = DEFINITIONAL_REPRESENTATION('',(#7418),#7424);
#7418 = B_SPLINE_CURVE_WITH_KNOTS('',4,(#7419,#7420,#7421,#7422,#7423),
  .UNSPECIFIED.,.F.,.F.,(5,5),(0.,1.),.PIECEWISE_BEZIER_KNOTS.);
#7419 = CARTESIAN_POINT('',(5.567772838409,1.265526114236));
#7420 = CARTESIAN_POINT('',(5.570271673381,1.28294612269));
#7421 = CARTESIAN_POINT('',(5.572847100119,1.300342782355));
#7422 = CARTESIAN_POINT('',(5.57550205846,1.317715348962));
#7423 = CARTESIAN_POINT('',(5.578239685517,1.33506325582));
#7424 = ( GEOMETRIC_REPRESENTATION_CONTEXT(2) 
PARAMETRIC_REPRESENTATION_CONTEXT() REPRESENTATION_CONTEXT('2D SPACE',''
  ) );
#7425 = PCURVE('',#6487,#7426);
#7426 = DEFINITIONAL_REPRESENTATION('',(#7427),#7433);
#7427 = B_SPLINE_CURVE_WITH_KNOTS('',4,(#7428,#7429,#7430,#7431,#7432),
  .UNSPECIFIED.,.F.,.F.,(5,5),(0.,1.),.PIECEWISE_BEZIER_KNOTS.);
#7428 = CARTESIAN_POINT('',(-7.839646421336E-02,-6.575861150127));
#7429 = CARTESIAN_POINT('',(0.154566399069,-6.646541740914));
#7430 = CARTESIAN_POINT('',(0.389139611271,-6.711917799181));
#7431 = CARTESIAN_POINT('',(0.625133737648,-6.771960923545));
#7432 = CARTESIAN_POINT('',(0.862361106347,-6.826658941639));
#7433 = ( GEOMETRIC_REPRESENTATION_CONTEXT(2) 
PARAMETRIC_REPRESENTATION_CONTEXT() REPRESENTATION_CONTEXT('2D SPACE',''
  ) );
#7434 = ORIENTED_EDGE('',*,*,#7435,.T.);
#7435 = EDGE_CURVE('',#7407,#1044,#7436,.T.);
#7436 = SURFACE_CURVE('',#7437,(#7448,#7462),.PCURVE_S1.);
#7437 = B_SPLINE_CURVE_WITH_KNOTS('',5,(#7438,#7439,#7440,#7441,#7442,
    #7443,#7444,#7445,#7446,#7447),.UNSPECIFIED.,.F.,.F.,(6,4,6),(0.,
    0.323177195941,1.),.UNSPECIFIED.);
#7438 = CARTESIAN_POINT('',(18.5408387951,-15.80298800278,6.808351985059
    ));
#7439 = CARTESIAN_POINT('',(18.457455650595,-15.6762100907,
    6.844233903113));
#7440 = CARTESIAN_POINT('',(18.375838361636,-15.54707758425,
    6.877991311034));
#7441 = CARTESIAN_POINT('',(18.296128234999,-15.41567181019,
    6.909601465401));
#7442 = CARTESIAN_POINT('',(18.218459527543,-15.28208954998,
    6.939057935759));
#7443 = CARTESIAN_POINT('',(17.984841307305,-14.86236157447,
    7.023570918734));
#7444 = CARTESIAN_POINT('',(17.836222082114,-14.56920475777,
    7.071373368011));
#7445 = CARTESIAN_POINT('',(17.698294319275,-14.26805165047,
    7.109858873618));
#7446 = CARTESIAN_POINT('',(17.571958877522,-13.96009064541,
    7.139495530155));
#7447 = CARTESIAN_POINT('',(17.457851236888,-13.64658247938,
    7.161045598658));
#7448 = PCURVE('',#1095,#7449);
#7449 = DEFINITIONAL_REPRESENTATION('',(#7450),#7461);
#7450 = B_SPLINE_CURVE_WITH_KNOTS('',5,(#7451,#7452,#7453,#7454,#7455,
    #7456,#7457,#7458,#7459,#7460),.UNSPECIFIED.,.F.,.F.,(6,4,6),(0.,
    0.323177195941,1.),.UNSPECIFIED.);
#7451 = CARTESIAN_POINT('',(5.577337773194,1.329325564959));
#7452 = CARTESIAN_POINT('',(5.579078078144,1.340440477399));
#7453 = CARTESIAN_POINT('',(5.58096496896,1.351524309085));
#7454 = CARTESIAN_POINT('',(5.583004138077,1.362565990076));
#7455 = CARTESIAN_POINT('',(5.585200727452,1.373553795731));
#7456 = CARTESIAN_POINT('',(5.592498894342,1.40734810769));
#7457 = CARTESIAN_POINT('',(5.59814935911,1.429931982637));
#7458 = CARTESIAN_POINT('',(5.604551534199,1.452109416493));
#7459 = CARTESIAN_POINT('',(5.611735284229,1.47376625014));
#7460 = CARTESIAN_POINT('',(5.619710749547,1.494788207479));
#7461 = ( GEOMETRIC_REPRESENTATION_CONTEXT(2) 
PARAMETRIC_REPRESENTATION_CONTEXT() REPRESENTATION_CONTEXT('2D SPACE',''
  ) );
#7462 = PCURVE('',#1059,#7463);
#7463 = DEFINITIONAL_REPRESENTATION('',(#7464),#7475);
#7464 = B_SPLINE_CURVE_WITH_KNOTS('',5,(#7465,#7466,#7467,#7468,#7469,
    #7470,#7471,#7472,#7473,#7474),.UNSPECIFIED.,.F.,.F.,(6,4,6),(0.,
    0.323177195941,1.),.UNSPECIFIED.);
#7465 = CARTESIAN_POINT('',(0.,-6.808351985059));
#7466 = CARTESIAN_POINT('',(1.460050148097E-02,-6.844233903113));
#7467 = CARTESIAN_POINT('',(2.929691195918E-02,-6.877991311034));
#7468 = CARTESIAN_POINT('',(4.408174857536E-02,-6.909601465401));
#7469 = CARTESIAN_POINT('',(5.894706797079E-02,-6.939057935759));
#7470 = CARTESIAN_POINT('',(0.105167526914,-7.023570918734));
#7471 = CARTESIAN_POINT('',(0.13676908135,-7.071373368011));
#7472 = CARTESIAN_POINT('',(0.168606415507,-7.109858873618));
#7473 = CARTESIAN_POINT('',(0.200608918276,-7.139495530155));
#7474 = CARTESIAN_POINT('',(0.232710566933,-7.161045598658));
#7475 = ( GEOMETRIC_REPRESENTATION_CONTEXT(2) 
PARAMETRIC_REPRESENTATION_CONTEXT() REPRESENTATION_CONTEXT('2D SPACE',''
  ) );
#7476 = ORIENTED_EDGE('',*,*,#1071,.T.);
#7477 = ORIENTED_EDGE('',*,*,#7271,.F.);
#7478 = ORIENTED_EDGE('',*,*,#2113,.F.);
#7479 = ORIENTED_EDGE('',*,*,#7480,.F.);
#7480 = EDGE_CURVE('',#7481,#2114,#7483,.T.);
#7481 = VERTEX_POINT('',#7482);
#7482 = CARTESIAN_POINT('',(15.802988002788,-18.5408387951,
    6.808351985059));
#7483 = SURFACE_CURVE('',#7484,(#7495,#7509),.PCURVE_S1.);
#7484 = B_SPLINE_CURVE_WITH_KNOTS('',5,(#7485,#7486,#7487,#7488,#7489,
    #7490,#7491,#7492,#7493,#7494),.UNSPECIFIED.,.F.,.F.,(6,4,6),(0.,
    0.323177195896,1.),.UNSPECIFIED.);
#7485 = CARTESIAN_POINT('',(15.802988002788,-18.5408387951,
    6.808351985059));
#7486 = CARTESIAN_POINT('',(15.676210090721,-18.4574556506,
    6.844233903108));
#7487 = CARTESIAN_POINT('',(15.547077584295,-18.37583836165,
    6.877991311024));
#7488 = CARTESIAN_POINT('',(15.415671810254,-18.29612823503,
    6.909601465388));
#7489 = CARTESIAN_POINT('',(15.28208955006,-18.21845952758,
    6.939057935742));
#7490 = CARTESIAN_POINT('',(14.862361574557,-17.98484130734,
    7.023570918721));
#7491 = CARTESIAN_POINT('',(14.569204757831,-17.83622208214,
    7.071373368003));
#7492 = CARTESIAN_POINT('',(14.268051650512,-17.69829431929,
    7.109858873614));
#7493 = CARTESIAN_POINT('',(13.960090645435,-17.57195887753,
    7.139495530154));
#7494 = CARTESIAN_POINT('',(13.646582479386,-17.45785123688,
    7.161045598658));
#7495 = PCURVE('',#1095,#7496);
#7496 = DEFINITIONAL_REPRESENTATION('',(#7497),#7508);
#7497 = B_SPLINE_CURVE_WITH_KNOTS('',5,(#7498,#7499,#7500,#7501,#7502,
    #7503,#7504,#7505,#7506,#7507),.UNSPECIFIED.,.F.,.F.,(6,4,6),(0.,
    0.323177195896,1.),.UNSPECIFIED.);
#7498 = CARTESIAN_POINT('',(5.41823651437,1.329325564959));
#7499 = CARTESIAN_POINT('',(5.416496209421,1.340440477397));
#7500 = CARTESIAN_POINT('',(5.414609318605,1.351524309081));
#7501 = CARTESIAN_POINT('',(5.412570149488,1.362565990071));
#7502 = CARTESIAN_POINT('',(5.410373560114,1.373553795725));
#7503 = CARTESIAN_POINT('',(5.403075393224,1.407348107684));
#7504 = CARTESIAN_POINT('',(5.397424928456,1.429931982633));
#7505 = CARTESIAN_POINT('',(5.391022753367,1.45210941649));
#7506 = CARTESIAN_POINT('',(5.383839003336,1.473766250139));
#7507 = CARTESIAN_POINT('',(5.375863538017,1.494788207479));
#7508 = ( GEOMETRIC_REPRESENTATION_CONTEXT(2) 
PARAMETRIC_REPRESENTATION_CONTEXT() REPRESENTATION_CONTEXT('2D SPACE',''
  ) );
#7509 = PCURVE('',#2164,#7510);
#7510 = DEFINITIONAL_REPRESENTATION('',(#7511),#7522);
#7511 = B_SPLINE_CURVE_WITH_KNOTS('',5,(#7512,#7513,#7514,#7515,#7516,
    #7517,#7518,#7519,#7520,#7521),.UNSPECIFIED.,.F.,.F.,(6,4,6),(0.,
    0.323177195896,1.),.UNSPECIFIED.);
#7512 = CARTESIAN_POINT('',(0.232710566933,-6.808351985059));
#7513 = CARTESIAN_POINT('',(0.218110065454,-6.844233903108));
#7514 = CARTESIAN_POINT('',(0.203413654978,-6.877991311024));
#7515 = CARTESIAN_POINT('',(0.188628818363,-6.909601465388));
#7516 = CARTESIAN_POINT('',(0.17376349897,-6.939057935742));
#7517 = CARTESIAN_POINT('',(0.127543040027,-7.023570918721));
#7518 = CARTESIAN_POINT('',(9.594148558871E-02,-7.071373368003));
#7519 = CARTESIAN_POINT('',(6.410415142984E-02,-7.109858873614));
#7520 = CARTESIAN_POINT('',(3.210164865831E-02,-7.139495530154));
#7521 = CARTESIAN_POINT('',(0.,-7.161045598658));
#7522 = ( GEOMETRIC_REPRESENTATION_CONTEXT(2) 
PARAMETRIC_REPRESENTATION_CONTEXT() REPRESENTATION_CONTEXT('2D SPACE',''
  ) );
#7523 = ORIENTED_EDGE('',*,*,#7524,.F.);
#7524 = EDGE_CURVE('',#7302,#7481,#7525,.T.);
#7525 = SURFACE_CURVE('',#7526,(#7532,#7541),.PCURVE_S1.);
#7526 = B_SPLINE_CURVE_WITH_KNOTS('',4,(#7527,#7528,#7529,#7530,#7531),
  .UNSPECIFIED.,.F.,.F.,(5,5),(0.,1.),.PIECEWISE_BEZIER_KNOTS.);
#7527 = CARTESIAN_POINT('',(16.523480196177,-19.01471396537,
    6.575861150127));
#7528 = CARTESIAN_POINT('',(16.328842563393,-18.88669878044,
    6.646541740914));
#7529 = CARTESIAN_POINT('',(16.132859503714,-18.75779869432,
    6.711917799181));
#7530 = CARTESIAN_POINT('',(15.935689287561,-18.62811780311,
    6.771960923545));
#7531 = CARTESIAN_POINT('',(15.737488712479,-18.49775923416,
    6.826658941639));
#7532 = PCURVE('',#1095,#7533);
#7533 = DEFINITIONAL_REPRESENTATION('',(#7534),#7540);
#7534 = B_SPLINE_CURVE_WITH_KNOTS('',4,(#7535,#7536,#7537,#7538,#7539),
  .UNSPECIFIED.,.F.,.F.,(5,5),(0.,1.),.PIECEWISE_BEZIER_KNOTS.);
#7535 = CARTESIAN_POINT('',(5.427801449155,1.265526114236));
#7536 = CARTESIAN_POINT('',(5.425302614183,1.28294612269));
#7537 = CARTESIAN_POINT('',(5.422727187445,1.300342782355));
#7538 = CARTESIAN_POINT('',(5.420072229104,1.317715348962));
#7539 = CARTESIAN_POINT('',(5.417334602047,1.33506325582));
#7540 = ( GEOMETRIC_REPRESENTATION_CONTEXT(2) 
PARAMETRIC_REPRESENTATION_CONTEXT() REPRESENTATION_CONTEXT('2D SPACE',''
  ) );
#7541 = PCURVE('',#6639,#7542);
#7542 = DEFINITIONAL_REPRESENTATION('',(#7543),#7549);
#7543 = B_SPLINE_CURVE_WITH_KNOTS('',4,(#7544,#7545,#7546,#7547,#7548),
  .UNSPECIFIED.,.F.,.F.,(5,5),(0.,1.),.PIECEWISE_BEZIER_KNOTS.);
#7544 = CARTESIAN_POINT('',(0.862361106347,-6.575861150127));
#7545 = CARTESIAN_POINT('',(0.629398243065,-6.646541740914));
#7546 = CARTESIAN_POINT('',(0.394825030862,-6.711917799181));
#7547 = CARTESIAN_POINT('',(0.158830904485,-6.771960923545));
#7548 = CARTESIAN_POINT('',(-7.839646421336E-02,-6.826658941639));
#7549 = ( GEOMETRIC_REPRESENTATION_CONTEXT(2) 
PARAMETRIC_REPRESENTATION_CONTEXT() REPRESENTATION_CONTEXT('2D SPACE',''
  ) );
#7550 = ADVANCED_FACE('',(#7551),#1059,.F.);
#7551 = FACE_BOUND('',#7552,.F.);
#7552 = EDGE_LOOP('',(#7553,#7554,#7575,#7576));
#7553 = ORIENTED_EDGE('',*,*,#6423,.T.);
#7554 = ORIENTED_EDGE('',*,*,#7555,.T.);
#7555 = EDGE_CURVE('',#6424,#7407,#7556,.T.);
#7556 = SURFACE_CURVE('',#7557,(#7561,#7568),.PCURVE_S1.);
#7557 = LINE('',#7558,#7559);
#7558 = CARTESIAN_POINT('',(18.5408387951,-15.80298800278,0.));
#7559 = VECTOR('',#7560,1.);
#7560 = DIRECTION('',(0.,0.,1.));
#7561 = PCURVE('',#1059,#7562);
#7562 = DEFINITIONAL_REPRESENTATION('',(#7563),#7567);
#7563 = LINE('',#7564,#7565);
#7564 = CARTESIAN_POINT('',(0.,0.));
#7565 = VECTOR('',#7566,1.);
#7566 = DIRECTION('',(0.,-1.));
#7567 = ( GEOMETRIC_REPRESENTATION_CONTEXT(2) 
PARAMETRIC_REPRESENTATION_CONTEXT() REPRESENTATION_CONTEXT('2D SPACE',''
  ) );
#7568 = PCURVE('',#6487,#7569);
#7569 = DEFINITIONAL_REPRESENTATION('',(#7570),#7574);
#7570 = LINE('',#7571,#7572);
#7571 = CARTESIAN_POINT('',(0.783964642134,0.));
#7572 = VECTOR('',#7573,1.);
#7573 = DIRECTION('',(0.,-1.));
#7574 = ( GEOMETRIC_REPRESENTATION_CONTEXT(2) 
PARAMETRIC_REPRESENTATION_CONTEXT() REPRESENTATION_CONTEXT('2D SPACE',''
  ) );
#7575 = ORIENTED_EDGE('',*,*,#7435,.T.);
#7576 = ORIENTED_EDGE('',*,*,#1043,.F.);
#7577 = ADVANCED_FACE('',(#7578),#1698,.T.);
#7578 = FACE_BOUND('',#7579,.T.);
#7579 = EDGE_LOOP('',(#7580,#7624,#7625,#7626,#7627,#7671,#7705,#7748,
    #7782,#7825));
#7580 = ORIENTED_EDGE('',*,*,#7581,.F.);
#7581 = EDGE_CURVE('',#1647,#7582,#7584,.T.);
#7582 = VERTEX_POINT('',#7583);
#7583 = CARTESIAN_POINT('',(23.958331405423,4.415369668564,
    0.391648014941));
#7584 = SURFACE_CURVE('',#7585,(#7596,#7610),.PCURVE_S1.);
#7585 = B_SPLINE_CURVE_WITH_KNOTS('',5,(#7586,#7587,#7588,#7589,#7590,
    #7591,#7592,#7593,#7594,#7595),.UNSPECIFIED.,.F.,.F.,(6,4,6),(0.,
    0.678562721325,1.),.UNSPECIFIED.);
#7586 = CARTESIAN_POINT('',(21.942233906328,3.089361483543,
    3.895440134219E-02));
#7587 = CARTESIAN_POINT('',(22.198465072007,3.304364960161,
    6.055986544557E-02));
#7588 = CARTESIAN_POINT('',(22.462552638151,3.508394484567,
    9.02935570304E-02));
#7589 = CARTESIAN_POINT('',(22.733306482988,3.70066970811,0.128923633473
    ));
#7590 = CARTESIAN_POINT('',(23.009341111808,3.880608014165,
    0.176920978785));
#7591 = CARTESIAN_POINT('',(23.421580608936,4.127102551431,
    0.261576802321));
#7592 = CARTESIAN_POINT('',(23.554923987975,4.20349338763,0.290909283118
    ));
#7593 = CARTESIAN_POINT('',(23.688937984902,4.277009646663,
    0.322372247641));
#7594 = CARTESIAN_POINT('',(23.823460590511,4.347634999579,
    0.355959281399));
#7595 = CARTESIAN_POINT('',(23.958331405423,4.415369668565,
    0.391648014941));
#7596 = PCURVE('',#1698,#7597);
#7597 = DEFINITIONAL_REPRESENTATION('',(#7598),#7609);
#7598 = B_SPLINE_CURVE_WITH_KNOTS('',5,(#7599,#7600,#7601,#7602,#7603,
    #7604,#7605,#7606,#7607,#7608),.UNSPECIFIED.,.F.,.F.,(6,4,6),(0.,
    0.678562721325,1.),.UNSPECIFIED.);
#7599 = CARTESIAN_POINT('',(0.139875782034,4.7883970997));
#7600 = CARTESIAN_POINT('',(0.147871748711,4.809473095102));
#7601 = CARTESIAN_POINT('',(0.155071929362,4.831187248477));
#7602 = CARTESIAN_POINT('',(0.161486532387,4.85342437525));
#7603 = CARTESIAN_POINT('',(0.167145709183,4.876069436946));
#7604 = CARTESIAN_POINT('',(0.17443308217,4.909868150788));
#7605 = CARTESIAN_POINT('',(0.176615319246,4.920797661649));
#7606 = CARTESIAN_POINT('',(0.178641877239,4.931780347325));
#7607 = CARTESIAN_POINT('',(0.180517819321,4.942804674322));
#7608 = CARTESIAN_POINT('',(0.182248754647,4.953859745101));
#7609 = ( GEOMETRIC_REPRESENTATION_CONTEXT(2) 
PARAMETRIC_REPRESENTATION_CONTEXT() REPRESENTATION_CONTEXT('2D SPACE',''
  ) );
#7610 = PCURVE('',#1662,#7611);
#7611 = DEFINITIONAL_REPRESENTATION('',(#7612),#7623);
#7612 = B_SPLINE_CURVE_WITH_KNOTS('',5,(#7613,#7614,#7615,#7616,#7617,
    #7618,#7619,#7620,#7621,#7622),.UNSPECIFIED.,.F.,.F.,(6,4,6),(0.,
    0.678562721325,1.),.UNSPECIFIED.);
#7613 = CARTESIAN_POINT('',(0.,-3.895440134219E-02));
#7614 = CARTESIAN_POINT('',(3.218416765641E-02,-6.055986544557E-02));
#7615 = CARTESIAN_POINT('',(6.42686990637E-02,-9.02935570304E-02));
#7616 = CARTESIAN_POINT('',(9.618702333102E-02,-0.128923633473));
#7617 = CARTESIAN_POINT('',(0.127867977275,-0.176920978785));
#7618 = CARTESIAN_POINT('',(0.174083619971,-0.261576802321));
#7619 = CARTESIAN_POINT('',(0.188867612393,-0.290909283118));
#7620 = CARTESIAN_POINT('',(0.203571901269,-0.322372247641));
#7621 = CARTESIAN_POINT('',(0.218188673198,-0.355959281399));
#7622 = CARTESIAN_POINT('',(0.232710566933,-0.391648014941));
#7623 = ( GEOMETRIC_REPRESENTATION_CONTEXT(2) 
PARAMETRIC_REPRESENTATION_CONTEXT() REPRESENTATION_CONTEXT('2D SPACE',''
  ) );
#7624 = ORIENTED_EDGE('',*,*,#1674,.F.);
#7625 = ORIENTED_EDGE('',*,*,#1851,.T.);
#7626 = ORIENTED_EDGE('',*,*,#2250,.T.);
#7627 = ORIENTED_EDGE('',*,*,#7628,.T.);
#7628 = EDGE_CURVE('',#2251,#7629,#7631,.T.);
#7629 = VERTEX_POINT('',#7630);
#7630 = CARTESIAN_POINT('',(22.956208463665,8.155343402635,
    0.391648014941));
#7631 = SURFACE_CURVE('',#7632,(#7643,#7657),.PCURVE_S1.);
#7632 = B_SPLINE_CURVE_WITH_KNOTS('',5,(#7633,#7634,#7635,#7636,#7637,
    #7638,#7639,#7640,#7641,#7642),.UNSPECIFIED.,.F.,.F.,(6,4,6),(0.,
    0.678562721325,1.),.UNSPECIFIED.);
#7633 = CARTESIAN_POINT('',(20.547212720432,8.295651426942,
    3.895440134219E-02));
#7634 = CARTESIAN_POINT('',(20.87661715746,8.237568537129,
    6.055986544558E-02));
#7635 = CARTESIAN_POINT('',(21.207338460768,8.192917568943,
    9.02935570304E-02));
#7636 = CARTESIAN_POINT('',(21.53795578034,8.161779263255,0.128923633473
    ));
#7637 = CARTESIAN_POINT('',(21.86697793425,8.143965433508,0.176920978785
    ));
#7638 = CARTESIAN_POINT('',(22.347235079839,8.136614650905,
    0.261576802321));
#7639 = CARTESIAN_POINT('',(22.500909251613,8.137129935661,
    0.290909283118));
#7640 = CARTESIAN_POINT('',(22.653726906931,8.14046998621,0.322372247641
    ));
#7641 = CARTESIAN_POINT('',(22.80553957723,8.146567939238,0.355959281399
    ));
#7642 = CARTESIAN_POINT('',(22.956208463665,8.155343402635,
    0.391648014941));
#7643 = PCURVE('',#1698,#7644);
#7644 = DEFINITIONAL_REPRESENTATION('',(#7645),#7656);
#7645 = B_SPLINE_CURVE_WITH_KNOTS('',5,(#7646,#7647,#7648,#7649,#7650,
    #7651,#7652,#7653,#7654,#7655),.UNSPECIFIED.,.F.,.F.,(6,4,6),(0.,
    0.678562721325,1.),.UNSPECIFIED.);
#7646 = CARTESIAN_POINT('',(0.383722993564,4.7883970997));
#7647 = CARTESIAN_POINT('',(0.375727026887,4.809473095102));
#7648 = CARTESIAN_POINT('',(0.368526846236,4.831187248477));
#7649 = CARTESIAN_POINT('',(0.362112243211,4.85342437525));
#7650 = CARTESIAN_POINT('',(0.356453066415,4.876069436946));
#7651 = CARTESIAN_POINT('',(0.349165693428,4.909868150788));
#7652 = CARTESIAN_POINT('',(0.346983456352,4.920797661649));
#7653 = CARTESIAN_POINT('',(0.344956898359,4.931780347325));
#7654 = CARTESIAN_POINT('',(0.343080956277,4.942804674322));
#7655 = CARTESIAN_POINT('',(0.341350020951,4.953859745101));
#7656 = ( GEOMETRIC_REPRESENTATION_CONTEXT(2) 
PARAMETRIC_REPRESENTATION_CONTEXT() REPRESENTATION_CONTEXT('2D SPACE',''
  ) );
#7657 = PCURVE('',#2301,#7658);
#7658 = DEFINITIONAL_REPRESENTATION('',(#7659),#7670);
#7659 = B_SPLINE_CURVE_WITH_KNOTS('',5,(#7660,#7661,#7662,#7663,#7664,
    #7665,#7666,#7667,#7668,#7669),.UNSPECIFIED.,.F.,.F.,(6,4,6),(0.,
    0.678562721325,1.),.UNSPECIFIED.);
#7660 = CARTESIAN_POINT('',(0.232710566933,-3.895440134219E-02));
#7661 = CARTESIAN_POINT('',(0.200526399276,-6.055986544558E-02));
#7662 = CARTESIAN_POINT('',(0.168441867869,-9.02935570304E-02));
#7663 = CARTESIAN_POINT('',(0.136523543602,-0.128923633473));
#7664 = CARTESIAN_POINT('',(0.104842589657,-0.176920978785));
#7665 = CARTESIAN_POINT('',(5.86269469619E-02,-0.261576802321));
#7666 = CARTESIAN_POINT('',(4.38429545396E-02,-0.290909283118));
#7667 = CARTESIAN_POINT('',(2.913866566402E-02,-0.322372247641));
#7668 = CARTESIAN_POINT('',(1.452189373431E-02,-0.355959281399));
#7669 = CARTESIAN_POINT('',(0.,-0.391648014941));
#7670 = ( GEOMETRIC_REPRESENTATION_CONTEXT(2) 
PARAMETRIC_REPRESENTATION_CONTEXT() REPRESENTATION_CONTEXT('2D SPACE',''
  ) );
#7671 = ORIENTED_EDGE('',*,*,#7672,.T.);
#7672 = EDGE_CURVE('',#7629,#7673,#7675,.T.);
#7673 = VERTEX_POINT('',#7674);
#7674 = CARTESIAN_POINT('',(23.738846761703,8.200926892624,
    0.600598998088));
#7675 = SURFACE_CURVE('',#7676,(#7682,#7691),.PCURVE_S1.);
#7676 = B_SPLINE_CURVE_WITH_KNOTS('',4,(#7677,#7678,#7679,#7680,#7681),
  .UNSPECIFIED.,.F.,.F.,(5,5),(0.,1.),.PIECEWISE_BEZIER_KNOTS.);
#7677 = CARTESIAN_POINT('',(22.877944633861,8.150785053636,
    0.373341058361));
#7678 = CARTESIAN_POINT('',(23.114770651346,8.164578598399,
    0.428039076436));
#7679 = CARTESIAN_POINT('',(23.350365513124,8.178300436508,
    0.488082200825));
#7680 = CARTESIAN_POINT('',(23.584541864363,8.191939655786,
    0.553458259061));
#7681 = CARTESIAN_POINT('',(23.817110591507,8.205485241623,
    0.624138849873));
#7682 = PCURVE('',#1698,#7683);
#7683 = DEFINITIONAL_REPRESENTATION('',(#7684),#7690);
#7684 = B_SPLINE_CURVE_WITH_KNOTS('',4,(#7685,#7686,#7687,#7688,#7689),
  .UNSPECIFIED.,.F.,.F.,(5,5),(0.,1.),.PIECEWISE_BEZIER_KNOTS.);
#7685 = CARTESIAN_POINT('',(0.342251929517,4.94812205133));
#7686 = CARTESIAN_POINT('',(0.339514302461,4.965469958185));
#7687 = CARTESIAN_POINT('',(0.336859344207,4.982842524983));
#7688 = CARTESIAN_POINT('',(0.33428391736,5.000239184384));
#7689 = CARTESIAN_POINT('',(0.331785082387,5.017659192849));
#7690 = ( GEOMETRIC_REPRESENTATION_CONTEXT(2) 
PARAMETRIC_REPRESENTATION_CONTEXT() REPRESENTATION_CONTEXT('2D SPACE',''
  ) );
#7691 = PCURVE('',#7692,#7697);
#7692 = PLANE('',#7693);
#7693 = AXIS2_PLACEMENT_3D('',#7694,#7695,#7696);
#7694 = CARTESIAN_POINT('',(23.738846761703,8.200926892624,0.));
#7695 = DIRECTION('',(5.814482891048E-02,-0.998308158271,0.));
#7696 = DIRECTION('',(-0.998308158271,-5.814482891048E-02,0.));
#7697 = DEFINITIONAL_REPRESENTATION('',(#7698),#7704);
#7698 = B_SPLINE_CURVE_WITH_KNOTS('',4,(#7699,#7700,#7701,#7702,#7703),
  .UNSPECIFIED.,.F.,.F.,(5,5),(0.,1.),.PIECEWISE_BEZIER_KNOTS.);
#7699 = CARTESIAN_POINT('',(0.862361106347,-0.373341058361));
#7700 = CARTESIAN_POINT('',(0.6251337377,-0.428039076436));
#7701 = CARTESIAN_POINT('',(0.389139611212,-0.488082200825));
#7702 = CARTESIAN_POINT('',(0.154566399224,-0.553458259061));
#7703 = CARTESIAN_POINT('',(-7.839646421336E-02,-0.624138849873));
#7704 = ( GEOMETRIC_REPRESENTATION_CONTEXT(2) 
PARAMETRIC_REPRESENTATION_CONTEXT() REPRESENTATION_CONTEXT('2D SPACE',''
  ) );
#7705 = ORIENTED_EDGE('',*,*,#7706,.T.);
#7706 = EDGE_CURVE('',#7673,#7707,#7709,.T.);
#7707 = VERTEX_POINT('',#7708);
#7708 = CARTESIAN_POINT('',(26.37209188001,7.825061472663,1.6));
#7709 = SURFACE_CURVE('',#7710,(#7719,#7731),.PCURVE_S1.);
#7710 = B_SPLINE_CURVE_WITH_KNOTS('',7,(#7711,#7712,#7713,#7714,#7715,
    #7716,#7717,#7718),.UNSPECIFIED.,.F.,.F.,(8,8),(0.,1.),
  .PIECEWISE_BEZIER_KNOTS.);
#7711 = CARTESIAN_POINT('',(23.738846761703,8.200926892624,
    0.600598998088));
#7712 = CARTESIAN_POINT('',(24.136974142402,8.224115171958,
    0.719099553286));
#7713 = CARTESIAN_POINT('',(24.5304485643,8.219273801291,0.848182674857)
  );
#7714 = CARTESIAN_POINT('',(24.917230070126,8.187856613964,
    0.986310340721));
#7715 = CARTESIAN_POINT('',(25.295769339819,8.131398739824,
    1.131937080567));
#7716 = CARTESIAN_POINT('',(25.664909913295,8.051337511195,
    1.283614655301));
#7717 = CARTESIAN_POINT('',(26.02384947934,7.948929513723,1.440024629007
    ));
#7718 = CARTESIAN_POINT('',(26.37209188001,7.825061472662,1.6));
#7719 = PCURVE('',#1698,#7720);
#7720 = DEFINITIONAL_REPRESENTATION('',(#7721),#7730);
#7721 = B_SPLINE_CURVE_WITH_KNOTS('',7,(#7722,#7723,#7724,#7725,#7726,
    #7727,#7728,#7729),.UNSPECIFIED.,.F.,.F.,(8,8),(0.,1.),
  .PIECEWISE_BEZIER_KNOTS.);
#7722 = CARTESIAN_POINT('',(0.332628511982,5.011803082344));
#7723 = CARTESIAN_POINT('',(0.328325084635,5.041562392828));
#7724 = CARTESIAN_POINT('',(0.323180767278,5.070632248963));
#7725 = CARTESIAN_POINT('',(0.317321300637,5.098948728532));
#7726 = CARTESIAN_POINT('',(0.310848597676,5.126477188547));
#7727 = CARTESIAN_POINT('',(0.303841844369,5.153198073043));
#7728 = CARTESIAN_POINT('',(0.29636059391,5.179104389785));
#7729 = CARTESIAN_POINT('',(0.288442623038,5.204198588418));
#7730 = ( GEOMETRIC_REPRESENTATION_CONTEXT(2) 
PARAMETRIC_REPRESENTATION_CONTEXT() REPRESENTATION_CONTEXT('2D SPACE',''
  ) );
#7731 = PCURVE('',#7732,#7737);
#7732 = CYLINDRICAL_SURFACE('',#7733,6.695751497138);
#7733 = AXIS2_PLACEMENT_3D('',#7734,#7735,#7736);
#7734 = CARTESIAN_POINT('',(24.128170086931,1.516503547274,0.));
#7735 = DIRECTION('',(-0.,-0.,-1.));
#7736 = DIRECTION('',(0.33512620563,0.942173246436,-0.));
#7737 = DEFINITIONAL_REPRESENTATION('',(#7738),#7747);
#7738 = B_SPLINE_CURVE_WITH_KNOTS('',7,(#7739,#7740,#7741,#7742,#7743,
    #7744,#7745,#7746),.UNSPECIFIED.,.F.,.F.,(8,8),(0.,1.),
  .PIECEWISE_BEZIER_KNOTS.);
#7739 = CARTESIAN_POINT('',(-0.399916820262,-0.600598998088));
#7740 = CARTESIAN_POINT('',(-0.34035635257,-0.719099553286));
#7741 = CARTESIAN_POINT('',(-0.281733038894,-0.848182674858));
#7742 = CARTESIAN_POINT('',(-0.22399320487,-0.98631034072));
#7743 = CARTESIAN_POINT('',(-0.167058643527,-1.131937080567));
#7744 = CARTESIAN_POINT('',(-0.110834318449,-1.283614655301));
#7745 = CARTESIAN_POINT('',(-5.520158565374E-02,-1.440024629007));
#7746 = CARTESIAN_POINT('',(0.,-1.6));
#7747 = ( GEOMETRIC_REPRESENTATION_CONTEXT(2) 
PARAMETRIC_REPRESENTATION_CONTEXT() REPRESENTATION_CONTEXT('2D SPACE',''
  ) );
#7748 = ORIENTED_EDGE('',*,*,#7749,.T.);
#7749 = EDGE_CURVE('',#7707,#7750,#7752,.T.);
#7750 = VERTEX_POINT('',#7751);
#7751 = CARTESIAN_POINT('',(26.751432255357,6.409343918504,1.6));
#7752 = SURFACE_CURVE('',#7753,(#7759,#7768),.PCURVE_S1.);
#7753 = B_SPLINE_CURVE_WITH_KNOTS('',4,(#7754,#7755,#7756,#7757,#7758),
  .UNSPECIFIED.,.F.,.F.,(5,5),(0.,1.),.PIECEWISE_BEZIER_KNOTS.);
#7754 = CARTESIAN_POINT('',(26.37209188001,7.825061472662,1.6));
#7755 = CARTESIAN_POINT('',(26.466920450608,7.47115642918,1.594771077215
    ));
#7756 = CARTESIAN_POINT('',(26.561762107442,7.117202547201,
    1.593038407659));
#7757 = CARTESIAN_POINT('',(26.656603685701,6.76324895847,1.594771077267
    ));
#7758 = CARTESIAN_POINT('',(26.751432255357,6.409343918505,1.6));
#7759 = PCURVE('',#1698,#7760);
#7760 = DEFINITIONAL_REPRESENTATION('',(#7761),#7767);
#7761 = B_SPLINE_CURVE_WITH_KNOTS('',4,(#7762,#7763,#7764,#7765,#7766),
  .UNSPECIFIED.,.F.,.F.,(5,5),(0.,1.),.PIECEWISE_BEZIER_KNOTS.);
#7762 = CARTESIAN_POINT('',(0.288442623038,5.204198588418));
#7763 = CARTESIAN_POINT('',(0.275128224759,5.203378364491));
#7764 = CARTESIAN_POINT('',(0.261799381758,5.203104898197));
#7765 = CARTESIAN_POINT('',(0.248470550707,5.203378364499));
#7766 = CARTESIAN_POINT('',(0.23515615256,5.204198588418));
#7767 = ( GEOMETRIC_REPRESENTATION_CONTEXT(2) 
PARAMETRIC_REPRESENTATION_CONTEXT() REPRESENTATION_CONTEXT('2D SPACE',''
  ) );
#7768 = PCURVE('',#7769,#7774);
#7769 = PLANE('',#7770);
#7770 = AXIS2_PLACEMENT_3D('',#7771,#7772,#7773);
#7771 = CARTESIAN_POINT('',(26.751432255357,6.409343918505,0.));
#7772 = DIRECTION('',(-0.965925826289,-0.258819045103,0.));
#7773 = DIRECTION('',(-0.258819045103,0.965925826289,0.));
#7774 = DEFINITIONAL_REPRESENTATION('',(#7775),#7781);
#7775 = B_SPLINE_CURVE_WITH_KNOTS('',4,(#7776,#7777,#7778,#7779,#7780),
  .UNSPECIFIED.,.F.,.F.,(5,5),(0.,1.),.PIECEWISE_BEZIER_KNOTS.);
#7776 = CARTESIAN_POINT('',(1.465658662007,-1.6));
#7777 = CARTESIAN_POINT('',(1.099269200363,-1.594771077215));
#7778 = CARTESIAN_POINT('',(0.732829177387,-1.593038407659));
#7779 = CARTESIAN_POINT('',(0.366389458003,-1.594771077267));
#7780 = CARTESIAN_POINT('',(-8.171241461241E-14,-1.6));
#7781 = ( GEOMETRIC_REPRESENTATION_CONTEXT(2) 
PARAMETRIC_REPRESENTATION_CONTEXT() REPRESENTATION_CONTEXT('2D SPACE',''
  ) );
#7782 = ORIENTED_EDGE('',*,*,#7783,.F.);
#7783 = EDGE_CURVE('',#7784,#7750,#7786,.T.);
#7784 = VERTEX_POINT('',#7785);
#7785 = CARTESIAN_POINT('',(24.658907798493,4.76721235726,0.600598998088
    ));
#7786 = SURFACE_CURVE('',#7787,(#7796,#7808),.PCURVE_S1.);
#7787 = B_SPLINE_CURVE_WITH_KNOTS('',7,(#7788,#7789,#7790,#7791,#7792,
    #7793,#7794,#7795),.UNSPECIFIED.,.F.,.F.,(8,8),(0.,1.),
  .PIECEWISE_BEZIER_KNOTS.);
#7788 = CARTESIAN_POINT('',(24.658907798493,4.76721235726,0.600598998088
    ));
#7789 = CARTESIAN_POINT('',(25.015290363787,4.946194408636,
    0.719099553285));
#7790 = CARTESIAN_POINT('',(25.353628523557,5.147124369573,
    0.848182674858));
#7791 = CARTESIAN_POINT('',(25.672882539651,5.367723204824,0.98631034072
    ));
#7792 = CARTESIAN_POINT('',(25.972478226468,5.605886792922,
    1.131937080567));
#7793 = CARTESIAN_POINT('',(26.252132726349,5.859792137509,
    1.283614655301));
#7794 = CARTESIAN_POINT('',(26.511779510232,6.127949847894,
    1.440024629007));
#7795 = CARTESIAN_POINT('',(26.751432255357,6.409343918505,1.6));
#7796 = PCURVE('',#1698,#7797);
#7797 = DEFINITIONAL_REPRESENTATION('',(#7798),#7807);
#7798 = B_SPLINE_CURVE_WITH_KNOTS('',7,(#7799,#7800,#7801,#7802,#7803,
    #7804,#7805,#7806),.UNSPECIFIED.,.F.,.F.,(8,8),(0.,1.),
  .PIECEWISE_BEZIER_KNOTS.);
#7799 = CARTESIAN_POINT('',(0.190970263617,5.011803082344));
#7800 = CARTESIAN_POINT('',(0.195273690963,5.041562392828));
#7801 = CARTESIAN_POINT('',(0.20041800832,5.070632248963));
#7802 = CARTESIAN_POINT('',(0.206277474961,5.098948728532));
#7803 = CARTESIAN_POINT('',(0.212750177922,5.126477188547));
#7804 = CARTESIAN_POINT('',(0.219756931229,5.153198073043));
#7805 = CARTESIAN_POINT('',(0.227238181688,5.179104389785));
#7806 = CARTESIAN_POINT('',(0.23515615256,5.204198588418));
#7807 = ( GEOMETRIC_REPRESENTATION_CONTEXT(2) 
PARAMETRIC_REPRESENTATION_CONTEXT() REPRESENTATION_CONTEXT('2D SPACE',''
  ) );
#7808 = PCURVE('',#7809,#7814);
#7809 = CYLINDRICAL_SURFACE('',#7810,6.695751497138);
#7810 = AXIS2_PLACEMENT_3D('',#7811,#7812,#7813);
#7811 = CARTESIAN_POINT('',(21.653860015751,10.750754446597,0.));
#7812 = DIRECTION('',(-0.,-0.,-1.));
#7813 = DIRECTION('',(0.4487991802,-0.893632640323,0.));
#7814 = DEFINITIONAL_REPRESENTATION('',(#7815),#7824);
#7815 = B_SPLINE_CURVE_WITH_KNOTS('',7,(#7816,#7817,#7818,#7819,#7820,
    #7821,#7822,#7823),.UNSPECIFIED.,.F.,.F.,(8,8),(0.,1.),
  .PIECEWISE_BEZIER_KNOTS.);
#7816 = CARTESIAN_POINT('',(0.,-0.600598998088));
#7817 = CARTESIAN_POINT('',(-5.956046769168E-02,-0.719099553285));
#7818 = CARTESIAN_POINT('',(-0.118183781368,-0.848182674858));
#7819 = CARTESIAN_POINT('',(-0.175923615391,-0.98631034072));
#7820 = CARTESIAN_POINT('',(-0.232858176735,-1.131937080567));
#7821 = CARTESIAN_POINT('',(-0.289082501812,-1.283614655301));
#7822 = CARTESIAN_POINT('',(-0.344715234608,-1.440024629007));
#7823 = CARTESIAN_POINT('',(-0.399916820262,-1.6));
#7824 = ( GEOMETRIC_REPRESENTATION_CONTEXT(2) 
PARAMETRIC_REPRESENTATION_CONTEXT() REPRESENTATION_CONTEXT('2D SPACE',''
  ) );
#7825 = ORIENTED_EDGE('',*,*,#7826,.F.);
#7826 = EDGE_CURVE('',#7582,#7784,#7827,.T.);
#7827 = SURFACE_CURVE('',#7828,(#7834,#7843),.PCURVE_S1.);
#7828 = B_SPLINE_CURVE_WITH_KNOTS('',4,(#7829,#7830,#7831,#7832,#7833),
  .UNSPECIFIED.,.F.,.F.,(5,5),(0.,1.),.PIECEWISE_BEZIER_KNOTS.);
#7829 = CARTESIAN_POINT('',(23.888273766116,4.380185399695,
    0.373341058361));
#7830 = CARTESIAN_POINT('',(24.100267885917,4.486652848265,
    0.428039076436));
#7831 = CARTESIAN_POINT('',(24.311159940271,4.592566818765,
    0.488082200825));
#7832 = CARTESIAN_POINT('',(24.520782219049,4.697843084002,
    0.553458259061));
#7833 = CARTESIAN_POINT('',(24.7289654378,4.80239662613,0.624138849873)
  );
#7834 = PCURVE('',#1698,#7835);
#7835 = DEFINITIONAL_REPRESENTATION('',(#7836),#7842);
#7836 = B_SPLINE_CURVE_WITH_KNOTS('',4,(#7837,#7838,#7839,#7840,#7841),
  .UNSPECIFIED.,.F.,.F.,(5,5),(0.,1.),.PIECEWISE_BEZIER_KNOTS.);
#7837 = CARTESIAN_POINT('',(0.181346846081,4.94812205133));
#7838 = CARTESIAN_POINT('',(0.184084473138,4.965469958185));
#7839 = CARTESIAN_POINT('',(0.186739431392,4.982842524983));
#7840 = CARTESIAN_POINT('',(0.189314858238,5.000239184384));
#7841 = CARTESIAN_POINT('',(0.191813693211,5.017659192849));
#7842 = ( GEOMETRIC_REPRESENTATION_CONTEXT(2) 
PARAMETRIC_REPRESENTATION_CONTEXT() REPRESENTATION_CONTEXT('2D SPACE',''
  ) );
#7843 = PCURVE('',#7844,#7849);
#7844 = PLANE('',#7845);
#7845 = AXIS2_PLACEMENT_3D('',#7846,#7847,#7848);
#7846 = CARTESIAN_POINT('',(23.958331405423,4.415369668564,0.));
#7847 = DIRECTION('',(-0.4487991802,0.893632640323,0.));
#7848 = DIRECTION('',(0.893632640323,0.4487991802,0.));
#7849 = DEFINITIONAL_REPRESENTATION('',(#7850),#7856);
#7850 = B_SPLINE_CURVE_WITH_KNOTS('',4,(#7851,#7852,#7853,#7854,#7855),
  .UNSPECIFIED.,.F.,.F.,(5,5),(0.,1.),.PIECEWISE_BEZIER_KNOTS.);
#7851 = CARTESIAN_POINT('',(-7.839646421336E-02,-0.373341058361));
#7852 = CARTESIAN_POINT('',(0.158830904433,-0.428039076436));
#7853 = CARTESIAN_POINT('',(0.394825030922,-0.488082200825));
#7854 = CARTESIAN_POINT('',(0.62939824291,-0.553458259061));
#7855 = CARTESIAN_POINT('',(0.862361106347,-0.624138849873));
#7856 = ( GEOMETRIC_REPRESENTATION_CONTEXT(2) 
PARAMETRIC_REPRESENTATION_CONTEXT() REPRESENTATION_CONTEXT('2D SPACE',''
  ) );
#7857 = ADVANCED_FACE('',(#7858),#1662,.F.);
#7858 = FACE_BOUND('',#7859,.F.);
#7859 = EDGE_LOOP('',(#7860,#7861,#7862,#7906));
#7860 = ORIENTED_EDGE('',*,*,#7581,.F.);
#7861 = ORIENTED_EDGE('',*,*,#1646,.T.);
#7862 = ORIENTED_EDGE('',*,*,#7863,.F.);
#7863 = EDGE_CURVE('',#7864,#1607,#7866,.T.);
#7864 = VERTEX_POINT('',#7865);
#7865 = CARTESIAN_POINT('',(23.958331405423,4.415369668564,
    6.808351985059));
#7866 = SURFACE_CURVE('',#7867,(#7878,#7892),.PCURVE_S1.);
#7867 = B_SPLINE_CURVE_WITH_KNOTS('',5,(#7868,#7869,#7870,#7871,#7872,
    #7873,#7874,#7875,#7876,#7877),.UNSPECIFIED.,.F.,.F.,(6,4,6),(0.,
    0.323177195971,1.),.UNSPECIFIED.);
#7868 = CARTESIAN_POINT('',(23.958331405423,4.415369668565,
    6.808351985059));
#7869 = CARTESIAN_POINT('',(23.822730527979,4.347268348307,
    6.844233903116));
#7870 = CARTESIAN_POINT('',(23.687481629118,4.276244961745,6.87799131104
    ));
#7871 = CARTESIAN_POINT('',(23.55274774747,4.202299286516,6.90960146541)
  );
#7872 = CARTESIAN_POINT('',(23.418693543615,4.125448009396,
    6.939057935769));
#7873 = CARTESIAN_POINT('',(23.00651024235,3.878762030044,7.023570918743
    ));
#7874 = CARTESIAN_POINT('',(22.731223809502,3.699190392084,
    7.071373368016));
#7875 = CARTESIAN_POINT('',(22.461198309358,3.507348032161,
    7.109858873621));
#7876 = CARTESIAN_POINT('',(22.197808104886,3.303813699292,
    7.139495530156));
#7877 = CARTESIAN_POINT('',(21.942233906328,3.089361483543,
    7.161045598658));
#7878 = PCURVE('',#1662,#7879);
#7879 = DEFINITIONAL_REPRESENTATION('',(#7880),#7891);
#7880 = B_SPLINE_CURVE_WITH_KNOTS('',5,(#7881,#7882,#7883,#7884,#7885,
    #7886,#7887,#7888,#7889,#7890),.UNSPECIFIED.,.F.,.F.,(6,4,6),(0.,
    0.323177195971,1.),.UNSPECIFIED.);
#7881 = CARTESIAN_POINT('',(0.232710566933,-6.808351985059));
#7882 = CARTESIAN_POINT('',(0.21811006545,-6.844233903116));
#7883 = CARTESIAN_POINT('',(0.203413654971,-6.87799131104));
#7884 = CARTESIAN_POINT('',(0.188628818353,-6.90960146541));
#7885 = CARTESIAN_POINT('',(0.173763498956,-6.939057935769));
#7886 = CARTESIAN_POINT('',(0.127543040013,-7.023570918743));
#7887 = CARTESIAN_POINT('',(9.594148557817E-02,-7.071373368016));
#7888 = CARTESIAN_POINT('',(6.410415142277E-02,-7.109858873621));
#7889 = CARTESIAN_POINT('',(3.210164865477E-02,-7.139495530156));
#7890 = CARTESIAN_POINT('',(0.,-7.161045598658));
#7891 = ( GEOMETRIC_REPRESENTATION_CONTEXT(2) 
PARAMETRIC_REPRESENTATION_CONTEXT() REPRESENTATION_CONTEXT('2D SPACE',''
  ) );
#7892 = PCURVE('',#1630,#7893);
#7893 = DEFINITIONAL_REPRESENTATION('',(#7894),#7905);
#7894 = B_SPLINE_CURVE_WITH_KNOTS('',5,(#7895,#7896,#7897,#7898,#7899,
    #7900,#7901,#7902,#7903,#7904),.UNSPECIFIED.,.F.,.F.,(6,4,6),(0.,
    0.323177195971,1.),.UNSPECIFIED.);
#7895 = CARTESIAN_POINT('',(0.182248758387,1.329325564959));
#7896 = CARTESIAN_POINT('',(0.180508453437,1.3404404774));
#7897 = CARTESIAN_POINT('',(0.178621562621,1.351524309087));
#7898 = CARTESIAN_POINT('',(0.176582393503,1.362565990079));
#7899 = CARTESIAN_POINT('',(0.174385804129,1.373553795735));
#7900 = CARTESIAN_POINT('',(0.167087637238,1.407348107694));
#7901 = CARTESIAN_POINT('',(0.161437172471,1.42993198264));
#7902 = CARTESIAN_POINT('',(0.155034997382,1.452109416494));
#7903 = CARTESIAN_POINT('',(0.147851247352,1.473766250141));
#7904 = CARTESIAN_POINT('',(0.139875782034,1.494788207479));
#7905 = ( GEOMETRIC_REPRESENTATION_CONTEXT(2) 
PARAMETRIC_REPRESENTATION_CONTEXT() REPRESENTATION_CONTEXT('2D SPACE',''
  ) );
#7906 = ORIENTED_EDGE('',*,*,#7907,.F.);
#7907 = EDGE_CURVE('',#7582,#7864,#7908,.T.);
#7908 = SURFACE_CURVE('',#7909,(#7913,#7920),.PCURVE_S1.);
#7909 = LINE('',#7910,#7911);
#7910 = CARTESIAN_POINT('',(23.958331405423,4.415369668564,0.));
#7911 = VECTOR('',#7912,1.);
#7912 = DIRECTION('',(0.,0.,1.));
#7913 = PCURVE('',#1662,#7914);
#7914 = DEFINITIONAL_REPRESENTATION('',(#7915),#7919);
#7915 = LINE('',#7916,#7917);
#7916 = CARTESIAN_POINT('',(0.232710566933,0.));
#7917 = VECTOR('',#7918,1.);
#7918 = DIRECTION('',(0.,-1.));
#7919 = ( GEOMETRIC_REPRESENTATION_CONTEXT(2) 
PARAMETRIC_REPRESENTATION_CONTEXT() REPRESENTATION_CONTEXT('2D SPACE',''
  ) );
#7920 = PCURVE('',#7844,#7921);
#7921 = DEFINITIONAL_REPRESENTATION('',(#7922),#7926);
#7922 = LINE('',#7923,#7924);
#7923 = CARTESIAN_POINT('',(-3.573434651733E-15,-0.));
#7924 = VECTOR('',#7925,1.);
#7925 = DIRECTION('',(0.,-1.));
#7926 = ( GEOMETRIC_REPRESENTATION_CONTEXT(2) 
PARAMETRIC_REPRESENTATION_CONTEXT() REPRESENTATION_CONTEXT('2D SPACE',''
  ) );
#7927 = ADVANCED_FACE('',(#7928),#1630,.T.);
#7928 = FACE_BOUND('',#7929,.T.);
#7929 = EDGE_LOOP('',(#7930,#7970,#7999,#8037,#8066,#8108,#8109,#8131,
    #8132,#8133));
#7930 = ORIENTED_EDGE('',*,*,#7931,.F.);
#7931 = EDGE_CURVE('',#7932,#7934,#7936,.T.);
#7932 = VERTEX_POINT('',#7933);
#7933 = CARTESIAN_POINT('',(26.751432255357,6.409343918504,5.6));
#7934 = VERTEX_POINT('',#7935);
#7935 = CARTESIAN_POINT('',(24.658907798493,4.76721235726,6.599401001912
    ));
#7936 = SURFACE_CURVE('',#7937,(#7946,#7958),.PCURVE_S1.);
#7937 = B_SPLINE_CURVE_WITH_KNOTS('',7,(#7938,#7939,#7940,#7941,#7942,
    #7943,#7944,#7945),.UNSPECIFIED.,.F.,.F.,(8,8),(0.,1.),
  .PIECEWISE_BEZIER_KNOTS.);
#7938 = CARTESIAN_POINT('',(26.751432255357,6.409343918505,5.6));
#7939 = CARTESIAN_POINT('',(26.511779510169,6.12794984782,5.759975371035
    ));
#7940 = CARTESIAN_POINT('',(26.252132726455,5.859792137653,
    5.916385344619));
#7941 = CARTESIAN_POINT('',(25.972478226702,5.605886793121,
    6.068062919312));
#7942 = CARTESIAN_POINT('',(25.672882539788,5.367723204879,6.21368965924
    ));
#7943 = CARTESIAN_POINT('',(25.353628523417,5.147124369441,
    6.351817325222));
#7944 = CARTESIAN_POINT('',(25.015290363436,4.94619440846,6.480900446831
    ));
#7945 = CARTESIAN_POINT('',(24.658907798493,4.76721235726,6.599401001912
    ));
#7946 = PCURVE('',#1630,#7947);
#7947 = DEFINITIONAL_REPRESENTATION('',(#7948),#7957);
#7948 = B_SPLINE_CURVE_WITH_KNOTS('',7,(#7949,#7950,#7951,#7952,#7953,
    #7954,#7955,#7956),.UNSPECIFIED.,.F.,.F.,(8,8),(0.,1.),
  .PIECEWISE_BEZIER_KNOTS.);
#7949 = CARTESIAN_POINT('',(0.23515615256,1.078986718762));
#7950 = CARTESIAN_POINT('',(0.227238181686,1.104080917401));
#7951 = CARTESIAN_POINT('',(0.219756931233,1.129987234125));
#7952 = CARTESIAN_POINT('',(0.212750177928,1.156708118611));
#7953 = CARTESIAN_POINT('',(0.206277474962,1.184236578637));
#7954 = CARTESIAN_POINT('',(0.200418008317,1.21255305823));
#7955 = CARTESIAN_POINT('',(0.195273690959,1.241622914381));
#7956 = CARTESIAN_POINT('',(0.190970263617,1.271382224835));
#7957 = ( GEOMETRIC_REPRESENTATION_CONTEXT(2) 
PARAMETRIC_REPRESENTATION_CONTEXT() REPRESENTATION_CONTEXT('2D SPACE',''
  ) );
#7958 = PCURVE('',#7809,#7959);
#7959 = DEFINITIONAL_REPRESENTATION('',(#7960),#7969);
#7960 = B_SPLINE_CURVE_WITH_KNOTS('',7,(#7961,#7962,#7963,#7964,#7965,
    #7966,#7967,#7968),.UNSPECIFIED.,.F.,.F.,(8,8),(0.,1.),
  .PIECEWISE_BEZIER_KNOTS.);
#7961 = CARTESIAN_POINT('',(-0.399916820262,-5.6));
#7962 = CARTESIAN_POINT('',(-0.344715234593,-5.759975371035));
#7963 = CARTESIAN_POINT('',(-0.289082501839,-5.916385344619));
#7964 = CARTESIAN_POINT('',(-0.23285817678,-6.068062919312));
#7965 = CARTESIAN_POINT('',(-0.175923615412,-6.21368965924));
#7966 = CARTESIAN_POINT('',(-0.118183781341,-6.351817325222));
#7967 = CARTESIAN_POINT('',(-5.95604676331E-02,-6.480900446831));
#7968 = CARTESIAN_POINT('',(0.,-6.599401001912));
#7969 = ( GEOMETRIC_REPRESENTATION_CONTEXT(2) 
PARAMETRIC_REPRESENTATION_CONTEXT() REPRESENTATION_CONTEXT('2D SPACE',''
  ) );
#7970 = ORIENTED_EDGE('',*,*,#7971,.T.);
#7971 = EDGE_CURVE('',#7932,#7972,#7974,.T.);
#7972 = VERTEX_POINT('',#7973);
#7973 = CARTESIAN_POINT('',(26.37209188001,7.825061472663,5.6));
#7974 = SURFACE_CURVE('',#7975,(#7981,#7990),.PCURVE_S1.);
#7975 = B_SPLINE_CURVE_WITH_KNOTS('',4,(#7976,#7977,#7978,#7979,#7980),
  .UNSPECIFIED.,.F.,.F.,(5,5),(0.,1.),.PIECEWISE_BEZIER_KNOTS.);
#7976 = CARTESIAN_POINT('',(26.751432255357,6.409343918505,5.6));
#7977 = CARTESIAN_POINT('',(26.656603684758,6.763248961987,
    5.605228922785));
#7978 = CARTESIAN_POINT('',(26.561762027924,7.117202843966,
    5.606961592341));
#7979 = CARTESIAN_POINT('',(26.466920449666,7.471156432697,
    5.605228922733));
#7980 = CARTESIAN_POINT('',(26.37209188001,7.825061472662,5.6));
#7981 = PCURVE('',#1630,#7982);
#7982 = DEFINITIONAL_REPRESENTATION('',(#7983),#7989);
#7983 = B_SPLINE_CURVE_WITH_KNOTS('',4,(#7984,#7985,#7986,#7987,#7988),
  .UNSPECIFIED.,.F.,.F.,(5,5),(0.,1.),.PIECEWISE_BEZIER_KNOTS.);
#7984 = CARTESIAN_POINT('',(0.23515615256,1.078986718762));
#7985 = CARTESIAN_POINT('',(0.24847055084,1.079806942689));
#7986 = CARTESIAN_POINT('',(0.26179939384,1.080080408983));
#7987 = CARTESIAN_POINT('',(0.275128224891,1.079806942681));
#7988 = CARTESIAN_POINT('',(0.288442623038,1.078986718762));
#7989 = ( GEOMETRIC_REPRESENTATION_CONTEXT(2) 
PARAMETRIC_REPRESENTATION_CONTEXT() REPRESENTATION_CONTEXT('2D SPACE',''
  ) );
#7990 = PCURVE('',#7769,#7991);
#7991 = DEFINITIONAL_REPRESENTATION('',(#7992),#7998);
#7992 = B_SPLINE_CURVE_WITH_KNOTS('',4,(#7993,#7994,#7995,#7996,#7997),
  .UNSPECIFIED.,.F.,.F.,(5,5),(0.,1.),.PIECEWISE_BEZIER_KNOTS.);
#7993 = CARTESIAN_POINT('',(1.394440118929E-13,-5.6));
#7994 = CARTESIAN_POINT('',(0.366389461644,-5.605228922785));
#7995 = CARTESIAN_POINT('',(0.73282948462,-5.606961592341));
#7996 = CARTESIAN_POINT('',(1.099269204004,-5.605228922733));
#7997 = CARTESIAN_POINT('',(1.465658662007,-5.6));
#7998 = ( GEOMETRIC_REPRESENTATION_CONTEXT(2) 
PARAMETRIC_REPRESENTATION_CONTEXT() REPRESENTATION_CONTEXT('2D SPACE',''
  ) );
#7999 = ORIENTED_EDGE('',*,*,#8000,.T.);
#8000 = EDGE_CURVE('',#7972,#8001,#8003,.T.);
#8001 = VERTEX_POINT('',#8002);
#8002 = CARTESIAN_POINT('',(23.738846761703,8.200926892624,
    6.599401001912));
#8003 = SURFACE_CURVE('',#8004,(#8013,#8025),.PCURVE_S1.);
#8004 = B_SPLINE_CURVE_WITH_KNOTS('',7,(#8005,#8006,#8007,#8008,#8009,
    #8010,#8011,#8012),.UNSPECIFIED.,.F.,.F.,(8,8),(0.,1.),
  .PIECEWISE_BEZIER_KNOTS.);
#8005 = CARTESIAN_POINT('',(26.37209188001,7.825061472662,5.6));
#8006 = CARTESIAN_POINT('',(26.023849479248,7.948929513755,
    5.759975371035));
#8007 = CARTESIAN_POINT('',(25.664909913457,8.051337511123,
    5.916385344619));
#8008 = CARTESIAN_POINT('',(25.295769340123,8.131398739769,
    6.068062919312));
#8009 = CARTESIAN_POINT('',(24.91723007027,8.187856613985,6.21368965924)
  );
#8010 = CARTESIAN_POINT('',(24.530448564114,8.219273801334,
    6.351817325222));
#8011 = CARTESIAN_POINT('',(24.13697414201,8.224115171935,6.480900446831
    ));
#8012 = CARTESIAN_POINT('',(23.738846761703,8.200926892624,
    6.599401001912));
#8013 = PCURVE('',#1630,#8014);
#8014 = DEFINITIONAL_REPRESENTATION('',(#8015),#8024);
#8015 = B_SPLINE_CURVE_WITH_KNOTS('',7,(#8016,#8017,#8018,#8019,#8020,
    #8021,#8022,#8023),.UNSPECIFIED.,.F.,.F.,(8,8),(0.,1.),
  .PIECEWISE_BEZIER_KNOTS.);
#8016 = CARTESIAN_POINT('',(0.288442623038,1.078986718762));
#8017 = CARTESIAN_POINT('',(0.296360593912,1.104080917401));
#8018 = CARTESIAN_POINT('',(0.303841844365,1.129987234125));
#8019 = CARTESIAN_POINT('',(0.310848597671,1.156708118611));
#8020 = CARTESIAN_POINT('',(0.317321300636,1.184236578637));
#8021 = CARTESIAN_POINT('',(0.323180767282,1.21255305823));
#8022 = CARTESIAN_POINT('',(0.32832508464,1.241622914381));
#8023 = CARTESIAN_POINT('',(0.332628511982,1.271382224835));
#8024 = ( GEOMETRIC_REPRESENTATION_CONTEXT(2) 
PARAMETRIC_REPRESENTATION_CONTEXT() REPRESENTATION_CONTEXT('2D SPACE',''
  ) );
#8025 = PCURVE('',#7732,#8026);
#8026 = DEFINITIONAL_REPRESENTATION('',(#8027),#8036);
#8027 = B_SPLINE_CURVE_WITH_KNOTS('',7,(#8028,#8029,#8030,#8031,#8032,
    #8033,#8034,#8035),.UNSPECIFIED.,.F.,.F.,(8,8),(0.,1.),
  .PIECEWISE_BEZIER_KNOTS.);
#8028 = CARTESIAN_POINT('',(0.,-5.6));
#8029 = CARTESIAN_POINT('',(-5.520158566826E-02,-5.759975371035));
#8030 = CARTESIAN_POINT('',(-0.110834318423,-5.916385344619));
#8031 = CARTESIAN_POINT('',(-0.167058643482,-6.068062919312));
#8032 = CARTESIAN_POINT('',(-0.22399320485,-6.21368965924));
#8033 = CARTESIAN_POINT('',(-0.281733038921,-6.351817325222));
#8034 = CARTESIAN_POINT('',(-0.340356352629,-6.480900446831));
#8035 = CARTESIAN_POINT('',(-0.399916820262,-6.599401001912));
#8036 = ( GEOMETRIC_REPRESENTATION_CONTEXT(2) 
PARAMETRIC_REPRESENTATION_CONTEXT() REPRESENTATION_CONTEXT('2D SPACE',''
  ) );
#8037 = ORIENTED_EDGE('',*,*,#8038,.T.);
#8038 = EDGE_CURVE('',#8001,#8039,#8041,.T.);
#8039 = VERTEX_POINT('',#8040);
#8040 = CARTESIAN_POINT('',(22.956208463665,8.155343402635,
    6.808351985059));
#8041 = SURFACE_CURVE('',#8042,(#8048,#8057),.PCURVE_S1.);
#8042 = B_SPLINE_CURVE_WITH_KNOTS('',4,(#8043,#8044,#8045,#8046,#8047),
  .UNSPECIFIED.,.F.,.F.,(5,5),(0.,1.),.PIECEWISE_BEZIER_KNOTS.);
#8043 = CARTESIAN_POINT('',(23.817110591507,8.205485241623,
    6.575861150127));
#8044 = CARTESIAN_POINT('',(23.584541864518,8.191939655795,
    6.646541740914));
#8045 = CARTESIAN_POINT('',(23.350365513065,8.178300436504,
    6.711917799181));
#8046 = CARTESIAN_POINT('',(23.114770651398,8.164578598402,
    6.771960923545));
#8047 = CARTESIAN_POINT('',(22.877944633861,8.150785053636,
    6.826658941639));
#8048 = PCURVE('',#1630,#8049);
#8049 = DEFINITIONAL_REPRESENTATION('',(#8050),#8056);
#8050 = B_SPLINE_CURVE_WITH_KNOTS('',4,(#8051,#8052,#8053,#8054,#8055),
  .UNSPECIFIED.,.F.,.F.,(5,5),(0.,1.),.PIECEWISE_BEZIER_KNOTS.);
#8051 = CARTESIAN_POINT('',(0.331785082426,1.265526114236));
#8052 = CARTESIAN_POINT('',(0.334283917398,1.28294612269));
#8053 = CARTESIAN_POINT('',(0.336859344137,1.300342782355));
#8054 = CARTESIAN_POINT('',(0.339514302477,1.317715348962));
#8055 = CARTESIAN_POINT('',(0.342251929534,1.33506325582));
#8056 = ( GEOMETRIC_REPRESENTATION_CONTEXT(2) 
PARAMETRIC_REPRESENTATION_CONTEXT() REPRESENTATION_CONTEXT('2D SPACE',''
  ) );
#8057 = PCURVE('',#7692,#8058);
#8058 = DEFINITIONAL_REPRESENTATION('',(#8059),#8065);
#8059 = B_SPLINE_CURVE_WITH_KNOTS('',4,(#8060,#8061,#8062,#8063,#8064),
  .UNSPECIFIED.,.F.,.F.,(5,5),(0.,1.),.PIECEWISE_BEZIER_KNOTS.);
#8060 = CARTESIAN_POINT('',(-7.839646421336E-02,-6.575861150127));
#8061 = CARTESIAN_POINT('',(0.154566399069,-6.646541740914));
#8062 = CARTESIAN_POINT('',(0.389139611271,-6.711917799181));
#8063 = CARTESIAN_POINT('',(0.625133737648,-6.771960923545));
#8064 = CARTESIAN_POINT('',(0.862361106347,-6.826658941639));
#8065 = ( GEOMETRIC_REPRESENTATION_CONTEXT(2) 
PARAMETRIC_REPRESENTATION_CONTEXT() REPRESENTATION_CONTEXT('2D SPACE',''
  ) );
#8066 = ORIENTED_EDGE('',*,*,#8067,.T.);
#8067 = EDGE_CURVE('',#8039,#2286,#8068,.T.);
#8068 = SURFACE_CURVE('',#8069,(#8080,#8094),.PCURVE_S1.);
#8069 = B_SPLINE_CURVE_WITH_KNOTS('',5,(#8070,#8071,#8072,#8073,#8074,
    #8075,#8076,#8077,#8078,#8079),.UNSPECIFIED.,.F.,.F.,(6,4,6),(0.,
    0.32317719599,1.),.UNSPECIFIED.);
#8070 = CARTESIAN_POINT('',(22.956208463665,8.155343402635,
    6.808351985059));
#8071 = CARTESIAN_POINT('',(22.804723998885,8.146520437287,
    6.844233903118));
#8072 = CARTESIAN_POINT('',(22.652083323348,8.140404044882,
    6.877991311044));
#8073 = CARTESIAN_POINT('',(22.498427521466,8.137075937306,
    6.909601465415));
#8074 = CARTESIAN_POINT('',(22.343907536875,8.136603993679,
    6.939057935776));
#8075 = CARTESIAN_POINT('',(21.863603337286,8.144148667924,
    7.023570918748));
#8076 = CARTESIAN_POINT('',(21.535412474152,8.162019051774,
    7.071373368019));
#8077 = CARTESIAN_POINT('',(21.205642351406,8.193146658917,
    7.109858873623));
#8078 = CARTESIAN_POINT('',(20.8757725768,8.237717459487,7.139495530157)
  );
#8079 = CARTESIAN_POINT('',(20.547212720432,8.295651426942,
    7.161045598658));
#8080 = PCURVE('',#1630,#8081);
#8081 = DEFINITIONAL_REPRESENTATION('',(#8082),#8093);
#8082 = B_SPLINE_CURVE_WITH_KNOTS('',5,(#8083,#8084,#8085,#8086,#8087,
    #8088,#8089,#8090,#8091,#8092),.UNSPECIFIED.,.F.,.F.,(6,4,6),(0.,
    0.32317719599,1.),.UNSPECIFIED.);
#8083 = CARTESIAN_POINT('',(0.341350017211,1.329325564959));
#8084 = CARTESIAN_POINT('',(0.343090322161,1.3404404774));
#8085 = CARTESIAN_POINT('',(0.344977212978,1.351524309088));
#8086 = CARTESIAN_POINT('',(0.347016382095,1.362565990081));
#8087 = CARTESIAN_POINT('',(0.34921297147,1.373553795738));
#8088 = CARTESIAN_POINT('',(0.356511138361,1.407348107696));
#8089 = CARTESIAN_POINT('',(0.362161603128,1.429931982642));
#8090 = CARTESIAN_POINT('',(0.368563778217,1.452109416496));
#8091 = CARTESIAN_POINT('',(0.375747528246,1.473766250142));
#8092 = CARTESIAN_POINT('',(0.383722993564,1.494788207479));
#8093 = ( GEOMETRIC_REPRESENTATION_CONTEXT(2) 
PARAMETRIC_REPRESENTATION_CONTEXT() REPRESENTATION_CONTEXT('2D SPACE',''
  ) );
#8094 = PCURVE('',#2301,#8095);
#8095 = DEFINITIONAL_REPRESENTATION('',(#8096),#8107);
#8096 = B_SPLINE_CURVE_WITH_KNOTS('',5,(#8097,#8098,#8099,#8100,#8101,
    #8102,#8103,#8104,#8105,#8106),.UNSPECIFIED.,.F.,.F.,(6,4,6),(0.,
    0.32317719599,1.),.UNSPECIFIED.);
#8097 = CARTESIAN_POINT('',(0.,-6.808351985059));
#8098 = CARTESIAN_POINT('',(1.460050148314E-02,-6.844233903118));
#8099 = CARTESIAN_POINT('',(2.929691196356E-02,-6.877991311044));
#8100 = CARTESIAN_POINT('',(4.408174858198E-02,-6.909601465415));
#8101 = CARTESIAN_POINT('',(5.894706797966E-02,-6.939057935776));
#8102 = CARTESIAN_POINT('',(0.105167526923,-7.023570918748));
#8103 = CARTESIAN_POINT('',(0.136769081357,-7.071373368019));
#8104 = CARTESIAN_POINT('',(0.168606415512,-7.109858873623));
#8105 = CARTESIAN_POINT('',(0.200608918279,-7.139495530157));
#8106 = CARTESIAN_POINT('',(0.232710566933,-7.161045598658));
#8107 = ( GEOMETRIC_REPRESENTATION_CONTEXT(2) 
PARAMETRIC_REPRESENTATION_CONTEXT() REPRESENTATION_CONTEXT('2D SPACE',''
  ) );
#8108 = ORIENTED_EDGE('',*,*,#2313,.T.);
#8109 = ORIENTED_EDGE('',*,*,#8110,.F.);
#8110 = EDGE_CURVE('',#1564,#2314,#8111,.T.);
#8111 = SURFACE_CURVE('',#8112,(#8117,#8124),.PCURVE_S1.);
#8112 = CIRCLE('',#8113,21.159010550645);
#8113 = AXIS2_PLACEMENT_3D('',#8114,#8115,#8116);
#8114 = CARTESIAN_POINT('',(0.,0.,7.199999109273));
#8115 = DIRECTION('',(0.,0.,1.));
#8116 = DIRECTION('',(1.,0.,-0.));
#8117 = PCURVE('',#1630,#8118);
#8118 = DEFINITIONAL_REPRESENTATION('',(#8119),#8123);
#8119 = LINE('',#8120,#8121);
#8120 = CARTESIAN_POINT('',(0.,1.568908760277));
#8121 = VECTOR('',#8122,1.);
#8122 = DIRECTION('',(1.,0.));
#8123 = ( GEOMETRIC_REPRESENTATION_CONTEXT(2) 
PARAMETRIC_REPRESENTATION_CONTEXT() REPRESENTATION_CONTEXT('2D SPACE',''
  ) );
#8124 = PCURVE('',#1589,#8125);
#8125 = DEFINITIONAL_REPRESENTATION('',(#8126),#8130);
#8126 = LINE('',#8127,#8128);
#8127 = CARTESIAN_POINT('',(0.,1.568908760281));
#8128 = VECTOR('',#8129,1.);
#8129 = DIRECTION('',(1.,0.));
#8130 = ( GEOMETRIC_REPRESENTATION_CONTEXT(2) 
PARAMETRIC_REPRESENTATION_CONTEXT() REPRESENTATION_CONTEXT('2D SPACE',''
  ) );
#8131 = ORIENTED_EDGE('',*,*,#1606,.F.);
#8132 = ORIENTED_EDGE('',*,*,#7863,.F.);
#8133 = ORIENTED_EDGE('',*,*,#8134,.F.);
#8134 = EDGE_CURVE('',#7934,#7864,#8135,.T.);
#8135 = SURFACE_CURVE('',#8136,(#8142,#8151),.PCURVE_S1.);
#8136 = B_SPLINE_CURVE_WITH_KNOTS('',4,(#8137,#8138,#8139,#8140,#8141),
  .UNSPECIFIED.,.F.,.F.,(5,5),(0.,1.),.PIECEWISE_BEZIER_KNOTS.);
#8137 = CARTESIAN_POINT('',(24.7289654378,4.80239662613,6.575861150127)
  );
#8138 = CARTESIAN_POINT('',(24.520782219188,4.697843084071,
    6.646541740914));
#8139 = CARTESIAN_POINT('',(24.311159940218,4.592566818738,
    6.711917799181));
#8140 = CARTESIAN_POINT('',(24.100267885963,4.486652848288,
    6.771960923545));
#8141 = CARTESIAN_POINT('',(23.888273766116,4.380185399695,
    6.826658941639));
#8142 = PCURVE('',#1630,#8143);
#8143 = DEFINITIONAL_REPRESENTATION('',(#8144),#8150);
#8144 = B_SPLINE_CURVE_WITH_KNOTS('',4,(#8145,#8146,#8147,#8148,#8149),
  .UNSPECIFIED.,.F.,.F.,(5,5),(0.,1.),.PIECEWISE_BEZIER_KNOTS.);
#8145 = CARTESIAN_POINT('',(0.191813693172,1.265526114236));
#8146 = CARTESIAN_POINT('',(0.1893148582,1.28294612269));
#8147 = CARTESIAN_POINT('',(0.186739431462,1.300342782355));
#8148 = CARTESIAN_POINT('',(0.184084473121,1.317715348962));
#8149 = CARTESIAN_POINT('',(0.181346846064,1.33506325582));
#8150 = ( GEOMETRIC_REPRESENTATION_CONTEXT(2) 
PARAMETRIC_REPRESENTATION_CONTEXT() REPRESENTATION_CONTEXT('2D SPACE',''
  ) );
#8151 = PCURVE('',#7844,#8152);
#8152 = DEFINITIONAL_REPRESENTATION('',(#8153),#8159);
#8153 = B_SPLINE_CURVE_WITH_KNOTS('',4,(#8154,#8155,#8156,#8157,#8158),
  .UNSPECIFIED.,.F.,.F.,(5,5),(0.,1.),.PIECEWISE_BEZIER_KNOTS.);
#8154 = CARTESIAN_POINT('',(0.862361106347,-6.575861150127));
#8155 = CARTESIAN_POINT('',(0.629398243065,-6.646541740914));
#8156 = CARTESIAN_POINT('',(0.394825030862,-6.711917799181));
#8157 = CARTESIAN_POINT('',(0.158830904485,-6.771960923545));
#8158 = CARTESIAN_POINT('',(-7.839646421336E-02,-6.826658941639));
#8159 = ( GEOMETRIC_REPRESENTATION_CONTEXT(2) 
PARAMETRIC_REPRESENTATION_CONTEXT() REPRESENTATION_CONTEXT('2D SPACE',''
  ) );
#8160 = ADVANCED_FACE('',(#8161),#1589,.T.);
#8161 = FACE_BOUND('',#8162,.T.);
#8162 = EDGE_LOOP('',(#8163,#8164,#8165,#8166));
#8163 = ORIENTED_EDGE('',*,*,#1563,.F.);
#8164 = ORIENTED_EDGE('',*,*,#8110,.T.);
#8165 = ORIENTED_EDGE('',*,*,#2348,.T.);
#8166 = ORIENTED_EDGE('',*,*,#6989,.F.);
#8167 = ADVANCED_FACE('',(#8168),#1441,.F.);
#8168 = FACE_BOUND('',#8169,.F.);
#8169 = EDGE_LOOP('',(#8170,#8171,#8192,#8193));
#8170 = ORIENTED_EDGE('',*,*,#6143,.T.);
#8171 = ORIENTED_EDGE('',*,*,#8172,.T.);
#8172 = EDGE_CURVE('',#6144,#6834,#8173,.T.);
#8173 = SURFACE_CURVE('',#8174,(#8178,#8185),.PCURVE_S1.);
#8174 = LINE('',#8175,#8176);
#8175 = CARTESIAN_POINT('',(23.958331405423,-4.415369668564,0.));
#8176 = VECTOR('',#8177,1.);
#8177 = DIRECTION('',(0.,0.,1.));
#8178 = PCURVE('',#1441,#8179);
#8179 = DEFINITIONAL_REPRESENTATION('',(#8180),#8184);
#8180 = LINE('',#8181,#8182);
#8181 = CARTESIAN_POINT('',(0.,0.));
#8182 = VECTOR('',#8183,1.);
#8183 = DIRECTION('',(0.,-1.));
#8184 = ( GEOMETRIC_REPRESENTATION_CONTEXT(2) 
PARAMETRIC_REPRESENTATION_CONTEXT() REPRESENTATION_CONTEXT('2D SPACE',''
  ) );
#8185 = PCURVE('',#6207,#8186);
#8186 = DEFINITIONAL_REPRESENTATION('',(#8187),#8191);
#8187 = LINE('',#8188,#8189);
#8188 = CARTESIAN_POINT('',(0.783964642134,0.));
#8189 = VECTOR('',#8190,1.);
#8190 = DIRECTION('',(0.,-1.));
#8191 = ( GEOMETRIC_REPRESENTATION_CONTEXT(2) 
PARAMETRIC_REPRESENTATION_CONTEXT() REPRESENTATION_CONTEXT('2D SPACE',''
  ) );
#8192 = ORIENTED_EDGE('',*,*,#6862,.T.);
#8193 = ORIENTED_EDGE('',*,*,#1425,.F.);
#8194 = ADVANCED_FACE('',(#8195),#1902,.T.);
#8195 = FACE_BOUND('',#8196,.T.);
#8196 = EDGE_LOOP('',(#8197,#8241,#8242,#8243,#8244,#8288,#8322,#8365,
    #8399,#8442));
#8197 = ORIENTED_EDGE('',*,*,#8198,.F.);
#8198 = EDGE_CURVE('',#3009,#8199,#8201,.T.);
#8199 = VERTEX_POINT('',#8200);
#8200 = CARTESIAN_POINT('',(4.415369668564,-23.95833140542,
    0.391648014941));
#8201 = SURFACE_CURVE('',#8202,(#8213,#8227),.PCURVE_S1.);
#8202 = B_SPLINE_CURVE_WITH_KNOTS('',5,(#8203,#8204,#8205,#8206,#8207,
    #8208,#8209,#8210,#8211,#8212),.UNSPECIFIED.,.F.,.F.,(6,4,6),(0.,
    0.678562721325,1.),.UNSPECIFIED.);
#8203 = CARTESIAN_POINT('',(3.089361483543,-21.94223390632,
    3.895440134219E-02));
#8204 = CARTESIAN_POINT('',(3.304364960161,-22.198465072,
    6.055986544558E-02));
#8205 = CARTESIAN_POINT('',(3.508394484567,-22.46255263815,
    9.029355703037E-02));
#8206 = CARTESIAN_POINT('',(3.70066970811,-22.73330648298,0.128923633473
    ));
#8207 = CARTESIAN_POINT('',(3.880608014165,-23.0093411118,0.176920978785
    ));
#8208 = CARTESIAN_POINT('',(4.127102551431,-23.42158060893,
    0.261576802321));
#8209 = CARTESIAN_POINT('',(4.20349338763,-23.55492398797,0.290909283118
    ));
#8210 = CARTESIAN_POINT('',(4.277009646663,-23.6889379849,0.322372247641
    ));
#8211 = CARTESIAN_POINT('',(4.347634999579,-23.82346059051,
    0.355959281399));
#8212 = CARTESIAN_POINT('',(4.415369668564,-23.95833140542,
    0.391648014941));
#8213 = PCURVE('',#1902,#8214);
#8214 = DEFINITIONAL_REPRESENTATION('',(#8215),#8226);
#8215 = B_SPLINE_CURVE_WITH_KNOTS('',5,(#8216,#8217,#8218,#8219,#8220,
    #8221,#8222,#8223,#8224,#8225),.UNSPECIFIED.,.F.,.F.,(6,4,6),(0.,
    0.678562721325,1.),.UNSPECIFIED.);
#8216 = CARTESIAN_POINT('',(4.852264762419,4.7883970997));
#8217 = CARTESIAN_POINT('',(4.860260729096,4.809473095102));
#8218 = CARTESIAN_POINT('',(4.867460909747,4.831187248477));
#8219 = CARTESIAN_POINT('',(4.873875512772,4.85342437525));
#8220 = CARTESIAN_POINT('',(4.879534689568,4.876069436946));
#8221 = CARTESIAN_POINT('',(4.886822062555,4.909868150788));
#8222 = CARTESIAN_POINT('',(4.889004299631,4.920797661649));
#8223 = CARTESIAN_POINT('',(4.891030857624,4.931780347325));
#8224 = CARTESIAN_POINT('',(4.892906799706,4.942804674322));
#8225 = CARTESIAN_POINT('',(4.894637735032,4.953859745101));
#8226 = ( GEOMETRIC_REPRESENTATION_CONTEXT(2) 
PARAMETRIC_REPRESENTATION_CONTEXT() REPRESENTATION_CONTEXT('2D SPACE',''
  ) );
#8227 = PCURVE('',#3024,#8228);
#8228 = DEFINITIONAL_REPRESENTATION('',(#8229),#8240);
#8229 = B_SPLINE_CURVE_WITH_KNOTS('',5,(#8230,#8231,#8232,#8233,#8234,
    #8235,#8236,#8237,#8238,#8239),.UNSPECIFIED.,.F.,.F.,(6,4,6),(0.,
    0.678562721325,1.),.UNSPECIFIED.);
#8230 = CARTESIAN_POINT('',(0.,-3.895440134219E-02));
#8231 = CARTESIAN_POINT('',(3.218416765642E-02,-6.055986544558E-02));
#8232 = CARTESIAN_POINT('',(6.426869906367E-02,-9.029355703037E-02));
#8233 = CARTESIAN_POINT('',(9.618702333104E-02,-0.128923633473));
#8234 = CARTESIAN_POINT('',(0.127867977275,-0.176920978785));
#8235 = CARTESIAN_POINT('',(0.174083619971,-0.261576802321));
#8236 = CARTESIAN_POINT('',(0.188867612393,-0.290909283118));
#8237 = CARTESIAN_POINT('',(0.203571901269,-0.322372247641));
#8238 = CARTESIAN_POINT('',(0.218188673198,-0.355959281399));
#8239 = CARTESIAN_POINT('',(0.232710566933,-0.391648014941));
#8240 = ( GEOMETRIC_REPRESENTATION_CONTEXT(2) 
PARAMETRIC_REPRESENTATION_CONTEXT() REPRESENTATION_CONTEXT('2D SPACE',''
  ) );
#8241 = ORIENTED_EDGE('',*,*,#3036,.F.);
#8242 = ORIENTED_EDGE('',*,*,#2608,.T.);
#8243 = ORIENTED_EDGE('',*,*,#1876,.T.);
#8244 = ORIENTED_EDGE('',*,*,#8245,.T.);
#8245 = EDGE_CURVE('',#1879,#8246,#8248,.T.);
#8246 = VERTEX_POINT('',#8247);
#8247 = CARTESIAN_POINT('',(8.155343402635,-22.95620846366,
    0.391648014941));
#8248 = SURFACE_CURVE('',#8249,(#8260,#8274),.PCURVE_S1.);
#8249 = B_SPLINE_CURVE_WITH_KNOTS('',5,(#8250,#8251,#8252,#8253,#8254,
    #8255,#8256,#8257,#8258,#8259),.UNSPECIFIED.,.F.,.F.,(6,4,6),(0.,
    0.678562721325,1.),.UNSPECIFIED.);
#8250 = CARTESIAN_POINT('',(8.295651426942,-20.54721272043,
    3.895440134219E-02));
#8251 = CARTESIAN_POINT('',(8.237568537129,-20.87661715746,
    6.055986544558E-02));
#8252 = CARTESIAN_POINT('',(8.192917568943,-21.20733846076,
    9.029355703039E-02));
#8253 = CARTESIAN_POINT('',(8.161779263255,-21.53795578034,
    0.128923633473));
#8254 = CARTESIAN_POINT('',(8.143965433508,-21.86697793425,
    0.176920978785));
#8255 = CARTESIAN_POINT('',(8.136614650905,-22.34723507983,
    0.261576802321));
#8256 = CARTESIAN_POINT('',(8.137129935661,-22.50090925161,
    0.290909283118));
#8257 = CARTESIAN_POINT('',(8.140469986209,-22.65372690693,
    0.322372247641));
#8258 = CARTESIAN_POINT('',(8.146567939238,-22.80553957723,
    0.355959281399));
#8259 = CARTESIAN_POINT('',(8.155343402635,-22.95620846366,
    0.391648014941));
#8260 = PCURVE('',#1902,#8261);
#8261 = DEFINITIONAL_REPRESENTATION('',(#8262),#8273);
#8262 = B_SPLINE_CURVE_WITH_KNOTS('',5,(#8263,#8264,#8265,#8266,#8267,
    #8268,#8269,#8270,#8271,#8272),.UNSPECIFIED.,.F.,.F.,(6,4,6),(0.,
    0.678562721325,1.),.UNSPECIFIED.);
#8263 = CARTESIAN_POINT('',(5.096111973949,4.7883970997));
#8264 = CARTESIAN_POINT('',(5.088116007272,4.809473095102));
#8265 = CARTESIAN_POINT('',(5.080915826621,4.831187248477));
#8266 = CARTESIAN_POINT('',(5.074501223596,4.85342437525));
#8267 = CARTESIAN_POINT('',(5.0688420468,4.876069436946));
#8268 = CARTESIAN_POINT('',(5.061554673813,4.909868150788));
#8269 = CARTESIAN_POINT('',(5.059372436737,4.920797661649));
#8270 = CARTESIAN_POINT('',(5.057345878743,4.931780347325));
#8271 = CARTESIAN_POINT('',(5.055469936662,4.942804674322));
#8272 = CARTESIAN_POINT('',(5.053739001336,4.953859745101));
#8273 = ( GEOMETRIC_REPRESENTATION_CONTEXT(2) 
PARAMETRIC_REPRESENTATION_CONTEXT() REPRESENTATION_CONTEXT('2D SPACE',''
  ) );
#8274 = PCURVE('',#1934,#8275);
#8275 = DEFINITIONAL_REPRESENTATION('',(#8276),#8287);
#8276 = B_SPLINE_CURVE_WITH_KNOTS('',5,(#8277,#8278,#8279,#8280,#8281,
    #8282,#8283,#8284,#8285,#8286),.UNSPECIFIED.,.F.,.F.,(6,4,6),(0.,
    0.678562721325,1.),.UNSPECIFIED.);
#8277 = CARTESIAN_POINT('',(0.232710566933,-3.895440134219E-02));
#8278 = CARTESIAN_POINT('',(0.200526399276,-6.055986544558E-02));
#8279 = CARTESIAN_POINT('',(0.168441867869,-9.029355703039E-02));
#8280 = CARTESIAN_POINT('',(0.136523543602,-0.128923633473));
#8281 = CARTESIAN_POINT('',(0.104842589657,-0.176920978785));
#8282 = CARTESIAN_POINT('',(5.86269469619E-02,-0.261576802321));
#8283 = CARTESIAN_POINT('',(4.38429545396E-02,-0.290909283118));
#8284 = CARTESIAN_POINT('',(2.913866566402E-02,-0.322372247641));
#8285 = CARTESIAN_POINT('',(1.45218937343E-02,-0.355959281399));
#8286 = CARTESIAN_POINT('',(0.,-0.391648014941));
#8287 = ( GEOMETRIC_REPRESENTATION_CONTEXT(2) 
PARAMETRIC_REPRESENTATION_CONTEXT() REPRESENTATION_CONTEXT('2D SPACE',''
  ) );
#8288 = ORIENTED_EDGE('',*,*,#8289,.T.);
#8289 = EDGE_CURVE('',#8246,#8290,#8292,.T.);
#8290 = VERTEX_POINT('',#8291);
#8291 = CARTESIAN_POINT('',(8.200926892624,-23.7388467617,0.600598998088
    ));
#8292 = SURFACE_CURVE('',#8293,(#8299,#8308),.PCURVE_S1.);
#8293 = B_SPLINE_CURVE_WITH_KNOTS('',4,(#8294,#8295,#8296,#8297,#8298),
  .UNSPECIFIED.,.F.,.F.,(5,5),(0.,1.),.PIECEWISE_BEZIER_KNOTS.);
#8294 = CARTESIAN_POINT('',(8.150785053636,-22.87794463386,
    0.373341058361));
#8295 = CARTESIAN_POINT('',(8.164578598399,-23.11477065134,
    0.428039076436));
#8296 = CARTESIAN_POINT('',(8.178300436508,-23.35036551312,
    0.488082200825));
#8297 = CARTESIAN_POINT('',(8.191939655786,-23.58454186436,
    0.553458259061));
#8298 = CARTESIAN_POINT('',(8.205485241623,-23.8171105915,0.624138849873
    ));
#8299 = PCURVE('',#1902,#8300);
#8300 = DEFINITIONAL_REPRESENTATION('',(#8301),#8307);
#8301 = B_SPLINE_CURVE_WITH_KNOTS('',4,(#8302,#8303,#8304,#8305,#8306),
  .UNSPECIFIED.,.F.,.F.,(5,5),(0.,1.),.PIECEWISE_BEZIER_KNOTS.);
#8302 = CARTESIAN_POINT('',(5.054640909902,4.94812205133));
#8303 = CARTESIAN_POINT('',(5.051903282845,4.965469958185));
#8304 = CARTESIAN_POINT('',(5.049248324591,4.982842524983));
#8305 = CARTESIAN_POINT('',(5.046672897745,5.000239184384));
#8306 = CARTESIAN_POINT('',(5.044174062772,5.017659192849));
#8307 = ( GEOMETRIC_REPRESENTATION_CONTEXT(2) 
PARAMETRIC_REPRESENTATION_CONTEXT() REPRESENTATION_CONTEXT('2D SPACE',''
  ) );
#8308 = PCURVE('',#8309,#8314);
#8309 = PLANE('',#8310);
#8310 = AXIS2_PLACEMENT_3D('',#8311,#8312,#8313);
#8311 = CARTESIAN_POINT('',(8.200926892624,-23.7388467617,0.));
#8312 = DIRECTION('',(-0.998308158271,-5.814482891048E-02,0.));
#8313 = DIRECTION('',(-5.814482891048E-02,0.998308158271,0.));
#8314 = DEFINITIONAL_REPRESENTATION('',(#8315),#8321);
#8315 = B_SPLINE_CURVE_WITH_KNOTS('',4,(#8316,#8317,#8318,#8319,#8320),
  .UNSPECIFIED.,.F.,.F.,(5,5),(0.,1.),.PIECEWISE_BEZIER_KNOTS.);
#8316 = CARTESIAN_POINT('',(0.862361106347,-0.373341058361));
#8317 = CARTESIAN_POINT('',(0.6251337377,-0.428039076436));
#8318 = CARTESIAN_POINT('',(0.389139611212,-0.488082200825));
#8319 = CARTESIAN_POINT('',(0.154566399224,-0.553458259061));
#8320 = CARTESIAN_POINT('',(-7.839646421336E-02,-0.624138849873));
#8321 = ( GEOMETRIC_REPRESENTATION_CONTEXT(2) 
PARAMETRIC_REPRESENTATION_CONTEXT() REPRESENTATION_CONTEXT('2D SPACE',''
  ) );
#8322 = ORIENTED_EDGE('',*,*,#8323,.T.);
#8323 = EDGE_CURVE('',#8290,#8324,#8326,.T.);
#8324 = VERTEX_POINT('',#8325);
#8325 = CARTESIAN_POINT('',(7.825061472663,-26.37209188001,1.6));
#8326 = SURFACE_CURVE('',#8327,(#8336,#8348),.PCURVE_S1.);
#8327 = B_SPLINE_CURVE_WITH_KNOTS('',7,(#8328,#8329,#8330,#8331,#8332,
    #8333,#8334,#8335),.UNSPECIFIED.,.F.,.F.,(8,8),(0.,1.),
  .PIECEWISE_BEZIER_KNOTS.);
#8328 = CARTESIAN_POINT('',(8.200926892624,-23.7388467617,0.600598998088
    ));
#8329 = CARTESIAN_POINT('',(8.224115171958,-24.1369741424,0.719099553286
    ));
#8330 = CARTESIAN_POINT('',(8.219273801291,-24.5304485643,0.848182674857
    ));
#8331 = CARTESIAN_POINT('',(8.187856613964,-24.91723007012,
    0.986310340721));
#8332 = CARTESIAN_POINT('',(8.131398739825,-25.29576933981,
    1.131937080567));
#8333 = CARTESIAN_POINT('',(8.051337511195,-25.66490991329,
    1.283614655301));
#8334 = CARTESIAN_POINT('',(7.948929513723,-26.02384947934,
    1.440024629007));
#8335 = CARTESIAN_POINT('',(7.825061472662,-26.37209188001,1.6));
#8336 = PCURVE('',#1902,#8337);
#8337 = DEFINITIONAL_REPRESENTATION('',(#8338),#8347);
#8338 = B_SPLINE_CURVE_WITH_KNOTS('',7,(#8339,#8340,#8341,#8342,#8343,
    #8344,#8345,#8346),.UNSPECIFIED.,.F.,.F.,(8,8),(0.,1.),
  .PIECEWISE_BEZIER_KNOTS.);
#8339 = CARTESIAN_POINT('',(5.045017492366,5.011803082344));
#8340 = CARTESIAN_POINT('',(5.04071406502,5.041562392828));
#8341 = CARTESIAN_POINT('',(5.035569747663,5.070632248963));
#8342 = CARTESIAN_POINT('',(5.029710281022,5.098948728532));
#8343 = CARTESIAN_POINT('',(5.023237578061,5.126477188547));
#8344 = CARTESIAN_POINT('',(5.016230824754,5.153198073043));
#8345 = CARTESIAN_POINT('',(5.008749574295,5.179104389785));
#8346 = CARTESIAN_POINT('',(5.000831603423,5.204198588418));
#8347 = ( GEOMETRIC_REPRESENTATION_CONTEXT(2) 
PARAMETRIC_REPRESENTATION_CONTEXT() REPRESENTATION_CONTEXT('2D SPACE',''
  ) );
#8348 = PCURVE('',#8349,#8354);
#8349 = CYLINDRICAL_SURFACE('',#8350,6.695751497138);
#8350 = AXIS2_PLACEMENT_3D('',#8351,#8352,#8353);
#8351 = CARTESIAN_POINT('',(1.516503547274,-24.12817008693,0.));
#8352 = DIRECTION('',(-0.,-0.,-1.));
#8353 = DIRECTION('',(0.942173246436,-0.33512620563,0.));
#8354 = DEFINITIONAL_REPRESENTATION('',(#8355),#8364);
#8355 = B_SPLINE_CURVE_WITH_KNOTS('',7,(#8356,#8357,#8358,#8359,#8360,
    #8361,#8362,#8363),.UNSPECIFIED.,.F.,.F.,(8,8),(0.,1.),
  .PIECEWISE_BEZIER_KNOTS.);
#8356 = CARTESIAN_POINT('',(-0.399916820262,-0.600598998088));
#8357 = CARTESIAN_POINT('',(-0.34035635257,-0.719099553286));
#8358 = CARTESIAN_POINT('',(-0.281733038894,-0.848182674857));
#8359 = CARTESIAN_POINT('',(-0.22399320487,-0.986310340721));
#8360 = CARTESIAN_POINT('',(-0.167058643527,-1.131937080567));
#8361 = CARTESIAN_POINT('',(-0.110834318449,-1.283614655301));
#8362 = CARTESIAN_POINT('',(-5.520158565377E-02,-1.440024629007));
#8363 = CARTESIAN_POINT('',(8.881784197001E-16,-1.6));
#8364 = ( GEOMETRIC_REPRESENTATION_CONTEXT(2) 
PARAMETRIC_REPRESENTATION_CONTEXT() REPRESENTATION_CONTEXT('2D SPACE',''
  ) );
#8365 = ORIENTED_EDGE('',*,*,#8366,.T.);
#8366 = EDGE_CURVE('',#8324,#8367,#8369,.T.);
#8367 = VERTEX_POINT('',#8368);
#8368 = CARTESIAN_POINT('',(6.409343918505,-26.75143225535,1.6));
#8369 = SURFACE_CURVE('',#8370,(#8376,#8385),.PCURVE_S1.);
#8370 = B_SPLINE_CURVE_WITH_KNOTS('',4,(#8371,#8372,#8373,#8374,#8375),
  .UNSPECIFIED.,.F.,.F.,(5,5),(0.,1.),.PIECEWISE_BEZIER_KNOTS.);
#8371 = CARTESIAN_POINT('',(7.825061472662,-26.37209188001,1.6));
#8372 = CARTESIAN_POINT('',(7.47115642918,-26.4669204506,1.594771077215)
  );
#8373 = CARTESIAN_POINT('',(7.117202547201,-26.56176210744,
    1.593038407659));
#8374 = CARTESIAN_POINT('',(6.76324895847,-26.6566036857,1.594771077267)
  );
#8375 = CARTESIAN_POINT('',(6.409343918505,-26.75143225535,1.6));
#8376 = PCURVE('',#1902,#8377);
#8377 = DEFINITIONAL_REPRESENTATION('',(#8378),#8384);
#8378 = B_SPLINE_CURVE_WITH_KNOTS('',4,(#8379,#8380,#8381,#8382,#8383),
  .UNSPECIFIED.,.F.,.F.,(5,5),(0.,1.),.PIECEWISE_BEZIER_KNOTS.);
#8379 = CARTESIAN_POINT('',(5.000831603423,5.204198588418));
#8380 = CARTESIAN_POINT('',(4.987517205143,5.203378364491));
#8381 = CARTESIAN_POINT('',(4.974188362143,5.203104898197));
#8382 = CARTESIAN_POINT('',(4.960859531092,5.203378364499));
#8383 = CARTESIAN_POINT('',(4.947545132945,5.204198588418));
#8384 = ( GEOMETRIC_REPRESENTATION_CONTEXT(2) 
PARAMETRIC_REPRESENTATION_CONTEXT() REPRESENTATION_CONTEXT('2D SPACE',''
  ) );
#8385 = PCURVE('',#8386,#8391);
#8386 = PLANE('',#8387);
#8387 = AXIS2_PLACEMENT_3D('',#8388,#8389,#8390);
#8388 = CARTESIAN_POINT('',(6.409343918505,-26.75143225535,0.));
#8389 = DIRECTION('',(-0.258819045103,0.965925826289,0.));
#8390 = DIRECTION('',(0.965925826289,0.258819045103,0.));
#8391 = DEFINITIONAL_REPRESENTATION('',(#8392),#8398);
#8392 = B_SPLINE_CURVE_WITH_KNOTS('',4,(#8393,#8394,#8395,#8396,#8397),
  .UNSPECIFIED.,.F.,.F.,(5,5),(0.,1.),.PIECEWISE_BEZIER_KNOTS.);
#8393 = CARTESIAN_POINT('',(1.465658662007,-1.6));
#8394 = CARTESIAN_POINT('',(1.099269200363,-1.594771077215));
#8395 = CARTESIAN_POINT('',(0.732829177387,-1.593038407659));
#8396 = CARTESIAN_POINT('',(0.366389458003,-1.594771077267));
#8397 = CARTESIAN_POINT('',(-2.726707748479E-13,-1.6));
#8398 = ( GEOMETRIC_REPRESENTATION_CONTEXT(2) 
PARAMETRIC_REPRESENTATION_CONTEXT() REPRESENTATION_CONTEXT('2D SPACE',''
  ) );
#8399 = ORIENTED_EDGE('',*,*,#8400,.F.);
#8400 = EDGE_CURVE('',#8401,#8367,#8403,.T.);
#8401 = VERTEX_POINT('',#8402);
#8402 = CARTESIAN_POINT('',(4.76721235726,-24.65890779849,0.600598998088
    ));
#8403 = SURFACE_CURVE('',#8404,(#8413,#8425),.PCURVE_S1.);
#8404 = B_SPLINE_CURVE_WITH_KNOTS('',7,(#8405,#8406,#8407,#8408,#8409,
    #8410,#8411,#8412),.UNSPECIFIED.,.F.,.F.,(8,8),(0.,1.),
  .PIECEWISE_BEZIER_KNOTS.);
#8405 = CARTESIAN_POINT('',(4.76721235726,-24.65890779849,0.600598998088
    ));
#8406 = CARTESIAN_POINT('',(4.946194408636,-25.01529036378,
    0.719099553285));
#8407 = CARTESIAN_POINT('',(5.147124369574,-25.35362852356,
    0.848182674858));
#8408 = CARTESIAN_POINT('',(5.367723204822,-25.67288253964,
    0.986310340719));
#8409 = CARTESIAN_POINT('',(5.605886792924,-25.97247822647,
    1.131937080569));
#8410 = CARTESIAN_POINT('',(5.859792137508,-26.25213272634,1.2836146553)
  );
#8411 = CARTESIAN_POINT('',(6.127949847895,-26.51177951023,
    1.440024629007));
#8412 = CARTESIAN_POINT('',(6.409343918505,-26.75143225535,1.6));
#8413 = PCURVE('',#1902,#8414);
#8414 = DEFINITIONAL_REPRESENTATION('',(#8415),#8424);
#8415 = B_SPLINE_CURVE_WITH_KNOTS('',7,(#8416,#8417,#8418,#8419,#8420,
    #8421,#8422,#8423),.UNSPECIFIED.,.F.,.F.,(8,8),(0.,1.),
  .PIECEWISE_BEZIER_KNOTS.);
#8416 = CARTESIAN_POINT('',(4.903359244001,5.011803082344));
#8417 = CARTESIAN_POINT('',(4.907662671348,5.041562392828));
#8418 = CARTESIAN_POINT('',(4.912806988705,5.070632248963));
#8419 = CARTESIAN_POINT('',(4.918666455346,5.098948728532));
#8420 = CARTESIAN_POINT('',(4.925139158307,5.126477188547));
#8421 = CARTESIAN_POINT('',(4.932145911613,5.153198073043));
#8422 = CARTESIAN_POINT('',(4.939627162073,5.179104389785));
#8423 = CARTESIAN_POINT('',(4.947545132945,5.204198588418));
#8424 = ( GEOMETRIC_REPRESENTATION_CONTEXT(2) 
PARAMETRIC_REPRESENTATION_CONTEXT() REPRESENTATION_CONTEXT('2D SPACE',''
  ) );
#8425 = PCURVE('',#8426,#8431);
#8426 = CYLINDRICAL_SURFACE('',#8427,6.695751497138);
#8427 = AXIS2_PLACEMENT_3D('',#8428,#8429,#8430);
#8428 = CARTESIAN_POINT('',(10.750754446597,-21.65386001575,0.));
#8429 = DIRECTION('',(-0.,-0.,-1.));
#8430 = DIRECTION('',(-0.893632640323,-0.4487991802,0.));
#8431 = DEFINITIONAL_REPRESENTATION('',(#8432),#8441);
#8432 = B_SPLINE_CURVE_WITH_KNOTS('',7,(#8433,#8434,#8435,#8436,#8437,
    #8438,#8439,#8440),.UNSPECIFIED.,.F.,.F.,(8,8),(0.,1.),
  .PIECEWISE_BEZIER_KNOTS.);
#8433 = CARTESIAN_POINT('',(0.,-0.600598998088));
#8434 = CARTESIAN_POINT('',(-5.956046769157E-02,-0.719099553285));
#8435 = CARTESIAN_POINT('',(-0.118183781369,-0.848182674858));
#8436 = CARTESIAN_POINT('',(-0.17592361539,-0.986310340718));
#8437 = CARTESIAN_POINT('',(-0.232858176735,-1.131937080569));
#8438 = CARTESIAN_POINT('',(-0.289082501812,-1.2836146553));
#8439 = CARTESIAN_POINT('',(-0.344715234608,-1.440024629007));
#8440 = CARTESIAN_POINT('',(-0.399916820262,-1.6));
#8441 = ( GEOMETRIC_REPRESENTATION_CONTEXT(2) 
PARAMETRIC_REPRESENTATION_CONTEXT() REPRESENTATION_CONTEXT('2D SPACE',''
  ) );
#8442 = ORIENTED_EDGE('',*,*,#8443,.F.);
#8443 = EDGE_CURVE('',#8199,#8401,#8444,.T.);
#8444 = SURFACE_CURVE('',#8445,(#8451,#8460),.PCURVE_S1.);
#8445 = B_SPLINE_CURVE_WITH_KNOTS('',4,(#8446,#8447,#8448,#8449,#8450),
  .UNSPECIFIED.,.F.,.F.,(5,5),(0.,1.),.PIECEWISE_BEZIER_KNOTS.);
#8446 = CARTESIAN_POINT('',(4.380185399695,-23.88827376611,
    0.373341058361));
#8447 = CARTESIAN_POINT('',(4.486652848265,-24.10026788591,
    0.428039076436));
#8448 = CARTESIAN_POINT('',(4.592566818765,-24.31115994027,
    0.488082200825));
#8449 = CARTESIAN_POINT('',(4.697843084002,-24.52078221904,
    0.553458259061));
#8450 = CARTESIAN_POINT('',(4.80239662613,-24.7289654378,0.624138849873)
  );
#8451 = PCURVE('',#1902,#8452);
#8452 = DEFINITIONAL_REPRESENTATION('',(#8453),#8459);
#8453 = B_SPLINE_CURVE_WITH_KNOTS('',4,(#8454,#8455,#8456,#8457,#8458),
  .UNSPECIFIED.,.F.,.F.,(5,5),(0.,1.),.PIECEWISE_BEZIER_KNOTS.);
#8454 = CARTESIAN_POINT('',(4.893735826466,4.94812205133));
#8455 = CARTESIAN_POINT('',(4.896473453522,4.965469958185));
#8456 = CARTESIAN_POINT('',(4.899128411776,4.982842524983));
#8457 = CARTESIAN_POINT('',(4.901703838623,5.000239184384));
#8458 = CARTESIAN_POINT('',(4.904202673596,5.017659192849));
#8459 = ( GEOMETRIC_REPRESENTATION_CONTEXT(2) 
PARAMETRIC_REPRESENTATION_CONTEXT() REPRESENTATION_CONTEXT('2D SPACE',''
  ) );
#8460 = PCURVE('',#8461,#8466);
#8461 = PLANE('',#8462);
#8462 = AXIS2_PLACEMENT_3D('',#8463,#8464,#8465);
#8463 = CARTESIAN_POINT('',(4.415369668564,-23.95833140542,0.));
#8464 = DIRECTION('',(0.893632640323,0.4487991802,-0.));
#8465 = DIRECTION('',(0.4487991802,-0.893632640323,0.));
#8466 = DEFINITIONAL_REPRESENTATION('',(#8467),#8473);
#8467 = B_SPLINE_CURVE_WITH_KNOTS('',4,(#8468,#8469,#8470,#8471,#8472),
  .UNSPECIFIED.,.F.,.F.,(5,5),(0.,1.),.PIECEWISE_BEZIER_KNOTS.);
#8468 = CARTESIAN_POINT('',(-7.839646421336E-02,-0.373341058361));
#8469 = CARTESIAN_POINT('',(0.158830904433,-0.428039076436));
#8470 = CARTESIAN_POINT('',(0.394825030922,-0.488082200825));
#8471 = CARTESIAN_POINT('',(0.62939824291,-0.553458259061));
#8472 = CARTESIAN_POINT('',(0.862361106347,-0.624138849873));
#8473 = ( GEOMETRIC_REPRESENTATION_CONTEXT(2) 
PARAMETRIC_REPRESENTATION_CONTEXT() REPRESENTATION_CONTEXT('2D SPACE',''
  ) );
#8474 = ADVANCED_FACE('',(#8475),#2164,.F.);
#8475 = FACE_BOUND('',#8476,.F.);
#8476 = EDGE_LOOP('',(#8477,#8478,#8479,#8480));
#8477 = ORIENTED_EDGE('',*,*,#6376,.F.);
#8478 = ORIENTED_EDGE('',*,*,#2148,.T.);
#8479 = ORIENTED_EDGE('',*,*,#7480,.F.);
#8480 = ORIENTED_EDGE('',*,*,#8481,.F.);
#8481 = EDGE_CURVE('',#6377,#7481,#8482,.T.);
#8482 = SURFACE_CURVE('',#8483,(#8487,#8494),.PCURVE_S1.);
#8483 = LINE('',#8484,#8485);
#8484 = CARTESIAN_POINT('',(15.802988002788,-18.5408387951,0.));
#8485 = VECTOR('',#8486,1.);
#8486 = DIRECTION('',(0.,0.,1.));
#8487 = PCURVE('',#2164,#8488);
#8488 = DEFINITIONAL_REPRESENTATION('',(#8489),#8493);
#8489 = LINE('',#8490,#8491);
#8490 = CARTESIAN_POINT('',(0.232710566933,0.));
#8491 = VECTOR('',#8492,1.);
#8492 = DIRECTION('',(0.,-1.));
#8493 = ( GEOMETRIC_REPRESENTATION_CONTEXT(2) 
PARAMETRIC_REPRESENTATION_CONTEXT() REPRESENTATION_CONTEXT('2D SPACE',''
  ) );
#8494 = PCURVE('',#6639,#8495);
#8495 = DEFINITIONAL_REPRESENTATION('',(#8496),#8500);
#8496 = LINE('',#8497,#8498);
#8497 = CARTESIAN_POINT('',(0.,0.));
#8498 = VECTOR('',#8499,1.);
#8499 = DIRECTION('',(0.,-1.));
#8500 = ( GEOMETRIC_REPRESENTATION_CONTEXT(2) 
PARAMETRIC_REPRESENTATION_CONTEXT() REPRESENTATION_CONTEXT('2D SPACE',''
  ) );
#8501 = ADVANCED_FACE('',(#8502),#2018,.T.);
#8502 = FACE_BOUND('',#8503,.T.);
#8503 = EDGE_LOOP('',(#8504,#8526,#8527,#8528));
#8504 = ORIENTED_EDGE('',*,*,#8505,.T.);
#8505 = EDGE_CURVE('',#2927,#1947,#8506,.T.);
#8506 = SURFACE_CURVE('',#8507,(#8512,#8519),.PCURVE_S1.);
#8507 = CIRCLE('',#8508,21.159010550645);
#8508 = AXIS2_PLACEMENT_3D('',#8509,#8510,#8511);
#8509 = CARTESIAN_POINT('',(0.,0.,7.199999109273));
#8510 = DIRECTION('',(0.,0.,1.));
#8511 = DIRECTION('',(1.,0.,-0.));
#8512 = PCURVE('',#2018,#8513);
#8513 = DEFINITIONAL_REPRESENTATION('',(#8514),#8518);
#8514 = LINE('',#8515,#8516);
#8515 = CARTESIAN_POINT('',(0.,1.568908760281));
#8516 = VECTOR('',#8517,1.);
#8517 = DIRECTION('',(1.,0.));
#8518 = ( GEOMETRIC_REPRESENTATION_CONTEXT(2) 
PARAMETRIC_REPRESENTATION_CONTEXT() REPRESENTATION_CONTEXT('2D SPACE',''
  ) );
#8519 = PCURVE('',#1970,#8520);
#8520 = DEFINITIONAL_REPRESENTATION('',(#8521),#8525);
#8521 = LINE('',#8522,#8523);
#8522 = CARTESIAN_POINT('',(0.,1.568908760277));
#8523 = VECTOR('',#8524,1.);
#8524 = DIRECTION('',(1.,0.));
#8525 = ( GEOMETRIC_REPRESENTATION_CONTEXT(2) 
PARAMETRIC_REPRESENTATION_CONTEXT() REPRESENTATION_CONTEXT('2D SPACE',''
  ) );
#8526 = ORIENTED_EDGE('',*,*,#1986,.T.);
#8527 = ORIENTED_EDGE('',*,*,#7196,.F.);
#8528 = ORIENTED_EDGE('',*,*,#2926,.F.);
#8529 = ADVANCED_FACE('',(#8530),#1970,.T.);
#8530 = FACE_BOUND('',#8531,.T.);
#8531 = EDGE_LOOP('',(#8532,#8572,#8601,#8639,#8668,#8710,#8711,#8712,
    #8713,#8757));
#8532 = ORIENTED_EDGE('',*,*,#8533,.F.);
#8533 = EDGE_CURVE('',#8534,#8536,#8538,.T.);
#8534 = VERTEX_POINT('',#8535);
#8535 = CARTESIAN_POINT('',(6.409343918505,-26.75143225535,5.6));
#8536 = VERTEX_POINT('',#8537);
#8537 = CARTESIAN_POINT('',(4.76721235726,-24.65890779849,6.599401001912
    ));
#8538 = SURFACE_CURVE('',#8539,(#8548,#8560),.PCURVE_S1.);
#8539 = B_SPLINE_CURVE_WITH_KNOTS('',7,(#8540,#8541,#8542,#8543,#8544,
    #8545,#8546,#8547),.UNSPECIFIED.,.F.,.F.,(8,8),(0.,1.),
  .PIECEWISE_BEZIER_KNOTS.);
#8540 = CARTESIAN_POINT('',(6.409343918505,-26.75143225535,5.6));
#8541 = CARTESIAN_POINT('',(6.12794984782,-26.51177951016,5.759975371035
    ));
#8542 = CARTESIAN_POINT('',(5.859792137654,-26.25213272645,
    5.916385344619));
#8543 = CARTESIAN_POINT('',(5.60588679312,-25.9724782267,6.068062919312)
  );
#8544 = CARTESIAN_POINT('',(5.36772320488,-25.67288253978,6.21368965924)
  );
#8545 = CARTESIAN_POINT('',(5.147124369441,-25.35362852341,
    6.351817325222));
#8546 = CARTESIAN_POINT('',(4.94619440846,-25.01529036343,6.480900446831
    ));
#8547 = CARTESIAN_POINT('',(4.76721235726,-24.65890779849,6.599401001912
    ));
#8548 = PCURVE('',#1970,#8549);
#8549 = DEFINITIONAL_REPRESENTATION('',(#8550),#8559);
#8550 = B_SPLINE_CURVE_WITH_KNOTS('',7,(#8551,#8552,#8553,#8554,#8555,
    #8556,#8557,#8558),.UNSPECIFIED.,.F.,.F.,(8,8),(0.,1.),
  .PIECEWISE_BEZIER_KNOTS.);
#8551 = CARTESIAN_POINT('',(4.947545132945,1.078986718762));
#8552 = CARTESIAN_POINT('',(4.939627162071,1.104080917401));
#8553 = CARTESIAN_POINT('',(4.932145911618,1.129987234125));
#8554 = CARTESIAN_POINT('',(4.925139158312,1.156708118611));
#8555 = CARTESIAN_POINT('',(4.918666455347,1.184236578637));
#8556 = CARTESIAN_POINT('',(4.912806988701,1.21255305823));
#8557 = CARTESIAN_POINT('',(4.907662671343,1.241622914381));
#8558 = CARTESIAN_POINT('',(4.903359244001,1.271382224835));
#8559 = ( GEOMETRIC_REPRESENTATION_CONTEXT(2) 
PARAMETRIC_REPRESENTATION_CONTEXT() REPRESENTATION_CONTEXT('2D SPACE',''
  ) );
#8560 = PCURVE('',#8426,#8561);
#8561 = DEFINITIONAL_REPRESENTATION('',(#8562),#8571);
#8562 = B_SPLINE_CURVE_WITH_KNOTS('',7,(#8563,#8564,#8565,#8566,#8567,
    #8568,#8569,#8570),.UNSPECIFIED.,.F.,.F.,(8,8),(0.,1.),
  .PIECEWISE_BEZIER_KNOTS.);
#8563 = CARTESIAN_POINT('',(-0.399916820262,-5.6));
#8564 = CARTESIAN_POINT('',(-0.344715234593,-5.759975371035));
#8565 = CARTESIAN_POINT('',(-0.289082501839,-5.916385344619));
#8566 = CARTESIAN_POINT('',(-0.23285817678,-6.068062919312));
#8567 = CARTESIAN_POINT('',(-0.175923615412,-6.21368965924));
#8568 = CARTESIAN_POINT('',(-0.118183781341,-6.351817325222));
#8569 = CARTESIAN_POINT('',(-5.956046763311E-02,-6.480900446831));
#8570 = CARTESIAN_POINT('',(0.,-6.599401001912));
#8571 = ( GEOMETRIC_REPRESENTATION_CONTEXT(2) 
PARAMETRIC_REPRESENTATION_CONTEXT() REPRESENTATION_CONTEXT('2D SPACE',''
  ) );
#8572 = ORIENTED_EDGE('',*,*,#8573,.T.);
#8573 = EDGE_CURVE('',#8534,#8574,#8576,.T.);
#8574 = VERTEX_POINT('',#8575);
#8575 = CARTESIAN_POINT('',(7.825061472663,-26.37209188001,5.6));
#8576 = SURFACE_CURVE('',#8577,(#8583,#8592),.PCURVE_S1.);
#8577 = B_SPLINE_CURVE_WITH_KNOTS('',4,(#8578,#8579,#8580,#8581,#8582),
  .UNSPECIFIED.,.F.,.F.,(5,5),(0.,1.),.PIECEWISE_BEZIER_KNOTS.);
#8578 = CARTESIAN_POINT('',(6.409343918505,-26.75143225535,5.6));
#8579 = CARTESIAN_POINT('',(6.763248961987,-26.65660368475,
    5.605228922785));
#8580 = CARTESIAN_POINT('',(7.117202843966,-26.56176202792,
    5.606961592341));
#8581 = CARTESIAN_POINT('',(7.471156432697,-26.46692044966,
    5.605228922733));
#8582 = CARTESIAN_POINT('',(7.825061472662,-26.37209188001,5.6));
#8583 = PCURVE('',#1970,#8584);
#8584 = DEFINITIONAL_REPRESENTATION('',(#8585),#8591);
#8585 = B_SPLINE_CURVE_WITH_KNOTS('',4,(#8586,#8587,#8588,#8589,#8590),
  .UNSPECIFIED.,.F.,.F.,(5,5),(0.,1.),.PIECEWISE_BEZIER_KNOTS.);
#8586 = CARTESIAN_POINT('',(4.947545132945,1.078986718762));
#8587 = CARTESIAN_POINT('',(4.960859531224,1.079806942689));
#8588 = CARTESIAN_POINT('',(4.974188374225,1.080080408983));
#8589 = CARTESIAN_POINT('',(4.987517205276,1.079806942681));
#8590 = CARTESIAN_POINT('',(5.000831603423,1.078986718762));
#8591 = ( GEOMETRIC_REPRESENTATION_CONTEXT(2) 
PARAMETRIC_REPRESENTATION_CONTEXT() REPRESENTATION_CONTEXT('2D SPACE',''
  ) );
#8592 = PCURVE('',#8386,#8593);
#8593 = DEFINITIONAL_REPRESENTATION('',(#8594),#8600);
#8594 = B_SPLINE_CURVE_WITH_KNOTS('',4,(#8595,#8596,#8597,#8598,#8599),
  .UNSPECIFIED.,.F.,.F.,(5,5),(0.,1.),.PIECEWISE_BEZIER_KNOTS.);
#8595 = CARTESIAN_POINT('',(-5.151434834261E-14,-5.6));
#8596 = CARTESIAN_POINT('',(0.366389461644,-5.605228922785));
#8597 = CARTESIAN_POINT('',(0.732829484621,-5.606961592341));
#8598 = CARTESIAN_POINT('',(1.099269204004,-5.605228922733));
#8599 = CARTESIAN_POINT('',(1.465658662007,-5.6));
#8600 = ( GEOMETRIC_REPRESENTATION_CONTEXT(2) 
PARAMETRIC_REPRESENTATION_CONTEXT() REPRESENTATION_CONTEXT('2D SPACE',''
  ) );
#8601 = ORIENTED_EDGE('',*,*,#8602,.T.);
#8602 = EDGE_CURVE('',#8574,#8603,#8605,.T.);
#8603 = VERTEX_POINT('',#8604);
#8604 = CARTESIAN_POINT('',(8.200926892624,-23.7388467617,6.599401001912
    ));
#8605 = SURFACE_CURVE('',#8606,(#8615,#8627),.PCURVE_S1.);
#8606 = B_SPLINE_CURVE_WITH_KNOTS('',7,(#8607,#8608,#8609,#8610,#8611,
    #8612,#8613,#8614),.UNSPECIFIED.,.F.,.F.,(8,8),(0.,1.),
  .PIECEWISE_BEZIER_KNOTS.);
#8607 = CARTESIAN_POINT('',(7.825061472662,-26.37209188001,5.6));
#8608 = CARTESIAN_POINT('',(7.948929513755,-26.02384947924,
    5.759975371035));
#8609 = CARTESIAN_POINT('',(8.051337511124,-25.66490991345,5.91638534462
    ));
#8610 = CARTESIAN_POINT('',(8.131398739769,-25.29576934012,
    6.068062919311));
#8611 = CARTESIAN_POINT('',(8.187856613985,-24.91723007026,
    6.213689659241));
#8612 = CARTESIAN_POINT('',(8.219273801334,-24.53044856411,
    6.351817325221));
#8613 = CARTESIAN_POINT('',(8.224115171935,-24.136974142,6.480900446831)
  );
#8614 = CARTESIAN_POINT('',(8.200926892624,-23.7388467617,6.599401001912
    ));
#8615 = PCURVE('',#1970,#8616);
#8616 = DEFINITIONAL_REPRESENTATION('',(#8617),#8626);
#8617 = B_SPLINE_CURVE_WITH_KNOTS('',7,(#8618,#8619,#8620,#8621,#8622,
    #8623,#8624,#8625),.UNSPECIFIED.,.F.,.F.,(8,8),(0.,1.),
  .PIECEWISE_BEZIER_KNOTS.);
#8618 = CARTESIAN_POINT('',(5.000831603423,1.078986718762));
#8619 = CARTESIAN_POINT('',(5.008749574297,1.104080917401));
#8620 = CARTESIAN_POINT('',(5.01623082475,1.129987234125));
#8621 = CARTESIAN_POINT('',(5.023237578055,1.15670811861));
#8622 = CARTESIAN_POINT('',(5.029710281021,1.184236578637));
#8623 = CARTESIAN_POINT('',(5.035569747666,1.21255305823));
#8624 = CARTESIAN_POINT('',(5.040714065024,1.241622914381));
#8625 = CARTESIAN_POINT('',(5.045017492366,1.271382224835));
#8626 = ( GEOMETRIC_REPRESENTATION_CONTEXT(2) 
PARAMETRIC_REPRESENTATION_CONTEXT() REPRESENTATION_CONTEXT('2D SPACE',''
  ) );
#8627 = PCURVE('',#8349,#8628);
#8628 = DEFINITIONAL_REPRESENTATION('',(#8629),#8638);
#8629 = B_SPLINE_CURVE_WITH_KNOTS('',7,(#8630,#8631,#8632,#8633,#8634,
    #8635,#8636,#8637),.UNSPECIFIED.,.F.,.F.,(8,8),(0.,1.),
  .PIECEWISE_BEZIER_KNOTS.);
#8630 = CARTESIAN_POINT('',(8.881784197001E-16,-5.6));
#8631 = CARTESIAN_POINT('',(-5.520158566821E-02,-5.759975371035));
#8632 = CARTESIAN_POINT('',(-0.110834318423,-5.91638534462));
#8633 = CARTESIAN_POINT('',(-0.167058643481,-6.068062919311));
#8634 = CARTESIAN_POINT('',(-0.22399320485,-6.213689659241));
#8635 = CARTESIAN_POINT('',(-0.281733038921,-6.351817325221));
#8636 = CARTESIAN_POINT('',(-0.340356352629,-6.480900446831));
#8637 = CARTESIAN_POINT('',(-0.399916820262,-6.599401001912));
#8638 = ( GEOMETRIC_REPRESENTATION_CONTEXT(2) 
PARAMETRIC_REPRESENTATION_CONTEXT() REPRESENTATION_CONTEXT('2D SPACE',''
  ) );
#8639 = ORIENTED_EDGE('',*,*,#8640,.T.);
#8640 = EDGE_CURVE('',#8603,#8641,#8643,.T.);
#8641 = VERTEX_POINT('',#8642);
#8642 = CARTESIAN_POINT('',(8.155343402635,-22.95620846366,
    6.808351985059));
#8643 = SURFACE_CURVE('',#8644,(#8650,#8659),.PCURVE_S1.);
#8644 = B_SPLINE_CURVE_WITH_KNOTS('',4,(#8645,#8646,#8647,#8648,#8649),
  .UNSPECIFIED.,.F.,.F.,(5,5),(0.,1.),.PIECEWISE_BEZIER_KNOTS.);
#8645 = CARTESIAN_POINT('',(8.205485241623,-23.8171105915,6.575861150127
    ));
#8646 = CARTESIAN_POINT('',(8.191939655795,-23.58454186451,
    6.646541740914));
#8647 = CARTESIAN_POINT('',(8.178300436504,-23.35036551306,
    6.711917799181));
#8648 = CARTESIAN_POINT('',(8.164578598402,-23.11477065139,
    6.771960923545));
#8649 = CARTESIAN_POINT('',(8.150785053636,-22.87794463386,
    6.826658941639));
#8650 = PCURVE('',#1970,#8651);
#8651 = DEFINITIONAL_REPRESENTATION('',(#8652),#8658);
#8652 = B_SPLINE_CURVE_WITH_KNOTS('',4,(#8653,#8654,#8655,#8656,#8657),
  .UNSPECIFIED.,.F.,.F.,(5,5),(0.,1.),.PIECEWISE_BEZIER_KNOTS.);
#8653 = CARTESIAN_POINT('',(5.044174062811,1.265526114236));
#8654 = CARTESIAN_POINT('',(5.046672897783,1.28294612269));
#8655 = CARTESIAN_POINT('',(5.049248324521,1.300342782355));
#8656 = CARTESIAN_POINT('',(5.051903282862,1.317715348962));
#8657 = CARTESIAN_POINT('',(5.054640909919,1.33506325582));
#8658 = ( GEOMETRIC_REPRESENTATION_CONTEXT(2) 
PARAMETRIC_REPRESENTATION_CONTEXT() REPRESENTATION_CONTEXT('2D SPACE',''
  ) );
#8659 = PCURVE('',#8309,#8660);
#8660 = DEFINITIONAL_REPRESENTATION('',(#8661),#8667);
#8661 = B_SPLINE_CURVE_WITH_KNOTS('',4,(#8662,#8663,#8664,#8665,#8666),
  .UNSPECIFIED.,.F.,.F.,(5,5),(0.,1.),.PIECEWISE_BEZIER_KNOTS.);
#8662 = CARTESIAN_POINT('',(-7.839646421336E-02,-6.575861150127));
#8663 = CARTESIAN_POINT('',(0.154566399069,-6.646541740914));
#8664 = CARTESIAN_POINT('',(0.389139611271,-6.711917799181));
#8665 = CARTESIAN_POINT('',(0.625133737648,-6.771960923545));
#8666 = CARTESIAN_POINT('',(0.862361106347,-6.826658941639));
#8667 = ( GEOMETRIC_REPRESENTATION_CONTEXT(2) 
PARAMETRIC_REPRESENTATION_CONTEXT() REPRESENTATION_CONTEXT('2D SPACE',''
  ) );
#8668 = ORIENTED_EDGE('',*,*,#8669,.T.);
#8669 = EDGE_CURVE('',#8641,#1919,#8670,.T.);
#8670 = SURFACE_CURVE('',#8671,(#8682,#8696),.PCURVE_S1.);
#8671 = B_SPLINE_CURVE_WITH_KNOTS('',5,(#8672,#8673,#8674,#8675,#8676,
    #8677,#8678,#8679,#8680,#8681),.UNSPECIFIED.,.F.,.F.,(6,4,6),(0.,
    0.323177195942,1.),.UNSPECIFIED.);
#8672 = CARTESIAN_POINT('',(8.155343402635,-22.95620846366,
    6.808351985059));
#8673 = CARTESIAN_POINT('',(8.146520437288,-22.8047239989,6.844233903113
    ));
#8674 = CARTESIAN_POINT('',(8.140404044884,-22.65208332339,
    6.877991311034));
#8675 = CARTESIAN_POINT('',(8.137075937308,-22.49842752153,
    6.909601465401));
#8676 = CARTESIAN_POINT('',(8.136603993679,-22.34390753696,
    6.939057935759));
#8677 = CARTESIAN_POINT('',(8.144148667919,-21.86360333738,
    7.023570918734));
#8678 = CARTESIAN_POINT('',(8.162019051767,-21.53541247422,
    7.071373368011));
#8679 = CARTESIAN_POINT('',(8.193146658911,-21.20564235145,
    7.109858873618));
#8680 = CARTESIAN_POINT('',(8.237717459483,-20.87577257682,
    7.139495530155));
#8681 = CARTESIAN_POINT('',(8.295651426942,-20.54721272043,
    7.161045598658));
#8682 = PCURVE('',#1970,#8683);
#8683 = DEFINITIONAL_REPRESENTATION('',(#8684),#8695);
#8684 = B_SPLINE_CURVE_WITH_KNOTS('',5,(#8685,#8686,#8687,#8688,#8689,
    #8690,#8691,#8692,#8693,#8694),.UNSPECIFIED.,.F.,.F.,(6,4,6),(0.,
    0.323177195942,1.),.UNSPECIFIED.);
#8685 = CARTESIAN_POINT('',(5.053738997596,1.329325564959));
#8686 = CARTESIAN_POINT('',(5.055479302546,1.340440477399));
#8687 = CARTESIAN_POINT('',(5.057366193362,1.351524309085));
#8688 = CARTESIAN_POINT('',(5.059405362479,1.362565990076));
#8689 = CARTESIAN_POINT('',(5.061601951854,1.373553795731));
#8690 = CARTESIAN_POINT('',(5.068900118744,1.40734810769));
#8691 = CARTESIAN_POINT('',(5.074550583511,1.429931982637));
#8692 = CARTESIAN_POINT('',(5.0809527586,1.452109416493));
#8693 = CARTESIAN_POINT('',(5.088136508631,1.47376625014));
#8694 = CARTESIAN_POINT('',(5.096111973949,1.494788207479));
#8695 = ( GEOMETRIC_REPRESENTATION_CONTEXT(2) 
PARAMETRIC_REPRESENTATION_CONTEXT() REPRESENTATION_CONTEXT('2D SPACE',''
  ) );
#8696 = PCURVE('',#1934,#8697);
#8697 = DEFINITIONAL_REPRESENTATION('',(#8698),#8709);
#8698 = B_SPLINE_CURVE_WITH_KNOTS('',5,(#8699,#8700,#8701,#8702,#8703,
    #8704,#8705,#8706,#8707,#8708),.UNSPECIFIED.,.F.,.F.,(6,4,6),(0.,
    0.323177195942,1.),.UNSPECIFIED.);
#8699 = CARTESIAN_POINT('',(0.,-6.808351985059));
#8700 = CARTESIAN_POINT('',(1.460050148097E-02,-6.844233903113));
#8701 = CARTESIAN_POINT('',(2.929691195919E-02,-6.877991311034));
#8702 = CARTESIAN_POINT('',(4.408174857538E-02,-6.909601465401));
#8703 = CARTESIAN_POINT('',(5.894706797081E-02,-6.939057935759));
#8704 = CARTESIAN_POINT('',(0.105167526914,-7.023570918734));
#8705 = CARTESIAN_POINT('',(0.13676908135,-7.071373368011));
#8706 = CARTESIAN_POINT('',(0.168606415507,-7.109858873618));
#8707 = CARTESIAN_POINT('',(0.200608918276,-7.139495530155));
#8708 = CARTESIAN_POINT('',(0.232710566933,-7.161045598658));
#8709 = ( GEOMETRIC_REPRESENTATION_CONTEXT(2) 
PARAMETRIC_REPRESENTATION_CONTEXT() REPRESENTATION_CONTEXT('2D SPACE',''
  ) );
#8710 = ORIENTED_EDGE('',*,*,#1946,.T.);
#8711 = ORIENTED_EDGE('',*,*,#8505,.F.);
#8712 = ORIENTED_EDGE('',*,*,#2973,.F.);
#8713 = ORIENTED_EDGE('',*,*,#8714,.F.);
#8714 = EDGE_CURVE('',#8715,#2974,#8717,.T.);
#8715 = VERTEX_POINT('',#8716);
#8716 = CARTESIAN_POINT('',(4.415369668564,-23.95833140542,
    6.808351985059));
#8717 = SURFACE_CURVE('',#8718,(#8729,#8743),.PCURVE_S1.);
#8718 = B_SPLINE_CURVE_WITH_KNOTS('',5,(#8719,#8720,#8721,#8722,#8723,
    #8724,#8725,#8726,#8727,#8728),.UNSPECIFIED.,.F.,.F.,(6,4,6),(0.,
    0.323177195896,1.),.UNSPECIFIED.);
#8719 = CARTESIAN_POINT('',(4.415369668564,-23.95833140542,
    6.808351985059));
#8720 = CARTESIAN_POINT('',(4.347268348323,-23.82273052801,
    6.844233903108));
#8721 = CARTESIAN_POINT('',(4.276244961778,-23.68748162918,
    6.877991311024));
#8722 = CARTESIAN_POINT('',(4.202299286567,-23.55274774756,
    6.909601465388));
#8723 = CARTESIAN_POINT('',(4.125448009467,-23.41869354373,
    6.939057935742));
#8724 = CARTESIAN_POINT('',(3.878762030123,-23.00651024247,
    7.023570918721));
#8725 = CARTESIAN_POINT('',(3.699190392147,-22.73122380959,
    7.071373368003));
#8726 = CARTESIAN_POINT('',(3.507348032206,-22.46119830941,
    7.109858873614));
#8727 = CARTESIAN_POINT('',(3.303813699316,-22.19780810491,
    7.139495530154));
#8728 = CARTESIAN_POINT('',(3.089361483543,-21.94223390632,
    7.161045598658));
#8729 = PCURVE('',#1970,#8730);
#8730 = DEFINITIONAL_REPRESENTATION('',(#8731),#8742);
#8731 = B_SPLINE_CURVE_WITH_KNOTS('',5,(#8732,#8733,#8734,#8735,#8736,
    #8737,#8738,#8739,#8740,#8741),.UNSPECIFIED.,.F.,.F.,(6,4,6),(0.,
    0.323177195896,1.),.UNSPECIFIED.);
#8732 = CARTESIAN_POINT('',(4.894637738772,1.329325564959));
#8733 = CARTESIAN_POINT('',(4.892897433822,1.340440477397));
#8734 = CARTESIAN_POINT('',(4.891010543006,1.351524309081));
#8735 = CARTESIAN_POINT('',(4.88897137389,1.362565990071));
#8736 = CARTESIAN_POINT('',(4.886774784515,1.373553795725));
#8737 = CARTESIAN_POINT('',(4.879476617626,1.407348107684));
#8738 = CARTESIAN_POINT('',(4.873826152858,1.429931982633));
#8739 = CARTESIAN_POINT('',(4.867423977768,1.45210941649));
#8740 = CARTESIAN_POINT('',(4.860240227738,1.473766250139));
#8741 = CARTESIAN_POINT('',(4.852264762419,1.494788207479));
#8742 = ( GEOMETRIC_REPRESENTATION_CONTEXT(2) 
PARAMETRIC_REPRESENTATION_CONTEXT() REPRESENTATION_CONTEXT('2D SPACE',''
  ) );
#8743 = PCURVE('',#3024,#8744);
#8744 = DEFINITIONAL_REPRESENTATION('',(#8745),#8756);
#8745 = B_SPLINE_CURVE_WITH_KNOTS('',5,(#8746,#8747,#8748,#8749,#8750,
    #8751,#8752,#8753,#8754,#8755),.UNSPECIFIED.,.F.,.F.,(6,4,6),(0.,
    0.323177195896,1.),.UNSPECIFIED.);
#8746 = CARTESIAN_POINT('',(0.232710566933,-6.808351985059));
#8747 = CARTESIAN_POINT('',(0.218110065454,-6.844233903108));
#8748 = CARTESIAN_POINT('',(0.203413654978,-6.877991311024));
#8749 = CARTESIAN_POINT('',(0.188628818363,-6.909601465388));
#8750 = CARTESIAN_POINT('',(0.17376349897,-6.939057935742));
#8751 = CARTESIAN_POINT('',(0.127543040027,-7.023570918721));
#8752 = CARTESIAN_POINT('',(9.594148558871E-02,-7.071373368003));
#8753 = CARTESIAN_POINT('',(6.410415142983E-02,-7.109858873614));
#8754 = CARTESIAN_POINT('',(3.210164865831E-02,-7.139495530154));
#8755 = CARTESIAN_POINT('',(0.,-7.161045598658));
#8756 = ( GEOMETRIC_REPRESENTATION_CONTEXT(2) 
PARAMETRIC_REPRESENTATION_CONTEXT() REPRESENTATION_CONTEXT('2D SPACE',''
  ) );
#8757 = ORIENTED_EDGE('',*,*,#8758,.F.);
#8758 = EDGE_CURVE('',#8536,#8715,#8759,.T.);
#8759 = SURFACE_CURVE('',#8760,(#8766,#8775),.PCURVE_S1.);
#8760 = B_SPLINE_CURVE_WITH_KNOTS('',4,(#8761,#8762,#8763,#8764,#8765),
  .UNSPECIFIED.,.F.,.F.,(5,5),(0.,1.),.PIECEWISE_BEZIER_KNOTS.);
#8761 = CARTESIAN_POINT('',(4.80239662613,-24.7289654378,6.575861150127)
  );
#8762 = CARTESIAN_POINT('',(4.697843084071,-24.52078221918,
    6.646541740914));
#8763 = CARTESIAN_POINT('',(4.592566818738,-24.31115994021,
    6.711917799181));
#8764 = CARTESIAN_POINT('',(4.486652848288,-24.10026788596,
    6.771960923545));
#8765 = CARTESIAN_POINT('',(4.380185399695,-23.88827376611,
    6.826658941639));
#8766 = PCURVE('',#1970,#8767);
#8767 = DEFINITIONAL_REPRESENTATION('',(#8768),#8774);
#8768 = B_SPLINE_CURVE_WITH_KNOTS('',4,(#8769,#8770,#8771,#8772,#8773),
  .UNSPECIFIED.,.F.,.F.,(5,5),(0.,1.),.PIECEWISE_BEZIER_KNOTS.);
#8769 = CARTESIAN_POINT('',(4.904202673557,1.265526114236));
#8770 = CARTESIAN_POINT('',(4.901703838585,1.28294612269));
#8771 = CARTESIAN_POINT('',(4.899128411846,1.300342782355));
#8772 = CARTESIAN_POINT('',(4.896473453506,1.317715348962));
#8773 = CARTESIAN_POINT('',(4.893735826449,1.33506325582));
#8774 = ( GEOMETRIC_REPRESENTATION_CONTEXT(2) 
PARAMETRIC_REPRESENTATION_CONTEXT() REPRESENTATION_CONTEXT('2D SPACE',''
  ) );
#8775 = PCURVE('',#8461,#8776);
#8776 = DEFINITIONAL_REPRESENTATION('',(#8777),#8783);
#8777 = B_SPLINE_CURVE_WITH_KNOTS('',4,(#8778,#8779,#8780,#8781,#8782),
  .UNSPECIFIED.,.F.,.F.,(5,5),(0.,1.),.PIECEWISE_BEZIER_KNOTS.);
#8778 = CARTESIAN_POINT('',(0.862361106347,-6.575861150127));
#8779 = CARTESIAN_POINT('',(0.629398243065,-6.646541740914));
#8780 = CARTESIAN_POINT('',(0.394825030862,-6.711917799181));
#8781 = CARTESIAN_POINT('',(0.158830904485,-6.771960923545));
#8782 = CARTESIAN_POINT('',(-7.839646421336E-02,-6.826658941639));
#8783 = ( GEOMETRIC_REPRESENTATION_CONTEXT(2) 
PARAMETRIC_REPRESENTATION_CONTEXT() REPRESENTATION_CONTEXT('2D SPACE',''
  ) );
#8784 = ADVANCED_FACE('',(#8785),#1934,.F.);
#8785 = FACE_BOUND('',#8786,.F.);
#8786 = EDGE_LOOP('',(#8787,#8788,#8809,#8810));
#8787 = ORIENTED_EDGE('',*,*,#8245,.T.);
#8788 = ORIENTED_EDGE('',*,*,#8789,.T.);
#8789 = EDGE_CURVE('',#8246,#8641,#8790,.T.);
#8790 = SURFACE_CURVE('',#8791,(#8795,#8802),.PCURVE_S1.);
#8791 = LINE('',#8792,#8793);
#8792 = CARTESIAN_POINT('',(8.155343402635,-22.95620846366,0.));
#8793 = VECTOR('',#8794,1.);
#8794 = DIRECTION('',(0.,0.,1.));
#8795 = PCURVE('',#1934,#8796);
#8796 = DEFINITIONAL_REPRESENTATION('',(#8797),#8801);
#8797 = LINE('',#8798,#8799);
#8798 = CARTESIAN_POINT('',(0.,0.));
#8799 = VECTOR('',#8800,1.);
#8800 = DIRECTION('',(0.,-1.));
#8801 = ( GEOMETRIC_REPRESENTATION_CONTEXT(2) 
PARAMETRIC_REPRESENTATION_CONTEXT() REPRESENTATION_CONTEXT('2D SPACE',''
  ) );
#8802 = PCURVE('',#8309,#8803);
#8803 = DEFINITIONAL_REPRESENTATION('',(#8804),#8808);
#8804 = LINE('',#8805,#8806);
#8805 = CARTESIAN_POINT('',(0.783964642134,0.));
#8806 = VECTOR('',#8807,1.);
#8807 = DIRECTION('',(0.,-1.));
#8808 = ( GEOMETRIC_REPRESENTATION_CONTEXT(2) 
PARAMETRIC_REPRESENTATION_CONTEXT() REPRESENTATION_CONTEXT('2D SPACE',''
  ) );
#8809 = ORIENTED_EDGE('',*,*,#8669,.T.);
#8810 = ORIENTED_EDGE('',*,*,#1918,.F.);
#8811 = ADVANCED_FACE('',(#8812),#2558,.T.);
#8812 = FACE_BOUND('',#8813,.T.);
#8813 = EDGE_LOOP('',(#8814,#8858,#8859,#8860,#8861,#8905,#8939,#8982,
    #9016,#9059));
#8814 = ORIENTED_EDGE('',*,*,#8815,.F.);
#8815 = EDGE_CURVE('',#2507,#8816,#8818,.T.);
#8816 = VERTEX_POINT('',#8817);
#8817 = CARTESIAN_POINT('',(18.5408387951,15.802988002788,0.391648014941
    ));
#8818 = SURFACE_CURVE('',#8819,(#8830,#8844),.PCURVE_S1.);
#8819 = B_SPLINE_CURVE_WITH_KNOTS('',5,(#8820,#8821,#8822,#8823,#8824,
    #8825,#8826,#8827,#8828,#8829),.UNSPECIFIED.,.F.,.F.,(6,4,6),(0.,
    0.678562721325,1.),.UNSPECIFIED.);
#8820 = CARTESIAN_POINT('',(17.457851236888,13.646582479386,
    3.895440134219E-02));
#8821 = CARTESIAN_POINT('',(17.572252197299,13.960896534878,
    6.055986544558E-02));
#8822 = CARTESIAN_POINT('',(17.698943976201,14.269635069208,
    9.02935570304E-02));
#8823 = CARTESIAN_POINT('',(17.83728607223,14.571527219733,
    0.128923633473));
#8824 = CARTESIAN_POINT('',(17.986369920085,14.8653756783,0.176920978785
    ));
#8825 = CARTESIAN_POINT('',(18.220132528408,15.284965958031,
    0.261576802321));
#8826 = CARTESIAN_POINT('',(18.297415863983,15.417794052315,
    0.290909283118));
#8827 = CARTESIAN_POINT('',(18.376717260268,15.548467998693,
    0.322372247641));
#8828 = CARTESIAN_POINT('',(18.457904577651,15.676892651273,
    0.355959281399));
#8829 = CARTESIAN_POINT('',(18.5408387951,15.802988002788,0.391648014941
    ));
#8830 = PCURVE('',#2558,#8831);
#8831 = DEFINITIONAL_REPRESENTATION('',(#8832),#8843);
#8832 = B_SPLINE_CURVE_WITH_KNOTS('',5,(#8833,#8834,#8835,#8836,#8837,
    #8838,#8839,#8840,#8841,#8842),.UNSPECIFIED.,.F.,.F.,(6,4,6),(0.,
    0.678562721325,1.),.UNSPECIFIED.);
#8833 = CARTESIAN_POINT('',(0.663474557633,4.7883970997));
#8834 = CARTESIAN_POINT('',(0.67147052431,4.809473095102));
#8835 = CARTESIAN_POINT('',(0.678670704961,4.831187248477));
#8836 = CARTESIAN_POINT('',(0.685085307986,4.85342437525));
#8837 = CARTESIAN_POINT('',(0.690744484781,4.876069436946));
#8838 = CARTESIAN_POINT('',(0.698031857768,4.909868150788));
#8839 = CARTESIAN_POINT('',(0.700214094844,4.920797661649));
#8840 = CARTESIAN_POINT('',(0.702240652838,4.931780347325));
#8841 = CARTESIAN_POINT('',(0.704116594919,4.942804674322));
#8842 = CARTESIAN_POINT('',(0.705847530245,4.953859745101));
#8843 = ( GEOMETRIC_REPRESENTATION_CONTEXT(2) 
PARAMETRIC_REPRESENTATION_CONTEXT() REPRESENTATION_CONTEXT('2D SPACE',''
  ) );
#8844 = PCURVE('',#2522,#8845);
#8845 = DEFINITIONAL_REPRESENTATION('',(#8846),#8857);
#8846 = B_SPLINE_CURVE_WITH_KNOTS('',5,(#8847,#8848,#8849,#8850,#8851,
    #8852,#8853,#8854,#8855,#8856),.UNSPECIFIED.,.F.,.F.,(6,4,6),(0.,
    0.678562721325,1.),.UNSPECIFIED.);
#8847 = CARTESIAN_POINT('',(0.,-3.895440134219E-02));
#8848 = CARTESIAN_POINT('',(3.218416765642E-02,-6.055986544558E-02));
#8849 = CARTESIAN_POINT('',(6.426869906369E-02,-9.02935570304E-02));
#8850 = CARTESIAN_POINT('',(9.618702333104E-02,-0.128923633473));
#8851 = CARTESIAN_POINT('',(0.127867977275,-0.176920978785));
#8852 = CARTESIAN_POINT('',(0.174083619971,-0.261576802321));
#8853 = CARTESIAN_POINT('',(0.188867612393,-0.290909283118));
#8854 = CARTESIAN_POINT('',(0.203571901269,-0.322372247641));
#8855 = CARTESIAN_POINT('',(0.218188673198,-0.355959281399));
#8856 = CARTESIAN_POINT('',(0.232710566933,-0.391648014941));
#8857 = ( GEOMETRIC_REPRESENTATION_CONTEXT(2) 
PARAMETRIC_REPRESENTATION_CONTEXT() REPRESENTATION_CONTEXT('2D SPACE',''
  ) );
#8858 = ORIENTED_EDGE('',*,*,#2534,.F.);
#8859 = ORIENTED_EDGE('',*,*,#2711,.T.);
#8860 = ORIENTED_EDGE('',*,*,#3110,.T.);
#8861 = ORIENTED_EDGE('',*,*,#8862,.T.);
#8862 = EDGE_CURVE('',#3111,#8863,#8865,.T.);
#8863 = VERTEX_POINT('',#8864);
#8864 = CARTESIAN_POINT('',(15.802988002788,18.5408387951,0.391648014941
    ));
#8865 = SURFACE_CURVE('',#8866,(#8877,#8891),.PCURVE_S1.);
#8866 = B_SPLINE_CURVE_WITH_KNOTS('',5,(#8867,#8868,#8869,#8870,#8871,
    #8872,#8873,#8874,#8875,#8876),.UNSPECIFIED.,.F.,.F.,(6,4,6),(0.,
    0.678562721325,1.),.UNSPECIFIED.);
#8867 = CARTESIAN_POINT('',(13.646582479386,17.457851236888,
    3.895440134219E-02));
#8868 = CARTESIAN_POINT('',(13.960896534878,17.572252197299,
    6.055986544558E-02));
#8869 = CARTESIAN_POINT('',(14.269635069208,17.698943976201,
    9.02935570304E-02));
#8870 = CARTESIAN_POINT('',(14.571527219733,17.83728607223,
    0.128923633473));
#8871 = CARTESIAN_POINT('',(14.8653756783,17.986369920085,0.176920978785
    ));
#8872 = CARTESIAN_POINT('',(15.284965958031,18.220132528408,
    0.261576802321));
#8873 = CARTESIAN_POINT('',(15.417794052315,18.297415863984,
    0.290909283118));
#8874 = CARTESIAN_POINT('',(15.548467998693,18.376717260268,
    0.322372247641));
#8875 = CARTESIAN_POINT('',(15.676892651273,18.457904577651,
    0.355959281399));
#8876 = CARTESIAN_POINT('',(15.802988002788,18.5408387951,0.391648014941
    ));
#8877 = PCURVE('',#2558,#8878);
#8878 = DEFINITIONAL_REPRESENTATION('',(#8879),#8890);
#8879 = B_SPLINE_CURVE_WITH_KNOTS('',5,(#8880,#8881,#8882,#8883,#8884,
    #8885,#8886,#8887,#8888,#8889),.UNSPECIFIED.,.F.,.F.,(6,4,6),(0.,
    0.678562721325,1.),.UNSPECIFIED.);
#8880 = CARTESIAN_POINT('',(0.907321769162,4.7883970997));
#8881 = CARTESIAN_POINT('',(0.899325802485,4.809473095102));
#8882 = CARTESIAN_POINT('',(0.892125621834,4.831187248477));
#8883 = CARTESIAN_POINT('',(0.885711018809,4.85342437525));
#8884 = CARTESIAN_POINT('',(0.880051842014,4.876069436946));
#8885 = CARTESIAN_POINT('',(0.872764469027,4.909868150788));
#8886 = CARTESIAN_POINT('',(0.870582231951,4.920797661649));
#8887 = CARTESIAN_POINT('',(0.868555673957,4.931780347325));
#8888 = CARTESIAN_POINT('',(0.866679731876,4.942804674322));
#8889 = CARTESIAN_POINT('',(0.86494879655,4.953859745101));
#8890 = ( GEOMETRIC_REPRESENTATION_CONTEXT(2) 
PARAMETRIC_REPRESENTATION_CONTEXT() REPRESENTATION_CONTEXT('2D SPACE',''
  ) );
#8891 = PCURVE('',#3161,#8892);
#8892 = DEFINITIONAL_REPRESENTATION('',(#8893),#8904);
#8893 = B_SPLINE_CURVE_WITH_KNOTS('',5,(#8894,#8895,#8896,#8897,#8898,
    #8899,#8900,#8901,#8902,#8903),.UNSPECIFIED.,.F.,.F.,(6,4,6),(0.,
    0.678562721325,1.),.UNSPECIFIED.);
#8894 = CARTESIAN_POINT('',(0.232710566933,-3.895440134219E-02));
#8895 = CARTESIAN_POINT('',(0.200526399276,-6.055986544558E-02));
#8896 = CARTESIAN_POINT('',(0.168441867869,-9.02935570304E-02));
#8897 = CARTESIAN_POINT('',(0.136523543602,-0.128923633473));
#8898 = CARTESIAN_POINT('',(0.104842589657,-0.176920978785));
#8899 = CARTESIAN_POINT('',(5.862694696189E-02,-0.261576802321));
#8900 = CARTESIAN_POINT('',(4.384295453959E-02,-0.290909283118));
#8901 = CARTESIAN_POINT('',(2.913866566402E-02,-0.322372247641));
#8902 = CARTESIAN_POINT('',(1.45218937343E-02,-0.355959281399));
#8903 = CARTESIAN_POINT('',(0.,-0.391648014941));
#8904 = ( GEOMETRIC_REPRESENTATION_CONTEXT(2) 
PARAMETRIC_REPRESENTATION_CONTEXT() REPRESENTATION_CONTEXT('2D SPACE',''
  ) );
#8905 = ORIENTED_EDGE('',*,*,#8906,.T.);
#8906 = EDGE_CURVE('',#8863,#8907,#8909,.T.);
#8907 = VERTEX_POINT('',#8908);
#8908 = CARTESIAN_POINT('',(16.457980905869,18.971634404443,
    0.600598998088));
#8909 = SURFACE_CURVE('',#8910,(#8916,#8925),.PCURVE_S1.);
#8910 = B_SPLINE_CURVE_WITH_KNOTS('',4,(#8911,#8912,#8913,#8914,#8915),
  .UNSPECIFIED.,.F.,.F.,(5,5),(0.,1.),.PIECEWISE_BEZIER_KNOTS.);
#8911 = CARTESIAN_POINT('',(15.737488712479,18.497759234166,
    0.373341058361));
#8912 = CARTESIAN_POINT('',(15.935689287517,18.628117803082,
    0.428039076436));
#8913 = CARTESIAN_POINT('',(16.132859503763,18.757798694359,
    0.488082200825));
#8914 = CARTESIAN_POINT('',(16.328842563263,18.886698780361,
    0.553458259061));
#8915 = CARTESIAN_POINT('',(16.523480196177,19.014713965377,
    0.624138849873));
#8916 = PCURVE('',#2558,#8917);
#8917 = DEFINITIONAL_REPRESENTATION('',(#8918),#8924);
#8918 = B_SPLINE_CURVE_WITH_KNOTS('',4,(#8919,#8920,#8921,#8922,#8923),
  .UNSPECIFIED.,.F.,.F.,(5,5),(0.,1.),.PIECEWISE_BEZIER_KNOTS.);
#8919 = CARTESIAN_POINT('',(0.865850705115,4.94812205133));
#8920 = CARTESIAN_POINT('',(0.863113078059,4.965469958185));
#8921 = CARTESIAN_POINT('',(0.860458119805,4.982842524983));
#8922 = CARTESIAN_POINT('',(0.857882692958,5.000239184384));
#8923 = CARTESIAN_POINT('',(0.855383857985,5.017659192849));
#8924 = ( GEOMETRIC_REPRESENTATION_CONTEXT(2) 
PARAMETRIC_REPRESENTATION_CONTEXT() REPRESENTATION_CONTEXT('2D SPACE',''
  ) );
#8925 = PCURVE('',#8926,#8931);
#8926 = PLANE('',#8927);
#8927 = AXIS2_PLACEMENT_3D('',#8928,#8929,#8930);
#8928 = CARTESIAN_POINT('',(16.457980905869,18.971634404443,0.));
#8929 = DIRECTION('',(0.549508978071,-0.835487811413,0.));
#8930 = DIRECTION('',(-0.835487811413,-0.549508978071,0.));
#8931 = DEFINITIONAL_REPRESENTATION('',(#8932),#8938);
#8932 = B_SPLINE_CURVE_WITH_KNOTS('',4,(#8933,#8934,#8935,#8936,#8937),
  .UNSPECIFIED.,.F.,.F.,(5,5),(0.,1.),.PIECEWISE_BEZIER_KNOTS.);
#8933 = CARTESIAN_POINT('',(0.862361106347,-0.373341058361));
#8934 = CARTESIAN_POINT('',(0.6251337377,-0.428039076436));
#8935 = CARTESIAN_POINT('',(0.389139611212,-0.488082200825));
#8936 = CARTESIAN_POINT('',(0.154566399224,-0.553458259061));
#8937 = CARTESIAN_POINT('',(-7.839646421336E-02,-0.624138849873));
#8938 = ( GEOMETRIC_REPRESENTATION_CONTEXT(2) 
PARAMETRIC_REPRESENTATION_CONTEXT() REPRESENTATION_CONTEXT('2D SPACE',''
  ) );
#8939 = ORIENTED_EDGE('',*,*,#8940,.T.);
#8940 = EDGE_CURVE('',#8907,#8941,#8943,.T.);
#8941 = VERTEX_POINT('',#8942);
#8942 = CARTESIAN_POINT('',(18.926370782695,19.962747961505,1.6));
#8943 = SURFACE_CURVE('',#8944,(#8953,#8965),.PCURVE_S1.);
#8944 = B_SPLINE_CURVE_WITH_KNOTS('',7,(#8945,#8946,#8947,#8948,#8949,
    #8950,#8951,#8952),.UNSPECIFIED.,.F.,.F.,(8,8),(0.,1.),
  .PIECEWISE_BEZIER_KNOTS.);
#8945 = CARTESIAN_POINT('',(16.457980905869,18.971634404443,
    0.600598998088));
#8946 = CARTESIAN_POINT('',(16.791175191828,19.190779733765,
    0.719099553285));
#8947 = CARTESIAN_POINT('',(17.134354722269,19.383324194729,
    0.848182674858));
#8948 = CARTESIAN_POINT('',(17.485025925683,19.549506865298,
    0.986310340719));
#8949 = CARTESIAN_POINT('',(17.841079486648,19.6898825469,1.131937080569
    ));
#8950 = CARTESIAN_POINT('',(18.200795215152,19.805117775784,1.2836146553
    ));
#8951 = CARTESIAN_POINT('',(18.56284999651,19.895899631446,
    1.440024629007));
#8952 = CARTESIAN_POINT('',(18.926370782695,19.962747961505,1.6));
#8953 = PCURVE('',#2558,#8954);
#8954 = DEFINITIONAL_REPRESENTATION('',(#8955),#8964);
#8955 = B_SPLINE_CURVE_WITH_KNOTS('',7,(#8956,#8957,#8958,#8959,#8960,
    #8961,#8962,#8963),.UNSPECIFIED.,.F.,.F.,(8,8),(0.,1.),
  .PIECEWISE_BEZIER_KNOTS.);
#8956 = CARTESIAN_POINT('',(0.85622728758,5.011803082344));
#8957 = CARTESIAN_POINT('',(0.851923860234,5.041562392828));
#8958 = CARTESIAN_POINT('',(0.846779542876,5.070632248963));
#8959 = CARTESIAN_POINT('',(0.840920076236,5.098948728532));
#8960 = CARTESIAN_POINT('',(0.834447373274,5.126477188547));
#8961 = CARTESIAN_POINT('',(0.827440619968,5.153198073043));
#8962 = CARTESIAN_POINT('',(0.819959369508,5.179104389785));
#8963 = CARTESIAN_POINT('',(0.812041398637,5.204198588418));
#8964 = ( GEOMETRIC_REPRESENTATION_CONTEXT(2) 
PARAMETRIC_REPRESENTATION_CONTEXT() REPRESENTATION_CONTEXT('2D SPACE',''
  ) );
#8965 = PCURVE('',#8966,#8971);
#8966 = CYLINDRICAL_SURFACE('',#8967,6.695751497138);
#8967 = AXIS2_PLACEMENT_3D('',#8968,#8969,#8970);
#8968 = CARTESIAN_POINT('',(20.137356468477,13.377415640334,0.));
#8969 = DIRECTION('',(-0.,-0.,-1.));
#8970 = DIRECTION('',(-0.180858815668,0.983509068995,0.));
#8971 = DEFINITIONAL_REPRESENTATION('',(#8972),#8981);
#8972 = B_SPLINE_CURVE_WITH_KNOTS('',7,(#8973,#8974,#8975,#8976,#8977,
    #8978,#8979,#8980),.UNSPECIFIED.,.F.,.F.,(8,8),(0.,1.),
  .PIECEWISE_BEZIER_KNOTS.);
#8973 = CARTESIAN_POINT('',(-0.399916820262,-0.600598998088));
#8974 = CARTESIAN_POINT('',(-0.34035635257,-0.719099553285));
#8975 = CARTESIAN_POINT('',(-0.281733038893,-0.848182674858));
#8976 = CARTESIAN_POINT('',(-0.223993204871,-0.986310340719));
#8977 = CARTESIAN_POINT('',(-0.167058643527,-1.131937080569));
#8978 = CARTESIAN_POINT('',(-0.11083431845,-1.2836146553));
#8979 = CARTESIAN_POINT('',(-5.520158565364E-02,-1.440024629007));
#8980 = CARTESIAN_POINT('',(8.881784197001E-16,-1.6));
#8981 = ( GEOMETRIC_REPRESENTATION_CONTEXT(2) 
PARAMETRIC_REPRESENTATION_CONTEXT() REPRESENTATION_CONTEXT('2D SPACE',''
  ) );
#8982 = ORIENTED_EDGE('',*,*,#8983,.T.);
#8983 = EDGE_CURVE('',#8941,#8984,#8986,.T.);
#8984 = VERTEX_POINT('',#8985);
#8985 = CARTESIAN_POINT('',(19.962747961505,18.926370782695,1.6));
#8986 = SURFACE_CURVE('',#8987,(#8993,#9002),.PCURVE_S1.);
#8987 = B_SPLINE_CURVE_WITH_KNOTS('',4,(#8988,#8989,#8990,#8991,#8992),
  .UNSPECIFIED.,.F.,.F.,(5,5),(0.,1.),.PIECEWISE_BEZIER_KNOTS.);
#8988 = CARTESIAN_POINT('',(18.926370782695,19.962747961505,1.6));
#8989 = CARTESIAN_POINT('',(19.185447255579,19.703671488621,
    1.594771077215));
#8990 = CARTESIAN_POINT('',(19.444559480724,19.444559263476,
    1.593038407659));
#8991 = CARTESIAN_POINT('',(19.703671491196,19.185447253004,
    1.594771077267));
#8992 = CARTESIAN_POINT('',(19.962747961505,18.926370782695,1.6));
#8993 = PCURVE('',#2558,#8994);
#8994 = DEFINITIONAL_REPRESENTATION('',(#8995),#9001);
#8995 = B_SPLINE_CURVE_WITH_KNOTS('',4,(#8996,#8997,#8998,#8999,#9000),
  .UNSPECIFIED.,.F.,.F.,(5,5),(0.,1.),.PIECEWISE_BEZIER_KNOTS.);
#8996 = CARTESIAN_POINT('',(0.812041398637,5.204198588418));
#8997 = CARTESIAN_POINT('',(0.798727000357,5.203378364491));
#8998 = CARTESIAN_POINT('',(0.785398157357,5.203104898197));
#8999 = CARTESIAN_POINT('',(0.772069326306,5.203378364499));
#9000 = CARTESIAN_POINT('',(0.758754928158,5.204198588418));
#9001 = ( GEOMETRIC_REPRESENTATION_CONTEXT(2) 
PARAMETRIC_REPRESENTATION_CONTEXT() REPRESENTATION_CONTEXT('2D SPACE',''
  ) );
#9002 = PCURVE('',#9003,#9008);
#9003 = PLANE('',#9004);
#9004 = AXIS2_PLACEMENT_3D('',#9005,#9006,#9007);
#9005 = CARTESIAN_POINT('',(19.962747961505,18.926370782695,0.));
#9006 = DIRECTION('',(-0.707106781187,-0.707106781187,0.));
#9007 = DIRECTION('',(-0.707106781187,0.707106781187,0.));
#9008 = DEFINITIONAL_REPRESENTATION('',(#9009),#9015);
#9009 = B_SPLINE_CURVE_WITH_KNOTS('',4,(#9010,#9011,#9012,#9013,#9014),
  .UNSPECIFIED.,.F.,.F.,(5,5),(0.,1.),.PIECEWISE_BEZIER_KNOTS.);
#9010 = CARTESIAN_POINT('',(1.465658662007,-1.6));
#9011 = CARTESIAN_POINT('',(1.099269200363,-1.594771077215));
#9012 = CARTESIAN_POINT('',(0.732829177387,-1.593038407659));
#9013 = CARTESIAN_POINT('',(0.366389458003,-1.594771077267));
#9014 = CARTESIAN_POINT('',(3.01980662698E-14,-1.6));
#9015 = ( GEOMETRIC_REPRESENTATION_CONTEXT(2) 
PARAMETRIC_REPRESENTATION_CONTEXT() REPRESENTATION_CONTEXT('2D SPACE',''
  ) );
#9016 = ORIENTED_EDGE('',*,*,#9017,.F.);
#9017 = EDGE_CURVE('',#9018,#8984,#9020,.T.);
#9018 = VERTEX_POINT('',#9019);
#9019 = CARTESIAN_POINT('',(18.971634404443,16.457980905869,
    0.600598998088));
#9020 = SURFACE_CURVE('',#9021,(#9030,#9042),.PCURVE_S1.);
#9021 = B_SPLINE_CURVE_WITH_KNOTS('',7,(#9022,#9023,#9024,#9025,#9026,
    #9027,#9028,#9029),.UNSPECIFIED.,.F.,.F.,(8,8),(0.,1.),
  .PIECEWISE_BEZIER_KNOTS.);
#9022 = CARTESIAN_POINT('',(18.971634404443,16.457980905869,
    0.600598998088));
#9023 = CARTESIAN_POINT('',(19.190779733765,16.791175191829,
    0.719099553285));
#9024 = CARTESIAN_POINT('',(19.383324194728,17.134354722267,
    0.848182674858));
#9025 = CARTESIAN_POINT('',(19.5495068653,17.485025925687,0.98631034072)
  );
#9026 = CARTESIAN_POINT('',(19.689882546899,17.841079486644,
    1.131937080567));
#9027 = CARTESIAN_POINT('',(19.805117775785,18.200795215154,
    1.283614655301));
#9028 = CARTESIAN_POINT('',(19.895899631446,18.56284999651,
    1.440024629007));
#9029 = CARTESIAN_POINT('',(19.962747961505,18.926370782695,1.6));
#9030 = PCURVE('',#2558,#9031);
#9031 = DEFINITIONAL_REPRESENTATION('',(#9032),#9041);
#9032 = B_SPLINE_CURVE_WITH_KNOTS('',7,(#9033,#9034,#9035,#9036,#9037,
    #9038,#9039,#9040),.UNSPECIFIED.,.F.,.F.,(8,8),(0.,1.),
  .PIECEWISE_BEZIER_KNOTS.);
#9033 = CARTESIAN_POINT('',(0.714569039215,5.011803082344));
#9034 = CARTESIAN_POINT('',(0.718872466561,5.041562392828));
#9035 = CARTESIAN_POINT('',(0.724016783919,5.070632248963));
#9036 = CARTESIAN_POINT('',(0.729876250559,5.098948728532));
#9037 = CARTESIAN_POINT('',(0.736348953521,5.126477188547));
#9038 = CARTESIAN_POINT('',(0.743355706827,5.153198073043));
#9039 = CARTESIAN_POINT('',(0.750836957286,5.179104389785));
#9040 = CARTESIAN_POINT('',(0.758754928158,5.204198588418));
#9041 = ( GEOMETRIC_REPRESENTATION_CONTEXT(2) 
PARAMETRIC_REPRESENTATION_CONTEXT() REPRESENTATION_CONTEXT('2D SPACE',''
  ) );
#9042 = PCURVE('',#9043,#9048);
#9043 = CYLINDRICAL_SURFACE('',#9044,6.695751497138);
#9044 = AXIS2_PLACEMENT_3D('',#9045,#9046,#9047);
#9045 = CARTESIAN_POINT('',(13.377415640334,20.137356468477,0.));
#9046 = DIRECTION('',(-0.,-0.,-1.));
#9047 = DIRECTION('',(0.835487811413,-0.549508978071,0.));
#9048 = DEFINITIONAL_REPRESENTATION('',(#9049),#9058);
#9049 = B_SPLINE_CURVE_WITH_KNOTS('',7,(#9050,#9051,#9052,#9053,#9054,
    #9055,#9056,#9057),.UNSPECIFIED.,.F.,.F.,(8,8),(0.,1.),
  .PIECEWISE_BEZIER_KNOTS.);
#9050 = CARTESIAN_POINT('',(0.,-0.600598998088));
#9051 = CARTESIAN_POINT('',(-5.956046769168E-02,-0.719099553285));
#9052 = CARTESIAN_POINT('',(-0.118183781368,-0.848182674858));
#9053 = CARTESIAN_POINT('',(-0.175923615391,-0.98631034072));
#9054 = CARTESIAN_POINT('',(-0.232858176735,-1.131937080568));
#9055 = CARTESIAN_POINT('',(-0.289082501812,-1.283614655301));
#9056 = CARTESIAN_POINT('',(-0.344715234608,-1.440024629007));
#9057 = CARTESIAN_POINT('',(-0.399916820262,-1.6));
#9058 = ( GEOMETRIC_REPRESENTATION_CONTEXT(2) 
PARAMETRIC_REPRESENTATION_CONTEXT() REPRESENTATION_CONTEXT('2D SPACE',''
  ) );
#9059 = ORIENTED_EDGE('',*,*,#9060,.F.);
#9060 = EDGE_CURVE('',#8816,#9018,#9061,.T.);
#9061 = SURFACE_CURVE('',#9062,(#9068,#9077),.PCURVE_S1.);
#9062 = B_SPLINE_CURVE_WITH_KNOTS('',4,(#9063,#9064,#9065,#9066,#9067),
  .UNSPECIFIED.,.F.,.F.,(5,5),(0.,1.),.PIECEWISE_BEZIER_KNOTS.);
#9063 = CARTESIAN_POINT('',(18.497759234166,15.737488712479,
    0.373341058361));
#9064 = CARTESIAN_POINT('',(18.628117803082,15.935689287517,
    0.428039076436));
#9065 = CARTESIAN_POINT('',(18.757798694359,16.132859503763,
    0.488082200825));
#9066 = CARTESIAN_POINT('',(18.886698780361,16.328842563263,
    0.553458259061));
#9067 = CARTESIAN_POINT('',(19.014713965377,16.523480196177,
    0.624138849873));
#9068 = PCURVE('',#2558,#9069);
#9069 = DEFINITIONAL_REPRESENTATION('',(#9070),#9076);
#9070 = B_SPLINE_CURVE_WITH_KNOTS('',4,(#9071,#9072,#9073,#9074,#9075),
  .UNSPECIFIED.,.F.,.F.,(5,5),(0.,1.),.PIECEWISE_BEZIER_KNOTS.);
#9071 = CARTESIAN_POINT('',(0.704945621679,4.94812205133));
#9072 = CARTESIAN_POINT('',(0.707683248736,4.965469958185));
#9073 = CARTESIAN_POINT('',(0.71033820699,4.982842524983));
#9074 = CARTESIAN_POINT('',(0.712913633836,5.000239184384));
#9075 = CARTESIAN_POINT('',(0.71541246881,5.017659192849));
#9076 = ( GEOMETRIC_REPRESENTATION_CONTEXT(2) 
PARAMETRIC_REPRESENTATION_CONTEXT() REPRESENTATION_CONTEXT('2D SPACE',''
  ) );
#9077 = PCURVE('',#9078,#9083);
#9078 = PLANE('',#9079);
#9079 = AXIS2_PLACEMENT_3D('',#9080,#9081,#9082);
#9080 = CARTESIAN_POINT('',(18.5408387951,15.802988002788,0.));
#9081 = DIRECTION('',(-0.835487811413,0.549508978071,0.));
#9082 = DIRECTION('',(0.549508978071,0.835487811413,0.));
#9083 = DEFINITIONAL_REPRESENTATION('',(#9084),#9090);
#9084 = B_SPLINE_CURVE_WITH_KNOTS('',4,(#9085,#9086,#9087,#9088,#9089),
  .UNSPECIFIED.,.F.,.F.,(5,5),(0.,1.),.PIECEWISE_BEZIER_KNOTS.);
#9085 = CARTESIAN_POINT('',(-7.839646421336E-02,-0.373341058361));
#9086 = CARTESIAN_POINT('',(0.158830904433,-0.428039076436));
#9087 = CARTESIAN_POINT('',(0.394825030922,-0.488082200825));
#9088 = CARTESIAN_POINT('',(0.62939824291,-0.553458259061));
#9089 = CARTESIAN_POINT('',(0.862361106347,-0.624138849873));
#9090 = ( GEOMETRIC_REPRESENTATION_CONTEXT(2) 
PARAMETRIC_REPRESENTATION_CONTEXT() REPRESENTATION_CONTEXT('2D SPACE',''
  ) );
#9091 = ADVANCED_FACE('',(#9092),#2522,.F.);
#9092 = FACE_BOUND('',#9093,.F.);
#9093 = EDGE_LOOP('',(#9094,#9095,#9096,#9140));
#9094 = ORIENTED_EDGE('',*,*,#8815,.F.);
#9095 = ORIENTED_EDGE('',*,*,#2506,.T.);
#9096 = ORIENTED_EDGE('',*,*,#9097,.F.);
#9097 = EDGE_CURVE('',#9098,#2467,#9100,.T.);
#9098 = VERTEX_POINT('',#9099);
#9099 = CARTESIAN_POINT('',(18.5408387951,15.802988002788,6.808351985059
    ));
#9100 = SURFACE_CURVE('',#9101,(#9112,#9126),.PCURVE_S1.);
#9101 = B_SPLINE_CURVE_WITH_KNOTS('',5,(#9102,#9103,#9104,#9105,#9106,
    #9107,#9108,#9109,#9110,#9111),.UNSPECIFIED.,.F.,.F.,(6,4,6),(0.,
    0.323177195969,1.),.UNSPECIFIED.);
#9102 = CARTESIAN_POINT('',(18.5408387951,15.802988002788,6.808351985059
    ));
#9103 = CARTESIAN_POINT('',(18.457455650588,15.676210090692,
    6.844233903116));
#9104 = CARTESIAN_POINT('',(18.375838361622,15.547077584237,
    6.87799131104));
#9105 = CARTESIAN_POINT('',(18.296128234979,15.415671810165,
    6.909601465409));
#9106 = CARTESIAN_POINT('',(18.218459527517,15.282089549939,
    6.939057935769));
#9107 = CARTESIAN_POINT('',(17.984841307281,14.86236157443,
    7.023570918742));
#9108 = CARTESIAN_POINT('',(17.836222082097,14.569204757733,
    7.071373368016));
#9109 = CARTESIAN_POINT('',(17.698294319265,14.268051650445,
    7.109858873621));
#9110 = CARTESIAN_POINT('',(17.571958877518,13.960090645402,
    7.139495530156));
#9111 = CARTESIAN_POINT('',(17.457851236888,13.646582479386,
    7.161045598658));
#9112 = PCURVE('',#2522,#9113);
#9113 = DEFINITIONAL_REPRESENTATION('',(#9114),#9125);
#9114 = B_SPLINE_CURVE_WITH_KNOTS('',5,(#9115,#9116,#9117,#9118,#9119,
    #9120,#9121,#9122,#9123,#9124),.UNSPECIFIED.,.F.,.F.,(6,4,6),(0.,
    0.323177195969,1.),.UNSPECIFIED.);
#9115 = CARTESIAN_POINT('',(0.232710566933,-6.808351985059));
#9116 = CARTESIAN_POINT('',(0.21811006545,-6.844233903116));
#9117 = CARTESIAN_POINT('',(0.203413654971,-6.87799131104));
#9118 = CARTESIAN_POINT('',(0.188628818353,-6.909601465409));
#9119 = CARTESIAN_POINT('',(0.173763498957,-6.939057935769));
#9120 = CARTESIAN_POINT('',(0.127543040013,-7.023570918742));
#9121 = CARTESIAN_POINT('',(9.594148557843E-02,-7.071373368016));
#9122 = CARTESIAN_POINT('',(6.410415142295E-02,-7.109858873621));
#9123 = CARTESIAN_POINT('',(3.210164865485E-02,-7.139495530156));
#9124 = CARTESIAN_POINT('',(0.,-7.161045598658));
#9125 = ( GEOMETRIC_REPRESENTATION_CONTEXT(2) 
PARAMETRIC_REPRESENTATION_CONTEXT() REPRESENTATION_CONTEXT('2D SPACE',''
  ) );
#9126 = PCURVE('',#2490,#9127);
#9127 = DEFINITIONAL_REPRESENTATION('',(#9128),#9139);
#9128 = B_SPLINE_CURVE_WITH_KNOTS('',5,(#9129,#9130,#9131,#9132,#9133,
    #9134,#9135,#9136,#9137,#9138),.UNSPECIFIED.,.F.,.F.,(6,4,6),(0.,
    0.323177195969,1.),.UNSPECIFIED.);
#9129 = CARTESIAN_POINT('',(0.705847533986,1.329325564959));
#9130 = CARTESIAN_POINT('',(0.704107229035,1.3404404774));
#9131 = CARTESIAN_POINT('',(0.702220338219,1.351524309086));
#9132 = CARTESIAN_POINT('',(0.700181169102,1.362565990079));
#9133 = CARTESIAN_POINT('',(0.697984579727,1.373553795735));
#9134 = CARTESIAN_POINT('',(0.690686412837,1.407348107694));
#9135 = CARTESIAN_POINT('',(0.685035948069,1.42993198264));
#9136 = CARTESIAN_POINT('',(0.67863377298,1.452109416494));
#9137 = CARTESIAN_POINT('',(0.67145002295,1.473766250141));
#9138 = CARTESIAN_POINT('',(0.663474557633,1.494788207479));
#9139 = ( GEOMETRIC_REPRESENTATION_CONTEXT(2) 
PARAMETRIC_REPRESENTATION_CONTEXT() REPRESENTATION_CONTEXT('2D SPACE',''
  ) );
#9140 = ORIENTED_EDGE('',*,*,#9141,.F.);
#9141 = EDGE_CURVE('',#8816,#9098,#9142,.T.);
#9142 = SURFACE_CURVE('',#9143,(#9147,#9154),.PCURVE_S1.);
#9143 = LINE('',#9144,#9145);
#9144 = CARTESIAN_POINT('',(18.5408387951,15.802988002788,0.));
#9145 = VECTOR('',#9146,1.);
#9146 = DIRECTION('',(0.,0.,1.));
#9147 = PCURVE('',#2522,#9148);
#9148 = DEFINITIONAL_REPRESENTATION('',(#9149),#9153);
#9149 = LINE('',#9150,#9151);
#9150 = CARTESIAN_POINT('',(0.232710566933,0.));
#9151 = VECTOR('',#9152,1.);
#9152 = DIRECTION('',(0.,-1.));
#9153 = ( GEOMETRIC_REPRESENTATION_CONTEXT(2) 
PARAMETRIC_REPRESENTATION_CONTEXT() REPRESENTATION_CONTEXT('2D SPACE',''
  ) );
#9154 = PCURVE('',#9078,#9155);
#9155 = DEFINITIONAL_REPRESENTATION('',(#9156),#9160);
#9156 = LINE('',#9157,#9158);
#9157 = CARTESIAN_POINT('',(0.,0.));
#9158 = VECTOR('',#9159,1.);
#9159 = DIRECTION('',(0.,-1.));
#9160 = ( GEOMETRIC_REPRESENTATION_CONTEXT(2) 
PARAMETRIC_REPRESENTATION_CONTEXT() REPRESENTATION_CONTEXT('2D SPACE',''
  ) );
#9161 = ADVANCED_FACE('',(#9162),#2490,.T.);
#9162 = FACE_BOUND('',#9163,.T.);
#9163 = EDGE_LOOP('',(#9164,#9204,#9233,#9271,#9300,#9342,#9343,#9365,
    #9366,#9367));
#9164 = ORIENTED_EDGE('',*,*,#9165,.F.);
#9165 = EDGE_CURVE('',#9166,#9168,#9170,.T.);
#9166 = VERTEX_POINT('',#9167);
#9167 = CARTESIAN_POINT('',(19.962747961505,18.926370782695,5.6));
#9168 = VERTEX_POINT('',#9169);
#9169 = CARTESIAN_POINT('',(18.971634404443,16.457980905869,
    6.599401001912));
#9170 = SURFACE_CURVE('',#9171,(#9180,#9192),.PCURVE_S1.);
#9171 = B_SPLINE_CURVE_WITH_KNOTS('',7,(#9172,#9173,#9174,#9175,#9176,
    #9177,#9178,#9179),.UNSPECIFIED.,.F.,.F.,(8,8),(0.,1.),
  .PIECEWISE_BEZIER_KNOTS.);
#9172 = CARTESIAN_POINT('',(19.962747961505,18.926370782695,5.6));
#9173 = CARTESIAN_POINT('',(19.895899631428,18.562849996414,
    5.759975371035));
#9174 = CARTESIAN_POINT('',(19.805117775804,18.200795215331,
    5.916385344619));
#9175 = CARTESIAN_POINT('',(19.689882547002,17.841079486935,
    6.068062919311));
#9176 = CARTESIAN_POINT('',(19.54950686539,17.485025925802,6.21368965924
    ));
#9177 = CARTESIAN_POINT('',(19.383324194672,17.134354722083,
    6.351817325222));
#9178 = CARTESIAN_POINT('',(19.19077973355,16.791175191501,
    6.480900446831));
#9179 = CARTESIAN_POINT('',(18.971634404443,16.457980905869,
    6.599401001912));
#9180 = PCURVE('',#2490,#9181);
#9181 = DEFINITIONAL_REPRESENTATION('',(#9182),#9191);
#9182 = B_SPLINE_CURVE_WITH_KNOTS('',7,(#9183,#9184,#9185,#9186,#9187,
    #9188,#9189,#9190),.UNSPECIFIED.,.F.,.F.,(8,8),(0.,1.),
  .PIECEWISE_BEZIER_KNOTS.);
#9183 = CARTESIAN_POINT('',(0.758754928158,1.078986718762));
#9184 = CARTESIAN_POINT('',(0.750836957284,1.104080917401));
#9185 = CARTESIAN_POINT('',(0.743355706831,1.129987234125));
#9186 = CARTESIAN_POINT('',(0.736348953526,1.156708118611));
#9187 = CARTESIAN_POINT('',(0.729876250561,1.184236578637));
#9188 = CARTESIAN_POINT('',(0.724016783915,1.21255305823));
#9189 = CARTESIAN_POINT('',(0.718872466557,1.241622914381));
#9190 = CARTESIAN_POINT('',(0.714569039215,1.271382224835));
#9191 = ( GEOMETRIC_REPRESENTATION_CONTEXT(2) 
PARAMETRIC_REPRESENTATION_CONTEXT() REPRESENTATION_CONTEXT('2D SPACE',''
  ) );
#9192 = PCURVE('',#9043,#9193);
#9193 = DEFINITIONAL_REPRESENTATION('',(#9194),#9203);
#9194 = B_SPLINE_CURVE_WITH_KNOTS('',7,(#9195,#9196,#9197,#9198,#9199,
    #9200,#9201,#9202),.UNSPECIFIED.,.F.,.F.,(8,8),(0.,1.),
  .PIECEWISE_BEZIER_KNOTS.);
#9195 = CARTESIAN_POINT('',(-0.399916820262,-5.6));
#9196 = CARTESIAN_POINT('',(-0.344715234593,-5.759975371035));
#9197 = CARTESIAN_POINT('',(-0.289082501839,-5.916385344619));
#9198 = CARTESIAN_POINT('',(-0.23285817678,-6.068062919312));
#9199 = CARTESIAN_POINT('',(-0.175923615412,-6.21368965924));
#9200 = CARTESIAN_POINT('',(-0.118183781341,-6.351817325222));
#9201 = CARTESIAN_POINT('',(-5.95604676331E-02,-6.480900446831));
#9202 = CARTESIAN_POINT('',(0.,-6.599401001912));
#9203 = ( GEOMETRIC_REPRESENTATION_CONTEXT(2) 
PARAMETRIC_REPRESENTATION_CONTEXT() REPRESENTATION_CONTEXT('2D SPACE',''
  ) );
#9204 = ORIENTED_EDGE('',*,*,#9205,.T.);
#9205 = EDGE_CURVE('',#9166,#9206,#9208,.T.);
#9206 = VERTEX_POINT('',#9207);
#9207 = CARTESIAN_POINT('',(18.926370782695,19.962747961505,5.6));
#9208 = SURFACE_CURVE('',#9209,(#9215,#9224),.PCURVE_S1.);
#9209 = B_SPLINE_CURVE_WITH_KNOTS('',4,(#9210,#9211,#9212,#9213,#9214),
  .UNSPECIFIED.,.F.,.F.,(5,5),(0.,1.),.PIECEWISE_BEZIER_KNOTS.);
#9210 = CARTESIAN_POINT('',(19.962747961505,18.926370782695,5.6));
#9211 = CARTESIAN_POINT('',(19.703671488621,19.185447255579,
    5.605228922785));
#9212 = CARTESIAN_POINT('',(19.444559263476,19.444559480724,
    5.606961592341));
#9213 = CARTESIAN_POINT('',(19.185447253004,19.703671491196,
    5.605228922733));
#9214 = CARTESIAN_POINT('',(18.926370782695,19.962747961505,5.6));
#9215 = PCURVE('',#2490,#9216);
#9216 = DEFINITIONAL_REPRESENTATION('',(#9217),#9223);
#9217 = B_SPLINE_CURVE_WITH_KNOTS('',4,(#9218,#9219,#9220,#9221,#9222),
  .UNSPECIFIED.,.F.,.F.,(5,5),(0.,1.),.PIECEWISE_BEZIER_KNOTS.);
#9218 = CARTESIAN_POINT('',(0.758754928158,1.078986718762));
#9219 = CARTESIAN_POINT('',(0.772069326438,1.079806942689));
#9220 = CARTESIAN_POINT('',(0.785398169438,1.080080408983));
#9221 = CARTESIAN_POINT('',(0.798727000489,1.079806942681));
#9222 = CARTESIAN_POINT('',(0.812041398637,1.078986718762));
#9223 = ( GEOMETRIC_REPRESENTATION_CONTEXT(2) 
PARAMETRIC_REPRESENTATION_CONTEXT() REPRESENTATION_CONTEXT('2D SPACE',''
  ) );
#9224 = PCURVE('',#9003,#9225);
#9225 = DEFINITIONAL_REPRESENTATION('',(#9226),#9232);
#9226 = B_SPLINE_CURVE_WITH_KNOTS('',4,(#9227,#9228,#9229,#9230,#9231),
  .UNSPECIFIED.,.F.,.F.,(5,5),(0.,1.),.PIECEWISE_BEZIER_KNOTS.);
#9227 = CARTESIAN_POINT('',(2.611244553918E-13,-5.6));
#9228 = CARTESIAN_POINT('',(0.366389461644,-5.605228922785));
#9229 = CARTESIAN_POINT('',(0.732829484621,-5.606961592341));
#9230 = CARTESIAN_POINT('',(1.099269204004,-5.605228922733));
#9231 = CARTESIAN_POINT('',(1.465658662007,-5.6));
#9232 = ( GEOMETRIC_REPRESENTATION_CONTEXT(2) 
PARAMETRIC_REPRESENTATION_CONTEXT() REPRESENTATION_CONTEXT('2D SPACE',''
  ) );
#9233 = ORIENTED_EDGE('',*,*,#9234,.T.);
#9234 = EDGE_CURVE('',#9206,#9235,#9237,.T.);
#9235 = VERTEX_POINT('',#9236);
#9236 = CARTESIAN_POINT('',(16.457980905869,18.971634404443,
    6.599401001912));
#9237 = SURFACE_CURVE('',#9238,(#9247,#9259),.PCURVE_S1.);
#9238 = B_SPLINE_CURVE_WITH_KNOTS('',7,(#9239,#9240,#9241,#9242,#9243,
    #9244,#9245,#9246),.UNSPECIFIED.,.F.,.F.,(8,8),(0.,1.),
  .PIECEWISE_BEZIER_KNOTS.);
#9239 = CARTESIAN_POINT('',(18.926370782695,19.962747961505,5.6));
#9240 = CARTESIAN_POINT('',(18.562849996414,19.895899631428,
    5.759975371035));
#9241 = CARTESIAN_POINT('',(18.200795215332,19.805117775804,
    5.916385344619));
#9242 = CARTESIAN_POINT('',(17.841079486932,19.689882547002,
    6.068062919312));
#9243 = CARTESIAN_POINT('',(17.485025925804,19.549506865391,
    6.21368965924));
#9244 = CARTESIAN_POINT('',(17.134354722082,19.383324194672,
    6.351817325222));
#9245 = CARTESIAN_POINT('',(16.791175191501,19.19077973355,
    6.480900446831));
#9246 = CARTESIAN_POINT('',(16.457980905869,18.971634404443,
    6.599401001912));
#9247 = PCURVE('',#2490,#9248);
#9248 = DEFINITIONAL_REPRESENTATION('',(#9249),#9258);
#9249 = B_SPLINE_CURVE_WITH_KNOTS('',7,(#9250,#9251,#9252,#9253,#9254,
    #9255,#9256,#9257),.UNSPECIFIED.,.F.,.F.,(8,8),(0.,1.),
  .PIECEWISE_BEZIER_KNOTS.);
#9250 = CARTESIAN_POINT('',(0.812041398637,1.078986718762));
#9251 = CARTESIAN_POINT('',(0.819959369511,1.104080917401));
#9252 = CARTESIAN_POINT('',(0.827440619964,1.129987234125));
#9253 = CARTESIAN_POINT('',(0.834447373269,1.156708118611));
#9254 = CARTESIAN_POINT('',(0.840920076234,1.184236578637));
#9255 = CARTESIAN_POINT('',(0.84677954288,1.21255305823));
#9256 = CARTESIAN_POINT('',(0.851923860238,1.241622914381));
#9257 = CARTESIAN_POINT('',(0.85622728758,1.271382224835));
#9258 = ( GEOMETRIC_REPRESENTATION_CONTEXT(2) 
PARAMETRIC_REPRESENTATION_CONTEXT() REPRESENTATION_CONTEXT('2D SPACE',''
  ) );
#9259 = PCURVE('',#8966,#9260);
#9260 = DEFINITIONAL_REPRESENTATION('',(#9261),#9270);
#9261 = B_SPLINE_CURVE_WITH_KNOTS('',7,(#9262,#9263,#9264,#9265,#9266,
    #9267,#9268,#9269),.UNSPECIFIED.,.F.,.F.,(8,8),(0.,1.),
  .PIECEWISE_BEZIER_KNOTS.);
#9262 = CARTESIAN_POINT('',(0.,-5.6));
#9263 = CARTESIAN_POINT('',(-5.520158566829E-02,-5.759975371035));
#9264 = CARTESIAN_POINT('',(-0.110834318423,-5.916385344619));
#9265 = CARTESIAN_POINT('',(-0.167058643482,-6.068062919312));
#9266 = CARTESIAN_POINT('',(-0.22399320485,-6.21368965924));
#9267 = CARTESIAN_POINT('',(-0.281733038921,-6.351817325222));
#9268 = CARTESIAN_POINT('',(-0.340356352629,-6.480900446831));
#9269 = CARTESIAN_POINT('',(-0.399916820262,-6.599401001912));
#9270 = ( GEOMETRIC_REPRESENTATION_CONTEXT(2) 
PARAMETRIC_REPRESENTATION_CONTEXT() REPRESENTATION_CONTEXT('2D SPACE',''
  ) );
#9271 = ORIENTED_EDGE('',*,*,#9272,.T.);
#9272 = EDGE_CURVE('',#9235,#9273,#9275,.T.);
#9273 = VERTEX_POINT('',#9274);
#9274 = CARTESIAN_POINT('',(15.802988002788,18.5408387951,6.808351985059
    ));
#9275 = SURFACE_CURVE('',#9276,(#9282,#9291),.PCURVE_S1.);
#9276 = B_SPLINE_CURVE_WITH_KNOTS('',4,(#9277,#9278,#9279,#9280,#9281),
  .UNSPECIFIED.,.F.,.F.,(5,5),(0.,1.),.PIECEWISE_BEZIER_KNOTS.);
#9277 = CARTESIAN_POINT('',(16.523480196177,19.014713965377,
    6.575861150127));
#9278 = CARTESIAN_POINT('',(16.328842563393,18.886698780446,
    6.646541740914));
#9279 = CARTESIAN_POINT('',(16.132859503714,18.757798694326,
    6.711917799181));
#9280 = CARTESIAN_POINT('',(15.935689287561,18.62811780311,
    6.771960923545));
#9281 = CARTESIAN_POINT('',(15.737488712479,18.497759234166,
    6.826658941639));
#9282 = PCURVE('',#2490,#9283);
#9283 = DEFINITIONAL_REPRESENTATION('',(#9284),#9290);
#9284 = B_SPLINE_CURVE_WITH_KNOTS('',4,(#9285,#9286,#9287,#9288,#9289),
  .UNSPECIFIED.,.F.,.F.,(5,5),(0.,1.),.PIECEWISE_BEZIER_KNOTS.);
#9285 = CARTESIAN_POINT('',(0.855383858024,1.265526114236));
#9286 = CARTESIAN_POINT('',(0.857882692996,1.28294612269));
#9287 = CARTESIAN_POINT('',(0.860458119735,1.300342782355));
#9288 = CARTESIAN_POINT('',(0.863113078075,1.317715348962));
#9289 = CARTESIAN_POINT('',(0.865850705133,1.33506325582));
#9290 = ( GEOMETRIC_REPRESENTATION_CONTEXT(2) 
PARAMETRIC_REPRESENTATION_CONTEXT() REPRESENTATION_CONTEXT('2D SPACE',''
  ) );
#9291 = PCURVE('',#8926,#9292);
#9292 = DEFINITIONAL_REPRESENTATION('',(#9293),#9299);
#9293 = B_SPLINE_CURVE_WITH_KNOTS('',4,(#9294,#9295,#9296,#9297,#9298),
  .UNSPECIFIED.,.F.,.F.,(5,5),(0.,1.),.PIECEWISE_BEZIER_KNOTS.);
#9294 = CARTESIAN_POINT('',(-7.839646421336E-02,-6.575861150127));
#9295 = CARTESIAN_POINT('',(0.154566399069,-6.646541740914));
#9296 = CARTESIAN_POINT('',(0.389139611271,-6.711917799181));
#9297 = CARTESIAN_POINT('',(0.625133737648,-6.771960923545));
#9298 = CARTESIAN_POINT('',(0.862361106347,-6.826658941639));
#9299 = ( GEOMETRIC_REPRESENTATION_CONTEXT(2) 
PARAMETRIC_REPRESENTATION_CONTEXT() REPRESENTATION_CONTEXT('2D SPACE',''
  ) );
#9300 = ORIENTED_EDGE('',*,*,#9301,.T.);
#9301 = EDGE_CURVE('',#9273,#3146,#9302,.T.);
#9302 = SURFACE_CURVE('',#9303,(#9314,#9328),.PCURVE_S1.);
#9303 = B_SPLINE_CURVE_WITH_KNOTS('',5,(#9304,#9305,#9306,#9307,#9308,
    #9309,#9310,#9311,#9312,#9313),.UNSPECIFIED.,.F.,.F.,(6,4,6),(0.,
    0.323177195967,1.),.UNSPECIFIED.);
#9304 = CARTESIAN_POINT('',(15.802988002788,18.5408387951,6.808351985059
    ));
#9305 = CARTESIAN_POINT('',(15.676210090693,18.457455650588,
    6.844233903115));
#9306 = CARTESIAN_POINT('',(15.547077584239,18.375838361623,
    6.877991311039));
#9307 = CARTESIAN_POINT('',(15.415671810168,18.296128234981,
    6.909601465408));
#9308 = CARTESIAN_POINT('',(15.282089549943,18.218459527519,
    6.939057935768));
#9309 = CARTESIAN_POINT('',(14.862361574434,17.984841307283,
    7.023570918741));
#9310 = CARTESIAN_POINT('',(14.569204757736,17.836222082099,
    7.071373368015));
#9311 = CARTESIAN_POINT('',(14.268051650447,17.698294319266,
    7.109858873621));
#9312 = CARTESIAN_POINT('',(13.960090645403,17.571958877518,
    7.139495530156));
#9313 = CARTESIAN_POINT('',(13.646582479386,17.457851236888,
    7.161045598658));
#9314 = PCURVE('',#2490,#9315);
#9315 = DEFINITIONAL_REPRESENTATION('',(#9316),#9327);
#9316 = B_SPLINE_CURVE_WITH_KNOTS('',5,(#9317,#9318,#9319,#9320,#9321,
    #9322,#9323,#9324,#9325,#9326),.UNSPECIFIED.,.F.,.F.,(6,4,6),(0.,
    0.323177195967,1.),.UNSPECIFIED.);
#9317 = CARTESIAN_POINT('',(0.864948792809,1.329325564959));
#9318 = CARTESIAN_POINT('',(0.866689097759,1.3404404774));
#9319 = CARTESIAN_POINT('',(0.868575988576,1.351524309086));
#9320 = CARTESIAN_POINT('',(0.870615157693,1.362565990078));
#9321 = CARTESIAN_POINT('',(0.872811747068,1.373553795734));
#9322 = CARTESIAN_POINT('',(0.880109913958,1.407348107693));
#9323 = CARTESIAN_POINT('',(0.885760378726,1.42993198264));
#9324 = CARTESIAN_POINT('',(0.892162553814,1.452109416494));
#9325 = CARTESIAN_POINT('',(0.899346303845,1.473766250141));
#9326 = CARTESIAN_POINT('',(0.907321769162,1.494788207479));
#9327 = ( GEOMETRIC_REPRESENTATION_CONTEXT(2) 
PARAMETRIC_REPRESENTATION_CONTEXT() REPRESENTATION_CONTEXT('2D SPACE',''
  ) );
#9328 = PCURVE('',#3161,#9329);
#9329 = DEFINITIONAL_REPRESENTATION('',(#9330),#9341);
#9330 = B_SPLINE_CURVE_WITH_KNOTS('',5,(#9331,#9332,#9333,#9334,#9335,
    #9336,#9337,#9338,#9339,#9340),.UNSPECIFIED.,.F.,.F.,(6,4,6),(0.,
    0.323177195967,1.),.UNSPECIFIED.);
#9331 = CARTESIAN_POINT('',(0.,-6.808351985059));
#9332 = CARTESIAN_POINT('',(1.46005014821E-02,-6.844233903115));
#9333 = CARTESIAN_POINT('',(2.929691196146E-02,-6.877991311039));
#9334 = CARTESIAN_POINT('',(4.408174857881E-02,-6.909601465408));
#9335 = CARTESIAN_POINT('',(5.89470679754E-02,-6.939057935768));
#9336 = CARTESIAN_POINT('',(0.105167526919,-7.023570918741));
#9337 = CARTESIAN_POINT('',(0.136769081354,-7.071373368015));
#9338 = CARTESIAN_POINT('',(0.168606415509,-7.109858873621));
#9339 = CARTESIAN_POINT('',(0.200608918278,-7.139495530156));
#9340 = CARTESIAN_POINT('',(0.232710566933,-7.161045598658));
#9341 = ( GEOMETRIC_REPRESENTATION_CONTEXT(2) 
PARAMETRIC_REPRESENTATION_CONTEXT() REPRESENTATION_CONTEXT('2D SPACE',''
  ) );
#9342 = ORIENTED_EDGE('',*,*,#3173,.T.);
#9343 = ORIENTED_EDGE('',*,*,#9344,.F.);
#9344 = EDGE_CURVE('',#2415,#3174,#9345,.T.);
#9345 = SURFACE_CURVE('',#9346,(#9351,#9358),.PCURVE_S1.);
#9346 = CIRCLE('',#9347,21.159010550645);
#9347 = AXIS2_PLACEMENT_3D('',#9348,#9349,#9350);
#9348 = CARTESIAN_POINT('',(0.,0.,7.199999109273));
#9349 = DIRECTION('',(0.,0.,1.));
#9350 = DIRECTION('',(1.,0.,-0.));
#9351 = PCURVE('',#2490,#9352);
#9352 = DEFINITIONAL_REPRESENTATION('',(#9353),#9357);
#9353 = LINE('',#9354,#9355);
#9354 = CARTESIAN_POINT('',(0.,1.568908760277));
#9355 = VECTOR('',#9356,1.);
#9356 = DIRECTION('',(1.,0.));
#9357 = ( GEOMETRIC_REPRESENTATION_CONTEXT(2) 
PARAMETRIC_REPRESENTATION_CONTEXT() REPRESENTATION_CONTEXT('2D SPACE',''
  ) );
#9358 = PCURVE('',#2446,#9359);
#9359 = DEFINITIONAL_REPRESENTATION('',(#9360),#9364);
#9360 = LINE('',#9361,#9362);
#9361 = CARTESIAN_POINT('',(0.,1.568908760281));
#9362 = VECTOR('',#9363,1.);
#9363 = DIRECTION('',(1.,0.));
#9364 = ( GEOMETRIC_REPRESENTATION_CONTEXT(2) 
PARAMETRIC_REPRESENTATION_CONTEXT() REPRESENTATION_CONTEXT('2D SPACE',''
  ) );
#9365 = ORIENTED_EDGE('',*,*,#2466,.F.);
#9366 = ORIENTED_EDGE('',*,*,#9097,.F.);
#9367 = ORIENTED_EDGE('',*,*,#9368,.F.);
#9368 = EDGE_CURVE('',#9168,#9098,#9369,.T.);
#9369 = SURFACE_CURVE('',#9370,(#9376,#9385),.PCURVE_S1.);
#9370 = B_SPLINE_CURVE_WITH_KNOTS('',4,(#9371,#9372,#9373,#9374,#9375),
  .UNSPECIFIED.,.F.,.F.,(5,5),(0.,1.),.PIECEWISE_BEZIER_KNOTS.);
#9371 = CARTESIAN_POINT('',(19.014713965377,16.523480196177,
    6.575861150127));
#9372 = CARTESIAN_POINT('',(18.886698780446,16.328842563393,
    6.646541740914));
#9373 = CARTESIAN_POINT('',(18.757798694326,16.132859503714,
    6.711917799181));
#9374 = CARTESIAN_POINT('',(18.62811780311,15.935689287561,
    6.771960923545));
#9375 = CARTESIAN_POINT('',(18.497759234166,15.737488712479,
    6.826658941639));
#9376 = PCURVE('',#2490,#9377);
#9377 = DEFINITIONAL_REPRESENTATION('',(#9378),#9384);
#9378 = B_SPLINE_CURVE_WITH_KNOTS('',4,(#9379,#9380,#9381,#9382,#9383),
  .UNSPECIFIED.,.F.,.F.,(5,5),(0.,1.),.PIECEWISE_BEZIER_KNOTS.);
#9379 = CARTESIAN_POINT('',(0.71541246877,1.265526114236));
#9380 = CARTESIAN_POINT('',(0.712913633799,1.28294612269));
#9381 = CARTESIAN_POINT('',(0.71033820706,1.300342782355));
#9382 = CARTESIAN_POINT('',(0.707683248719,1.317715348962));
#9383 = CARTESIAN_POINT('',(0.704945621662,1.33506325582));
#9384 = ( GEOMETRIC_REPRESENTATION_CONTEXT(2) 
PARAMETRIC_REPRESENTATION_CONTEXT() REPRESENTATION_CONTEXT('2D SPACE',''
  ) );
#9385 = PCURVE('',#9078,#9386);
#9386 = DEFINITIONAL_REPRESENTATION('',(#9387),#9393);
#9387 = B_SPLINE_CURVE_WITH_KNOTS('',4,(#9388,#9389,#9390,#9391,#9392),
  .UNSPECIFIED.,.F.,.F.,(5,5),(0.,1.),.PIECEWISE_BEZIER_KNOTS.);
#9388 = CARTESIAN_POINT('',(0.862361106347,-6.575861150127));
#9389 = CARTESIAN_POINT('',(0.629398243065,-6.646541740914));
#9390 = CARTESIAN_POINT('',(0.394825030862,-6.711917799181));
#9391 = CARTESIAN_POINT('',(0.158830904485,-6.771960923545));
#9392 = CARTESIAN_POINT('',(-7.839646421336E-02,-6.826658941639));
#9393 = ( GEOMETRIC_REPRESENTATION_CONTEXT(2) 
PARAMETRIC_REPRESENTATION_CONTEXT() REPRESENTATION_CONTEXT('2D SPACE',''
  ) );
#9394 = ADVANCED_FACE('',(#9395),#2446,.T.);
#9395 = FACE_BOUND('',#9396,.T.);
#9396 = EDGE_LOOP('',(#9397,#9398,#9399,#9400));
#9397 = ORIENTED_EDGE('',*,*,#2414,.F.);
#9398 = ORIENTED_EDGE('',*,*,#9344,.T.);
#9399 = ORIENTED_EDGE('',*,*,#3208,.T.);
#9400 = ORIENTED_EDGE('',*,*,#7012,.F.);
#9401 = ADVANCED_FACE('',(#9402),#2301,.F.);
#9402 = FACE_BOUND('',#9403,.F.);
#9403 = EDGE_LOOP('',(#9404,#9405,#9426,#9427));
#9404 = ORIENTED_EDGE('',*,*,#7628,.T.);
#9405 = ORIENTED_EDGE('',*,*,#9406,.T.);
#9406 = EDGE_CURVE('',#7629,#8039,#9407,.T.);
#9407 = SURFACE_CURVE('',#9408,(#9412,#9419),.PCURVE_S1.);
#9408 = LINE('',#9409,#9410);
#9409 = CARTESIAN_POINT('',(22.956208463665,8.155343402635,0.));
#9410 = VECTOR('',#9411,1.);
#9411 = DIRECTION('',(0.,0.,1.));
#9412 = PCURVE('',#2301,#9413);
#9413 = DEFINITIONAL_REPRESENTATION('',(#9414),#9418);
#9414 = LINE('',#9415,#9416);
#9415 = CARTESIAN_POINT('',(0.,0.));
#9416 = VECTOR('',#9417,1.);
#9417 = DIRECTION('',(0.,-1.));
#9418 = ( GEOMETRIC_REPRESENTATION_CONTEXT(2) 
PARAMETRIC_REPRESENTATION_CONTEXT() REPRESENTATION_CONTEXT('2D SPACE',''
  ) );
#9419 = PCURVE('',#7692,#9420);
#9420 = DEFINITIONAL_REPRESENTATION('',(#9421),#9425);
#9421 = LINE('',#9422,#9423);
#9422 = CARTESIAN_POINT('',(0.783964642134,0.));
#9423 = VECTOR('',#9424,1.);
#9424 = DIRECTION('',(0.,-1.));
#9425 = ( GEOMETRIC_REPRESENTATION_CONTEXT(2) 
PARAMETRIC_REPRESENTATION_CONTEXT() REPRESENTATION_CONTEXT('2D SPACE',''
  ) );
#9426 = ORIENTED_EDGE('',*,*,#8067,.T.);
#9427 = ORIENTED_EDGE('',*,*,#2285,.F.);
#9428 = ADVANCED_FACE('',(#9429),#2762,.T.);
#9429 = FACE_BOUND('',#9430,.T.);
#9430 = EDGE_LOOP('',(#9431,#9475,#9476,#9477,#9478,#9522,#9556,#9599,
    #9633,#9676));
#9431 = ORIENTED_EDGE('',*,*,#9432,.F.);
#9432 = EDGE_CURVE('',#3851,#9433,#9435,.T.);
#9433 = VERTEX_POINT('',#9434);
#9434 = CARTESIAN_POINT('',(-8.155343402635,-22.95620846366,
    0.391648014941));
#9435 = SURFACE_CURVE('',#9436,(#9447,#9461),.PCURVE_S1.);
#9436 = B_SPLINE_CURVE_WITH_KNOTS('',5,(#9437,#9438,#9439,#9440,#9441,
    #9442,#9443,#9444,#9445,#9446),.UNSPECIFIED.,.F.,.F.,(6,4,6),(0.,
    0.678562721325,1.),.UNSPECIFIED.);
#9437 = CARTESIAN_POINT('',(-8.295651426942,-20.54721272043,
    3.895440134219E-02));
#9438 = CARTESIAN_POINT('',(-8.237568537129,-20.87661715746,
    6.055986544558E-02));
#9439 = CARTESIAN_POINT('',(-8.192917568943,-21.20733846076,
    9.029355703038E-02));
#9440 = CARTESIAN_POINT('',(-8.161779263255,-21.53795578034,
    0.128923633473));
#9441 = CARTESIAN_POINT('',(-8.143965433508,-21.86697793425,
    0.176920978785));
#9442 = CARTESIAN_POINT('',(-8.136614650905,-22.34723507983,
    0.261576802321));
#9443 = CARTESIAN_POINT('',(-8.137129935661,-22.50090925161,
    0.290909283118));
#9444 = CARTESIAN_POINT('',(-8.14046998621,-22.65372690693,
    0.322372247641));
#9445 = CARTESIAN_POINT('',(-8.146567939238,-22.80553957723,
    0.355959281399));
#9446 = CARTESIAN_POINT('',(-8.155343402635,-22.95620846366,
    0.391648014941));
#9447 = PCURVE('',#2762,#9448);
#9448 = DEFINITIONAL_REPRESENTATION('',(#9449),#9460);
#9449 = B_SPLINE_CURVE_WITH_KNOTS('',5,(#9450,#9451,#9452,#9453,#9454,
    #9455,#9456,#9457,#9458,#9459),.UNSPECIFIED.,.F.,.F.,(6,4,6),(0.,
    0.678562721325,1.),.UNSPECIFIED.);
#9450 = CARTESIAN_POINT('',(4.328665986821,4.7883970997));
#9451 = CARTESIAN_POINT('',(4.336661953498,4.809473095102));
#9452 = CARTESIAN_POINT('',(4.343862134149,4.831187248477));
#9453 = CARTESIAN_POINT('',(4.350276737174,4.85342437525));
#9454 = CARTESIAN_POINT('',(4.355935913969,4.876069436946));
#9455 = CARTESIAN_POINT('',(4.363223286956,4.909868150788));
#9456 = CARTESIAN_POINT('',(4.365405524032,4.920797661649));
#9457 = CARTESIAN_POINT('',(4.367432082026,4.931780347325));
#9458 = CARTESIAN_POINT('',(4.369308024107,4.942804674322));
#9459 = CARTESIAN_POINT('',(4.371038959433,4.953859745101));
#9460 = ( GEOMETRIC_REPRESENTATION_CONTEXT(2) 
PARAMETRIC_REPRESENTATION_CONTEXT() REPRESENTATION_CONTEXT('2D SPACE',''
  ) );
#9461 = PCURVE('',#3866,#9462);
#9462 = DEFINITIONAL_REPRESENTATION('',(#9463),#9474);
#9463 = B_SPLINE_CURVE_WITH_KNOTS('',5,(#9464,#9465,#9466,#9467,#9468,
    #9469,#9470,#9471,#9472,#9473),.UNSPECIFIED.,.F.,.F.,(6,4,6),(0.,
    0.678562721325,1.),.UNSPECIFIED.);
#9464 = CARTESIAN_POINT('',(0.,-3.895440134219E-02));
#9465 = CARTESIAN_POINT('',(3.218416765642E-02,-6.055986544558E-02));
#9466 = CARTESIAN_POINT('',(6.426869906368E-02,-9.029355703038E-02));
#9467 = CARTESIAN_POINT('',(9.618702333104E-02,-0.128923633473));
#9468 = CARTESIAN_POINT('',(0.127867977275,-0.176920978785));
#9469 = CARTESIAN_POINT('',(0.174083619971,-0.261576802321));
#9470 = CARTESIAN_POINT('',(0.188867612393,-0.290909283118));
#9471 = CARTESIAN_POINT('',(0.203571901269,-0.322372247641));
#9472 = CARTESIAN_POINT('',(0.218188673198,-0.355959281399));
#9473 = CARTESIAN_POINT('',(0.232710566933,-0.391648014941));
#9474 = ( GEOMETRIC_REPRESENTATION_CONTEXT(2) 
PARAMETRIC_REPRESENTATION_CONTEXT() REPRESENTATION_CONTEXT('2D SPACE',''
  ) );
#9475 = ORIENTED_EDGE('',*,*,#3878,.F.);
#9476 = ORIENTED_EDGE('',*,*,#3468,.T.);
#9477 = ORIENTED_EDGE('',*,*,#2736,.T.);
#9478 = ORIENTED_EDGE('',*,*,#9479,.T.);
#9479 = EDGE_CURVE('',#2739,#9480,#9482,.T.);
#9480 = VERTEX_POINT('',#9481);
#9481 = CARTESIAN_POINT('',(-4.415369668565,-23.95833140542,
    0.391648014941));
#9482 = SURFACE_CURVE('',#9483,(#9494,#9508),.PCURVE_S1.);
#9483 = B_SPLINE_CURVE_WITH_KNOTS('',5,(#9484,#9485,#9486,#9487,#9488,
    #9489,#9490,#9491,#9492,#9493),.UNSPECIFIED.,.F.,.F.,(6,4,6),(0.,
    0.678562721325,1.),.UNSPECIFIED.);
#9484 = CARTESIAN_POINT('',(-3.089361483543,-21.94223390632,
    3.895440134219E-02));
#9485 = CARTESIAN_POINT('',(-3.304364960161,-22.198465072,
    6.055986544558E-02));
#9486 = CARTESIAN_POINT('',(-3.508394484567,-22.46255263815,
    9.029355703039E-02));
#9487 = CARTESIAN_POINT('',(-3.70066970811,-22.73330648298,
    0.128923633473));
#9488 = CARTESIAN_POINT('',(-3.880608014165,-23.0093411118,
    0.176920978785));
#9489 = CARTESIAN_POINT('',(-4.127102551431,-23.42158060893,
    0.261576802321));
#9490 = CARTESIAN_POINT('',(-4.20349338763,-23.55492398797,
    0.290909283118));
#9491 = CARTESIAN_POINT('',(-4.277009646663,-23.6889379849,
    0.322372247641));
#9492 = CARTESIAN_POINT('',(-4.347634999579,-23.82346059051,
    0.355959281399));
#9493 = CARTESIAN_POINT('',(-4.415369668565,-23.95833140542,
    0.391648014941));
#9494 = PCURVE('',#2762,#9495);
#9495 = DEFINITIONAL_REPRESENTATION('',(#9496),#9507);
#9496 = B_SPLINE_CURVE_WITH_KNOTS('',5,(#9497,#9498,#9499,#9500,#9501,
    #9502,#9503,#9504,#9505,#9506),.UNSPECIFIED.,.F.,.F.,(6,4,6),(0.,
    0.678562721325,1.),.UNSPECIFIED.);
#9497 = CARTESIAN_POINT('',(4.57251319835,4.7883970997));
#9498 = CARTESIAN_POINT('',(4.564517231673,4.809473095102));
#9499 = CARTESIAN_POINT('',(4.557317051022,4.831187248477));
#9500 = CARTESIAN_POINT('',(4.550902447997,4.85342437525));
#9501 = CARTESIAN_POINT('',(4.545243271202,4.876069436946));
#9502 = CARTESIAN_POINT('',(4.537955898215,4.909868150788));
#9503 = CARTESIAN_POINT('',(4.535773661139,4.920797661649));
#9504 = CARTESIAN_POINT('',(4.533747103145,4.931780347325));
#9505 = CARTESIAN_POINT('',(4.531871161064,4.942804674322));
#9506 = CARTESIAN_POINT('',(4.530140225738,4.953859745101));
#9507 = ( GEOMETRIC_REPRESENTATION_CONTEXT(2) 
PARAMETRIC_REPRESENTATION_CONTEXT() REPRESENTATION_CONTEXT('2D SPACE',''
  ) );
#9508 = PCURVE('',#2794,#9509);
#9509 = DEFINITIONAL_REPRESENTATION('',(#9510),#9521);
#9510 = B_SPLINE_CURVE_WITH_KNOTS('',5,(#9511,#9512,#9513,#9514,#9515,
    #9516,#9517,#9518,#9519,#9520),.UNSPECIFIED.,.F.,.F.,(6,4,6),(0.,
    0.678562721325,1.),.UNSPECIFIED.);
#9511 = CARTESIAN_POINT('',(0.232710566933,-3.895440134219E-02));
#9512 = CARTESIAN_POINT('',(0.200526399276,-6.055986544558E-02));
#9513 = CARTESIAN_POINT('',(0.168441867869,-9.029355703039E-02));
#9514 = CARTESIAN_POINT('',(0.136523543602,-0.128923633473));
#9515 = CARTESIAN_POINT('',(0.104842589657,-0.176920978785));
#9516 = CARTESIAN_POINT('',(5.86269469619E-02,-0.261576802321));
#9517 = CARTESIAN_POINT('',(4.38429545396E-02,-0.290909283118));
#9518 = CARTESIAN_POINT('',(2.913866566402E-02,-0.322372247641));
#9519 = CARTESIAN_POINT('',(1.452189373431E-02,-0.355959281399));
#9520 = CARTESIAN_POINT('',(0.,-0.391648014941));
#9521 = ( GEOMETRIC_REPRESENTATION_CONTEXT(2) 
PARAMETRIC_REPRESENTATION_CONTEXT() REPRESENTATION_CONTEXT('2D SPACE',''
  ) );
#9522 = ORIENTED_EDGE('',*,*,#9523,.T.);
#9523 = EDGE_CURVE('',#9480,#9524,#9526,.T.);
#9524 = VERTEX_POINT('',#9525);
#9525 = CARTESIAN_POINT('',(-4.76721235726,-24.65890779849,
    0.600598998088));
#9526 = SURFACE_CURVE('',#9527,(#9533,#9542),.PCURVE_S1.);
#9527 = B_SPLINE_CURVE_WITH_KNOTS('',4,(#9528,#9529,#9530,#9531,#9532),
  .UNSPECIFIED.,.F.,.F.,(5,5),(0.,1.),.PIECEWISE_BEZIER_KNOTS.);
#9528 = CARTESIAN_POINT('',(-4.380185399695,-23.88827376611,
    0.373341058361));
#9529 = CARTESIAN_POINT('',(-4.486652848265,-24.10026788591,
    0.428039076436));
#9530 = CARTESIAN_POINT('',(-4.592566818765,-24.31115994027,
    0.488082200825));
#9531 = CARTESIAN_POINT('',(-4.697843084002,-24.52078221904,
    0.553458259061));
#9532 = CARTESIAN_POINT('',(-4.80239662613,-24.7289654378,0.624138849873
    ));
#9533 = PCURVE('',#2762,#9534);
#9534 = DEFINITIONAL_REPRESENTATION('',(#9535),#9541);
#9535 = B_SPLINE_CURVE_WITH_KNOTS('',4,(#9536,#9537,#9538,#9539,#9540),
  .UNSPECIFIED.,.F.,.F.,(5,5),(0.,1.),.PIECEWISE_BEZIER_KNOTS.);
#9536 = CARTESIAN_POINT('',(4.531042134304,4.94812205133));
#9537 = CARTESIAN_POINT('',(4.528304507247,4.965469958185));
#9538 = CARTESIAN_POINT('',(4.525649548993,4.982842524983));
#9539 = CARTESIAN_POINT('',(4.523074122147,5.000239184384));
#9540 = CARTESIAN_POINT('',(4.520575287173,5.017659192849));
#9541 = ( GEOMETRIC_REPRESENTATION_CONTEXT(2) 
PARAMETRIC_REPRESENTATION_CONTEXT() REPRESENTATION_CONTEXT('2D SPACE',''
  ) );
#9542 = PCURVE('',#9543,#9548);
#9543 = PLANE('',#9544);
#9544 = AXIS2_PLACEMENT_3D('',#9545,#9546,#9547);
#9545 = CARTESIAN_POINT('',(-4.76721235726,-24.65890779849,0.));
#9546 = DIRECTION('',(-0.893632640323,0.4487991802,0.));
#9547 = DIRECTION('',(0.4487991802,0.893632640323,0.));
#9548 = DEFINITIONAL_REPRESENTATION('',(#9549),#9555);
#9549 = B_SPLINE_CURVE_WITH_KNOTS('',4,(#9550,#9551,#9552,#9553,#9554),
  .UNSPECIFIED.,.F.,.F.,(5,5),(0.,1.),.PIECEWISE_BEZIER_KNOTS.);
#9550 = CARTESIAN_POINT('',(0.862361106347,-0.373341058361));
#9551 = CARTESIAN_POINT('',(0.6251337377,-0.428039076436));
#9552 = CARTESIAN_POINT('',(0.389139611212,-0.488082200825));
#9553 = CARTESIAN_POINT('',(0.154566399224,-0.553458259061));
#9554 = CARTESIAN_POINT('',(-7.839646421336E-02,-0.624138849873));
#9555 = ( GEOMETRIC_REPRESENTATION_CONTEXT(2) 
PARAMETRIC_REPRESENTATION_CONTEXT() REPRESENTATION_CONTEXT('2D SPACE',''
  ) );
#9556 = ORIENTED_EDGE('',*,*,#9557,.T.);
#9557 = EDGE_CURVE('',#9524,#9558,#9560,.T.);
#9558 = VERTEX_POINT('',#9559);
#9559 = CARTESIAN_POINT('',(-6.409343918504,-26.75143225535,1.6));
#9560 = SURFACE_CURVE('',#9561,(#9570,#9582),.PCURVE_S1.);
#9561 = B_SPLINE_CURVE_WITH_KNOTS('',7,(#9562,#9563,#9564,#9565,#9566,
    #9567,#9568,#9569),.UNSPECIFIED.,.F.,.F.,(8,8),(0.,1.),
  .PIECEWISE_BEZIER_KNOTS.);
#9562 = CARTESIAN_POINT('',(-4.76721235726,-24.65890779849,
    0.600598998088));
#9563 = CARTESIAN_POINT('',(-4.946194408636,-25.01529036378,
    0.719099553285));
#9564 = CARTESIAN_POINT('',(-5.147124369574,-25.35362852355,
    0.848182674858));
#9565 = CARTESIAN_POINT('',(-5.367723204823,-25.67288253964,
    0.986310340719));
#9566 = CARTESIAN_POINT('',(-5.605886792924,-25.97247822647,
    1.131937080568));
#9567 = CARTESIAN_POINT('',(-5.859792137508,-26.25213272634,1.2836146553
    ));
#9568 = CARTESIAN_POINT('',(-6.127949847894,-26.51177951023,
    1.440024629007));
#9569 = CARTESIAN_POINT('',(-6.409343918505,-26.75143225535,1.6));
#9570 = PCURVE('',#2762,#9571);
#9571 = DEFINITIONAL_REPRESENTATION('',(#9572),#9581);
#9572 = B_SPLINE_CURVE_WITH_KNOTS('',7,(#9573,#9574,#9575,#9576,#9577,
    #9578,#9579,#9580),.UNSPECIFIED.,.F.,.F.,(8,8),(0.,1.),
  .PIECEWISE_BEZIER_KNOTS.);
#9573 = CARTESIAN_POINT('',(4.521418716768,5.011803082344));
#9574 = CARTESIAN_POINT('',(4.517115289422,5.041562392828));
#9575 = CARTESIAN_POINT('',(4.511970972064,5.070632248963));
#9576 = CARTESIAN_POINT('',(4.506111505424,5.098948728532));
#9577 = CARTESIAN_POINT('',(4.499638802462,5.126477188547));
#9578 = CARTESIAN_POINT('',(4.492632049156,5.153198073043));
#9579 = CARTESIAN_POINT('',(4.485150798697,5.179104389785));
#9580 = CARTESIAN_POINT('',(4.477232827825,5.204198588418));
#9581 = ( GEOMETRIC_REPRESENTATION_CONTEXT(2) 
PARAMETRIC_REPRESENTATION_CONTEXT() REPRESENTATION_CONTEXT('2D SPACE',''
  ) );
#9582 = PCURVE('',#9583,#9588);
#9583 = CYLINDRICAL_SURFACE('',#9584,6.695751497138);
#9584 = AXIS2_PLACEMENT_3D('',#9585,#9586,#9587);
#9585 = CARTESIAN_POINT('',(-10.75075444659,-21.65386001575,0.));
#9586 = DIRECTION('',(-0.,-0.,-1.));
#9587 = DIRECTION('',(0.648382863365,-0.761314430768,0.));
#9588 = DEFINITIONAL_REPRESENTATION('',(#9589),#9598);
#9589 = B_SPLINE_CURVE_WITH_KNOTS('',7,(#9590,#9591,#9592,#9593,#9594,
    #9595,#9596,#9597),.UNSPECIFIED.,.F.,.F.,(8,8),(0.,1.),
  .PIECEWISE_BEZIER_KNOTS.);
#9590 = CARTESIAN_POINT('',(-0.399916820262,-0.600598998088));
#9591 = CARTESIAN_POINT('',(-0.34035635257,-0.719099553285));
#9592 = CARTESIAN_POINT('',(-0.281733038893,-0.848182674858));
#9593 = CARTESIAN_POINT('',(-0.223993204871,-0.986310340719));
#9594 = CARTESIAN_POINT('',(-0.167058643527,-1.131937080568));
#9595 = CARTESIAN_POINT('',(-0.11083431845,-1.2836146553));
#9596 = CARTESIAN_POINT('',(-5.520158565367E-02,-1.440024629007));
#9597 = CARTESIAN_POINT('',(1.7763568394E-15,-1.6));
#9598 = ( GEOMETRIC_REPRESENTATION_CONTEXT(2) 
PARAMETRIC_REPRESENTATION_CONTEXT() REPRESENTATION_CONTEXT('2D SPACE',''
  ) );
#9599 = ORIENTED_EDGE('',*,*,#9600,.T.);
#9600 = EDGE_CURVE('',#9558,#9601,#9603,.T.);
#9601 = VERTEX_POINT('',#9602);
#9602 = CARTESIAN_POINT('',(-7.825061472662,-26.37209188001,1.6));
#9603 = SURFACE_CURVE('',#9604,(#9610,#9619),.PCURVE_S1.);
#9604 = B_SPLINE_CURVE_WITH_KNOTS('',4,(#9605,#9606,#9607,#9608,#9609),
  .UNSPECIFIED.,.F.,.F.,(5,5),(0.,1.),.PIECEWISE_BEZIER_KNOTS.);
#9605 = CARTESIAN_POINT('',(-6.409343918505,-26.75143225535,1.6));
#9606 = CARTESIAN_POINT('',(-6.763248961987,-26.65660368475,
    1.594771077215));
#9607 = CARTESIAN_POINT('',(-7.117202843966,-26.56176202792,
    1.593038407659));
#9608 = CARTESIAN_POINT('',(-7.471156432697,-26.46692044966,
    1.594771077267));
#9609 = CARTESIAN_POINT('',(-7.825061472662,-26.37209188001,1.6));
#9610 = PCURVE('',#2762,#9611);
#9611 = DEFINITIONAL_REPRESENTATION('',(#9612),#9618);
#9612 = B_SPLINE_CURVE_WITH_KNOTS('',4,(#9613,#9614,#9615,#9616,#9617),
  .UNSPECIFIED.,.F.,.F.,(5,5),(0.,1.),.PIECEWISE_BEZIER_KNOTS.);
#9613 = CARTESIAN_POINT('',(4.477232827825,5.204198588418));
#9614 = CARTESIAN_POINT('',(4.463918429545,5.203378364491));
#9615 = CARTESIAN_POINT('',(4.450589586545,5.203104898197));
#9616 = CARTESIAN_POINT('',(4.437260755494,5.203378364499));
#9617 = CARTESIAN_POINT('',(4.423946357346,5.204198588418));
#9618 = ( GEOMETRIC_REPRESENTATION_CONTEXT(2) 
PARAMETRIC_REPRESENTATION_CONTEXT() REPRESENTATION_CONTEXT('2D SPACE',''
  ) );
#9619 = PCURVE('',#9620,#9625);
#9620 = PLANE('',#9621);
#9621 = AXIS2_PLACEMENT_3D('',#9622,#9623,#9624);
#9622 = CARTESIAN_POINT('',(-7.825061472662,-26.37209188001,0.));
#9623 = DIRECTION('',(0.258819045103,0.965925826289,-0.));
#9624 = DIRECTION('',(0.965925826289,-0.258819045103,0.));
#9625 = DEFINITIONAL_REPRESENTATION('',(#9626),#9632);
#9626 = B_SPLINE_CURVE_WITH_KNOTS('',4,(#9627,#9628,#9629,#9630,#9631),
  .UNSPECIFIED.,.F.,.F.,(5,5),(0.,1.),.PIECEWISE_BEZIER_KNOTS.);
#9627 = CARTESIAN_POINT('',(1.465658662007,-1.6));
#9628 = CARTESIAN_POINT('',(1.099269200363,-1.594771077215));
#9629 = CARTESIAN_POINT('',(0.732829177387,-1.593038407659));
#9630 = CARTESIAN_POINT('',(0.366389458003,-1.594771077267));
#9631 = CARTESIAN_POINT('',(3.907985046681E-14,-1.6));
#9632 = ( GEOMETRIC_REPRESENTATION_CONTEXT(2) 
PARAMETRIC_REPRESENTATION_CONTEXT() REPRESENTATION_CONTEXT('2D SPACE',''
  ) );
#9633 = ORIENTED_EDGE('',*,*,#9634,.F.);
#9634 = EDGE_CURVE('',#9635,#9601,#9637,.T.);
#9635 = VERTEX_POINT('',#9636);
#9636 = CARTESIAN_POINT('',(-8.200926892624,-23.7388467617,
    0.600598998088));
#9637 = SURFACE_CURVE('',#9638,(#9647,#9659),.PCURVE_S1.);
#9638 = B_SPLINE_CURVE_WITH_KNOTS('',7,(#9639,#9640,#9641,#9642,#9643,
    #9644,#9645,#9646),.UNSPECIFIED.,.F.,.F.,(8,8),(0.,1.),
  .PIECEWISE_BEZIER_KNOTS.);
#9639 = CARTESIAN_POINT('',(-8.200926892624,-23.7388467617,
    0.600598998088));
#9640 = CARTESIAN_POINT('',(-8.224115171958,-24.1369741424,
    0.719099553285));
#9641 = CARTESIAN_POINT('',(-8.219273801291,-24.5304485643,
    0.848182674858));
#9642 = CARTESIAN_POINT('',(-8.187856613965,-24.91723007012,
    0.986310340719));
#9643 = CARTESIAN_POINT('',(-8.131398739824,-25.29576933982,
    1.131937080569));
#9644 = CARTESIAN_POINT('',(-8.051337511196,-25.66490991329,1.2836146553
    ));
#9645 = CARTESIAN_POINT('',(-7.948929513723,-26.02384947934,
    1.440024629007));
#9646 = CARTESIAN_POINT('',(-7.825061472662,-26.37209188001,1.6));
#9647 = PCURVE('',#2762,#9648);
#9648 = DEFINITIONAL_REPRESENTATION('',(#9649),#9658);
#9649 = B_SPLINE_CURVE_WITH_KNOTS('',7,(#9650,#9651,#9652,#9653,#9654,
    #9655,#9656,#9657),.UNSPECIFIED.,.F.,.F.,(8,8),(0.,1.),
  .PIECEWISE_BEZIER_KNOTS.);
#9650 = CARTESIAN_POINT('',(4.379760468403,5.011803082344));
#9651 = CARTESIAN_POINT('',(4.384063895749,5.041562392828));
#9652 = CARTESIAN_POINT('',(4.389208213107,5.070632248963));
#9653 = CARTESIAN_POINT('',(4.395067679747,5.098948728532));
#9654 = CARTESIAN_POINT('',(4.401540382709,5.126477188547));
#9655 = CARTESIAN_POINT('',(4.408547136015,5.153198073043));
#9656 = CARTESIAN_POINT('',(4.416028386475,5.179104389785));
#9657 = CARTESIAN_POINT('',(4.423946357346,5.204198588418));
#9658 = ( GEOMETRIC_REPRESENTATION_CONTEXT(2) 
PARAMETRIC_REPRESENTATION_CONTEXT() REPRESENTATION_CONTEXT('2D SPACE',''
  ) );
#9659 = PCURVE('',#9660,#9665);
#9660 = CYLINDRICAL_SURFACE('',#9661,6.695751497138);
#9661 = AXIS2_PLACEMENT_3D('',#9662,#9663,#9664);
#9662 = CARTESIAN_POINT('',(-1.516503547274,-24.12817008693,0.));
#9663 = DIRECTION('',(-0.,-0.,-1.));
#9664 = DIRECTION('',(-0.998308158271,5.814482891048E-02,0.));
#9665 = DEFINITIONAL_REPRESENTATION('',(#9666),#9675);
#9666 = B_SPLINE_CURVE_WITH_KNOTS('',7,(#9667,#9668,#9669,#9670,#9671,
    #9672,#9673,#9674),.UNSPECIFIED.,.F.,.F.,(8,8),(0.,1.),
  .PIECEWISE_BEZIER_KNOTS.);
#9667 = CARTESIAN_POINT('',(0.,-0.600598998088));
#9668 = CARTESIAN_POINT('',(-5.956046769161E-02,-0.719099553285));
#9669 = CARTESIAN_POINT('',(-0.118183781368,-0.848182674858));
#9670 = CARTESIAN_POINT('',(-0.175923615391,-0.986310340719));
#9671 = CARTESIAN_POINT('',(-0.232858176735,-1.131937080569));
#9672 = CARTESIAN_POINT('',(-0.289082501812,-1.2836146553));
#9673 = CARTESIAN_POINT('',(-0.344715234608,-1.440024629007));
#9674 = CARTESIAN_POINT('',(-0.399916820262,-1.6));
#9675 = ( GEOMETRIC_REPRESENTATION_CONTEXT(2) 
PARAMETRIC_REPRESENTATION_CONTEXT() REPRESENTATION_CONTEXT('2D SPACE',''
  ) );
#9676 = ORIENTED_EDGE('',*,*,#9677,.F.);
#9677 = EDGE_CURVE('',#9433,#9635,#9678,.T.);
#9678 = SURFACE_CURVE('',#9679,(#9685,#9694),.PCURVE_S1.);
#9679 = B_SPLINE_CURVE_WITH_KNOTS('',4,(#9680,#9681,#9682,#9683,#9684),
  .UNSPECIFIED.,.F.,.F.,(5,5),(0.,1.),.PIECEWISE_BEZIER_KNOTS.);
#9680 = CARTESIAN_POINT('',(-8.150785053636,-22.87794463386,
    0.373341058361));
#9681 = CARTESIAN_POINT('',(-8.164578598399,-23.11477065134,
    0.428039076436));
#9682 = CARTESIAN_POINT('',(-8.178300436508,-23.35036551312,
    0.488082200825));
#9683 = CARTESIAN_POINT('',(-8.191939655786,-23.58454186436,
    0.553458259061));
#9684 = CARTESIAN_POINT('',(-8.205485241623,-23.8171105915,
    0.624138849873));
#9685 = PCURVE('',#2762,#9686);
#9686 = DEFINITIONAL_REPRESENTATION('',(#9687),#9693);
#9687 = B_SPLINE_CURVE_WITH_KNOTS('',4,(#9688,#9689,#9690,#9691,#9692),
  .UNSPECIFIED.,.F.,.F.,(5,5),(0.,1.),.PIECEWISE_BEZIER_KNOTS.);
#9688 = CARTESIAN_POINT('',(4.370137050868,4.94812205133));
#9689 = CARTESIAN_POINT('',(4.372874677924,4.965469958185));
#9690 = CARTESIAN_POINT('',(4.375529636178,4.982842524983));
#9691 = CARTESIAN_POINT('',(4.378105063025,5.000239184384));
#9692 = CARTESIAN_POINT('',(4.380603897998,5.017659192849));
#9693 = ( GEOMETRIC_REPRESENTATION_CONTEXT(2) 
PARAMETRIC_REPRESENTATION_CONTEXT() REPRESENTATION_CONTEXT('2D SPACE',''
  ) );
#9694 = PCURVE('',#9695,#9700);
#9695 = PLANE('',#9696);
#9696 = AXIS2_PLACEMENT_3D('',#9697,#9698,#9699);
#9697 = CARTESIAN_POINT('',(-8.155343402635,-22.95620846366,0.));
#9698 = DIRECTION('',(0.998308158271,-5.814482891048E-02,0.));
#9699 = DIRECTION('',(-5.814482891048E-02,-0.998308158271,0.));
#9700 = DEFINITIONAL_REPRESENTATION('',(#9701),#9707);
#9701 = B_SPLINE_CURVE_WITH_KNOTS('',4,(#9702,#9703,#9704,#9705,#9706),
  .UNSPECIFIED.,.F.,.F.,(5,5),(0.,1.),.PIECEWISE_BEZIER_KNOTS.);
#9702 = CARTESIAN_POINT('',(-7.839646421336E-02,-0.373341058361));
#9703 = CARTESIAN_POINT('',(0.158830904433,-0.428039076436));
#9704 = CARTESIAN_POINT('',(0.394825030922,-0.488082200825));
#9705 = CARTESIAN_POINT('',(0.62939824291,-0.553458259061));
#9706 = CARTESIAN_POINT('',(0.862361106347,-0.624138849873));
#9707 = ( GEOMETRIC_REPRESENTATION_CONTEXT(2) 
PARAMETRIC_REPRESENTATION_CONTEXT() REPRESENTATION_CONTEXT('2D SPACE',''
  ) );
#9708 = ADVANCED_FACE('',(#9709),#3024,.F.);
#9709 = FACE_BOUND('',#9710,.F.);
#9710 = EDGE_LOOP('',(#9711,#9712,#9713,#9714));
#9711 = ORIENTED_EDGE('',*,*,#8198,.F.);
#9712 = ORIENTED_EDGE('',*,*,#3008,.T.);
#9713 = ORIENTED_EDGE('',*,*,#8714,.F.);
#9714 = ORIENTED_EDGE('',*,*,#9715,.F.);
#9715 = EDGE_CURVE('',#8199,#8715,#9716,.T.);
#9716 = SURFACE_CURVE('',#9717,(#9721,#9728),.PCURVE_S1.);
#9717 = LINE('',#9718,#9719);
#9718 = CARTESIAN_POINT('',(4.415369668564,-23.95833140542,0.));
#9719 = VECTOR('',#9720,1.);
#9720 = DIRECTION('',(0.,0.,1.));
#9721 = PCURVE('',#3024,#9722);
#9722 = DEFINITIONAL_REPRESENTATION('',(#9723),#9727);
#9723 = LINE('',#9724,#9725);
#9724 = CARTESIAN_POINT('',(0.232710566933,0.));
#9725 = VECTOR('',#9726,1.);
#9726 = DIRECTION('',(0.,-1.));
#9727 = ( GEOMETRIC_REPRESENTATION_CONTEXT(2) 
PARAMETRIC_REPRESENTATION_CONTEXT() REPRESENTATION_CONTEXT('2D SPACE',''
  ) );
#9728 = PCURVE('',#8461,#9729);
#9729 = DEFINITIONAL_REPRESENTATION('',(#9730),#9734);
#9730 = LINE('',#9731,#9732);
#9731 = CARTESIAN_POINT('',(0.,0.));
#9732 = VECTOR('',#9733,1.);
#9733 = DIRECTION('',(0.,-1.));
#9734 = ( GEOMETRIC_REPRESENTATION_CONTEXT(2) 
PARAMETRIC_REPRESENTATION_CONTEXT() REPRESENTATION_CONTEXT('2D SPACE',''
  ) );
#9735 = ADVANCED_FACE('',(#9736),#2878,.T.);
#9736 = FACE_BOUND('',#9737,.T.);
#9737 = EDGE_LOOP('',(#9738,#9760,#9761,#9762));
#9738 = ORIENTED_EDGE('',*,*,#9739,.T.);
#9739 = EDGE_CURVE('',#3769,#2807,#9740,.T.);
#9740 = SURFACE_CURVE('',#9741,(#9746,#9753),.PCURVE_S1.);
#9741 = CIRCLE('',#9742,21.159010550645);
#9742 = AXIS2_PLACEMENT_3D('',#9743,#9744,#9745);
#9743 = CARTESIAN_POINT('',(0.,0.,7.199999109273));
#9744 = DIRECTION('',(0.,0.,1.));
#9745 = DIRECTION('',(1.,0.,-0.));
#9746 = PCURVE('',#2878,#9747);
#9747 = DEFINITIONAL_REPRESENTATION('',(#9748),#9752);
#9748 = LINE('',#9749,#9750);
#9749 = CARTESIAN_POINT('',(0.,1.568908760281));
#9750 = VECTOR('',#9751,1.);
#9751 = DIRECTION('',(1.,0.));
#9752 = ( GEOMETRIC_REPRESENTATION_CONTEXT(2) 
PARAMETRIC_REPRESENTATION_CONTEXT() REPRESENTATION_CONTEXT('2D SPACE',''
  ) );
#9753 = PCURVE('',#2830,#9754);
#9754 = DEFINITIONAL_REPRESENTATION('',(#9755),#9759);
#9755 = LINE('',#9756,#9757);
#9756 = CARTESIAN_POINT('',(0.,1.568908760277));
#9757 = VECTOR('',#9758,1.);
#9758 = DIRECTION('',(1.,0.));
#9759 = ( GEOMETRIC_REPRESENTATION_CONTEXT(2) 
PARAMETRIC_REPRESENTATION_CONTEXT() REPRESENTATION_CONTEXT('2D SPACE',''
  ) );
#9760 = ORIENTED_EDGE('',*,*,#2846,.T.);
#9761 = ORIENTED_EDGE('',*,*,#7173,.F.);
#9762 = ORIENTED_EDGE('',*,*,#3768,.F.);
#9763 = ADVANCED_FACE('',(#9764),#2830,.T.);
#9764 = FACE_BOUND('',#9765,.T.);
#9765 = EDGE_LOOP('',(#9766,#9806,#9835,#9873,#9902,#9944,#9945,#9946,
    #9947,#9991));
#9766 = ORIENTED_EDGE('',*,*,#9767,.F.);
#9767 = EDGE_CURVE('',#9768,#9770,#9772,.T.);
#9768 = VERTEX_POINT('',#9769);
#9769 = CARTESIAN_POINT('',(-7.825061472662,-26.37209188001,5.6));
#9770 = VERTEX_POINT('',#9771);
#9771 = CARTESIAN_POINT('',(-8.200926892624,-23.7388467617,
    6.599401001912));
#9772 = SURFACE_CURVE('',#9773,(#9782,#9794),.PCURVE_S1.);
#9773 = B_SPLINE_CURVE_WITH_KNOTS('',7,(#9774,#9775,#9776,#9777,#9778,
    #9779,#9780,#9781),.UNSPECIFIED.,.F.,.F.,(8,8),(0.,1.),
  .PIECEWISE_BEZIER_KNOTS.);
#9774 = CARTESIAN_POINT('',(-7.825061472662,-26.37209188001,5.6));
#9775 = CARTESIAN_POINT('',(-7.948929513755,-26.02384947924,
    5.759975371035));
#9776 = CARTESIAN_POINT('',(-8.051337511123,-25.66490991345,
    5.916385344619));
#9777 = CARTESIAN_POINT('',(-8.131398739769,-25.29576934012,
    6.068062919311));
#9778 = CARTESIAN_POINT('',(-8.187856613985,-24.91723007026,
    6.213689659241));
#9779 = CARTESIAN_POINT('',(-8.219273801334,-24.53044856411,
    6.351817325222));
#9780 = CARTESIAN_POINT('',(-8.224115171935,-24.13697414201,
    6.480900446831));
#9781 = CARTESIAN_POINT('',(-8.200926892624,-23.7388467617,
    6.599401001912));
#9782 = PCURVE('',#2830,#9783);
#9783 = DEFINITIONAL_REPRESENTATION('',(#9784),#9793);
#9784 = B_SPLINE_CURVE_WITH_KNOTS('',7,(#9785,#9786,#9787,#9788,#9789,
    #9790,#9791,#9792),.UNSPECIFIED.,.F.,.F.,(8,8),(0.,1.),
  .PIECEWISE_BEZIER_KNOTS.);
#9785 = CARTESIAN_POINT('',(4.423946357346,1.078986718762));
#9786 = CARTESIAN_POINT('',(4.416028386472,1.104080917401));
#9787 = CARTESIAN_POINT('',(4.408547136019,1.129987234125));
#9788 = CARTESIAN_POINT('',(4.401540382714,1.156708118611));
#9789 = CARTESIAN_POINT('',(4.395067679749,1.184236578637));
#9790 = CARTESIAN_POINT('',(4.389208213103,1.21255305823));
#9791 = CARTESIAN_POINT('',(4.384063895745,1.241622914381));
#9792 = CARTESIAN_POINT('',(4.379760468403,1.271382224835));
#9793 = ( GEOMETRIC_REPRESENTATION_CONTEXT(2) 
PARAMETRIC_REPRESENTATION_CONTEXT() REPRESENTATION_CONTEXT('2D SPACE',''
  ) );
#9794 = PCURVE('',#9660,#9795);
#9795 = DEFINITIONAL_REPRESENTATION('',(#9796),#9805);
#9796 = B_SPLINE_CURVE_WITH_KNOTS('',7,(#9797,#9798,#9799,#9800,#9801,
    #9802,#9803,#9804),.UNSPECIFIED.,.F.,.F.,(8,8),(0.,1.),
  .PIECEWISE_BEZIER_KNOTS.);
#9797 = CARTESIAN_POINT('',(-0.399916820262,-5.6));
#9798 = CARTESIAN_POINT('',(-0.344715234593,-5.759975371035));
#9799 = CARTESIAN_POINT('',(-0.289082501839,-5.916385344619));
#9800 = CARTESIAN_POINT('',(-0.23285817678,-6.068062919312));
#9801 = CARTESIAN_POINT('',(-0.175923615412,-6.21368965924));
#9802 = CARTESIAN_POINT('',(-0.118183781341,-6.351817325222));
#9803 = CARTESIAN_POINT('',(-5.956046763307E-02,-6.480900446831));
#9804 = CARTESIAN_POINT('',(0.,-6.599401001912));
#9805 = ( GEOMETRIC_REPRESENTATION_CONTEXT(2) 
PARAMETRIC_REPRESENTATION_CONTEXT() REPRESENTATION_CONTEXT('2D SPACE',''
  ) );
#9806 = ORIENTED_EDGE('',*,*,#9807,.T.);
#9807 = EDGE_CURVE('',#9768,#9808,#9810,.T.);
#9808 = VERTEX_POINT('',#9809);
#9809 = CARTESIAN_POINT('',(-6.409343918504,-26.75143225535,5.6));
#9810 = SURFACE_CURVE('',#9811,(#9817,#9826),.PCURVE_S1.);
#9811 = B_SPLINE_CURVE_WITH_KNOTS('',4,(#9812,#9813,#9814,#9815,#9816),
  .UNSPECIFIED.,.F.,.F.,(5,5),(0.,1.),.PIECEWISE_BEZIER_KNOTS.);
#9812 = CARTESIAN_POINT('',(-7.825061472662,-26.37209188001,5.6));
#9813 = CARTESIAN_POINT('',(-7.471156429179,-26.4669204506,
    5.605228922785));
#9814 = CARTESIAN_POINT('',(-7.117202547201,-26.56176210744,
    5.606961592341));
#9815 = CARTESIAN_POINT('',(-6.76324895847,-26.6566036857,5.605228922733
    ));
#9816 = CARTESIAN_POINT('',(-6.409343918505,-26.75143225535,5.6));
#9817 = PCURVE('',#2830,#9818);
#9818 = DEFINITIONAL_REPRESENTATION('',(#9819),#9825);
#9819 = B_SPLINE_CURVE_WITH_KNOTS('',4,(#9820,#9821,#9822,#9823,#9824),
  .UNSPECIFIED.,.F.,.F.,(5,5),(0.,1.),.PIECEWISE_BEZIER_KNOTS.);
#9820 = CARTESIAN_POINT('',(4.423946357346,1.078986718762));
#9821 = CARTESIAN_POINT('',(4.437260755626,1.079806942689));
#9822 = CARTESIAN_POINT('',(4.450589598626,1.080080408983));
#9823 = CARTESIAN_POINT('',(4.463918429677,1.079806942681));
#9824 = CARTESIAN_POINT('',(4.477232827825,1.078986718762));
#9825 = ( GEOMETRIC_REPRESENTATION_CONTEXT(2) 
PARAMETRIC_REPRESENTATION_CONTEXT() REPRESENTATION_CONTEXT('2D SPACE',''
  ) );
#9826 = PCURVE('',#9620,#9827);
#9827 = DEFINITIONAL_REPRESENTATION('',(#9828),#9834);
#9828 = B_SPLINE_CURVE_WITH_KNOTS('',4,(#9829,#9830,#9831,#9832,#9833),
  .UNSPECIFIED.,.F.,.F.,(5,5),(0.,1.),.PIECEWISE_BEZIER_KNOTS.);
#9829 = CARTESIAN_POINT('',(2.84217094304E-13,-5.6));
#9830 = CARTESIAN_POINT('',(0.366389461644,-5.605228922785));
#9831 = CARTESIAN_POINT('',(0.732829484621,-5.606961592341));
#9832 = CARTESIAN_POINT('',(1.099269204004,-5.605228922733));
#9833 = CARTESIAN_POINT('',(1.465658662007,-5.6));
#9834 = ( GEOMETRIC_REPRESENTATION_CONTEXT(2) 
PARAMETRIC_REPRESENTATION_CONTEXT() REPRESENTATION_CONTEXT('2D SPACE',''
  ) );
#9835 = ORIENTED_EDGE('',*,*,#9836,.T.);
#9836 = EDGE_CURVE('',#9808,#9837,#9839,.T.);
#9837 = VERTEX_POINT('',#9838);
#9838 = CARTESIAN_POINT('',(-4.76721235726,-24.65890779849,
    6.599401001912));
#9839 = SURFACE_CURVE('',#9840,(#9849,#9861),.PCURVE_S1.);
#9840 = B_SPLINE_CURVE_WITH_KNOTS('',7,(#9841,#9842,#9843,#9844,#9845,
    #9846,#9847,#9848),.UNSPECIFIED.,.F.,.F.,(8,8),(0.,1.),
  .PIECEWISE_BEZIER_KNOTS.);
#9841 = CARTESIAN_POINT('',(-6.409343918505,-26.75143225535,5.6));
#9842 = CARTESIAN_POINT('',(-6.12794984782,-26.51177951016,
    5.759975371035));
#9843 = CARTESIAN_POINT('',(-5.859792137653,-26.25213272645,
    5.916385344619));
#9844 = CARTESIAN_POINT('',(-5.60588679312,-25.9724782267,6.068062919312
    ));
#9845 = CARTESIAN_POINT('',(-5.36772320488,-25.67288253978,6.21368965924
    ));
#9846 = CARTESIAN_POINT('',(-5.147124369441,-25.35362852341,
    6.351817325222));
#9847 = CARTESIAN_POINT('',(-4.94619440846,-25.01529036343,
    6.480900446831));
#9848 = CARTESIAN_POINT('',(-4.76721235726,-24.65890779849,
    6.599401001912));
#9849 = PCURVE('',#2830,#9850);
#9850 = DEFINITIONAL_REPRESENTATION('',(#9851),#9860);
#9851 = B_SPLINE_CURVE_WITH_KNOTS('',7,(#9852,#9853,#9854,#9855,#9856,
    #9857,#9858,#9859),.UNSPECIFIED.,.F.,.F.,(8,8),(0.,1.),
  .PIECEWISE_BEZIER_KNOTS.);
#9852 = CARTESIAN_POINT('',(4.477232827825,1.078986718762));
#9853 = CARTESIAN_POINT('',(4.485150798699,1.104080917401));
#9854 = CARTESIAN_POINT('',(4.492632049152,1.129987234125));
#9855 = CARTESIAN_POINT('',(4.499638802457,1.156708118611));
#9856 = CARTESIAN_POINT('',(4.506111505422,1.184236578637));
#9857 = CARTESIAN_POINT('',(4.511970972068,1.21255305823));
#9858 = CARTESIAN_POINT('',(4.517115289426,1.241622914381));
#9859 = CARTESIAN_POINT('',(4.521418716768,1.271382224835));
#9860 = ( GEOMETRIC_REPRESENTATION_CONTEXT(2) 
PARAMETRIC_REPRESENTATION_CONTEXT() REPRESENTATION_CONTEXT('2D SPACE',''
  ) );
#9861 = PCURVE('',#9583,#9862);
#9862 = DEFINITIONAL_REPRESENTATION('',(#9863),#9872);
#9863 = B_SPLINE_CURVE_WITH_KNOTS('',7,(#9864,#9865,#9866,#9867,#9868,
    #9869,#9870,#9871),.UNSPECIFIED.,.F.,.F.,(8,8),(0.,1.),
  .PIECEWISE_BEZIER_KNOTS.);
#9864 = CARTESIAN_POINT('',(8.881784197001E-16,-5.6));
#9865 = CARTESIAN_POINT('',(-5.520158566828E-02,-5.759975371035));
#9866 = CARTESIAN_POINT('',(-0.110834318423,-5.916385344619));
#9867 = CARTESIAN_POINT('',(-0.167058643482,-6.068062919312));
#9868 = CARTESIAN_POINT('',(-0.22399320485,-6.21368965924));
#9869 = CARTESIAN_POINT('',(-0.281733038921,-6.351817325222));
#9870 = CARTESIAN_POINT('',(-0.340356352629,-6.480900446831));
#9871 = CARTESIAN_POINT('',(-0.399916820262,-6.599401001912));
#9872 = ( GEOMETRIC_REPRESENTATION_CONTEXT(2) 
PARAMETRIC_REPRESENTATION_CONTEXT() REPRESENTATION_CONTEXT('2D SPACE',''
  ) );
#9873 = ORIENTED_EDGE('',*,*,#9874,.T.);
#9874 = EDGE_CURVE('',#9837,#9875,#9877,.T.);
#9875 = VERTEX_POINT('',#9876);
#9876 = CARTESIAN_POINT('',(-4.415369668565,-23.95833140542,
    6.808351985059));
#9877 = SURFACE_CURVE('',#9878,(#9884,#9893),.PCURVE_S1.);
#9878 = B_SPLINE_CURVE_WITH_KNOTS('',4,(#9879,#9880,#9881,#9882,#9883),
  .UNSPECIFIED.,.F.,.F.,(5,5),(0.,1.),.PIECEWISE_BEZIER_KNOTS.);
#9879 = CARTESIAN_POINT('',(-4.80239662613,-24.7289654378,6.575861150127
    ));
#9880 = CARTESIAN_POINT('',(-4.697843084071,-24.52078221918,
    6.646541740914));
#9881 = CARTESIAN_POINT('',(-4.592566818738,-24.31115994021,
    6.711917799181));
#9882 = CARTESIAN_POINT('',(-4.486652848288,-24.10026788596,
    6.771960923545));
#9883 = CARTESIAN_POINT('',(-4.380185399695,-23.88827376611,
    6.826658941639));
#9884 = PCURVE('',#2830,#9885);
#9885 = DEFINITIONAL_REPRESENTATION('',(#9886),#9892);
#9886 = B_SPLINE_CURVE_WITH_KNOTS('',4,(#9887,#9888,#9889,#9890,#9891),
  .UNSPECIFIED.,.F.,.F.,(5,5),(0.,1.),.PIECEWISE_BEZIER_KNOTS.);
#9887 = CARTESIAN_POINT('',(4.520575287213,1.265526114236));
#9888 = CARTESIAN_POINT('',(4.523074122184,1.28294612269));
#9889 = CARTESIAN_POINT('',(4.525649548923,1.300342782355));
#9890 = CARTESIAN_POINT('',(4.528304507264,1.317715348962));
#9891 = CARTESIAN_POINT('',(4.531042134321,1.33506325582));
#9892 = ( GEOMETRIC_REPRESENTATION_CONTEXT(2) 
PARAMETRIC_REPRESENTATION_CONTEXT() REPRESENTATION_CONTEXT('2D SPACE',''
  ) );
#9893 = PCURVE('',#9543,#9894);
#9894 = DEFINITIONAL_REPRESENTATION('',(#9895),#9901);
#9895 = B_SPLINE_CURVE_WITH_KNOTS('',4,(#9896,#9897,#9898,#9899,#9900),
  .UNSPECIFIED.,.F.,.F.,(5,5),(0.,1.),.PIECEWISE_BEZIER_KNOTS.);
#9896 = CARTESIAN_POINT('',(-7.839646421336E-02,-6.575861150127));
#9897 = CARTESIAN_POINT('',(0.154566399069,-6.646541740914));
#9898 = CARTESIAN_POINT('',(0.389139611271,-6.711917799181));
#9899 = CARTESIAN_POINT('',(0.625133737648,-6.771960923545));
#9900 = CARTESIAN_POINT('',(0.862361106347,-6.826658941639));
#9901 = ( GEOMETRIC_REPRESENTATION_CONTEXT(2) 
PARAMETRIC_REPRESENTATION_CONTEXT() REPRESENTATION_CONTEXT('2D SPACE',''
  ) );
#9902 = ORIENTED_EDGE('',*,*,#9903,.T.);
#9903 = EDGE_CURVE('',#9875,#2779,#9904,.T.);
#9904 = SURFACE_CURVE('',#9905,(#9916,#9930),.PCURVE_S1.);
#9905 = B_SPLINE_CURVE_WITH_KNOTS('',5,(#9906,#9907,#9908,#9909,#9910,
    #9911,#9912,#9913,#9914,#9915),.UNSPECIFIED.,.F.,.F.,(6,4,6),(0.,
    0.323177196202,1.),.UNSPECIFIED.);
#9906 = CARTESIAN_POINT('',(-4.415369668565,-23.95833140542,
    6.808351985059));
#9907 = CARTESIAN_POINT('',(-4.347268348258,-23.82273052788,
    6.844233903142));
#9908 = CARTESIAN_POINT('',(-4.276244961644,-23.68748162892,
    6.877991311088));
#9909 = CARTESIAN_POINT('',(-4.202299286357,-23.55274774718,
    6.909601465477));
#9910 = CARTESIAN_POINT('',(-4.125448009176,-23.41869354323,
    6.939057935854));
#9911 = CARTESIAN_POINT('',(-3.878762029799,-23.00651024197,
    7.023570918808));
#9912 = CARTESIAN_POINT('',(-3.699190391887,-22.73122380922,
    7.071373368055));
#9913 = CARTESIAN_POINT('',(-3.507348032022,-22.46119830917,
    7.109858873641));
#9914 = CARTESIAN_POINT('',(-3.303813699219,-22.19780810479,
    7.139495530163));
#9915 = CARTESIAN_POINT('',(-3.089361483543,-21.94223390632,
    7.161045598658));
#9916 = PCURVE('',#2830,#9917);
#9917 = DEFINITIONAL_REPRESENTATION('',(#9918),#9929);
#9918 = B_SPLINE_CURVE_WITH_KNOTS('',5,(#9919,#9920,#9921,#9922,#9923,
    #9924,#9925,#9926,#9927,#9928),.UNSPECIFIED.,.F.,.F.,(6,4,6),(0.,
    0.323177196202,1.),.UNSPECIFIED.);
#9919 = CARTESIAN_POINT('',(4.530140221997,1.329325564959));
#9920 = CARTESIAN_POINT('',(4.531880526949,1.340440477408));
#9921 = CARTESIAN_POINT('',(4.533767417767,1.351524309102));
#9922 = CARTESIAN_POINT('',(4.535806586886,1.362565990102));
#9923 = CARTESIAN_POINT('',(4.538003176262,1.373553795766));
#9924 = CARTESIAN_POINT('',(4.545301343154,1.407348107725));
#9925 = CARTESIAN_POINT('',(4.55095180792,1.429931982663));
#9926 = CARTESIAN_POINT('',(4.557353983008,1.452109416509));
#9927 = CARTESIAN_POINT('',(4.564537733035,1.473766250148));
#9928 = CARTESIAN_POINT('',(4.57251319835,1.494788207479));
#9929 = ( GEOMETRIC_REPRESENTATION_CONTEXT(2) 
PARAMETRIC_REPRESENTATION_CONTEXT() REPRESENTATION_CONTEXT('2D SPACE',''
  ) );
#9930 = PCURVE('',#2794,#9931);
#9931 = DEFINITIONAL_REPRESENTATION('',(#9932),#9943);
#9932 = B_SPLINE_CURVE_WITH_KNOTS('',5,(#9933,#9934,#9935,#9936,#9937,
    #9938,#9939,#9940,#9941,#9942),.UNSPECIFIED.,.F.,.F.,(6,4,6),(0.,
    0.323177196202,1.),.UNSPECIFIED.);
#9933 = CARTESIAN_POINT('',(0.,-6.808351985059));
#9934 = CARTESIAN_POINT('',(1.460050149272E-02,-6.844233903142));
#9935 = CARTESIAN_POINT('',(2.929691198284E-02,-6.877991311088));
#9936 = CARTESIAN_POINT('',(4.408174861107E-02,-6.909601465477));
#9937 = CARTESIAN_POINT('',(5.894706801865E-02,-6.939057935854));
#9938 = CARTESIAN_POINT('',(0.105167526963,-7.023570918808));
#9939 = CARTESIAN_POINT('',(0.136769081387,-7.071373368055));
#9940 = CARTESIAN_POINT('',(0.168606415532,-7.109858873641));
#9941 = CARTESIAN_POINT('',(0.200608918289,-7.139495530163));
#9942 = CARTESIAN_POINT('',(0.232710566933,-7.161045598658));
#9943 = ( GEOMETRIC_REPRESENTATION_CONTEXT(2) 
PARAMETRIC_REPRESENTATION_CONTEXT() REPRESENTATION_CONTEXT('2D SPACE',''
  ) );
#9944 = ORIENTED_EDGE('',*,*,#2806,.T.);
#9945 = ORIENTED_EDGE('',*,*,#9739,.F.);
#9946 = ORIENTED_EDGE('',*,*,#3815,.F.);
#9947 = ORIENTED_EDGE('',*,*,#9948,.F.);
#9948 = EDGE_CURVE('',#9949,#3816,#9951,.T.);
#9949 = VERTEX_POINT('',#9950);
#9950 = CARTESIAN_POINT('',(-8.155343402635,-22.95620846366,
    6.808351985059));
#9951 = SURFACE_CURVE('',#9952,(#9963,#9977),.PCURVE_S1.);
#9952 = B_SPLINE_CURVE_WITH_KNOTS('',5,(#9953,#9954,#9955,#9956,#9957,
    #9958,#9959,#9960,#9961,#9962),.UNSPECIFIED.,.F.,.F.,(6,4,6),(0.,
    0.323177196202,1.),.UNSPECIFIED.);
#9953 = CARTESIAN_POINT('',(-8.155343402635,-22.95620846366,
    6.808351985059));
#9954 = CARTESIAN_POINT('',(-8.146520437281,-22.80472399878,
    6.844233903142));
#9955 = CARTESIAN_POINT('',(-8.140404044874,-22.65208332314,
    6.877991311088));
#9956 = CARTESIAN_POINT('',(-8.1370759373,-22.49842752116,6.909601465477
    ));
#9957 = CARTESIAN_POINT('',(-8.136603993678,-22.34390753646,
    6.939057935854));
#9958 = CARTESIAN_POINT('',(-8.144148667947,-21.86360333687,
    7.023570918808));
#9959 = CARTESIAN_POINT('',(-8.162019051803,-21.53541247384,
    7.071373368055));
#9960 = CARTESIAN_POINT('',(-8.193146658945,-21.2056423512,
    7.109858873641));
#9961 = CARTESIAN_POINT('',(-8.237717459505,-20.87577257669,
    7.139495530163));
#9962 = CARTESIAN_POINT('',(-8.295651426942,-20.54721272043,
    7.161045598658));
#9963 = PCURVE('',#2830,#9964);
#9964 = DEFINITIONAL_REPRESENTATION('',(#9965),#9976);
#9965 = B_SPLINE_CURVE_WITH_KNOTS('',5,(#9966,#9967,#9968,#9969,#9970,
    #9971,#9972,#9973,#9974,#9975),.UNSPECIFIED.,.F.,.F.,(6,4,6),(0.,
    0.323177196202,1.),.UNSPECIFIED.);
#9966 = CARTESIAN_POINT('',(4.371038963174,1.329325564959));
#9967 = CARTESIAN_POINT('',(4.369298658222,1.340440477408));
#9968 = CARTESIAN_POINT('',(4.367411767404,1.351524309102));
#9969 = CARTESIAN_POINT('',(4.365372598285,1.362565990102));
#9970 = CARTESIAN_POINT('',(4.363176008909,1.373553795766));
#9971 = CARTESIAN_POINT('',(4.355877842017,1.407348107725));
#9972 = CARTESIAN_POINT('',(4.350227377251,1.429931982663));
#9973 = CARTESIAN_POINT('',(4.343825202164,1.452109416509));
#9974 = CARTESIAN_POINT('',(4.336641452136,1.473766250148));
#9975 = CARTESIAN_POINT('',(4.328665986821,1.494788207479));
#9976 = ( GEOMETRIC_REPRESENTATION_CONTEXT(2) 
PARAMETRIC_REPRESENTATION_CONTEXT() REPRESENTATION_CONTEXT('2D SPACE',''
  ) );
#9977 = PCURVE('',#3866,#9978);
#9978 = DEFINITIONAL_REPRESENTATION('',(#9979),#9990);
#9979 = B_SPLINE_CURVE_WITH_KNOTS('',5,(#9980,#9981,#9982,#9983,#9984,
    #9985,#9986,#9987,#9988,#9989),.UNSPECIFIED.,.F.,.F.,(6,4,6),(0.,
    0.323177196202,1.),.UNSPECIFIED.);
#9980 = CARTESIAN_POINT('',(0.232710566933,-6.808351985059));
#9981 = CARTESIAN_POINT('',(0.21811006544,-6.844233903142));
#9982 = CARTESIAN_POINT('',(0.20341365495,-6.877991311088));
#9983 = CARTESIAN_POINT('',(0.188628818322,-6.909601465477));
#9984 = CARTESIAN_POINT('',(0.173763498914,-6.939057935854));
#9985 = CARTESIAN_POINT('',(0.12754303997,-7.023570918808));
#9986 = CARTESIAN_POINT('',(9.594148554558E-02,-7.071373368055));
#9987 = CARTESIAN_POINT('',(6.410415140092E-02,-7.109858873641));
#9988 = CARTESIAN_POINT('',(3.210164864382E-02,-7.139495530163));
#9989 = CARTESIAN_POINT('',(0.,-7.161045598658));
#9990 = ( GEOMETRIC_REPRESENTATION_CONTEXT(2) 
PARAMETRIC_REPRESENTATION_CONTEXT() REPRESENTATION_CONTEXT('2D SPACE',''
  ) );
#9991 = ORIENTED_EDGE('',*,*,#9992,.F.);
#9992 = EDGE_CURVE('',#9770,#9949,#9993,.T.);
#9993 = SURFACE_CURVE('',#9994,(#10000,#10009),.PCURVE_S1.);
#9994 = B_SPLINE_CURVE_WITH_KNOTS('',4,(#9995,#9996,#9997,#9998,#9999),
  .UNSPECIFIED.,.F.,.F.,(5,5),(0.,1.),.PIECEWISE_BEZIER_KNOTS.);
#9995 = CARTESIAN_POINT('',(-8.205485241623,-23.8171105915,
    6.575861150127));
#9996 = CARTESIAN_POINT('',(-8.191939655795,-23.58454186451,
    6.646541740914));
#9997 = CARTESIAN_POINT('',(-8.178300436504,-23.35036551306,
    6.711917799181));
#9998 = CARTESIAN_POINT('',(-8.164578598402,-23.11477065139,
    6.771960923545));
#9999 = CARTESIAN_POINT('',(-8.150785053636,-22.87794463386,
    6.826658941639));
#10000 = PCURVE('',#2830,#10001);
#10001 = DEFINITIONAL_REPRESENTATION('',(#10002),#10008);
#10002 = B_SPLINE_CURVE_WITH_KNOTS('',4,(#10003,#10004,#10005,#10006,
    #10007),.UNSPECIFIED.,.F.,.F.,(5,5),(0.,1.),
  .PIECEWISE_BEZIER_KNOTS.);
#10003 = CARTESIAN_POINT('',(4.380603897959,1.265526114236));
#10004 = CARTESIAN_POINT('',(4.378105062987,1.28294612269));
#10005 = CARTESIAN_POINT('',(4.375529636248,1.300342782355));
#10006 = CARTESIAN_POINT('',(4.372874677907,1.317715348962));
#10007 = CARTESIAN_POINT('',(4.37013705085,1.33506325582));
#10008 = ( GEOMETRIC_REPRESENTATION_CONTEXT(2) 
PARAMETRIC_REPRESENTATION_CONTEXT() REPRESENTATION_CONTEXT('2D SPACE',''
  ) );
#10009 = PCURVE('',#9695,#10010);
#10010 = DEFINITIONAL_REPRESENTATION('',(#10011),#10017);
#10011 = B_SPLINE_CURVE_WITH_KNOTS('',4,(#10012,#10013,#10014,#10015,
    #10016),.UNSPECIFIED.,.F.,.F.,(5,5),(0.,1.),
  .PIECEWISE_BEZIER_KNOTS.);
#10012 = CARTESIAN_POINT('',(0.862361106347,-6.575861150127));
#10013 = CARTESIAN_POINT('',(0.629398243065,-6.646541740914));
#10014 = CARTESIAN_POINT('',(0.394825030862,-6.711917799181));
#10015 = CARTESIAN_POINT('',(0.158830904485,-6.771960923545));
#10016 = CARTESIAN_POINT('',(-7.839646421336E-02,-6.826658941639));
#10017 = ( GEOMETRIC_REPRESENTATION_CONTEXT(2) 
PARAMETRIC_REPRESENTATION_CONTEXT() REPRESENTATION_CONTEXT('2D SPACE',''
  ) );
#10018 = ADVANCED_FACE('',(#10019),#2794,.F.);
#10019 = FACE_BOUND('',#10020,.F.);
#10020 = EDGE_LOOP('',(#10021,#10022,#10043,#10044));
#10021 = ORIENTED_EDGE('',*,*,#9479,.T.);
#10022 = ORIENTED_EDGE('',*,*,#10023,.T.);
#10023 = EDGE_CURVE('',#9480,#9875,#10024,.T.);
#10024 = SURFACE_CURVE('',#10025,(#10029,#10036),.PCURVE_S1.);
#10025 = LINE('',#10026,#10027);
#10026 = CARTESIAN_POINT('',(-4.415369668565,-23.95833140542,0.));
#10027 = VECTOR('',#10028,1.);
#10028 = DIRECTION('',(0.,0.,1.));
#10029 = PCURVE('',#2794,#10030);
#10030 = DEFINITIONAL_REPRESENTATION('',(#10031),#10035);
#10031 = LINE('',#10032,#10033);
#10032 = CARTESIAN_POINT('',(0.,0.));
#10033 = VECTOR('',#10034,1.);
#10034 = DIRECTION('',(0.,-1.));
#10035 = ( GEOMETRIC_REPRESENTATION_CONTEXT(2) 
PARAMETRIC_REPRESENTATION_CONTEXT() REPRESENTATION_CONTEXT('2D SPACE',''
  ) );
#10036 = PCURVE('',#9543,#10037);
#10037 = DEFINITIONAL_REPRESENTATION('',(#10038),#10042);
#10038 = LINE('',#10039,#10040);
#10039 = CARTESIAN_POINT('',(0.783964642134,0.));
#10040 = VECTOR('',#10041,1.);
#10041 = DIRECTION('',(0.,-1.));
#10042 = ( GEOMETRIC_REPRESENTATION_CONTEXT(2) 
PARAMETRIC_REPRESENTATION_CONTEXT() REPRESENTATION_CONTEXT('2D SPACE',''
  ) );
#10043 = ORIENTED_EDGE('',*,*,#9903,.T.);
#10044 = ORIENTED_EDGE('',*,*,#2778,.F.);
#10045 = ADVANCED_FACE('',(#10046),#3418,.T.);
#10046 = FACE_BOUND('',#10047,.T.);
#10047 = EDGE_LOOP('',(#10048,#10092,#10093,#10094,#10095,#10139,#10173,
    #10216,#10250,#10293));
#10048 = ORIENTED_EDGE('',*,*,#10049,.F.);
#10049 = EDGE_CURVE('',#3367,#10050,#10052,.T.);
#10050 = VERTEX_POINT('',#10051);
#10051 = CARTESIAN_POINT('',(8.155343402635,22.956208463665,
    0.391648014941));
#10052 = SURFACE_CURVE('',#10053,(#10064,#10078),.PCURVE_S1.);
#10053 = B_SPLINE_CURVE_WITH_KNOTS('',5,(#10054,#10055,#10056,#10057,
    #10058,#10059,#10060,#10061,#10062,#10063),.UNSPECIFIED.,.F.,.F.,(6,
    4,6),(0.,0.678562721325,1.),.UNSPECIFIED.);
#10054 = CARTESIAN_POINT('',(8.295651426942,20.547212720432,
    3.895440134219E-02));
#10055 = CARTESIAN_POINT('',(8.237568537129,20.87661715746,
    6.055986544558E-02));
#10056 = CARTESIAN_POINT('',(8.192917568943,21.207338460768,
    9.02935570304E-02));
#10057 = CARTESIAN_POINT('',(8.161779263255,21.53795578034,
    0.128923633473));
#10058 = CARTESIAN_POINT('',(8.143965433508,21.86697793425,
    0.176920978785));
#10059 = CARTESIAN_POINT('',(8.136614650905,22.347235079839,
    0.261576802321));
#10060 = CARTESIAN_POINT('',(8.137129935661,22.500909251613,
    0.290909283118));
#10061 = CARTESIAN_POINT('',(8.14046998621,22.653726906931,
    0.322372247641));
#10062 = CARTESIAN_POINT('',(8.146567939238,22.80553957723,
    0.355959281399));
#10063 = CARTESIAN_POINT('',(8.155343402635,22.956208463665,
    0.391648014941));
#10064 = PCURVE('',#3418,#10065);
#10065 = DEFINITIONAL_REPRESENTATION('',(#10066),#10077);
#10066 = B_SPLINE_CURVE_WITH_KNOTS('',5,(#10067,#10068,#10069,#10070,
    #10071,#10072,#10073,#10074,#10075,#10076),.UNSPECIFIED.,.F.,.F.,(6,
    4,6),(0.,0.678562721325,1.),.UNSPECIFIED.);
#10067 = CARTESIAN_POINT('',(1.187073333231,4.7883970997));
#10068 = CARTESIAN_POINT('',(1.195069299908,4.809473095102));
#10069 = CARTESIAN_POINT('',(1.202269480559,4.831187248477));
#10070 = CARTESIAN_POINT('',(1.208684083584,4.85342437525));
#10071 = CARTESIAN_POINT('',(1.21434326038,4.876069436946));
#10072 = CARTESIAN_POINT('',(1.221630633367,4.909868150788));
#10073 = CARTESIAN_POINT('',(1.223812870442,4.920797661649));
#10074 = CARTESIAN_POINT('',(1.225839428436,4.931780347325));
#10075 = CARTESIAN_POINT('',(1.227715370518,4.942804674322));
#10076 = CARTESIAN_POINT('',(1.229446305844,4.953859745101));
#10077 = ( GEOMETRIC_REPRESENTATION_CONTEXT(2) 
PARAMETRIC_REPRESENTATION_CONTEXT() REPRESENTATION_CONTEXT('2D SPACE',''
  ) );
#10078 = PCURVE('',#3382,#10079);
#10079 = DEFINITIONAL_REPRESENTATION('',(#10080),#10091);
#10080 = B_SPLINE_CURVE_WITH_KNOTS('',5,(#10081,#10082,#10083,#10084,
    #10085,#10086,#10087,#10088,#10089,#10090),.UNSPECIFIED.,.F.,.F.,(6,
    4,6),(0.,0.678562721325,1.),.UNSPECIFIED.);
#10081 = CARTESIAN_POINT('',(0.,-3.895440134219E-02));
#10082 = CARTESIAN_POINT('',(3.218416765641E-02,-6.055986544557E-02));
#10083 = CARTESIAN_POINT('',(6.42686990637E-02,-9.02935570304E-02));
#10084 = CARTESIAN_POINT('',(9.618702333103E-02,-0.128923633473));
#10085 = CARTESIAN_POINT('',(0.127867977275,-0.176920978785));
#10086 = CARTESIAN_POINT('',(0.174083619971,-0.261576802321));
#10087 = CARTESIAN_POINT('',(0.188867612393,-0.290909283118));
#10088 = CARTESIAN_POINT('',(0.203571901269,-0.322372247641));
#10089 = CARTESIAN_POINT('',(0.218188673198,-0.355959281399));
#10090 = CARTESIAN_POINT('',(0.232710566933,-0.391648014941));
#10091 = ( GEOMETRIC_REPRESENTATION_CONTEXT(2) 
PARAMETRIC_REPRESENTATION_CONTEXT() REPRESENTATION_CONTEXT('2D SPACE',''
  ) );
#10092 = ORIENTED_EDGE('',*,*,#3394,.F.);
#10093 = ORIENTED_EDGE('',*,*,#3562,.T.);
#10094 = ORIENTED_EDGE('',*,*,#3961,.T.);
#10095 = ORIENTED_EDGE('',*,*,#10096,.T.);
#10096 = EDGE_CURVE('',#3962,#10097,#10099,.T.);
#10097 = VERTEX_POINT('',#10098);
#10098 = CARTESIAN_POINT('',(4.415369668564,23.958331405423,
    0.391648014941));
#10099 = SURFACE_CURVE('',#10100,(#10111,#10125),.PCURVE_S1.);
#10100 = B_SPLINE_CURVE_WITH_KNOTS('',5,(#10101,#10102,#10103,#10104,
    #10105,#10106,#10107,#10108,#10109,#10110),.UNSPECIFIED.,.F.,.F.,(6,
    4,6),(0.,0.678562721325,1.),.UNSPECIFIED.);
#10101 = CARTESIAN_POINT('',(3.089361483543,21.942233906328,
    3.895440134219E-02));
#10102 = CARTESIAN_POINT('',(3.304364960161,22.198465072007,
    6.055986544558E-02));
#10103 = CARTESIAN_POINT('',(3.508394484567,22.462552638151,
    9.02935570304E-02));
#10104 = CARTESIAN_POINT('',(3.70066970811,22.733306482988,
    0.128923633473));
#10105 = CARTESIAN_POINT('',(3.880608014165,23.009341111808,
    0.176920978785));
#10106 = CARTESIAN_POINT('',(4.127102551431,23.421580608936,
    0.261576802321));
#10107 = CARTESIAN_POINT('',(4.20349338763,23.554923987976,
    0.290909283118));
#10108 = CARTESIAN_POINT('',(4.277009646663,23.688937984902,
    0.322372247641));
#10109 = CARTESIAN_POINT('',(4.347634999579,23.823460590511,
    0.355959281399));
#10110 = CARTESIAN_POINT('',(4.415369668564,23.958331405423,
    0.391648014941));
#10111 = PCURVE('',#3418,#10112);
#10112 = DEFINITIONAL_REPRESENTATION('',(#10113),#10124);
#10113 = B_SPLINE_CURVE_WITH_KNOTS('',5,(#10114,#10115,#10116,#10117,
    #10118,#10119,#10120,#10121,#10122,#10123),.UNSPECIFIED.,.F.,.F.,(6,
    4,6),(0.,0.678562721325,1.),.UNSPECIFIED.);
#10114 = CARTESIAN_POINT('',(1.43092054476,4.7883970997));
#10115 = CARTESIAN_POINT('',(1.422924578083,4.809473095102));
#10116 = CARTESIAN_POINT('',(1.415724397432,4.831187248477));
#10117 = CARTESIAN_POINT('',(1.409309794408,4.85342437525));
#10118 = CARTESIAN_POINT('',(1.403650617612,4.876069436946));
#10119 = CARTESIAN_POINT('',(1.396363244625,4.909868150788));
#10120 = CARTESIAN_POINT('',(1.394181007549,4.920797661649));
#10121 = CARTESIAN_POINT('',(1.392154449555,4.931780347325));
#10122 = CARTESIAN_POINT('',(1.390278507474,4.942804674322));
#10123 = CARTESIAN_POINT('',(1.388547572148,4.953859745101));
#10124 = ( GEOMETRIC_REPRESENTATION_CONTEXT(2) 
PARAMETRIC_REPRESENTATION_CONTEXT() REPRESENTATION_CONTEXT('2D SPACE',''
  ) );
#10125 = PCURVE('',#4012,#10126);
#10126 = DEFINITIONAL_REPRESENTATION('',(#10127),#10138);
#10127 = B_SPLINE_CURVE_WITH_KNOTS('',5,(#10128,#10129,#10130,#10131,
    #10132,#10133,#10134,#10135,#10136,#10137),.UNSPECIFIED.,.F.,.F.,(6,
    4,6),(0.,0.678562721325,1.),.UNSPECIFIED.);
#10128 = CARTESIAN_POINT('',(0.232710566933,-3.895440134219E-02));
#10129 = CARTESIAN_POINT('',(0.200526399276,-6.055986544558E-02));
#10130 = CARTESIAN_POINT('',(0.168441867869,-9.02935570304E-02));
#10131 = CARTESIAN_POINT('',(0.136523543602,-0.128923633473));
#10132 = CARTESIAN_POINT('',(0.104842589657,-0.176920978785));
#10133 = CARTESIAN_POINT('',(5.86269469619E-02,-0.261576802321));
#10134 = CARTESIAN_POINT('',(4.38429545396E-02,-0.290909283118));
#10135 = CARTESIAN_POINT('',(2.913866566402E-02,-0.322372247641));
#10136 = CARTESIAN_POINT('',(1.452189373431E-02,-0.355959281399));
#10137 = CARTESIAN_POINT('',(0.,-0.391648014941));
#10138 = ( GEOMETRIC_REPRESENTATION_CONTEXT(2) 
PARAMETRIC_REPRESENTATION_CONTEXT() REPRESENTATION_CONTEXT('2D SPACE',''
  ) );
#10139 = ORIENTED_EDGE('',*,*,#10140,.T.);
#10140 = EDGE_CURVE('',#10097,#10141,#10143,.T.);
#10141 = VERTEX_POINT('',#10142);
#10142 = CARTESIAN_POINT('',(4.76721235726,24.658907798493,
    0.600598998088));
#10143 = SURFACE_CURVE('',#10144,(#10150,#10159),.PCURVE_S1.);
#10144 = B_SPLINE_CURVE_WITH_KNOTS('',4,(#10145,#10146,#10147,#10148,
    #10149),.UNSPECIFIED.,.F.,.F.,(5,5),(0.,1.),
  .PIECEWISE_BEZIER_KNOTS.);
#10145 = CARTESIAN_POINT('',(4.380185399695,23.888273766116,
    0.373341058361));
#10146 = CARTESIAN_POINT('',(4.486652848265,24.100267885917,
    0.428039076436));
#10147 = CARTESIAN_POINT('',(4.592566818765,24.311159940271,
    0.488082200825));
#10148 = CARTESIAN_POINT('',(4.697843084002,24.520782219049,
    0.553458259061));
#10149 = CARTESIAN_POINT('',(4.80239662613,24.7289654378,0.624138849873)
  );
#10150 = PCURVE('',#3418,#10151);
#10151 = DEFINITIONAL_REPRESENTATION('',(#10152),#10158);
#10152 = B_SPLINE_CURVE_WITH_KNOTS('',4,(#10153,#10154,#10155,#10156,
    #10157),.UNSPECIFIED.,.F.,.F.,(5,5),(0.,1.),
  .PIECEWISE_BEZIER_KNOTS.);
#10153 = CARTESIAN_POINT('',(1.389449480714,4.94812205133));
#10154 = CARTESIAN_POINT('',(1.386711853657,4.965469958185));
#10155 = CARTESIAN_POINT('',(1.384056895403,4.982842524983));
#10156 = CARTESIAN_POINT('',(1.381481468557,5.000239184384));
#10157 = CARTESIAN_POINT('',(1.378982633584,5.017659192849));
#10158 = ( GEOMETRIC_REPRESENTATION_CONTEXT(2) 
PARAMETRIC_REPRESENTATION_CONTEXT() REPRESENTATION_CONTEXT('2D SPACE',''
  ) );
#10159 = PCURVE('',#10160,#10165);
#10160 = PLANE('',#10161);
#10161 = AXIS2_PLACEMENT_3D('',#10162,#10163,#10164);
#10162 = CARTESIAN_POINT('',(4.76721235726,24.658907798493,0.));
#10163 = DIRECTION('',(0.893632640323,-0.4487991802,0.));
#10164 = DIRECTION('',(-0.4487991802,-0.893632640323,0.));
#10165 = DEFINITIONAL_REPRESENTATION('',(#10166),#10172);
#10166 = B_SPLINE_CURVE_WITH_KNOTS('',4,(#10167,#10168,#10169,#10170,
    #10171),.UNSPECIFIED.,.F.,.F.,(5,5),(0.,1.),
  .PIECEWISE_BEZIER_KNOTS.);
#10167 = CARTESIAN_POINT('',(0.862361106347,-0.373341058361));
#10168 = CARTESIAN_POINT('',(0.6251337377,-0.428039076436));
#10169 = CARTESIAN_POINT('',(0.389139611212,-0.488082200825));
#10170 = CARTESIAN_POINT('',(0.154566399224,-0.553458259061));
#10171 = CARTESIAN_POINT('',(-7.839646421336E-02,-0.624138849873));
#10172 = ( GEOMETRIC_REPRESENTATION_CONTEXT(2) 
PARAMETRIC_REPRESENTATION_CONTEXT() REPRESENTATION_CONTEXT('2D SPACE',''
  ) );
#10173 = ORIENTED_EDGE('',*,*,#10174,.T.);
#10174 = EDGE_CURVE('',#10141,#10175,#10177,.T.);
#10175 = VERTEX_POINT('',#10176);
#10176 = CARTESIAN_POINT('',(6.409343918505,26.751432255357,1.6));
#10177 = SURFACE_CURVE('',#10178,(#10187,#10199),.PCURVE_S1.);
#10178 = B_SPLINE_CURVE_WITH_KNOTS('',7,(#10179,#10180,#10181,#10182,
    #10183,#10184,#10185,#10186),.UNSPECIFIED.,.F.,.F.,(8,8),(0.,1.),
  .PIECEWISE_BEZIER_KNOTS.);
#10179 = CARTESIAN_POINT('',(4.76721235726,24.658907798493,
    0.600598998088));
#10180 = CARTESIAN_POINT('',(4.946194408636,25.015290363786,
    0.719099553285));
#10181 = CARTESIAN_POINT('',(5.147124369574,25.353628523559,
    0.848182674858));
#10182 = CARTESIAN_POINT('',(5.367723204823,25.672882539649,
    0.986310340719));
#10183 = CARTESIAN_POINT('',(5.605886792924,25.97247822647,
    1.131937080568));
#10184 = CARTESIAN_POINT('',(5.859792137508,26.252132726348,1.2836146553
    ));
#10185 = CARTESIAN_POINT('',(6.127949847894,26.511779510233,
    1.440024629007));
#10186 = CARTESIAN_POINT('',(6.409343918505,26.751432255357,1.6));
#10187 = PCURVE('',#3418,#10188);
#10188 = DEFINITIONAL_REPRESENTATION('',(#10189),#10198);
#10189 = B_SPLINE_CURVE_WITH_KNOTS('',7,(#10190,#10191,#10192,#10193,
    #10194,#10195,#10196,#10197),.UNSPECIFIED.,.F.,.F.,(8,8),(0.,1.),
  .PIECEWISE_BEZIER_KNOTS.);
#10190 = CARTESIAN_POINT('',(1.379826063178,5.011803082344));
#10191 = CARTESIAN_POINT('',(1.375522635832,5.041562392828));
#10192 = CARTESIAN_POINT('',(1.370378318475,5.070632248963));
#10193 = CARTESIAN_POINT('',(1.364518851834,5.098948728532));
#10194 = CARTESIAN_POINT('',(1.358046148873,5.126477188547));
#10195 = CARTESIAN_POINT('',(1.351039395566,5.153198073043));
#10196 = CARTESIAN_POINT('',(1.343558145107,5.179104389785));
#10197 = CARTESIAN_POINT('',(1.335640174235,5.204198588418));
#10198 = ( GEOMETRIC_REPRESENTATION_CONTEXT(2) 
PARAMETRIC_REPRESENTATION_CONTEXT() REPRESENTATION_CONTEXT('2D SPACE',''
  ) );
#10199 = PCURVE('',#10200,#10205);
#10200 = CYLINDRICAL_SURFACE('',#10201,6.695751497138);
#10201 = AXIS2_PLACEMENT_3D('',#10202,#10203,#10204);
#10202 = CARTESIAN_POINT('',(10.750754446597,21.653860015751,0.));
#10203 = DIRECTION('',(-0.,-0.,-1.));
#10204 = DIRECTION('',(-0.648382863365,0.761314430768,0.));
#10205 = DEFINITIONAL_REPRESENTATION('',(#10206),#10215);
#10206 = B_SPLINE_CURVE_WITH_KNOTS('',7,(#10207,#10208,#10209,#10210,
    #10211,#10212,#10213,#10214),.UNSPECIFIED.,.F.,.F.,(8,8),(0.,1.),
  .PIECEWISE_BEZIER_KNOTS.);
#10207 = CARTESIAN_POINT('',(-0.399916820262,-0.600598998088));
#10208 = CARTESIAN_POINT('',(-0.34035635257,-0.719099553285));
#10209 = CARTESIAN_POINT('',(-0.281733038893,-0.848182674858));
#10210 = CARTESIAN_POINT('',(-0.223993204871,-0.986310340719));
#10211 = CARTESIAN_POINT('',(-0.167058643527,-1.131937080568));
#10212 = CARTESIAN_POINT('',(-0.110834318449,-1.2836146553));
#10213 = CARTESIAN_POINT('',(-5.520158565367E-02,-1.440024629007));
#10214 = CARTESIAN_POINT('',(1.7763568394E-15,-1.6));
#10215 = ( GEOMETRIC_REPRESENTATION_CONTEXT(2) 
PARAMETRIC_REPRESENTATION_CONTEXT() REPRESENTATION_CONTEXT('2D SPACE',''
  ) );
#10216 = ORIENTED_EDGE('',*,*,#10217,.T.);
#10217 = EDGE_CURVE('',#10175,#10218,#10220,.T.);
#10218 = VERTEX_POINT('',#10219);
#10219 = CARTESIAN_POINT('',(7.825061472663,26.37209188001,1.6));
#10220 = SURFACE_CURVE('',#10221,(#10227,#10236),.PCURVE_S1.);
#10221 = B_SPLINE_CURVE_WITH_KNOTS('',4,(#10222,#10223,#10224,#10225,
    #10226),.UNSPECIFIED.,.F.,.F.,(5,5),(0.,1.),
  .PIECEWISE_BEZIER_KNOTS.);
#10222 = CARTESIAN_POINT('',(6.409343918505,26.751432255357,1.6));
#10223 = CARTESIAN_POINT('',(6.763248961987,26.656603684758,
    1.594771077215));
#10224 = CARTESIAN_POINT('',(7.117202843966,26.561762027924,
    1.593038407659));
#10225 = CARTESIAN_POINT('',(7.471156432697,26.466920449666,
    1.594771077267));
#10226 = CARTESIAN_POINT('',(7.825061472662,26.37209188001,1.6));
#10227 = PCURVE('',#3418,#10228);
#10228 = DEFINITIONAL_REPRESENTATION('',(#10229),#10235);
#10229 = B_SPLINE_CURVE_WITH_KNOTS('',4,(#10230,#10231,#10232,#10233,
    #10234),.UNSPECIFIED.,.F.,.F.,(5,5),(0.,1.),
  .PIECEWISE_BEZIER_KNOTS.);
#10230 = CARTESIAN_POINT('',(1.335640174235,5.204198588418));
#10231 = CARTESIAN_POINT('',(1.322325775955,5.203378364491));
#10232 = CARTESIAN_POINT('',(1.308996932955,5.203104898197));
#10233 = CARTESIAN_POINT('',(1.295668101904,5.203378364499));
#10234 = CARTESIAN_POINT('',(1.282353703756,5.204198588418));
#10235 = ( GEOMETRIC_REPRESENTATION_CONTEXT(2) 
PARAMETRIC_REPRESENTATION_CONTEXT() REPRESENTATION_CONTEXT('2D SPACE',''
  ) );
#10236 = PCURVE('',#10237,#10242);
#10237 = PLANE('',#10238);
#10238 = AXIS2_PLACEMENT_3D('',#10239,#10240,#10241);
#10239 = CARTESIAN_POINT('',(7.825061472662,26.37209188001,0.));
#10240 = DIRECTION('',(-0.258819045103,-0.965925826289,0.));
#10241 = DIRECTION('',(-0.965925826289,0.258819045103,0.));
#10242 = DEFINITIONAL_REPRESENTATION('',(#10243),#10249);
#10243 = B_SPLINE_CURVE_WITH_KNOTS('',4,(#10244,#10245,#10246,#10247,
    #10248),.UNSPECIFIED.,.F.,.F.,(5,5),(0.,1.),
  .PIECEWISE_BEZIER_KNOTS.);
#10244 = CARTESIAN_POINT('',(1.465658662007,-1.6));
#10245 = CARTESIAN_POINT('',(1.099269200363,-1.594771077215));
#10246 = CARTESIAN_POINT('',(0.732829177387,-1.593038407659));
#10247 = CARTESIAN_POINT('',(0.366389458003,-1.594771077267));
#10248 = CARTESIAN_POINT('',(2.549072064539E-13,-1.6));
#10249 = ( GEOMETRIC_REPRESENTATION_CONTEXT(2) 
PARAMETRIC_REPRESENTATION_CONTEXT() REPRESENTATION_CONTEXT('2D SPACE',''
  ) );
#10250 = ORIENTED_EDGE('',*,*,#10251,.F.);
#10251 = EDGE_CURVE('',#10252,#10218,#10254,.T.);
#10252 = VERTEX_POINT('',#10253);
#10253 = CARTESIAN_POINT('',(8.200926892624,23.738846761703,
    0.600598998088));
#10254 = SURFACE_CURVE('',#10255,(#10264,#10276),.PCURVE_S1.);
#10255 = B_SPLINE_CURVE_WITH_KNOTS('',7,(#10256,#10257,#10258,#10259,
    #10260,#10261,#10262,#10263),.UNSPECIFIED.,.F.,.F.,(8,8),(0.,1.),
  .PIECEWISE_BEZIER_KNOTS.);
#10256 = CARTESIAN_POINT('',(8.200926892624,23.738846761703,
    0.600598998088));
#10257 = CARTESIAN_POINT('',(8.224115171958,24.136974142401,
    0.719099553285));
#10258 = CARTESIAN_POINT('',(8.219273801291,24.530448564302,
    0.848182674858));
#10259 = CARTESIAN_POINT('',(8.187856613965,24.917230070122,
    0.986310340719));
#10260 = CARTESIAN_POINT('',(8.131398739824,25.295769339822,
    1.131937080568));
#10261 = CARTESIAN_POINT('',(8.051337511195,25.664909913293,1.2836146553
    ));
#10262 = CARTESIAN_POINT('',(7.948929513723,26.02384947934,
    1.440024629007));
#10263 = CARTESIAN_POINT('',(7.825061472662,26.37209188001,1.6));
#10264 = PCURVE('',#3418,#10265);
#10265 = DEFINITIONAL_REPRESENTATION('',(#10266),#10275);
#10266 = B_SPLINE_CURVE_WITH_KNOTS('',7,(#10267,#10268,#10269,#10270,
    #10271,#10272,#10273,#10274),.UNSPECIFIED.,.F.,.F.,(8,8),(0.,1.),
  .PIECEWISE_BEZIER_KNOTS.);
#10267 = CARTESIAN_POINT('',(1.238167814813,5.011803082344));
#10268 = CARTESIAN_POINT('',(1.24247124216,5.041562392828));
#10269 = CARTESIAN_POINT('',(1.247615559517,5.070632248963));
#10270 = CARTESIAN_POINT('',(1.253475026158,5.098948728532));
#10271 = CARTESIAN_POINT('',(1.259947729119,5.126477188547));
#10272 = CARTESIAN_POINT('',(1.266954482425,5.153198073043));
#10273 = CARTESIAN_POINT('',(1.274435732885,5.179104389785));
#10274 = CARTESIAN_POINT('',(1.282353703756,5.204198588418));
#10275 = ( GEOMETRIC_REPRESENTATION_CONTEXT(2) 
PARAMETRIC_REPRESENTATION_CONTEXT() REPRESENTATION_CONTEXT('2D SPACE',''
  ) );
#10276 = PCURVE('',#10277,#10282);
#10277 = CYLINDRICAL_SURFACE('',#10278,6.695751497138);
#10278 = AXIS2_PLACEMENT_3D('',#10279,#10280,#10281);
#10279 = CARTESIAN_POINT('',(1.516503547274,24.128170086931,0.));
#10280 = DIRECTION('',(-0.,-0.,-1.));
#10281 = DIRECTION('',(0.998308158271,-5.814482891048E-02,0.));
#10282 = DEFINITIONAL_REPRESENTATION('',(#10283),#10292);
#10283 = B_SPLINE_CURVE_WITH_KNOTS('',7,(#10284,#10285,#10286,#10287,
    #10288,#10289,#10290,#10291),.UNSPECIFIED.,.F.,.F.,(8,8),(0.,1.),
  .PIECEWISE_BEZIER_KNOTS.);
#10284 = CARTESIAN_POINT('',(0.,-0.600598998088));
#10285 = CARTESIAN_POINT('',(-5.956046769162E-02,-0.719099553285));
#10286 = CARTESIAN_POINT('',(-0.118183781368,-0.848182674858));
#10287 = CARTESIAN_POINT('',(-0.175923615391,-0.986310340719));
#10288 = CARTESIAN_POINT('',(-0.232858176735,-1.131937080568));
#10289 = CARTESIAN_POINT('',(-0.289082501812,-1.2836146553));
#10290 = CARTESIAN_POINT('',(-0.344715234608,-1.440024629007));
#10291 = CARTESIAN_POINT('',(-0.399916820262,-1.6));
#10292 = ( GEOMETRIC_REPRESENTATION_CONTEXT(2) 
PARAMETRIC_REPRESENTATION_CONTEXT() REPRESENTATION_CONTEXT('2D SPACE',''
  ) );
#10293 = ORIENTED_EDGE('',*,*,#10294,.F.);
#10294 = EDGE_CURVE('',#10050,#10252,#10295,.T.);
#10295 = SURFACE_CURVE('',#10296,(#10302,#10311),.PCURVE_S1.);
#10296 = B_SPLINE_CURVE_WITH_KNOTS('',4,(#10297,#10298,#10299,#10300,
    #10301),.UNSPECIFIED.,.F.,.F.,(5,5),(0.,1.),
  .PIECEWISE_BEZIER_KNOTS.);
#10297 = CARTESIAN_POINT('',(8.150785053636,22.877944633861,
    0.373341058361));
#10298 = CARTESIAN_POINT('',(8.164578598399,23.114770651346,
    0.428039076436));
#10299 = CARTESIAN_POINT('',(8.178300436508,23.350365513124,
    0.488082200825));
#10300 = CARTESIAN_POINT('',(8.191939655786,23.584541864363,
    0.553458259061));
#10301 = CARTESIAN_POINT('',(8.205485241623,23.817110591507,
    0.624138849873));
#10302 = PCURVE('',#3418,#10303);
#10303 = DEFINITIONAL_REPRESENTATION('',(#10304),#10310);
#10304 = B_SPLINE_CURVE_WITH_KNOTS('',4,(#10305,#10306,#10307,#10308,
    #10309),.UNSPECIFIED.,.F.,.F.,(5,5),(0.,1.),
  .PIECEWISE_BEZIER_KNOTS.);
#10305 = CARTESIAN_POINT('',(1.228544397278,4.94812205133));
#10306 = CARTESIAN_POINT('',(1.231282024334,4.965469958185));
#10307 = CARTESIAN_POINT('',(1.233936982588,4.982842524983));
#10308 = CARTESIAN_POINT('',(1.236512409435,5.000239184384));
#10309 = CARTESIAN_POINT('',(1.239011244408,5.017659192849));
#10310 = ( GEOMETRIC_REPRESENTATION_CONTEXT(2) 
PARAMETRIC_REPRESENTATION_CONTEXT() REPRESENTATION_CONTEXT('2D SPACE',''
  ) );
#10311 = PCURVE('',#10312,#10317);
#10312 = PLANE('',#10313);
#10313 = AXIS2_PLACEMENT_3D('',#10314,#10315,#10316);
#10314 = CARTESIAN_POINT('',(8.155343402635,22.956208463665,0.));
#10315 = DIRECTION('',(-0.998308158271,5.814482891048E-02,0.));
#10316 = DIRECTION('',(5.814482891048E-02,0.998308158271,0.));
#10317 = DEFINITIONAL_REPRESENTATION('',(#10318),#10324);
#10318 = B_SPLINE_CURVE_WITH_KNOTS('',4,(#10319,#10320,#10321,#10322,
    #10323),.UNSPECIFIED.,.F.,.F.,(5,5),(0.,1.),
  .PIECEWISE_BEZIER_KNOTS.);
#10319 = CARTESIAN_POINT('',(-7.839646421336E-02,-0.373341058361));
#10320 = CARTESIAN_POINT('',(0.158830904433,-0.428039076436));
#10321 = CARTESIAN_POINT('',(0.394825030922,-0.488082200825));
#10322 = CARTESIAN_POINT('',(0.62939824291,-0.553458259061));
#10323 = CARTESIAN_POINT('',(0.862361106347,-0.624138849873));
#10324 = ( GEOMETRIC_REPRESENTATION_CONTEXT(2) 
PARAMETRIC_REPRESENTATION_CONTEXT() REPRESENTATION_CONTEXT('2D SPACE',''
  ) );
#10325 = ADVANCED_FACE('',(#10326),#3382,.F.);
#10326 = FACE_BOUND('',#10327,.F.);
#10327 = EDGE_LOOP('',(#10328,#10329,#10330,#10374));
#10328 = ORIENTED_EDGE('',*,*,#10049,.F.);
#10329 = ORIENTED_EDGE('',*,*,#3366,.T.);
#10330 = ORIENTED_EDGE('',*,*,#10331,.F.);
#10331 = EDGE_CURVE('',#10332,#3327,#10334,.T.);
#10332 = VERTEX_POINT('',#10333);
#10333 = CARTESIAN_POINT('',(8.155343402635,22.956208463665,
    6.808351985059));
#10334 = SURFACE_CURVE('',#10335,(#10346,#10360),.PCURVE_S1.);
#10335 = B_SPLINE_CURVE_WITH_KNOTS('',5,(#10336,#10337,#10338,#10339,
    #10340,#10341,#10342,#10343,#10344,#10345),.UNSPECIFIED.,.F.,.F.,(6,
    4,6),(0.,0.323177195934,1.),.UNSPECIFIED.);
#10336 = CARTESIAN_POINT('',(8.155343402635,22.956208463665,
    6.808351985059));
#10337 = CARTESIAN_POINT('',(8.146520437289,22.804723998911,
    6.844233903112));
#10338 = CARTESIAN_POINT('',(8.140404044884,22.652083323401,
    6.877991311032));
#10339 = CARTESIAN_POINT('',(8.137075937308,22.498427521546,
    6.909601465399));
#10340 = CARTESIAN_POINT('',(8.136603993679,22.343907536981,
    6.939057935756));
#10341 = CARTESIAN_POINT('',(8.144148667919,21.863603337394,
    7.023570918732));
#10342 = CARTESIAN_POINT('',(8.162019051766,21.535412474233,
    7.07137336801));
#10343 = CARTESIAN_POINT('',(8.19314665891,21.20564235146,7.109858873618
    ));
#10344 = CARTESIAN_POINT('',(8.237717459482,20.875772576827,
    7.139495530155));
#10345 = CARTESIAN_POINT('',(8.295651426942,20.547212720432,
    7.161045598658));
#10346 = PCURVE('',#3382,#10347);
#10347 = DEFINITIONAL_REPRESENTATION('',(#10348),#10359);
#10348 = B_SPLINE_CURVE_WITH_KNOTS('',5,(#10349,#10350,#10351,#10352,
    #10353,#10354,#10355,#10356,#10357,#10358),.UNSPECIFIED.,.F.,.F.,(6,
    4,6),(0.,0.323177195934,1.),.UNSPECIFIED.);
#10349 = CARTESIAN_POINT('',(0.232710566933,-6.808351985059));
#10350 = CARTESIAN_POINT('',(0.218110065452,-6.844233903112));
#10351 = CARTESIAN_POINT('',(0.203413654974,-6.877991311032));
#10352 = CARTESIAN_POINT('',(0.188628818358,-6.909601465399));
#10353 = CARTESIAN_POINT('',(0.173763498963,-6.939057935756));
#10354 = CARTESIAN_POINT('',(0.12754304002,-7.023570918732));
#10355 = CARTESIAN_POINT('',(9.594148558331E-02,-7.07137336801));
#10356 = CARTESIAN_POINT('',(6.41041514262E-02,-7.109858873618));
#10357 = CARTESIAN_POINT('',(3.210164865649E-02,-7.139495530155));
#10358 = CARTESIAN_POINT('',(0.,-7.161045598658));
#10359 = ( GEOMETRIC_REPRESENTATION_CONTEXT(2) 
PARAMETRIC_REPRESENTATION_CONTEXT() REPRESENTATION_CONTEXT('2D SPACE',''
  ) );
#10360 = PCURVE('',#3350,#10361);
#10361 = DEFINITIONAL_REPRESENTATION('',(#10362),#10373);
#10362 = B_SPLINE_CURVE_WITH_KNOTS('',5,(#10363,#10364,#10365,#10366,
    #10367,#10368,#10369,#10370,#10371,#10372),.UNSPECIFIED.,.F.,.F.,(6,
    4,6),(0.,0.323177195934,1.),.UNSPECIFIED.);
#10363 = CARTESIAN_POINT('',(1.229446309584,1.329325564959));
#10364 = CARTESIAN_POINT('',(1.227706004634,1.340440477398));
#10365 = CARTESIAN_POINT('',(1.225819113818,1.351524309084));
#10366 = CARTESIAN_POINT('',(1.223779944701,1.362565990075));
#10367 = CARTESIAN_POINT('',(1.221583355326,1.37355379573));
#10368 = CARTESIAN_POINT('',(1.214285188436,1.407348107689));
#10369 = CARTESIAN_POINT('',(1.208634723669,1.429931982637));
#10370 = CARTESIAN_POINT('',(1.202232548579,1.452109416492));
#10371 = CARTESIAN_POINT('',(1.195048798549,1.47376625014));
#10372 = CARTESIAN_POINT('',(1.187073333231,1.494788207479));
#10373 = ( GEOMETRIC_REPRESENTATION_CONTEXT(2) 
PARAMETRIC_REPRESENTATION_CONTEXT() REPRESENTATION_CONTEXT('2D SPACE',''
  ) );
#10374 = ORIENTED_EDGE('',*,*,#10375,.F.);
#10375 = EDGE_CURVE('',#10050,#10332,#10376,.T.);
#10376 = SURFACE_CURVE('',#10377,(#10381,#10388),.PCURVE_S1.);
#10377 = LINE('',#10378,#10379);
#10378 = CARTESIAN_POINT('',(8.155343402635,22.956208463665,0.));
#10379 = VECTOR('',#10380,1.);
#10380 = DIRECTION('',(0.,0.,1.));
#10381 = PCURVE('',#3382,#10382);
#10382 = DEFINITIONAL_REPRESENTATION('',(#10383),#10387);
#10383 = LINE('',#10384,#10385);
#10384 = CARTESIAN_POINT('',(0.232710566933,0.));
#10385 = VECTOR('',#10386,1.);
#10386 = DIRECTION('',(0.,-1.));
#10387 = ( GEOMETRIC_REPRESENTATION_CONTEXT(2) 
PARAMETRIC_REPRESENTATION_CONTEXT() REPRESENTATION_CONTEXT('2D SPACE',''
  ) );
#10388 = PCURVE('',#10312,#10389);
#10389 = DEFINITIONAL_REPRESENTATION('',(#10390),#10394);
#10390 = LINE('',#10391,#10392);
#10391 = CARTESIAN_POINT('',(0.,0.));
#10392 = VECTOR('',#10393,1.);
#10393 = DIRECTION('',(0.,-1.));
#10394 = ( GEOMETRIC_REPRESENTATION_CONTEXT(2) 
PARAMETRIC_REPRESENTATION_CONTEXT() REPRESENTATION_CONTEXT('2D SPACE',''
  ) );
#10395 = ADVANCED_FACE('',(#10396),#3350,.T.);
#10396 = FACE_BOUND('',#10397,.T.);
#10397 = EDGE_LOOP('',(#10398,#10438,#10467,#10505,#10534,#10576,#10577,
    #10599,#10600,#10601));
#10398 = ORIENTED_EDGE('',*,*,#10399,.F.);
#10399 = EDGE_CURVE('',#10400,#10402,#10404,.T.);
#10400 = VERTEX_POINT('',#10401);
#10401 = CARTESIAN_POINT('',(7.825061472663,26.37209188001,5.6));
#10402 = VERTEX_POINT('',#10403);
#10403 = CARTESIAN_POINT('',(8.200926892624,23.738846761703,
    6.599401001912));
#10404 = SURFACE_CURVE('',#10405,(#10414,#10426),.PCURVE_S1.);
#10405 = B_SPLINE_CURVE_WITH_KNOTS('',7,(#10406,#10407,#10408,#10409,
    #10410,#10411,#10412,#10413),.UNSPECIFIED.,.F.,.F.,(8,8),(0.,1.),
  .PIECEWISE_BEZIER_KNOTS.);
#10406 = CARTESIAN_POINT('',(7.825061472662,26.37209188001,5.6));
#10407 = CARTESIAN_POINT('',(7.948929513755,26.023849479249,
    5.759975371035));
#10408 = CARTESIAN_POINT('',(8.051337511124,25.664909913457,
    5.916385344619));
#10409 = CARTESIAN_POINT('',(8.131398739769,25.295769340125,
    6.068062919311));
#10410 = CARTESIAN_POINT('',(8.187856613985,24.917230070268,
    6.213689659241));
#10411 = CARTESIAN_POINT('',(8.219273801334,24.530448564115,
    6.351817325222));
#10412 = CARTESIAN_POINT('',(8.224115171935,24.13697414201,
    6.480900446831));
#10413 = CARTESIAN_POINT('',(8.200926892624,23.738846761703,
    6.599401001912));
#10414 = PCURVE('',#3350,#10415);
#10415 = DEFINITIONAL_REPRESENTATION('',(#10416),#10425);
#10416 = B_SPLINE_CURVE_WITH_KNOTS('',7,(#10417,#10418,#10419,#10420,
    #10421,#10422,#10423,#10424),.UNSPECIFIED.,.F.,.F.,(8,8),(0.,1.),
  .PIECEWISE_BEZIER_KNOTS.);
#10417 = CARTESIAN_POINT('',(1.282353703756,1.078986718762));
#10418 = CARTESIAN_POINT('',(1.274435732883,1.104080917401));
#10419 = CARTESIAN_POINT('',(1.26695448243,1.129987234125));
#10420 = CARTESIAN_POINT('',(1.259947729124,1.156708118611));
#10421 = CARTESIAN_POINT('',(1.253475026159,1.184236578637));
#10422 = CARTESIAN_POINT('',(1.247615559513,1.21255305823));
#10423 = CARTESIAN_POINT('',(1.242471242155,1.241622914381));
#10424 = CARTESIAN_POINT('',(1.238167814813,1.271382224835));
#10425 = ( GEOMETRIC_REPRESENTATION_CONTEXT(2) 
PARAMETRIC_REPRESENTATION_CONTEXT() REPRESENTATION_CONTEXT('2D SPACE',''
  ) );
#10426 = PCURVE('',#10277,#10427);
#10427 = DEFINITIONAL_REPRESENTATION('',(#10428),#10437);
#10428 = B_SPLINE_CURVE_WITH_KNOTS('',7,(#10429,#10430,#10431,#10432,
    #10433,#10434,#10435,#10436),.UNSPECIFIED.,.F.,.F.,(8,8),(0.,1.),
  .PIECEWISE_BEZIER_KNOTS.);
#10429 = CARTESIAN_POINT('',(-0.399916820262,-5.6));
#10430 = CARTESIAN_POINT('',(-0.344715234593,-5.759975371035));
#10431 = CARTESIAN_POINT('',(-0.289082501839,-5.916385344619));
#10432 = CARTESIAN_POINT('',(-0.23285817678,-6.068062919311));
#10433 = CARTESIAN_POINT('',(-0.175923615412,-6.21368965924));
#10434 = CARTESIAN_POINT('',(-0.118183781341,-6.351817325222));
#10435 = CARTESIAN_POINT('',(-5.956046763307E-02,-6.480900446831));
#10436 = CARTESIAN_POINT('',(0.,-6.599401001912));
#10437 = ( GEOMETRIC_REPRESENTATION_CONTEXT(2) 
PARAMETRIC_REPRESENTATION_CONTEXT() REPRESENTATION_CONTEXT('2D SPACE',''
  ) );
#10438 = ORIENTED_EDGE('',*,*,#10439,.T.);
#10439 = EDGE_CURVE('',#10400,#10440,#10442,.T.);
#10440 = VERTEX_POINT('',#10441);
#10441 = CARTESIAN_POINT('',(6.409343918505,26.751432255357,5.6));
#10442 = SURFACE_CURVE('',#10443,(#10449,#10458),.PCURVE_S1.);
#10443 = B_SPLINE_CURVE_WITH_KNOTS('',4,(#10444,#10445,#10446,#10447,
    #10448),.UNSPECIFIED.,.F.,.F.,(5,5),(0.,1.),
  .PIECEWISE_BEZIER_KNOTS.);
#10444 = CARTESIAN_POINT('',(7.825061472661,26.37209188001,5.6));
#10445 = CARTESIAN_POINT('',(7.471156429179,26.466920450608,
    5.605228922785));
#10446 = CARTESIAN_POINT('',(7.117202547201,26.561762107442,
    5.606961592341));
#10447 = CARTESIAN_POINT('',(6.76324895847,26.656603685701,
    5.605228922733));
#10448 = CARTESIAN_POINT('',(6.409343918505,26.751432255357,5.6));
#10449 = PCURVE('',#3350,#10450);
#10450 = DEFINITIONAL_REPRESENTATION('',(#10451),#10457);
#10451 = B_SPLINE_CURVE_WITH_KNOTS('',4,(#10452,#10453,#10454,#10455,
    #10456),.UNSPECIFIED.,.F.,.F.,(5,5),(0.,1.),
  .PIECEWISE_BEZIER_KNOTS.);
#10452 = CARTESIAN_POINT('',(1.282353703756,1.078986718762));
#10453 = CARTESIAN_POINT('',(1.295668102036,1.079806942689));
#10454 = CARTESIAN_POINT('',(1.308996945037,1.080080408983));
#10455 = CARTESIAN_POINT('',(1.322325776087,1.079806942681));
#10456 = CARTESIAN_POINT('',(1.335640174235,1.078986718762));
#10457 = ( GEOMETRIC_REPRESENTATION_CONTEXT(2) 
PARAMETRIC_REPRESENTATION_CONTEXT() REPRESENTATION_CONTEXT('2D SPACE',''
  ) );
#10458 = PCURVE('',#10237,#10459);
#10459 = DEFINITIONAL_REPRESENTATION('',(#10460),#10466);
#10460 = B_SPLINE_CURVE_WITH_KNOTS('',4,(#10461,#10462,#10463,#10464,
    #10465),.UNSPECIFIED.,.F.,.F.,(5,5),(0.,1.),
  .PIECEWISE_BEZIER_KNOTS.);
#10461 = CARTESIAN_POINT('',(4.876099524154E-13,-5.6));
#10462 = CARTESIAN_POINT('',(0.366389461645,-5.605228922785));
#10463 = CARTESIAN_POINT('',(0.732829484621,-5.606961592341));
#10464 = CARTESIAN_POINT('',(1.099269204004,-5.605228922733));
#10465 = CARTESIAN_POINT('',(1.465658662007,-5.6));
#10466 = ( GEOMETRIC_REPRESENTATION_CONTEXT(2) 
PARAMETRIC_REPRESENTATION_CONTEXT() REPRESENTATION_CONTEXT('2D SPACE',''
  ) );
#10467 = ORIENTED_EDGE('',*,*,#10468,.T.);
#10468 = EDGE_CURVE('',#10440,#10469,#10471,.T.);
#10469 = VERTEX_POINT('',#10470);
#10470 = CARTESIAN_POINT('',(4.76721235726,24.658907798493,
    6.599401001912));
#10471 = SURFACE_CURVE('',#10472,(#10481,#10493),.PCURVE_S1.);
#10472 = B_SPLINE_CURVE_WITH_KNOTS('',7,(#10473,#10474,#10475,#10476,
    #10477,#10478,#10479,#10480),.UNSPECIFIED.,.F.,.F.,(8,8),(0.,1.),
  .PIECEWISE_BEZIER_KNOTS.);
#10473 = CARTESIAN_POINT('',(6.409343918505,26.751432255357,5.6));
#10474 = CARTESIAN_POINT('',(6.12794984782,26.511779510169,
    5.759975371035));
#10475 = CARTESIAN_POINT('',(5.859792137653,26.252132726454,
    5.916385344619));
#10476 = CARTESIAN_POINT('',(5.605886793121,25.972478226704,
    6.068062919311));
#10477 = CARTESIAN_POINT('',(5.367723204879,25.672882539787,
    6.213689659241));
#10478 = CARTESIAN_POINT('',(5.147124369442,25.353628523418,
    6.351817325222));
#10479 = CARTESIAN_POINT('',(4.94619440846,25.015290363436,
    6.480900446831));
#10480 = CARTESIAN_POINT('',(4.76721235726,24.658907798493,
    6.599401001912));
#10481 = PCURVE('',#3350,#10482);
#10482 = DEFINITIONAL_REPRESENTATION('',(#10483),#10492);
#10483 = B_SPLINE_CURVE_WITH_KNOTS('',7,(#10484,#10485,#10486,#10487,
    #10488,#10489,#10490,#10491),.UNSPECIFIED.,.F.,.F.,(8,8),(0.,1.),
  .PIECEWISE_BEZIER_KNOTS.);
#10484 = CARTESIAN_POINT('',(1.335640174235,1.078986718762));
#10485 = CARTESIAN_POINT('',(1.343558145109,1.104080917401));
#10486 = CARTESIAN_POINT('',(1.351039395562,1.129987234125));
#10487 = CARTESIAN_POINT('',(1.358046148867,1.156708118611));
#10488 = CARTESIAN_POINT('',(1.364518851832,1.184236578637));
#10489 = CARTESIAN_POINT('',(1.370378318478,1.21255305823));
#10490 = CARTESIAN_POINT('',(1.375522635836,1.241622914381));
#10491 = CARTESIAN_POINT('',(1.379826063178,1.271382224835));
#10492 = ( GEOMETRIC_REPRESENTATION_CONTEXT(2) 
PARAMETRIC_REPRESENTATION_CONTEXT() REPRESENTATION_CONTEXT('2D SPACE',''
  ) );
#10493 = PCURVE('',#10200,#10494);
#10494 = DEFINITIONAL_REPRESENTATION('',(#10495),#10504);
#10495 = B_SPLINE_CURVE_WITH_KNOTS('',7,(#10496,#10497,#10498,#10499,
    #10500,#10501,#10502,#10503),.UNSPECIFIED.,.F.,.F.,(8,8),(0.,1.),
  .PIECEWISE_BEZIER_KNOTS.);
#10496 = CARTESIAN_POINT('',(0.,-5.6));
#10497 = CARTESIAN_POINT('',(-5.520158566825E-02,-5.759975371035));
#10498 = CARTESIAN_POINT('',(-0.110834318423,-5.916385344619));
#10499 = CARTESIAN_POINT('',(-0.167058643481,-6.068062919311));
#10500 = CARTESIAN_POINT('',(-0.22399320485,-6.213689659241));
#10501 = CARTESIAN_POINT('',(-0.281733038921,-6.351817325222));
#10502 = CARTESIAN_POINT('',(-0.340356352629,-6.480900446831));
#10503 = CARTESIAN_POINT('',(-0.399916820262,-6.599401001912));
#10504 = ( GEOMETRIC_REPRESENTATION_CONTEXT(2) 
PARAMETRIC_REPRESENTATION_CONTEXT() REPRESENTATION_CONTEXT('2D SPACE',''
  ) );
#10505 = ORIENTED_EDGE('',*,*,#10506,.T.);
#10506 = EDGE_CURVE('',#10469,#10507,#10509,.T.);
#10507 = VERTEX_POINT('',#10508);
#10508 = CARTESIAN_POINT('',(4.415369668564,23.958331405423,
    6.808351985059));
#10509 = SURFACE_CURVE('',#10510,(#10516,#10525),.PCURVE_S1.);
#10510 = B_SPLINE_CURVE_WITH_KNOTS('',4,(#10511,#10512,#10513,#10514,
    #10515),.UNSPECIFIED.,.F.,.F.,(5,5),(0.,1.),
  .PIECEWISE_BEZIER_KNOTS.);
#10511 = CARTESIAN_POINT('',(4.80239662613,24.7289654378,6.575861150127)
  );
#10512 = CARTESIAN_POINT('',(4.697843084071,24.520782219188,
    6.646541740914));
#10513 = CARTESIAN_POINT('',(4.592566818738,24.311159940218,
    6.711917799181));
#10514 = CARTESIAN_POINT('',(4.486652848288,24.100267885963,
    6.771960923545));
#10515 = CARTESIAN_POINT('',(4.380185399695,23.888273766116,
    6.826658941639));
#10516 = PCURVE('',#3350,#10517);
#10517 = DEFINITIONAL_REPRESENTATION('',(#10518),#10524);
#10518 = B_SPLINE_CURVE_WITH_KNOTS('',4,(#10519,#10520,#10521,#10522,
    #10523),.UNSPECIFIED.,.F.,.F.,(5,5),(0.,1.),
  .PIECEWISE_BEZIER_KNOTS.);
#10519 = CARTESIAN_POINT('',(1.378982633623,1.265526114236));
#10520 = CARTESIAN_POINT('',(1.381481468594,1.28294612269));
#10521 = CARTESIAN_POINT('',(1.384056895333,1.300342782355));
#10522 = CARTESIAN_POINT('',(1.386711853674,1.317715348962));
#10523 = CARTESIAN_POINT('',(1.389449480731,1.33506325582));
#10524 = ( GEOMETRIC_REPRESENTATION_CONTEXT(2) 
PARAMETRIC_REPRESENTATION_CONTEXT() REPRESENTATION_CONTEXT('2D SPACE',''
  ) );
#10525 = PCURVE('',#10160,#10526);
#10526 = DEFINITIONAL_REPRESENTATION('',(#10527),#10533);
#10527 = B_SPLINE_CURVE_WITH_KNOTS('',4,(#10528,#10529,#10530,#10531,
    #10532),.UNSPECIFIED.,.F.,.F.,(5,5),(0.,1.),
  .PIECEWISE_BEZIER_KNOTS.);
#10528 = CARTESIAN_POINT('',(-7.839646421336E-02,-6.575861150127));
#10529 = CARTESIAN_POINT('',(0.154566399069,-6.646541740914));
#10530 = CARTESIAN_POINT('',(0.389139611271,-6.711917799181));
#10531 = CARTESIAN_POINT('',(0.625133737648,-6.771960923545));
#10532 = CARTESIAN_POINT('',(0.862361106347,-6.826658941639));
#10533 = ( GEOMETRIC_REPRESENTATION_CONTEXT(2) 
PARAMETRIC_REPRESENTATION_CONTEXT() REPRESENTATION_CONTEXT('2D SPACE',''
  ) );
#10534 = ORIENTED_EDGE('',*,*,#10535,.T.);
#10535 = EDGE_CURVE('',#10507,#3997,#10536,.T.);
#10536 = SURFACE_CURVE('',#10537,(#10548,#10562),.PCURVE_S1.);
#10537 = B_SPLINE_CURVE_WITH_KNOTS('',5,(#10538,#10539,#10540,#10541,
    #10542,#10543,#10544,#10545,#10546,#10547),.UNSPECIFIED.,.F.,.F.,(6,
    4,6),(0.,0.323177196011,1.),.UNSPECIFIED.);
#10538 = CARTESIAN_POINT('',(4.415369668564,23.958331405423,
    6.808351985059));
#10539 = CARTESIAN_POINT('',(4.347268348298,23.822730527962,
    6.84423390312));
#10540 = CARTESIAN_POINT('',(4.276244961728,23.687481629085,
    6.877991311048));
#10541 = CARTESIAN_POINT('',(4.202299286488,23.55274774742,
    6.909601465421));
#10542 = CARTESIAN_POINT('',(4.125448009358,23.418693543549,
    6.939057935784));
#10543 = CARTESIAN_POINT('',(3.878762030001,23.006510242284,
    7.023570918754));
#10544 = CARTESIAN_POINT('',(3.69919039205,22.731223809454,
    7.071373368023));
#10545 = CARTESIAN_POINT('',(3.507348032136,22.461198309327,
    7.109858873624));
#10546 = CARTESIAN_POINT('',(3.303813699279,22.197808104871,
    7.139495530157));
#10547 = CARTESIAN_POINT('',(3.089361483543,21.942233906328,
    7.161045598658));
#10548 = PCURVE('',#3350,#10549);
#10549 = DEFINITIONAL_REPRESENTATION('',(#10550),#10561);
#10550 = B_SPLINE_CURVE_WITH_KNOTS('',5,(#10551,#10552,#10553,#10554,
    #10555,#10556,#10557,#10558,#10559,#10560),.UNSPECIFIED.,.F.,.F.,(6,
    4,6),(0.,0.323177196011,1.),.UNSPECIFIED.);
#10551 = CARTESIAN_POINT('',(1.388547568408,1.329325564959));
#10552 = CARTESIAN_POINT('',(1.390287873358,1.340440477401));
#10553 = CARTESIAN_POINT('',(1.392174764175,1.351524309089));
#10554 = CARTESIAN_POINT('',(1.394213933292,1.362565990083));
#10555 = CARTESIAN_POINT('',(1.396410522667,1.37355379574));
#10556 = CARTESIAN_POINT('',(1.403708689558,1.407348107699));
#10557 = CARTESIAN_POINT('',(1.409359154325,1.429931982644));
#10558 = CARTESIAN_POINT('',(1.415761329414,1.452109416497));
#10559 = CARTESIAN_POINT('',(1.422945079443,1.473766250143));
#10560 = CARTESIAN_POINT('',(1.43092054476,1.494788207479));
#10561 = ( GEOMETRIC_REPRESENTATION_CONTEXT(2) 
PARAMETRIC_REPRESENTATION_CONTEXT() REPRESENTATION_CONTEXT('2D SPACE',''
  ) );
#10562 = PCURVE('',#4012,#10563);
#10563 = DEFINITIONAL_REPRESENTATION('',(#10564),#10575);
#10564 = B_SPLINE_CURVE_WITH_KNOTS('',5,(#10565,#10566,#10567,#10568,
    #10569,#10570,#10571,#10572,#10573,#10574),.UNSPECIFIED.,.F.,.F.,(6,
    4,6),(0.,0.323177196011,1.),.UNSPECIFIED.);
#10565 = CARTESIAN_POINT('',(0.,-6.808351985059));
#10566 = CARTESIAN_POINT('',(1.460050148409E-02,-6.84423390312));
#10567 = CARTESIAN_POINT('',(2.929691196547E-02,-6.877991311048));
#10568 = CARTESIAN_POINT('',(4.408174858485E-02,-6.909601465421));
#10569 = CARTESIAN_POINT('',(5.89470679835E-02,-6.939057935784));
#10570 = CARTESIAN_POINT('',(0.105167526927,-7.023570918754));
#10571 = CARTESIAN_POINT('',(0.13676908136,-7.071373368023));
#10572 = CARTESIAN_POINT('',(0.168606415514,-7.109858873624));
#10573 = CARTESIAN_POINT('',(0.20060891828,-7.139495530157));
#10574 = CARTESIAN_POINT('',(0.232710566933,-7.161045598658));
#10575 = ( GEOMETRIC_REPRESENTATION_CONTEXT(2) 
PARAMETRIC_REPRESENTATION_CONTEXT() REPRESENTATION_CONTEXT('2D SPACE',''
  ) );
#10576 = ORIENTED_EDGE('',*,*,#4024,.T.);
#10577 = ORIENTED_EDGE('',*,*,#10578,.F.);
#10578 = EDGE_CURVE('',#3284,#4025,#10579,.T.);
#10579 = SURFACE_CURVE('',#10580,(#10585,#10592),.PCURVE_S1.);
#10580 = CIRCLE('',#10581,21.159010550645);
#10581 = AXIS2_PLACEMENT_3D('',#10582,#10583,#10584);
#10582 = CARTESIAN_POINT('',(0.,0.,7.199999109273));
#10583 = DIRECTION('',(0.,0.,1.));
#10584 = DIRECTION('',(1.,0.,-0.));
#10585 = PCURVE('',#3350,#10586);
#10586 = DEFINITIONAL_REPRESENTATION('',(#10587),#10591);
#10587 = LINE('',#10588,#10589);
#10588 = CARTESIAN_POINT('',(0.,1.568908760277));
#10589 = VECTOR('',#10590,1.);
#10590 = DIRECTION('',(1.,0.));
#10591 = ( GEOMETRIC_REPRESENTATION_CONTEXT(2) 
PARAMETRIC_REPRESENTATION_CONTEXT() REPRESENTATION_CONTEXT('2D SPACE',''
  ) );
#10592 = PCURVE('',#3309,#10593);
#10593 = DEFINITIONAL_REPRESENTATION('',(#10594),#10598);
#10594 = LINE('',#10595,#10596);
#10595 = CARTESIAN_POINT('',(0.,1.568908760281));
#10596 = VECTOR('',#10597,1.);
#10597 = DIRECTION('',(1.,0.));
#10598 = ( GEOMETRIC_REPRESENTATION_CONTEXT(2) 
PARAMETRIC_REPRESENTATION_CONTEXT() REPRESENTATION_CONTEXT('2D SPACE',''
  ) );
#10599 = ORIENTED_EDGE('',*,*,#3326,.F.);
#10600 = ORIENTED_EDGE('',*,*,#10331,.F.);
#10601 = ORIENTED_EDGE('',*,*,#10602,.F.);
#10602 = EDGE_CURVE('',#10402,#10332,#10603,.T.);
#10603 = SURFACE_CURVE('',#10604,(#10610,#10619),.PCURVE_S1.);
#10604 = B_SPLINE_CURVE_WITH_KNOTS('',4,(#10605,#10606,#10607,#10608,
    #10609),.UNSPECIFIED.,.F.,.F.,(5,5),(0.,1.),
  .PIECEWISE_BEZIER_KNOTS.);
#10605 = CARTESIAN_POINT('',(8.205485241623,23.817110591507,
    6.575861150127));
#10606 = CARTESIAN_POINT('',(8.191939655795,23.584541864518,
    6.646541740914));
#10607 = CARTESIAN_POINT('',(8.178300436504,23.350365513065,
    6.711917799181));
#10608 = CARTESIAN_POINT('',(8.164578598402,23.114770651398,
    6.771960923545));
#10609 = CARTESIAN_POINT('',(8.150785053636,22.877944633861,
    6.826658941639));
#10610 = PCURVE('',#3350,#10611);
#10611 = DEFINITIONAL_REPRESENTATION('',(#10612),#10618);
#10612 = B_SPLINE_CURVE_WITH_KNOTS('',4,(#10613,#10614,#10615,#10616,
    #10617),.UNSPECIFIED.,.F.,.F.,(5,5),(0.,1.),
  .PIECEWISE_BEZIER_KNOTS.);
#10613 = CARTESIAN_POINT('',(1.239011244369,1.265526114236));
#10614 = CARTESIAN_POINT('',(1.236512409397,1.28294612269));
#10615 = CARTESIAN_POINT('',(1.233936982658,1.300342782355));
#10616 = CARTESIAN_POINT('',(1.231282024318,1.317715348962));
#10617 = CARTESIAN_POINT('',(1.22854439726,1.33506325582));
#10618 = ( GEOMETRIC_REPRESENTATION_CONTEXT(2) 
PARAMETRIC_REPRESENTATION_CONTEXT() REPRESENTATION_CONTEXT('2D SPACE',''
  ) );
#10619 = PCURVE('',#10312,#10620);
#10620 = DEFINITIONAL_REPRESENTATION('',(#10621),#10627);
#10621 = B_SPLINE_CURVE_WITH_KNOTS('',4,(#10622,#10623,#10624,#10625,
    #10626),.UNSPECIFIED.,.F.,.F.,(5,5),(0.,1.),
  .PIECEWISE_BEZIER_KNOTS.);
#10622 = CARTESIAN_POINT('',(0.862361106347,-6.575861150127));
#10623 = CARTESIAN_POINT('',(0.629398243065,-6.646541740914));
#10624 = CARTESIAN_POINT('',(0.394825030862,-6.711917799181));
#10625 = CARTESIAN_POINT('',(0.158830904485,-6.771960923545));
#10626 = CARTESIAN_POINT('',(-7.839646421336E-02,-6.826658941639));
#10627 = ( GEOMETRIC_REPRESENTATION_CONTEXT(2) 
PARAMETRIC_REPRESENTATION_CONTEXT() REPRESENTATION_CONTEXT('2D SPACE',''
  ) );
#10628 = ADVANCED_FACE('',(#10629),#3309,.T.);
#10629 = FACE_BOUND('',#10630,.T.);
#10630 = EDGE_LOOP('',(#10631,#10632,#10633,#10634));
#10631 = ORIENTED_EDGE('',*,*,#3283,.F.);
#10632 = ORIENTED_EDGE('',*,*,#10578,.T.);
#10633 = ORIENTED_EDGE('',*,*,#4059,.T.);
#10634 = ORIENTED_EDGE('',*,*,#7035,.F.);
#10635 = ADVANCED_FACE('',(#10636),#3161,.F.);
#10636 = FACE_BOUND('',#10637,.F.);
#10637 = EDGE_LOOP('',(#10638,#10639,#10660,#10661));
#10638 = ORIENTED_EDGE('',*,*,#8862,.T.);
#10639 = ORIENTED_EDGE('',*,*,#10640,.T.);
#10640 = EDGE_CURVE('',#8863,#9273,#10641,.T.);
#10641 = SURFACE_CURVE('',#10642,(#10646,#10653),.PCURVE_S1.);
#10642 = LINE('',#10643,#10644);
#10643 = CARTESIAN_POINT('',(15.802988002788,18.5408387951,0.));
#10644 = VECTOR('',#10645,1.);
#10645 = DIRECTION('',(0.,0.,1.));
#10646 = PCURVE('',#3161,#10647);
#10647 = DEFINITIONAL_REPRESENTATION('',(#10648),#10652);
#10648 = LINE('',#10649,#10650);
#10649 = CARTESIAN_POINT('',(0.,0.));
#10650 = VECTOR('',#10651,1.);
#10651 = DIRECTION('',(0.,-1.));
#10652 = ( GEOMETRIC_REPRESENTATION_CONTEXT(2) 
PARAMETRIC_REPRESENTATION_CONTEXT() REPRESENTATION_CONTEXT('2D SPACE',''
  ) );
#10653 = PCURVE('',#8926,#10654);
#10654 = DEFINITIONAL_REPRESENTATION('',(#10655),#10659);
#10655 = LINE('',#10656,#10657);
#10656 = CARTESIAN_POINT('',(0.783964642134,0.));
#10657 = VECTOR('',#10658,1.);
#10658 = DIRECTION('',(0.,-1.));
#10659 = ( GEOMETRIC_REPRESENTATION_CONTEXT(2) 
PARAMETRIC_REPRESENTATION_CONTEXT() REPRESENTATION_CONTEXT('2D SPACE',''
  ) );
#10660 = ORIENTED_EDGE('',*,*,#9301,.T.);
#10661 = ORIENTED_EDGE('',*,*,#3145,.F.);
#10662 = ADVANCED_FACE('',(#10663),#3613,.T.);
#10663 = FACE_BOUND('',#10664,.T.);
#10664 = EDGE_LOOP('',(#10665,#10709,#10710,#10711,#10712,#10756,#10790,
    #10833,#10867,#10910));
#10665 = ORIENTED_EDGE('',*,*,#10666,.F.);
#10666 = EDGE_CURVE('',#4702,#10667,#10669,.T.);
#10667 = VERTEX_POINT('',#10668);
#10668 = CARTESIAN_POINT('',(-18.5408387951,-15.80298800278,
    0.391648014941));
#10669 = SURFACE_CURVE('',#10670,(#10681,#10695),.PCURVE_S1.);
#10670 = B_SPLINE_CURVE_WITH_KNOTS('',5,(#10671,#10672,#10673,#10674,
    #10675,#10676,#10677,#10678,#10679,#10680),.UNSPECIFIED.,.F.,.F.,(6,
    4,6),(0.,0.678562721325,1.),.UNSPECIFIED.);
#10671 = CARTESIAN_POINT('',(-17.45785123688,-13.64658247938,
    3.895440134219E-02));
#10672 = CARTESIAN_POINT('',(-17.57225219729,-13.96089653487,
    6.055986544558E-02));
#10673 = CARTESIAN_POINT('',(-17.6989439762,-14.2696350692,
    9.02935570304E-02));
#10674 = CARTESIAN_POINT('',(-17.83728607223,-14.57152721973,
    0.128923633473));
#10675 = CARTESIAN_POINT('',(-17.98636992008,-14.8653756783,
    0.176920978785));
#10676 = CARTESIAN_POINT('',(-18.2201325284,-15.28496595803,
    0.261576802321));
#10677 = CARTESIAN_POINT('',(-18.29741586398,-15.41779405231,
    0.290909283118));
#10678 = CARTESIAN_POINT('',(-18.37671726026,-15.54846799869,
    0.322372247641));
#10679 = CARTESIAN_POINT('',(-18.45790457765,-15.67689265127,
    0.355959281399));
#10680 = CARTESIAN_POINT('',(-18.5408387951,-15.80298800278,
    0.391648014941));
#10681 = PCURVE('',#3613,#10682);
#10682 = DEFINITIONAL_REPRESENTATION('',(#10683),#10694);
#10683 = B_SPLINE_CURVE_WITH_KNOTS('',5,(#10684,#10685,#10686,#10687,
    #10688,#10689,#10690,#10691,#10692,#10693),.UNSPECIFIED.,.F.,.F.,(6,
    4,6),(0.,0.678562721325,1.),.UNSPECIFIED.);
#10684 = CARTESIAN_POINT('',(3.805067211223,4.7883970997));
#10685 = CARTESIAN_POINT('',(3.8130631779,4.809473095102));
#10686 = CARTESIAN_POINT('',(3.820263358551,4.831187248477));
#10687 = CARTESIAN_POINT('',(3.826677961575,4.85342437525));
#10688 = CARTESIAN_POINT('',(3.832337138371,4.876069436946));
#10689 = CARTESIAN_POINT('',(3.839624511358,4.909868150788));
#10690 = CARTESIAN_POINT('',(3.841806748434,4.920797661649));
#10691 = CARTESIAN_POINT('',(3.843833306428,4.931780347325));
#10692 = CARTESIAN_POINT('',(3.845709248509,4.942804674322));
#10693 = CARTESIAN_POINT('',(3.847440183835,4.953859745101));
#10694 = ( GEOMETRIC_REPRESENTATION_CONTEXT(2) 
PARAMETRIC_REPRESENTATION_CONTEXT() REPRESENTATION_CONTEXT('2D SPACE',''
  ) );
#10695 = PCURVE('',#4717,#10696);
#10696 = DEFINITIONAL_REPRESENTATION('',(#10697),#10708);
#10697 = B_SPLINE_CURVE_WITH_KNOTS('',5,(#10698,#10699,#10700,#10701,
    #10702,#10703,#10704,#10705,#10706,#10707),.UNSPECIFIED.,.F.,.F.,(6,
    4,6),(0.,0.678562721325,1.),.UNSPECIFIED.);
#10698 = CARTESIAN_POINT('',(0.,-3.895440134219E-02));
#10699 = CARTESIAN_POINT('',(3.218416765641E-02,-6.055986544558E-02));
#10700 = CARTESIAN_POINT('',(6.426869906369E-02,-9.02935570304E-02));
#10701 = CARTESIAN_POINT('',(9.618702333102E-02,-0.128923633473));
#10702 = CARTESIAN_POINT('',(0.127867977275,-0.176920978785));
#10703 = CARTESIAN_POINT('',(0.174083619971,-0.261576802321));
#10704 = CARTESIAN_POINT('',(0.188867612393,-0.290909283118));
#10705 = CARTESIAN_POINT('',(0.203571901269,-0.322372247641));
#10706 = CARTESIAN_POINT('',(0.218188673198,-0.355959281399));
#10707 = CARTESIAN_POINT('',(0.232710566933,-0.391648014941));
#10708 = ( GEOMETRIC_REPRESENTATION_CONTEXT(2) 
PARAMETRIC_REPRESENTATION_CONTEXT() REPRESENTATION_CONTEXT('2D SPACE',''
  ) );
#10709 = ORIENTED_EDGE('',*,*,#4729,.F.);
#10710 = ORIENTED_EDGE('',*,*,#4319,.T.);
#10711 = ORIENTED_EDGE('',*,*,#3587,.T.);
#10712 = ORIENTED_EDGE('',*,*,#10713,.T.);
#10713 = EDGE_CURVE('',#3590,#10714,#10716,.T.);
#10714 = VERTEX_POINT('',#10715);
#10715 = CARTESIAN_POINT('',(-15.80298800278,-18.5408387951,
    0.391648014941));
#10716 = SURFACE_CURVE('',#10717,(#10728,#10742),.PCURVE_S1.);
#10717 = B_SPLINE_CURVE_WITH_KNOTS('',5,(#10718,#10719,#10720,#10721,
    #10722,#10723,#10724,#10725,#10726,#10727),.UNSPECIFIED.,.F.,.F.,(6,
    4,6),(0.,0.678562721325,1.),.UNSPECIFIED.);
#10718 = CARTESIAN_POINT('',(-13.64658247938,-17.45785123688,
    3.895440134219E-02));
#10719 = CARTESIAN_POINT('',(-13.96089653487,-17.57225219729,
    6.055986544558E-02));
#10720 = CARTESIAN_POINT('',(-14.2696350692,-17.6989439762,
    9.029355703037E-02));
#10721 = CARTESIAN_POINT('',(-14.57152721973,-17.83728607223,
    0.128923633473));
#10722 = CARTESIAN_POINT('',(-14.8653756783,-17.98636992008,
    0.176920978785));
#10723 = CARTESIAN_POINT('',(-15.28496595803,-18.2201325284,
    0.261576802321));
#10724 = CARTESIAN_POINT('',(-15.41779405231,-18.29741586398,
    0.290909283118));
#10725 = CARTESIAN_POINT('',(-15.54846799869,-18.37671726026,
    0.322372247641));
#10726 = CARTESIAN_POINT('',(-15.67689265127,-18.45790457765,
    0.355959281399));
#10727 = CARTESIAN_POINT('',(-15.80298800278,-18.5408387951,
    0.391648014941));
#10728 = PCURVE('',#3613,#10729);
#10729 = DEFINITIONAL_REPRESENTATION('',(#10730),#10741);
#10730 = B_SPLINE_CURVE_WITH_KNOTS('',5,(#10731,#10732,#10733,#10734,
    #10735,#10736,#10737,#10738,#10739,#10740),.UNSPECIFIED.,.F.,.F.,(6,
    4,6),(0.,0.678562721325,1.),.UNSPECIFIED.);
#10731 = CARTESIAN_POINT('',(4.048914422752,4.7883970997));
#10732 = CARTESIAN_POINT('',(4.040918456075,4.809473095102));
#10733 = CARTESIAN_POINT('',(4.033718275424,4.831187248477));
#10734 = CARTESIAN_POINT('',(4.027303672399,4.85342437525));
#10735 = CARTESIAN_POINT('',(4.021644495603,4.876069436946));
#10736 = CARTESIAN_POINT('',(4.014357122616,4.909868150788));
#10737 = CARTESIAN_POINT('',(4.012174885541,4.920797661649));
#10738 = CARTESIAN_POINT('',(4.010148327547,4.931780347325));
#10739 = CARTESIAN_POINT('',(4.008272385465,4.942804674322));
#10740 = CARTESIAN_POINT('',(4.006541450139,4.953859745101));
#10741 = ( GEOMETRIC_REPRESENTATION_CONTEXT(2) 
PARAMETRIC_REPRESENTATION_CONTEXT() REPRESENTATION_CONTEXT('2D SPACE',''
  ) );
#10742 = PCURVE('',#3645,#10743);
#10743 = DEFINITIONAL_REPRESENTATION('',(#10744),#10755);
#10744 = B_SPLINE_CURVE_WITH_KNOTS('',5,(#10745,#10746,#10747,#10748,
    #10749,#10750,#10751,#10752,#10753,#10754),.UNSPECIFIED.,.F.,.F.,(6,
    4,6),(0.,0.678562721325,1.),.UNSPECIFIED.);
#10745 = CARTESIAN_POINT('',(0.232710566933,-3.895440134219E-02));
#10746 = CARTESIAN_POINT('',(0.200526399276,-6.055986544558E-02));
#10747 = CARTESIAN_POINT('',(0.168441867869,-9.029355703037E-02));
#10748 = CARTESIAN_POINT('',(0.136523543602,-0.128923633473));
#10749 = CARTESIAN_POINT('',(0.104842589657,-0.176920978785));
#10750 = CARTESIAN_POINT('',(5.86269469619E-02,-0.261576802321));
#10751 = CARTESIAN_POINT('',(4.38429545396E-02,-0.290909283118));
#10752 = CARTESIAN_POINT('',(2.913866566402E-02,-0.322372247641));
#10753 = CARTESIAN_POINT('',(1.452189373431E-02,-0.355959281399));
#10754 = CARTESIAN_POINT('',(0.,-0.391648014941));
#10755 = ( GEOMETRIC_REPRESENTATION_CONTEXT(2) 
PARAMETRIC_REPRESENTATION_CONTEXT() REPRESENTATION_CONTEXT('2D SPACE',''
  ) );
#10756 = ORIENTED_EDGE('',*,*,#10757,.T.);
#10757 = EDGE_CURVE('',#10714,#10758,#10760,.T.);
#10758 = VERTEX_POINT('',#10759);
#10759 = CARTESIAN_POINT('',(-16.45798090586,-18.97163440444,
    0.600598998088));
#10760 = SURFACE_CURVE('',#10761,(#10767,#10776),.PCURVE_S1.);
#10761 = B_SPLINE_CURVE_WITH_KNOTS('',4,(#10762,#10763,#10764,#10765,
    #10766),.UNSPECIFIED.,.F.,.F.,(5,5),(0.,1.),
  .PIECEWISE_BEZIER_KNOTS.);
#10762 = CARTESIAN_POINT('',(-15.73748871247,-18.49775923416,
    0.373341058361));
#10763 = CARTESIAN_POINT('',(-15.93568928751,-18.62811780308,
    0.428039076436));
#10764 = CARTESIAN_POINT('',(-16.13285950376,-18.75779869435,
    0.488082200825));
#10765 = CARTESIAN_POINT('',(-16.32884256326,-18.88669878036,
    0.553458259061));
#10766 = CARTESIAN_POINT('',(-16.52348019617,-19.01471396537,
    0.624138849873));
#10767 = PCURVE('',#3613,#10768);
#10768 = DEFINITIONAL_REPRESENTATION('',(#10769),#10775);
#10769 = B_SPLINE_CURVE_WITH_KNOTS('',4,(#10770,#10771,#10772,#10773,
    #10774),.UNSPECIFIED.,.F.,.F.,(5,5),(0.,1.),
  .PIECEWISE_BEZIER_KNOTS.);
#10770 = CARTESIAN_POINT('',(4.007443358705,4.94812205133));
#10771 = CARTESIAN_POINT('',(4.004705731649,4.965469958185));
#10772 = CARTESIAN_POINT('',(4.002050773395,4.982842524983));
#10773 = CARTESIAN_POINT('',(3.999475346548,5.000239184384));
#10774 = CARTESIAN_POINT('',(3.996976511575,5.017659192849));
#10775 = ( GEOMETRIC_REPRESENTATION_CONTEXT(2) 
PARAMETRIC_REPRESENTATION_CONTEXT() REPRESENTATION_CONTEXT('2D SPACE',''
  ) );
#10776 = PCURVE('',#10777,#10782);
#10777 = PLANE('',#10778);
#10778 = AXIS2_PLACEMENT_3D('',#10779,#10780,#10781);
#10779 = CARTESIAN_POINT('',(-16.45798090586,-18.97163440444,0.));
#10780 = DIRECTION('',(-0.549508978071,0.835487811413,0.));
#10781 = DIRECTION('',(0.835487811413,0.549508978071,0.));
#10782 = DEFINITIONAL_REPRESENTATION('',(#10783),#10789);
#10783 = B_SPLINE_CURVE_WITH_KNOTS('',4,(#10784,#10785,#10786,#10787,
    #10788),.UNSPECIFIED.,.F.,.F.,(5,5),(0.,1.),
  .PIECEWISE_BEZIER_KNOTS.);
#10784 = CARTESIAN_POINT('',(0.862361106347,-0.373341058361));
#10785 = CARTESIAN_POINT('',(0.6251337377,-0.428039076436));
#10786 = CARTESIAN_POINT('',(0.389139611212,-0.488082200825));
#10787 = CARTESIAN_POINT('',(0.154566399224,-0.553458259061));
#10788 = CARTESIAN_POINT('',(-7.839646421336E-02,-0.624138849873));
#10789 = ( GEOMETRIC_REPRESENTATION_CONTEXT(2) 
PARAMETRIC_REPRESENTATION_CONTEXT() REPRESENTATION_CONTEXT('2D SPACE',''
  ) );
#10790 = ORIENTED_EDGE('',*,*,#10791,.T.);
#10791 = EDGE_CURVE('',#10758,#10792,#10794,.T.);
#10792 = VERTEX_POINT('',#10793);
#10793 = CARTESIAN_POINT('',(-18.92637078269,-19.9627479615,1.6));
#10794 = SURFACE_CURVE('',#10795,(#10804,#10816),.PCURVE_S1.);
#10795 = B_SPLINE_CURVE_WITH_KNOTS('',7,(#10796,#10797,#10798,#10799,
    #10800,#10801,#10802,#10803),.UNSPECIFIED.,.F.,.F.,(8,8),(0.,1.),
  .PIECEWISE_BEZIER_KNOTS.);
#10796 = CARTESIAN_POINT('',(-16.45798090586,-18.97163440444,
    0.600598998088));
#10797 = CARTESIAN_POINT('',(-16.79117519182,-19.19077973376,
    0.719099553285));
#10798 = CARTESIAN_POINT('',(-17.13435472226,-19.38332419472,
    0.848182674858));
#10799 = CARTESIAN_POINT('',(-17.48502592568,-19.54950686529,
    0.986310340719));
#10800 = CARTESIAN_POINT('',(-17.84107948664,-19.6898825469,
    1.131937080568));
#10801 = CARTESIAN_POINT('',(-18.20079521515,-19.80511777578,
    1.283614655301));
#10802 = CARTESIAN_POINT('',(-18.56284999651,-19.89589963144,
    1.440024629007));
#10803 = CARTESIAN_POINT('',(-18.92637078269,-19.9627479615,1.6));
#10804 = PCURVE('',#3613,#10805);
#10805 = DEFINITIONAL_REPRESENTATION('',(#10806),#10815);
#10806 = B_SPLINE_CURVE_WITH_KNOTS('',7,(#10807,#10808,#10809,#10810,
    #10811,#10812,#10813,#10814),.UNSPECIFIED.,.F.,.F.,(8,8),(0.,1.),
  .PIECEWISE_BEZIER_KNOTS.);
#10807 = CARTESIAN_POINT('',(3.99781994117,5.011803082344));
#10808 = CARTESIAN_POINT('',(3.993516513823,5.041562392828));
#10809 = CARTESIAN_POINT('',(3.988372196466,5.070632248963));
#10810 = CARTESIAN_POINT('',(3.982512729825,5.098948728532));
#10811 = CARTESIAN_POINT('',(3.976040026864,5.126477188547));
#10812 = CARTESIAN_POINT('',(3.969033273558,5.153198073043));
#10813 = CARTESIAN_POINT('',(3.961552023098,5.179104389785));
#10814 = CARTESIAN_POINT('',(3.953634052227,5.204198588418));
#10815 = ( GEOMETRIC_REPRESENTATION_CONTEXT(2) 
PARAMETRIC_REPRESENTATION_CONTEXT() REPRESENTATION_CONTEXT('2D SPACE',''
  ) );
#10816 = PCURVE('',#10817,#10822);
#10817 = CYLINDRICAL_SURFACE('',#10818,6.695751497138);
#10818 = AXIS2_PLACEMENT_3D('',#10819,#10820,#10821);
#10819 = CARTESIAN_POINT('',(-20.13735646847,-13.37741564033,0.));
#10820 = DIRECTION('',(-0.,-0.,-1.));
#10821 = DIRECTION('',(0.180858815668,-0.983509068995,0.));
#10822 = DEFINITIONAL_REPRESENTATION('',(#10823),#10832);
#10823 = B_SPLINE_CURVE_WITH_KNOTS('',7,(#10824,#10825,#10826,#10827,
    #10828,#10829,#10830,#10831),.UNSPECIFIED.,.F.,.F.,(8,8),(0.,1.),
  .PIECEWISE_BEZIER_KNOTS.);
#10824 = CARTESIAN_POINT('',(-0.399916820262,-0.600598998088));
#10825 = CARTESIAN_POINT('',(-0.34035635257,-0.719099553285));
#10826 = CARTESIAN_POINT('',(-0.281733038893,-0.848182674858));
#10827 = CARTESIAN_POINT('',(-0.223993204871,-0.986310340719));
#10828 = CARTESIAN_POINT('',(-0.167058643527,-1.131937080568));
#10829 = CARTESIAN_POINT('',(-0.110834318449,-1.283614655301));
#10830 = CARTESIAN_POINT('',(-5.52015856537E-02,-1.440024629007));
#10831 = CARTESIAN_POINT('',(1.7763568394E-15,-1.6));
#10832 = ( GEOMETRIC_REPRESENTATION_CONTEXT(2) 
PARAMETRIC_REPRESENTATION_CONTEXT() REPRESENTATION_CONTEXT('2D SPACE',''
  ) );
#10833 = ORIENTED_EDGE('',*,*,#10834,.T.);
#10834 = EDGE_CURVE('',#10792,#10835,#10837,.T.);
#10835 = VERTEX_POINT('',#10836);
#10836 = CARTESIAN_POINT('',(-19.9627479615,-18.92637078269,1.6));
#10837 = SURFACE_CURVE('',#10838,(#10844,#10853),.PCURVE_S1.);
#10838 = B_SPLINE_CURVE_WITH_KNOTS('',4,(#10839,#10840,#10841,#10842,
    #10843),.UNSPECIFIED.,.F.,.F.,(5,5),(0.,1.),
  .PIECEWISE_BEZIER_KNOTS.);
#10839 = CARTESIAN_POINT('',(-18.92637078269,-19.9627479615,1.6));
#10840 = CARTESIAN_POINT('',(-19.18544725557,-19.70367148862,
    1.594771077215));
#10841 = CARTESIAN_POINT('',(-19.44455948072,-19.44455926347,
    1.593038407659));
#10842 = CARTESIAN_POINT('',(-19.70367149119,-19.185447253,
    1.594771077267));
#10843 = CARTESIAN_POINT('',(-19.9627479615,-18.92637078269,1.6));
#10844 = PCURVE('',#3613,#10845);
#10845 = DEFINITIONAL_REPRESENTATION('',(#10846),#10852);
#10846 = B_SPLINE_CURVE_WITH_KNOTS('',4,(#10847,#10848,#10849,#10850,
    #10851),.UNSPECIFIED.,.F.,.F.,(5,5),(0.,1.),
  .PIECEWISE_BEZIER_KNOTS.);
#10847 = CARTESIAN_POINT('',(3.953634052227,5.204198588418));
#10848 = CARTESIAN_POINT('',(3.940319653947,5.203378364491));
#10849 = CARTESIAN_POINT('',(3.926990810946,5.203104898197));
#10850 = CARTESIAN_POINT('',(3.913661979896,5.203378364499));
#10851 = CARTESIAN_POINT('',(3.900347581748,5.204198588418));
#10852 = ( GEOMETRIC_REPRESENTATION_CONTEXT(2) 
PARAMETRIC_REPRESENTATION_CONTEXT() REPRESENTATION_CONTEXT('2D SPACE',''
  ) );
#10853 = PCURVE('',#10854,#10859);
#10854 = PLANE('',#10855);
#10855 = AXIS2_PLACEMENT_3D('',#10856,#10857,#10858);
#10856 = CARTESIAN_POINT('',(-19.9627479615,-18.92637078269,0.));
#10857 = DIRECTION('',(0.707106781187,0.707106781187,-0.));
#10858 = DIRECTION('',(0.707106781187,-0.707106781187,0.));
#10859 = DEFINITIONAL_REPRESENTATION('',(#10860),#10866);
#10860 = B_SPLINE_CURVE_WITH_KNOTS('',4,(#10861,#10862,#10863,#10864,
    #10865),.UNSPECIFIED.,.F.,.F.,(5,5),(0.,1.),
  .PIECEWISE_BEZIER_KNOTS.);
#10861 = CARTESIAN_POINT('',(1.465658662007,-1.6));
#10862 = CARTESIAN_POINT('',(1.099269200363,-1.594771077215));
#10863 = CARTESIAN_POINT('',(0.732829177387,-1.593038407659));
#10864 = CARTESIAN_POINT('',(0.366389458003,-1.594771077267));
#10865 = CARTESIAN_POINT('',(1.24344978758E-14,-1.6));
#10866 = ( GEOMETRIC_REPRESENTATION_CONTEXT(2) 
PARAMETRIC_REPRESENTATION_CONTEXT() REPRESENTATION_CONTEXT('2D SPACE',''
  ) );
#10867 = ORIENTED_EDGE('',*,*,#10868,.F.);
#10868 = EDGE_CURVE('',#10869,#10835,#10871,.T.);
#10869 = VERTEX_POINT('',#10870);
#10870 = CARTESIAN_POINT('',(-18.97163440444,-16.45798090586,
    0.600598998088));
#10871 = SURFACE_CURVE('',#10872,(#10881,#10893),.PCURVE_S1.);
#10872 = B_SPLINE_CURVE_WITH_KNOTS('',7,(#10873,#10874,#10875,#10876,
    #10877,#10878,#10879,#10880),.UNSPECIFIED.,.F.,.F.,(8,8),(0.,1.),
  .PIECEWISE_BEZIER_KNOTS.);
#10873 = CARTESIAN_POINT('',(-18.97163440444,-16.45798090586,
    0.600598998088));
#10874 = CARTESIAN_POINT('',(-19.19077973376,-16.79117519182,
    0.719099553285));
#10875 = CARTESIAN_POINT('',(-19.38332419472,-17.13435472226,
    0.848182674858));
#10876 = CARTESIAN_POINT('',(-19.54950686529,-17.48502592568,
    0.986310340718));
#10877 = CARTESIAN_POINT('',(-19.6898825469,-17.84107948664,
    1.131937080569));
#10878 = CARTESIAN_POINT('',(-19.80511777578,-18.20079521515,
    1.2836146553));
#10879 = CARTESIAN_POINT('',(-19.89589963144,-18.56284999651,
    1.440024629007));
#10880 = CARTESIAN_POINT('',(-19.9627479615,-18.92637078269,1.6));
#10881 = PCURVE('',#3613,#10882);
#10882 = DEFINITIONAL_REPRESENTATION('',(#10883),#10892);
#10883 = B_SPLINE_CURVE_WITH_KNOTS('',7,(#10884,#10885,#10886,#10887,
    #10888,#10889,#10890,#10891),.UNSPECIFIED.,.F.,.F.,(8,8),(0.,1.),
  .PIECEWISE_BEZIER_KNOTS.);
#10884 = CARTESIAN_POINT('',(3.856161692805,5.011803082344));
#10885 = CARTESIAN_POINT('',(3.860465120151,5.041562392828));
#10886 = CARTESIAN_POINT('',(3.865609437508,5.070632248963));
#10887 = CARTESIAN_POINT('',(3.871468904149,5.098948728532));
#10888 = CARTESIAN_POINT('',(3.877941607111,5.126477188547));
#10889 = CARTESIAN_POINT('',(3.884948360417,5.153198073043));
#10890 = CARTESIAN_POINT('',(3.892429610876,5.179104389785));
#10891 = CARTESIAN_POINT('',(3.900347581748,5.204198588418));
#10892 = ( GEOMETRIC_REPRESENTATION_CONTEXT(2) 
PARAMETRIC_REPRESENTATION_CONTEXT() REPRESENTATION_CONTEXT('2D SPACE',''
  ) );
#10893 = PCURVE('',#10894,#10899);
#10894 = CYLINDRICAL_SURFACE('',#10895,6.695751497138);
#10895 = AXIS2_PLACEMENT_3D('',#10896,#10897,#10898);
#10896 = CARTESIAN_POINT('',(-13.37741564033,-20.13735646847,0.));
#10897 = DIRECTION('',(-0.,-0.,-1.));
#10898 = DIRECTION('',(-0.835487811413,0.549508978071,0.));
#10899 = DEFINITIONAL_REPRESENTATION('',(#10900),#10909);
#10900 = B_SPLINE_CURVE_WITH_KNOTS('',7,(#10901,#10902,#10903,#10904,
    #10905,#10906,#10907,#10908),.UNSPECIFIED.,.F.,.F.,(8,8),(0.,1.),
  .PIECEWISE_BEZIER_KNOTS.);
#10901 = CARTESIAN_POINT('',(0.,-0.600598998088));
#10902 = CARTESIAN_POINT('',(-5.956046769159E-02,-0.719099553285));
#10903 = CARTESIAN_POINT('',(-0.118183781368,-0.848182674858));
#10904 = CARTESIAN_POINT('',(-0.17592361539,-0.986310340719));
#10905 = CARTESIAN_POINT('',(-0.232858176735,-1.131937080569));
#10906 = CARTESIAN_POINT('',(-0.289082501812,-1.2836146553));
#10907 = CARTESIAN_POINT('',(-0.344715234608,-1.440024629007));
#10908 = CARTESIAN_POINT('',(-0.399916820262,-1.6));
#10909 = ( GEOMETRIC_REPRESENTATION_CONTEXT(2) 
PARAMETRIC_REPRESENTATION_CONTEXT() REPRESENTATION_CONTEXT('2D SPACE',''
  ) );
#10910 = ORIENTED_EDGE('',*,*,#10911,.F.);
#10911 = EDGE_CURVE('',#10667,#10869,#10912,.T.);
#10912 = SURFACE_CURVE('',#10913,(#10919,#10928),.PCURVE_S1.);
#10913 = B_SPLINE_CURVE_WITH_KNOTS('',4,(#10914,#10915,#10916,#10917,
    #10918),.UNSPECIFIED.,.F.,.F.,(5,5),(0.,1.),
  .PIECEWISE_BEZIER_KNOTS.);
#10914 = CARTESIAN_POINT('',(-18.49775923416,-15.73748871247,
    0.373341058361));
#10915 = CARTESIAN_POINT('',(-18.62811780308,-15.93568928751,
    0.428039076436));
#10916 = CARTESIAN_POINT('',(-18.75779869435,-16.13285950376,
    0.488082200825));
#10917 = CARTESIAN_POINT('',(-18.88669878036,-16.32884256326,
    0.553458259061));
#10918 = CARTESIAN_POINT('',(-19.01471396537,-16.52348019617,
    0.624138849873));
#10919 = PCURVE('',#3613,#10920);
#10920 = DEFINITIONAL_REPRESENTATION('',(#10921),#10927);
#10921 = B_SPLINE_CURVE_WITH_KNOTS('',4,(#10922,#10923,#10924,#10925,
    #10926),.UNSPECIFIED.,.F.,.F.,(5,5),(0.,1.),
  .PIECEWISE_BEZIER_KNOTS.);
#10922 = CARTESIAN_POINT('',(3.846538275269,4.94812205133));
#10923 = CARTESIAN_POINT('',(3.849275902326,4.965469958185));
#10924 = CARTESIAN_POINT('',(3.85193086058,4.982842524983));
#10925 = CARTESIAN_POINT('',(3.854506287426,5.000239184384));
#10926 = CARTESIAN_POINT('',(3.857005122399,5.017659192849));
#10927 = ( GEOMETRIC_REPRESENTATION_CONTEXT(2) 
PARAMETRIC_REPRESENTATION_CONTEXT() REPRESENTATION_CONTEXT('2D SPACE',''
  ) );
#10928 = PCURVE('',#10929,#10934);
#10929 = PLANE('',#10930);
#10930 = AXIS2_PLACEMENT_3D('',#10931,#10932,#10933);
#10931 = CARTESIAN_POINT('',(-18.5408387951,-15.80298800278,0.));
#10932 = DIRECTION('',(0.835487811413,-0.549508978071,0.));
#10933 = DIRECTION('',(-0.549508978071,-0.835487811413,0.));
#10934 = DEFINITIONAL_REPRESENTATION('',(#10935),#10941);
#10935 = B_SPLINE_CURVE_WITH_KNOTS('',4,(#10936,#10937,#10938,#10939,
    #10940),.UNSPECIFIED.,.F.,.F.,(5,5),(0.,1.),
  .PIECEWISE_BEZIER_KNOTS.);
#10936 = CARTESIAN_POINT('',(-7.839646421336E-02,-0.373341058361));
#10937 = CARTESIAN_POINT('',(0.158830904433,-0.428039076436));
#10938 = CARTESIAN_POINT('',(0.394825030922,-0.488082200825));
#10939 = CARTESIAN_POINT('',(0.62939824291,-0.553458259061));
#10940 = CARTESIAN_POINT('',(0.862361106347,-0.624138849873));
#10941 = ( GEOMETRIC_REPRESENTATION_CONTEXT(2) 
PARAMETRIC_REPRESENTATION_CONTEXT() REPRESENTATION_CONTEXT('2D SPACE',''
  ) );
#10942 = ADVANCED_FACE('',(#10943),#3866,.F.);
#10943 = FACE_BOUND('',#10944,.F.);
#10944 = EDGE_LOOP('',(#10945,#10946,#10947,#10948));
#10945 = ORIENTED_EDGE('',*,*,#9432,.F.);
#10946 = ORIENTED_EDGE('',*,*,#3850,.T.);
#10947 = ORIENTED_EDGE('',*,*,#9948,.F.);
#10948 = ORIENTED_EDGE('',*,*,#10949,.F.);
#10949 = EDGE_CURVE('',#9433,#9949,#10950,.T.);
#10950 = SURFACE_CURVE('',#10951,(#10955,#10962),.PCURVE_S1.);
#10951 = LINE('',#10952,#10953);
#10952 = CARTESIAN_POINT('',(-8.155343402635,-22.95620846366,0.));
#10953 = VECTOR('',#10954,1.);
#10954 = DIRECTION('',(0.,0.,1.));
#10955 = PCURVE('',#3866,#10956);
#10956 = DEFINITIONAL_REPRESENTATION('',(#10957),#10961);
#10957 = LINE('',#10958,#10959);
#10958 = CARTESIAN_POINT('',(0.232710566933,0.));
#10959 = VECTOR('',#10960,1.);
#10960 = DIRECTION('',(0.,-1.));
#10961 = ( GEOMETRIC_REPRESENTATION_CONTEXT(2) 
PARAMETRIC_REPRESENTATION_CONTEXT() REPRESENTATION_CONTEXT('2D SPACE',''
  ) );
#10962 = PCURVE('',#9695,#10963);
#10963 = DEFINITIONAL_REPRESENTATION('',(#10964),#10968);
#10964 = LINE('',#10965,#10966);
#10965 = CARTESIAN_POINT('',(0.,0.));
#10966 = VECTOR('',#10967,1.);
#10967 = DIRECTION('',(0.,-1.));
#10968 = ( GEOMETRIC_REPRESENTATION_CONTEXT(2) 
PARAMETRIC_REPRESENTATION_CONTEXT() REPRESENTATION_CONTEXT('2D SPACE',''
  ) );
#10969 = ADVANCED_FACE('',(#10970),#3723,.T.);
#10970 = FACE_BOUND('',#10971,.T.);
#10971 = EDGE_LOOP('',(#10972,#10994,#10995,#10996));
#10972 = ORIENTED_EDGE('',*,*,#10973,.T.);
#10973 = EDGE_CURVE('',#4629,#3658,#10974,.T.);
#10974 = SURFACE_CURVE('',#10975,(#10980,#10987),.PCURVE_S1.);
#10975 = CIRCLE('',#10976,21.159010550645);
#10976 = AXIS2_PLACEMENT_3D('',#10977,#10978,#10979);
#10977 = CARTESIAN_POINT('',(0.,0.,7.199999109273));
#10978 = DIRECTION('',(0.,0.,1.));
#10979 = DIRECTION('',(1.,0.,-0.));
#10980 = PCURVE('',#3723,#10981);
#10981 = DEFINITIONAL_REPRESENTATION('',(#10982),#10986);
#10982 = LINE('',#10983,#10984);
#10983 = CARTESIAN_POINT('',(0.,1.568908760281));
#10984 = VECTOR('',#10985,1.);
#10985 = DIRECTION('',(1.,0.));
#10986 = ( GEOMETRIC_REPRESENTATION_CONTEXT(2) 
PARAMETRIC_REPRESENTATION_CONTEXT() REPRESENTATION_CONTEXT('2D SPACE',''
  ) );
#10987 = PCURVE('',#3681,#10988);
#10988 = DEFINITIONAL_REPRESENTATION('',(#10989),#10993);
#10989 = LINE('',#10990,#10991);
#10990 = CARTESIAN_POINT('',(0.,1.568908760277));
#10991 = VECTOR('',#10992,1.);
#10992 = DIRECTION('',(1.,0.));
#10993 = ( GEOMETRIC_REPRESENTATION_CONTEXT(2) 
PARAMETRIC_REPRESENTATION_CONTEXT() REPRESENTATION_CONTEXT('2D SPACE',''
  ) );
#10994 = ORIENTED_EDGE('',*,*,#3697,.T.);
#10995 = ORIENTED_EDGE('',*,*,#7150,.F.);
#10996 = ORIENTED_EDGE('',*,*,#4628,.F.);
#10997 = ADVANCED_FACE('',(#10998),#3681,.T.);
#10998 = FACE_BOUND('',#10999,.T.);
#10999 = EDGE_LOOP('',(#11000,#11040,#11069,#11107,#11136,#11178,#11179,
    #11180,#11181,#11225));
#11000 = ORIENTED_EDGE('',*,*,#11001,.F.);
#11001 = EDGE_CURVE('',#11002,#11004,#11006,.T.);
#11002 = VERTEX_POINT('',#11003);
#11003 = CARTESIAN_POINT('',(-19.9627479615,-18.92637078269,5.6));
#11004 = VERTEX_POINT('',#11005);
#11005 = CARTESIAN_POINT('',(-18.97163440444,-16.45798090586,
    6.599401001912));
#11006 = SURFACE_CURVE('',#11007,(#11016,#11028),.PCURVE_S1.);
#11007 = B_SPLINE_CURVE_WITH_KNOTS('',7,(#11008,#11009,#11010,#11011,
    #11012,#11013,#11014,#11015),.UNSPECIFIED.,.F.,.F.,(8,8),(0.,1.),
  .PIECEWISE_BEZIER_KNOTS.);
#11008 = CARTESIAN_POINT('',(-19.9627479615,-18.92637078269,5.6));
#11009 = CARTESIAN_POINT('',(-19.89589963142,-18.56284999641,
    5.759975371035));
#11010 = CARTESIAN_POINT('',(-19.8051177758,-18.20079521533,
    5.916385344619));
#11011 = CARTESIAN_POINT('',(-19.689882547,-17.84107948693,
    6.068062919312));
#11012 = CARTESIAN_POINT('',(-19.54950686539,-17.4850259258,
    6.21368965924));
#11013 = CARTESIAN_POINT('',(-19.38332419467,-17.13435472208,
    6.351817325222));
#11014 = CARTESIAN_POINT('',(-19.19077973355,-16.7911751915,
    6.480900446831));
#11015 = CARTESIAN_POINT('',(-18.97163440444,-16.45798090586,
    6.599401001912));
#11016 = PCURVE('',#3681,#11017);
#11017 = DEFINITIONAL_REPRESENTATION('',(#11018),#11027);
#11018 = B_SPLINE_CURVE_WITH_KNOTS('',7,(#11019,#11020,#11021,#11022,
    #11023,#11024,#11025,#11026),.UNSPECIFIED.,.F.,.F.,(8,8),(0.,1.),
  .PIECEWISE_BEZIER_KNOTS.);
#11019 = CARTESIAN_POINT('',(3.900347581748,1.078986718762));
#11020 = CARTESIAN_POINT('',(3.892429610874,1.104080917401));
#11021 = CARTESIAN_POINT('',(3.884948360421,1.129987234125));
#11022 = CARTESIAN_POINT('',(3.877941607116,1.156708118611));
#11023 = CARTESIAN_POINT('',(3.871468904151,1.184236578637));
#11024 = CARTESIAN_POINT('',(3.865609437505,1.21255305823));
#11025 = CARTESIAN_POINT('',(3.860465120147,1.241622914381));
#11026 = CARTESIAN_POINT('',(3.856161692805,1.271382224835));
#11027 = ( GEOMETRIC_REPRESENTATION_CONTEXT(2) 
PARAMETRIC_REPRESENTATION_CONTEXT() REPRESENTATION_CONTEXT('2D SPACE',''
  ) );
#11028 = PCURVE('',#10894,#11029);
#11029 = DEFINITIONAL_REPRESENTATION('',(#11030),#11039);
#11030 = B_SPLINE_CURVE_WITH_KNOTS('',7,(#11031,#11032,#11033,#11034,
    #11035,#11036,#11037,#11038),.UNSPECIFIED.,.F.,.F.,(8,8),(0.,1.),
  .PIECEWISE_BEZIER_KNOTS.);
#11031 = CARTESIAN_POINT('',(-0.399916820262,-5.6));
#11032 = CARTESIAN_POINT('',(-0.344715234593,-5.759975371035));
#11033 = CARTESIAN_POINT('',(-0.289082501839,-5.916385344619));
#11034 = CARTESIAN_POINT('',(-0.23285817678,-6.068062919312));
#11035 = CARTESIAN_POINT('',(-0.175923615412,-6.21368965924));
#11036 = CARTESIAN_POINT('',(-0.118183781341,-6.351817325222));
#11037 = CARTESIAN_POINT('',(-5.95604676331E-02,-6.480900446831));
#11038 = CARTESIAN_POINT('',(0.,-6.599401001912));
#11039 = ( GEOMETRIC_REPRESENTATION_CONTEXT(2) 
PARAMETRIC_REPRESENTATION_CONTEXT() REPRESENTATION_CONTEXT('2D SPACE',''
  ) );
#11040 = ORIENTED_EDGE('',*,*,#11041,.T.);
#11041 = EDGE_CURVE('',#11002,#11042,#11044,.T.);
#11042 = VERTEX_POINT('',#11043);
#11043 = CARTESIAN_POINT('',(-18.92637078269,-19.9627479615,5.6));
#11044 = SURFACE_CURVE('',#11045,(#11051,#11060),.PCURVE_S1.);
#11045 = B_SPLINE_CURVE_WITH_KNOTS('',4,(#11046,#11047,#11048,#11049,
    #11050),.UNSPECIFIED.,.F.,.F.,(5,5),(0.,1.),
  .PIECEWISE_BEZIER_KNOTS.);
#11046 = CARTESIAN_POINT('',(-19.9627479615,-18.92637078269,5.6));
#11047 = CARTESIAN_POINT('',(-19.70367148862,-19.18544725557,
    5.605228922785));
#11048 = CARTESIAN_POINT('',(-19.44455926347,-19.44455948072,
    5.606961592341));
#11049 = CARTESIAN_POINT('',(-19.185447253,-19.70367149119,
    5.605228922733));
#11050 = CARTESIAN_POINT('',(-18.92637078269,-19.9627479615,5.6));
#11051 = PCURVE('',#3681,#11052);
#11052 = DEFINITIONAL_REPRESENTATION('',(#11053),#11059);
#11053 = B_SPLINE_CURVE_WITH_KNOTS('',4,(#11054,#11055,#11056,#11057,
    #11058),.UNSPECIFIED.,.F.,.F.,(5,5),(0.,1.),
  .PIECEWISE_BEZIER_KNOTS.);
#11054 = CARTESIAN_POINT('',(3.900347581748,1.078986718762));
#11055 = CARTESIAN_POINT('',(3.913661980028,1.079806942689));
#11056 = CARTESIAN_POINT('',(3.926990823028,1.080080408983));
#11057 = CARTESIAN_POINT('',(3.940319654079,1.079806942681));
#11058 = CARTESIAN_POINT('',(3.953634052227,1.078986718762));
#11059 = ( GEOMETRIC_REPRESENTATION_CONTEXT(2) 
PARAMETRIC_REPRESENTATION_CONTEXT() REPRESENTATION_CONTEXT('2D SPACE',''
  ) );
#11060 = PCURVE('',#10854,#11061);
#11061 = DEFINITIONAL_REPRESENTATION('',(#11062),#11068);
#11062 = B_SPLINE_CURVE_WITH_KNOTS('',4,(#11063,#11064,#11065,#11066,
    #11067),.UNSPECIFIED.,.F.,.F.,(5,5),(0.,1.),
  .PIECEWISE_BEZIER_KNOTS.);
#11063 = CARTESIAN_POINT('',(2.593480985524E-13,-5.6));
#11064 = CARTESIAN_POINT('',(0.366389461644,-5.605228922785));
#11065 = CARTESIAN_POINT('',(0.732829484621,-5.606961592341));
#11066 = CARTESIAN_POINT('',(1.099269204004,-5.605228922733));
#11067 = CARTESIAN_POINT('',(1.465658662007,-5.6));
#11068 = ( GEOMETRIC_REPRESENTATION_CONTEXT(2) 
PARAMETRIC_REPRESENTATION_CONTEXT() REPRESENTATION_CONTEXT('2D SPACE',''
  ) );
#11069 = ORIENTED_EDGE('',*,*,#11070,.T.);
#11070 = EDGE_CURVE('',#11042,#11071,#11073,.T.);
#11071 = VERTEX_POINT('',#11072);
#11072 = CARTESIAN_POINT('',(-16.45798090586,-18.97163440444,
    6.599401001912));
#11073 = SURFACE_CURVE('',#11074,(#11083,#11095),.PCURVE_S1.);
#11074 = B_SPLINE_CURVE_WITH_KNOTS('',7,(#11075,#11076,#11077,#11078,
    #11079,#11080,#11081,#11082),.UNSPECIFIED.,.F.,.F.,(8,8),(0.,1.),
  .PIECEWISE_BEZIER_KNOTS.);
#11075 = CARTESIAN_POINT('',(-18.92637078269,-19.9627479615,5.6));
#11076 = CARTESIAN_POINT('',(-18.56284999641,-19.89589963142,
    5.759975371035));
#11077 = CARTESIAN_POINT('',(-18.20079521533,-19.8051177758,
    5.91638534462));
#11078 = CARTESIAN_POINT('',(-17.84107948693,-19.689882547,
    6.068062919311));
#11079 = CARTESIAN_POINT('',(-17.4850259258,-19.54950686538,
    6.213689659241));
#11080 = CARTESIAN_POINT('',(-17.13435472208,-19.38332419467,
    6.351817325222));
#11081 = CARTESIAN_POINT('',(-16.7911751915,-19.19077973355,
    6.480900446831));
#11082 = CARTESIAN_POINT('',(-16.45798090586,-18.97163440444,
    6.599401001912));
#11083 = PCURVE('',#3681,#11084);
#11084 = DEFINITIONAL_REPRESENTATION('',(#11085),#11094);
#11085 = B_SPLINE_CURVE_WITH_KNOTS('',7,(#11086,#11087,#11088,#11089,
    #11090,#11091,#11092,#11093),.UNSPECIFIED.,.F.,.F.,(8,8),(0.,1.),
  .PIECEWISE_BEZIER_KNOTS.);
#11086 = CARTESIAN_POINT('',(3.953634052227,1.078986718762));
#11087 = CARTESIAN_POINT('',(3.9615520231,1.104080917401));
#11088 = CARTESIAN_POINT('',(3.969033273553,1.129987234125));
#11089 = CARTESIAN_POINT('',(3.976040026859,1.156708118611));
#11090 = CARTESIAN_POINT('',(3.982512729824,1.184236578637));
#11091 = CARTESIAN_POINT('',(3.98837219647,1.21255305823));
#11092 = CARTESIAN_POINT('',(3.993516513828,1.241622914381));
#11093 = CARTESIAN_POINT('',(3.99781994117,1.271382224835));
#11094 = ( GEOMETRIC_REPRESENTATION_CONTEXT(2) 
PARAMETRIC_REPRESENTATION_CONTEXT() REPRESENTATION_CONTEXT('2D SPACE',''
  ) );
#11095 = PCURVE('',#10817,#11096);
#11096 = DEFINITIONAL_REPRESENTATION('',(#11097),#11106);
#11097 = B_SPLINE_CURVE_WITH_KNOTS('',7,(#11098,#11099,#11100,#11101,
    #11102,#11103,#11104,#11105),.UNSPECIFIED.,.F.,.F.,(8,8),(0.,1.),
  .PIECEWISE_BEZIER_KNOTS.);
#11098 = CARTESIAN_POINT('',(8.881784197001E-16,-5.6));
#11099 = CARTESIAN_POINT('',(-5.520158566822E-02,-5.759975371035));
#11100 = CARTESIAN_POINT('',(-0.110834318423,-5.916385344619));
#11101 = CARTESIAN_POINT('',(-0.167058643481,-6.068062919311));
#11102 = CARTESIAN_POINT('',(-0.22399320485,-6.213689659241));
#11103 = CARTESIAN_POINT('',(-0.281733038921,-6.351817325222));
#11104 = CARTESIAN_POINT('',(-0.340356352629,-6.480900446831));
#11105 = CARTESIAN_POINT('',(-0.399916820262,-6.599401001912));
#11106 = ( GEOMETRIC_REPRESENTATION_CONTEXT(2) 
PARAMETRIC_REPRESENTATION_CONTEXT() REPRESENTATION_CONTEXT('2D SPACE',''
  ) );
#11107 = ORIENTED_EDGE('',*,*,#11108,.T.);
#11108 = EDGE_CURVE('',#11071,#11109,#11111,.T.);
#11109 = VERTEX_POINT('',#11110);
#11110 = CARTESIAN_POINT('',(-15.80298800278,-18.5408387951,
    6.808351985059));
#11111 = SURFACE_CURVE('',#11112,(#11118,#11127),.PCURVE_S1.);
#11112 = B_SPLINE_CURVE_WITH_KNOTS('',4,(#11113,#11114,#11115,#11116,
    #11117),.UNSPECIFIED.,.F.,.F.,(5,5),(0.,1.),
  .PIECEWISE_BEZIER_KNOTS.);
#11113 = CARTESIAN_POINT('',(-16.52348019617,-19.01471396537,
    6.575861150127));
#11114 = CARTESIAN_POINT('',(-16.32884256339,-18.88669878044,
    6.646541740914));
#11115 = CARTESIAN_POINT('',(-16.13285950371,-18.75779869432,
    6.711917799181));
#11116 = CARTESIAN_POINT('',(-15.93568928756,-18.62811780311,
    6.771960923545));
#11117 = CARTESIAN_POINT('',(-15.73748871247,-18.49775923416,
    6.826658941639));
#11118 = PCURVE('',#3681,#11119);
#11119 = DEFINITIONAL_REPRESENTATION('',(#11120),#11126);
#11120 = B_SPLINE_CURVE_WITH_KNOTS('',4,(#11121,#11122,#11123,#11124,
    #11125),.UNSPECIFIED.,.F.,.F.,(5,5),(0.,1.),
  .PIECEWISE_BEZIER_KNOTS.);
#11121 = CARTESIAN_POINT('',(3.996976511614,1.265526114236));
#11122 = CARTESIAN_POINT('',(3.999475346586,1.28294612269));
#11123 = CARTESIAN_POINT('',(4.002050773325,1.300342782355));
#11124 = CARTESIAN_POINT('',(4.004705731665,1.317715348962));
#11125 = CARTESIAN_POINT('',(4.007443358723,1.33506325582));
#11126 = ( GEOMETRIC_REPRESENTATION_CONTEXT(2) 
PARAMETRIC_REPRESENTATION_CONTEXT() REPRESENTATION_CONTEXT('2D SPACE',''
  ) );
#11127 = PCURVE('',#10777,#11128);
#11128 = DEFINITIONAL_REPRESENTATION('',(#11129),#11135);
#11129 = B_SPLINE_CURVE_WITH_KNOTS('',4,(#11130,#11131,#11132,#11133,
    #11134),.UNSPECIFIED.,.F.,.F.,(5,5),(0.,1.),
  .PIECEWISE_BEZIER_KNOTS.);
#11130 = CARTESIAN_POINT('',(-7.839646421336E-02,-6.575861150127));
#11131 = CARTESIAN_POINT('',(0.154566399069,-6.646541740914));
#11132 = CARTESIAN_POINT('',(0.389139611271,-6.711917799181));
#11133 = CARTESIAN_POINT('',(0.625133737648,-6.771960923545));
#11134 = CARTESIAN_POINT('',(0.862361106347,-6.826658941639));
#11135 = ( GEOMETRIC_REPRESENTATION_CONTEXT(2) 
PARAMETRIC_REPRESENTATION_CONTEXT() REPRESENTATION_CONTEXT('2D SPACE',''
  ) );
#11136 = ORIENTED_EDGE('',*,*,#11137,.T.);
#11137 = EDGE_CURVE('',#11109,#3630,#11138,.T.);
#11138 = SURFACE_CURVE('',#11139,(#11150,#11164),.PCURVE_S1.);
#11139 = B_SPLINE_CURVE_WITH_KNOTS('',5,(#11140,#11141,#11142,#11143,
    #11144,#11145,#11146,#11147,#11148,#11149),.UNSPECIFIED.,.F.,.F.,(6,
    4,6),(0.,0.323177196072,1.),.UNSPECIFIED.);
#11140 = CARTESIAN_POINT('',(-15.80298800278,-18.5408387951,
    6.808351985059));
#11141 = CARTESIAN_POINT('',(-15.67621009065,-18.45745565056,
    6.844233903127));
#11142 = CARTESIAN_POINT('',(-15.54707758415,-18.37583836157,
    6.877991311061));
#11143 = CARTESIAN_POINT('',(-15.41567181004,-18.2961282349,
    6.909601465439));
#11144 = CARTESIAN_POINT('',(-15.28208954976,-18.21845952741,
    6.939057935806));
#11145 = CARTESIAN_POINT('',(-14.86236157425,-17.98484130719,
    7.023570918771));
#11146 = CARTESIAN_POINT('',(-14.56920475759,-17.83622208203,
    7.071373368033));
#11147 = CARTESIAN_POINT('',(-14.26805165035,-17.69829431922,
    7.10985887363));
#11148 = CARTESIAN_POINT('',(-13.96009064535,-17.5719588775,
    7.139495530159));
#11149 = CARTESIAN_POINT('',(-13.64658247938,-17.45785123688,
    7.161045598658));
#11150 = PCURVE('',#3681,#11151);
#11151 = DEFINITIONAL_REPRESENTATION('',(#11152),#11163);
#11152 = B_SPLINE_CURVE_WITH_KNOTS('',5,(#11153,#11154,#11155,#11156,
    #11157,#11158,#11159,#11160,#11161,#11162),.UNSPECIFIED.,.F.,.F.,(6,
    4,6),(0.,0.323177196072,1.),.UNSPECIFIED.);
#11153 = CARTESIAN_POINT('',(4.006541446399,1.329325564959));
#11154 = CARTESIAN_POINT('',(4.00828175135,1.340440477403));
#11155 = CARTESIAN_POINT('',(4.010168642167,1.351524309093));
#11156 = CARTESIAN_POINT('',(4.012207811285,1.362565990089));
#11157 = CARTESIAN_POINT('',(4.01440440066,1.373553795749));
#11158 = CARTESIAN_POINT('',(4.021702567551,1.407348107707));
#11159 = CARTESIAN_POINT('',(4.027353032318,1.42993198265));
#11160 = CARTESIAN_POINT('',(4.033755207407,1.452109416501));
#11161 = CARTESIAN_POINT('',(4.040938957436,1.473766250144));
#11162 = CARTESIAN_POINT('',(4.048914422752,1.494788207479));
#11163 = ( GEOMETRIC_REPRESENTATION_CONTEXT(2) 
PARAMETRIC_REPRESENTATION_CONTEXT() REPRESENTATION_CONTEXT('2D SPACE',''
  ) );
#11164 = PCURVE('',#3645,#11165);
#11165 = DEFINITIONAL_REPRESENTATION('',(#11166),#11177);
#11166 = B_SPLINE_CURVE_WITH_KNOTS('',5,(#11167,#11168,#11169,#11170,
    #11171,#11172,#11173,#11174,#11175,#11176),.UNSPECIFIED.,.F.,.F.,(6,
    4,6),(0.,0.323177196072,1.),.UNSPECIFIED.);
#11167 = CARTESIAN_POINT('',(0.,-6.808351985059));
#11168 = CARTESIAN_POINT('',(1.460050148684E-02,-6.844233903127));
#11169 = CARTESIAN_POINT('',(2.929691197101E-02,-6.877991311061));
#11170 = CARTESIAN_POINT('',(4.408174859321E-02,-6.909601465439));
#11171 = CARTESIAN_POINT('',(5.894706799471E-02,-6.939057935806));
#11172 = CARTESIAN_POINT('',(0.105167526939,-7.023570918771));
#11173 = CARTESIAN_POINT('',(0.136769081369,-7.071373368033));
#11174 = CARTESIAN_POINT('',(0.168606415519,-7.10985887363));
#11175 = CARTESIAN_POINT('',(0.200608918283,-7.139495530159));
#11176 = CARTESIAN_POINT('',(0.232710566933,-7.161045598658));
#11177 = ( GEOMETRIC_REPRESENTATION_CONTEXT(2) 
PARAMETRIC_REPRESENTATION_CONTEXT() REPRESENTATION_CONTEXT('2D SPACE',''
  ) );
#11178 = ORIENTED_EDGE('',*,*,#3657,.T.);
#11179 = ORIENTED_EDGE('',*,*,#10973,.F.);
#11180 = ORIENTED_EDGE('',*,*,#4666,.F.);
#11181 = ORIENTED_EDGE('',*,*,#11182,.F.);
#11182 = EDGE_CURVE('',#11183,#4667,#11185,.T.);
#11183 = VERTEX_POINT('',#11184);
#11184 = CARTESIAN_POINT('',(-18.5408387951,-15.80298800278,
    6.808351985059));
#11185 = SURFACE_CURVE('',#11186,(#11197,#11211),.PCURVE_S1.);
#11186 = B_SPLINE_CURVE_WITH_KNOTS('',5,(#11187,#11188,#11189,#11190,
    #11191,#11192,#11193,#11194,#11195,#11196),.UNSPECIFIED.,.F.,.F.,(6,
    4,6),(0.,0.323177195927,1.),.UNSPECIFIED.);
#11187 = CARTESIAN_POINT('',(-18.5408387951,-15.80298800278,
    6.808351985059));
#11188 = CARTESIAN_POINT('',(-18.45745565059,-15.6762100907,
    6.844233903111));
#11189 = CARTESIAN_POINT('',(-18.37583836164,-15.54707758427,
    6.877991311031));
#11190 = CARTESIAN_POINT('',(-18.29612823501,-15.41567181021,
    6.909601465397));
#11191 = CARTESIAN_POINT('',(-18.21845952755,-15.28208955,6.939057935753
    ));
#11192 = CARTESIAN_POINT('',(-17.98484130731,-14.8623615745,
    7.02357091873));
#11193 = CARTESIAN_POINT('',(-17.83622208212,-14.56920475778,
    7.071373368008));
#11194 = CARTESIAN_POINT('',(-17.69829431928,-14.26805165048,
    7.109858873617));
#11195 = CARTESIAN_POINT('',(-17.57195887752,-13.96009064542,
    7.139495530155));
#11196 = CARTESIAN_POINT('',(-17.45785123688,-13.64658247938,
    7.161045598658));
#11197 = PCURVE('',#3681,#11198);
#11198 = DEFINITIONAL_REPRESENTATION('',(#11199),#11210);
#11199 = B_SPLINE_CURVE_WITH_KNOTS('',5,(#11200,#11201,#11202,#11203,
    #11204,#11205,#11206,#11207,#11208,#11209),.UNSPECIFIED.,.F.,.F.,(6,
    4,6),(0.,0.323177195927,1.),.UNSPECIFIED.);
#11200 = CARTESIAN_POINT('',(3.847440187575,1.329325564959));
#11201 = CARTESIAN_POINT('',(3.845699882625,1.340440477398));
#11202 = CARTESIAN_POINT('',(3.843812991809,1.351524309084));
#11203 = CARTESIAN_POINT('',(3.841773822692,1.362565990074));
#11204 = CARTESIAN_POINT('',(3.839577233318,1.373553795729));
#11205 = CARTESIAN_POINT('',(3.832279066428,1.407348107688));
#11206 = CARTESIAN_POINT('',(3.82662860166,1.429931982636));
#11207 = CARTESIAN_POINT('',(3.820226426571,1.452109416492));
#11208 = CARTESIAN_POINT('',(3.813042676541,1.47376625014));
#11209 = CARTESIAN_POINT('',(3.805067211223,1.494788207479));
#11210 = ( GEOMETRIC_REPRESENTATION_CONTEXT(2) 
PARAMETRIC_REPRESENTATION_CONTEXT() REPRESENTATION_CONTEXT('2D SPACE',''
  ) );
#11211 = PCURVE('',#4717,#11212);
#11212 = DEFINITIONAL_REPRESENTATION('',(#11213),#11224);
#11213 = B_SPLINE_CURVE_WITH_KNOTS('',5,(#11214,#11215,#11216,#11217,
    #11218,#11219,#11220,#11221,#11222,#11223),.UNSPECIFIED.,.F.,.F.,(6,
    4,6),(0.,0.323177195927,1.),.UNSPECIFIED.);
#11214 = CARTESIAN_POINT('',(0.232710566933,-6.808351985059));
#11215 = CARTESIAN_POINT('',(0.218110065452,-6.844233903111));
#11216 = CARTESIAN_POINT('',(0.203413654975,-6.877991311031));
#11217 = CARTESIAN_POINT('',(0.188628818359,-6.909601465397));
#11218 = CARTESIAN_POINT('',(0.173763498965,-6.939057935753));
#11219 = CARTESIAN_POINT('',(0.127543040021,-7.02357091873));
#11220 = CARTESIAN_POINT('',(9.594148558435E-02,-7.071373368008));
#11221 = CARTESIAN_POINT('',(6.410415142691E-02,-7.109858873617));
#11222 = CARTESIAN_POINT('',(3.210164865685E-02,-7.139495530155));
#11223 = CARTESIAN_POINT('',(0.,-7.161045598658));
#11224 = ( GEOMETRIC_REPRESENTATION_CONTEXT(2) 
PARAMETRIC_REPRESENTATION_CONTEXT() REPRESENTATION_CONTEXT('2D SPACE',''
  ) );
#11225 = ORIENTED_EDGE('',*,*,#11226,.F.);
#11226 = EDGE_CURVE('',#11004,#11183,#11227,.T.);
#11227 = SURFACE_CURVE('',#11228,(#11234,#11243),.PCURVE_S1.);
#11228 = B_SPLINE_CURVE_WITH_KNOTS('',4,(#11229,#11230,#11231,#11232,
    #11233),.UNSPECIFIED.,.F.,.F.,(5,5),(0.,1.),
  .PIECEWISE_BEZIER_KNOTS.);
#11229 = CARTESIAN_POINT('',(-19.01471396537,-16.52348019617,
    6.575861150127));
#11230 = CARTESIAN_POINT('',(-18.88669878044,-16.32884256339,
    6.646541740914));
#11231 = CARTESIAN_POINT('',(-18.75779869432,-16.13285950371,
    6.711917799181));
#11232 = CARTESIAN_POINT('',(-18.62811780311,-15.93568928756,
    6.771960923545));
#11233 = CARTESIAN_POINT('',(-18.49775923416,-15.73748871247,
    6.826658941639));
#11234 = PCURVE('',#3681,#11235);
#11235 = DEFINITIONAL_REPRESENTATION('',(#11236),#11242);
#11236 = B_SPLINE_CURVE_WITH_KNOTS('',4,(#11237,#11238,#11239,#11240,
    #11241),.UNSPECIFIED.,.F.,.F.,(5,5),(0.,1.),
  .PIECEWISE_BEZIER_KNOTS.);
#11237 = CARTESIAN_POINT('',(3.85700512236,1.265526114236));
#11238 = CARTESIAN_POINT('',(3.854506287389,1.28294612269));
#11239 = CARTESIAN_POINT('',(3.85193086065,1.300342782355));
#11240 = CARTESIAN_POINT('',(3.849275902309,1.317715348962));
#11241 = CARTESIAN_POINT('',(3.846538275252,1.33506325582));
#11242 = ( GEOMETRIC_REPRESENTATION_CONTEXT(2) 
PARAMETRIC_REPRESENTATION_CONTEXT() REPRESENTATION_CONTEXT('2D SPACE',''
  ) );
#11243 = PCURVE('',#10929,#11244);
#11244 = DEFINITIONAL_REPRESENTATION('',(#11245),#11251);
#11245 = B_SPLINE_CURVE_WITH_KNOTS('',4,(#11246,#11247,#11248,#11249,
    #11250),.UNSPECIFIED.,.F.,.F.,(5,5),(0.,1.),
  .PIECEWISE_BEZIER_KNOTS.);
#11246 = CARTESIAN_POINT('',(0.862361106347,-6.575861150127));
#11247 = CARTESIAN_POINT('',(0.629398243065,-6.646541740914));
#11248 = CARTESIAN_POINT('',(0.394825030862,-6.711917799181));
#11249 = CARTESIAN_POINT('',(0.158830904485,-6.771960923545));
#11250 = CARTESIAN_POINT('',(-7.839646421336E-02,-6.826658941639));
#11251 = ( GEOMETRIC_REPRESENTATION_CONTEXT(2) 
PARAMETRIC_REPRESENTATION_CONTEXT() REPRESENTATION_CONTEXT('2D SPACE',''
  ) );
#11252 = ADVANCED_FACE('',(#11253),#3645,.F.);
#11253 = FACE_BOUND('',#11254,.F.);
#11254 = EDGE_LOOP('',(#11255,#11256,#11277,#11278));
#11255 = ORIENTED_EDGE('',*,*,#10713,.T.);
#11256 = ORIENTED_EDGE('',*,*,#11257,.T.);
#11257 = EDGE_CURVE('',#10714,#11109,#11258,.T.);
#11258 = SURFACE_CURVE('',#11259,(#11263,#11270),.PCURVE_S1.);
#11259 = LINE('',#11260,#11261);
#11260 = CARTESIAN_POINT('',(-15.80298800278,-18.5408387951,0.));
#11261 = VECTOR('',#11262,1.);
#11262 = DIRECTION('',(0.,0.,1.));
#11263 = PCURVE('',#3645,#11264);
#11264 = DEFINITIONAL_REPRESENTATION('',(#11265),#11269);
#11265 = LINE('',#11266,#11267);
#11266 = CARTESIAN_POINT('',(0.,0.));
#11267 = VECTOR('',#11268,1.);
#11268 = DIRECTION('',(0.,-1.));
#11269 = ( GEOMETRIC_REPRESENTATION_CONTEXT(2) 
PARAMETRIC_REPRESENTATION_CONTEXT() REPRESENTATION_CONTEXT('2D SPACE',''
  ) );
#11270 = PCURVE('',#10777,#11271);
#11271 = DEFINITIONAL_REPRESENTATION('',(#11272),#11276);
#11272 = LINE('',#11273,#11274);
#11273 = CARTESIAN_POINT('',(0.783964642134,0.));
#11274 = VECTOR('',#11275,1.);
#11275 = DIRECTION('',(0.,-1.));
#11276 = ( GEOMETRIC_REPRESENTATION_CONTEXT(2) 
PARAMETRIC_REPRESENTATION_CONTEXT() REPRESENTATION_CONTEXT('2D SPACE',''
  ) );
#11277 = ORIENTED_EDGE('',*,*,#11137,.T.);
#11278 = ORIENTED_EDGE('',*,*,#3629,.F.);
#11279 = ADVANCED_FACE('',(#11280),#4260,.T.);
#11280 = FACE_BOUND('',#11281,.T.);
#11281 = EDGE_LOOP('',(#11282,#11326,#11327,#11328,#11329,#11373,#11407,
    #11450,#11484,#11527));
#11282 = ORIENTED_EDGE('',*,*,#11283,.F.);
#11283 = EDGE_CURVE('',#4209,#11284,#11286,.T.);
#11284 = VERTEX_POINT('',#11285);
#11285 = CARTESIAN_POINT('',(-4.415369668564,23.958331405423,
    0.391648014941));
#11286 = SURFACE_CURVE('',#11287,(#11298,#11312),.PCURVE_S1.);
#11287 = B_SPLINE_CURVE_WITH_KNOTS('',5,(#11288,#11289,#11290,#11291,
    #11292,#11293,#11294,#11295,#11296,#11297),.UNSPECIFIED.,.F.,.F.,(6,
    4,6),(0.,0.678562721325,1.),.UNSPECIFIED.);
#11288 = CARTESIAN_POINT('',(-3.089361483543,21.942233906328,
    3.895440134219E-02));
#11289 = CARTESIAN_POINT('',(-3.304364960161,22.198465072007,
    6.055986544558E-02));
#11290 = CARTESIAN_POINT('',(-3.508394484567,22.462552638151,
    9.029355703039E-02));
#11291 = CARTESIAN_POINT('',(-3.70066970811,22.733306482988,
    0.128923633473));
#11292 = CARTESIAN_POINT('',(-3.880608014165,23.009341111808,
    0.176920978785));
#11293 = CARTESIAN_POINT('',(-4.127102551431,23.421580608936,
    0.261576802321));
#11294 = CARTESIAN_POINT('',(-4.20349338763,23.554923987976,
    0.290909283118));
#11295 = CARTESIAN_POINT('',(-4.277009646663,23.688937984902,
    0.322372247641));
#11296 = CARTESIAN_POINT('',(-4.347634999579,23.823460590511,
    0.355959281399));
#11297 = CARTESIAN_POINT('',(-4.415369668564,23.958331405423,
    0.391648014941));
#11298 = PCURVE('',#4260,#11299);
#11299 = DEFINITIONAL_REPRESENTATION('',(#11300),#11311);
#11300 = B_SPLINE_CURVE_WITH_KNOTS('',5,(#11301,#11302,#11303,#11304,
    #11305,#11306,#11307,#11308,#11309,#11310),.UNSPECIFIED.,.F.,.F.,(6,
    4,6),(0.,0.678562721325,1.),.UNSPECIFIED.);
#11301 = CARTESIAN_POINT('',(1.710672108829,4.7883970997));
#11302 = CARTESIAN_POINT('',(1.718668075506,4.809473095102));
#11303 = CARTESIAN_POINT('',(1.725868256157,4.831187248477));
#11304 = CARTESIAN_POINT('',(1.732282859182,4.85342437525));
#11305 = CARTESIAN_POINT('',(1.737942035978,4.876069436946));
#11306 = CARTESIAN_POINT('',(1.745229408965,4.909868150788));
#11307 = CARTESIAN_POINT('',(1.747411646041,4.920797661649));
#11308 = CARTESIAN_POINT('',(1.749438204034,4.931780347325));
#11309 = CARTESIAN_POINT('',(1.751314146116,4.942804674322));
#11310 = CARTESIAN_POINT('',(1.753045081442,4.953859745101));
#11311 = ( GEOMETRIC_REPRESENTATION_CONTEXT(2) 
PARAMETRIC_REPRESENTATION_CONTEXT() REPRESENTATION_CONTEXT('2D SPACE',''
  ) );
#11312 = PCURVE('',#4224,#11313);
#11313 = DEFINITIONAL_REPRESENTATION('',(#11314),#11325);
#11314 = B_SPLINE_CURVE_WITH_KNOTS('',5,(#11315,#11316,#11317,#11318,
    #11319,#11320,#11321,#11322,#11323,#11324),.UNSPECIFIED.,.F.,.F.,(6,
    4,6),(0.,0.678562721325,1.),.UNSPECIFIED.);
#11315 = CARTESIAN_POINT('',(0.,-3.895440134219E-02));
#11316 = CARTESIAN_POINT('',(3.218416765642E-02,-6.055986544558E-02));
#11317 = CARTESIAN_POINT('',(6.426869906369E-02,-9.029355703039E-02));
#11318 = CARTESIAN_POINT('',(9.618702333104E-02,-0.128923633473));
#11319 = CARTESIAN_POINT('',(0.127867977275,-0.176920978785));
#11320 = CARTESIAN_POINT('',(0.174083619971,-0.261576802321));
#11321 = CARTESIAN_POINT('',(0.188867612393,-0.290909283118));
#11322 = CARTESIAN_POINT('',(0.203571901269,-0.322372247641));
#11323 = CARTESIAN_POINT('',(0.218188673198,-0.355959281399));
#11324 = CARTESIAN_POINT('',(0.232710566933,-0.391648014941));
#11325 = ( GEOMETRIC_REPRESENTATION_CONTEXT(2) 
PARAMETRIC_REPRESENTATION_CONTEXT() REPRESENTATION_CONTEXT('2D SPACE',''
  ) );
#11326 = ORIENTED_EDGE('',*,*,#4236,.F.);
#11327 = ORIENTED_EDGE('',*,*,#4422,.T.);
#11328 = ORIENTED_EDGE('',*,*,#4803,.T.);
#11329 = ORIENTED_EDGE('',*,*,#11330,.T.);
#11330 = EDGE_CURVE('',#4804,#11331,#11333,.T.);
#11331 = VERTEX_POINT('',#11332);
#11332 = CARTESIAN_POINT('',(-8.155343402635,22.956208463665,
    0.391648014941));
#11333 = SURFACE_CURVE('',#11334,(#11345,#11359),.PCURVE_S1.);
#11334 = B_SPLINE_CURVE_WITH_KNOTS('',5,(#11335,#11336,#11337,#11338,
    #11339,#11340,#11341,#11342,#11343,#11344),.UNSPECIFIED.,.F.,.F.,(6,
    4,6),(0.,0.678562721325,1.),.UNSPECIFIED.);
#11335 = CARTESIAN_POINT('',(-8.295651426942,20.547212720432,
    3.895440134219E-02));
#11336 = CARTESIAN_POINT('',(-8.237568537129,20.876617157461,
    6.055986544558E-02));
#11337 = CARTESIAN_POINT('',(-8.192917568943,21.207338460768,
    9.029355703039E-02));
#11338 = CARTESIAN_POINT('',(-8.161779263255,21.53795578034,
    0.128923633473));
#11339 = CARTESIAN_POINT('',(-8.143965433508,21.86697793425,
    0.176920978785));
#11340 = CARTESIAN_POINT('',(-8.136614650905,22.347235079839,
    0.261576802321));
#11341 = CARTESIAN_POINT('',(-8.137129935661,22.500909251613,
    0.290909283118));
#11342 = CARTESIAN_POINT('',(-8.14046998621,22.653726906931,
    0.322372247641));
#11343 = CARTESIAN_POINT('',(-8.146567939238,22.80553957723,
    0.355959281399));
#11344 = CARTESIAN_POINT('',(-8.155343402635,22.956208463665,
    0.391648014941));
#11345 = PCURVE('',#4260,#11346);
#11346 = DEFINITIONAL_REPRESENTATION('',(#11347),#11358);
#11347 = B_SPLINE_CURVE_WITH_KNOTS('',5,(#11348,#11349,#11350,#11351,
    #11352,#11353,#11354,#11355,#11356,#11357),.UNSPECIFIED.,.F.,.F.,(6,
    4,6),(0.,0.678562721325,1.),.UNSPECIFIED.);
#11348 = CARTESIAN_POINT('',(1.954519320359,4.7883970997));
#11349 = CARTESIAN_POINT('',(1.946523353682,4.809473095102));
#11350 = CARTESIAN_POINT('',(1.939323173031,4.831187248477));
#11351 = CARTESIAN_POINT('',(1.932908570006,4.85342437525));
#11352 = CARTESIAN_POINT('',(1.92724939321,4.876069436946));
#11353 = CARTESIAN_POINT('',(1.919962020223,4.909868150788));
#11354 = CARTESIAN_POINT('',(1.917779783147,4.920797661649));
#11355 = CARTESIAN_POINT('',(1.915753225154,4.931780347325));
#11356 = CARTESIAN_POINT('',(1.913877283072,4.942804674322));
#11357 = CARTESIAN_POINT('',(1.912146347746,4.953859745101));
#11358 = ( GEOMETRIC_REPRESENTATION_CONTEXT(2) 
PARAMETRIC_REPRESENTATION_CONTEXT() REPRESENTATION_CONTEXT('2D SPACE',''
  ) );
#11359 = PCURVE('',#4854,#11360);
#11360 = DEFINITIONAL_REPRESENTATION('',(#11361),#11372);
#11361 = B_SPLINE_CURVE_WITH_KNOTS('',5,(#11362,#11363,#11364,#11365,
    #11366,#11367,#11368,#11369,#11370,#11371),.UNSPECIFIED.,.F.,.F.,(6,
    4,6),(0.,0.678562721325,1.),.UNSPECIFIED.);
#11362 = CARTESIAN_POINT('',(0.232710566933,-3.895440134219E-02));
#11363 = CARTESIAN_POINT('',(0.200526399276,-6.055986544558E-02));
#11364 = CARTESIAN_POINT('',(0.168441867869,-9.029355703039E-02));
#11365 = CARTESIAN_POINT('',(0.136523543602,-0.128923633473));
#11366 = CARTESIAN_POINT('',(0.104842589657,-0.176920978785));
#11367 = CARTESIAN_POINT('',(5.86269469619E-02,-0.261576802321));
#11368 = CARTESIAN_POINT('',(4.38429545396E-02,-0.290909283118));
#11369 = CARTESIAN_POINT('',(2.913866566402E-02,-0.322372247641));
#11370 = CARTESIAN_POINT('',(1.452189373431E-02,-0.355959281399));
#11371 = CARTESIAN_POINT('',(0.,-0.391648014941));
#11372 = ( GEOMETRIC_REPRESENTATION_CONTEXT(2) 
PARAMETRIC_REPRESENTATION_CONTEXT() REPRESENTATION_CONTEXT('2D SPACE',''
  ) );
#11373 = ORIENTED_EDGE('',*,*,#11374,.T.);
#11374 = EDGE_CURVE('',#11331,#11375,#11377,.T.);
#11375 = VERTEX_POINT('',#11376);
#11376 = CARTESIAN_POINT('',(-8.200926892624,23.738846761703,
    0.600598998088));
#11377 = SURFACE_CURVE('',#11378,(#11384,#11393),.PCURVE_S1.);
#11378 = B_SPLINE_CURVE_WITH_KNOTS('',4,(#11379,#11380,#11381,#11382,
    #11383),.UNSPECIFIED.,.F.,.F.,(5,5),(0.,1.),
  .PIECEWISE_BEZIER_KNOTS.);
#11379 = CARTESIAN_POINT('',(-8.150785053636,22.877944633861,
    0.373341058361));
#11380 = CARTESIAN_POINT('',(-8.164578598399,23.114770651346,
    0.428039076436));
#11381 = CARTESIAN_POINT('',(-8.178300436508,23.350365513124,
    0.488082200825));
#11382 = CARTESIAN_POINT('',(-8.191939655786,23.584541864363,
    0.553458259061));
#11383 = CARTESIAN_POINT('',(-8.205485241623,23.817110591507,
    0.624138849873));
#11384 = PCURVE('',#4260,#11385);
#11385 = DEFINITIONAL_REPRESENTATION('',(#11386),#11392);
#11386 = B_SPLINE_CURVE_WITH_KNOTS('',4,(#11387,#11388,#11389,#11390,
    #11391),.UNSPECIFIED.,.F.,.F.,(5,5),(0.,1.),
  .PIECEWISE_BEZIER_KNOTS.);
#11387 = CARTESIAN_POINT('',(1.913048256312,4.94812205133));
#11388 = CARTESIAN_POINT('',(1.910310629256,4.965469958185));
#11389 = CARTESIAN_POINT('',(1.907655671001,4.982842524983));
#11390 = CARTESIAN_POINT('',(1.905080244155,5.000239184384));
#11391 = CARTESIAN_POINT('',(1.902581409182,5.017659192849));
#11392 = ( GEOMETRIC_REPRESENTATION_CONTEXT(2) 
PARAMETRIC_REPRESENTATION_CONTEXT() REPRESENTATION_CONTEXT('2D SPACE',''
  ) );
#11393 = PCURVE('',#11394,#11399);
#11394 = PLANE('',#11395);
#11395 = AXIS2_PLACEMENT_3D('',#11396,#11397,#11398);
#11396 = CARTESIAN_POINT('',(-8.200926892624,23.738846761703,0.));
#11397 = DIRECTION('',(0.998308158271,5.814482891048E-02,-0.));
#11398 = DIRECTION('',(5.814482891048E-02,-0.998308158271,0.));
#11399 = DEFINITIONAL_REPRESENTATION('',(#11400),#11406);
#11400 = B_SPLINE_CURVE_WITH_KNOTS('',4,(#11401,#11402,#11403,#11404,
    #11405),.UNSPECIFIED.,.F.,.F.,(5,5),(0.,1.),
  .PIECEWISE_BEZIER_KNOTS.);
#11401 = CARTESIAN_POINT('',(0.862361106347,-0.373341058361));
#11402 = CARTESIAN_POINT('',(0.6251337377,-0.428039076436));
#11403 = CARTESIAN_POINT('',(0.389139611212,-0.488082200825));
#11404 = CARTESIAN_POINT('',(0.154566399224,-0.553458259061));
#11405 = CARTESIAN_POINT('',(-7.839646421336E-02,-0.624138849873));
#11406 = ( GEOMETRIC_REPRESENTATION_CONTEXT(2) 
PARAMETRIC_REPRESENTATION_CONTEXT() REPRESENTATION_CONTEXT('2D SPACE',''
  ) );
#11407 = ORIENTED_EDGE('',*,*,#11408,.T.);
#11408 = EDGE_CURVE('',#11375,#11409,#11411,.T.);
#11409 = VERTEX_POINT('',#11410);
#11410 = CARTESIAN_POINT('',(-7.825061472662,26.37209188001,1.6));
#11411 = SURFACE_CURVE('',#11412,(#11421,#11433),.PCURVE_S1.);
#11412 = B_SPLINE_CURVE_WITH_KNOTS('',7,(#11413,#11414,#11415,#11416,
    #11417,#11418,#11419,#11420),.UNSPECIFIED.,.F.,.F.,(8,8),(0.,1.),
  .PIECEWISE_BEZIER_KNOTS.);
#11413 = CARTESIAN_POINT('',(-8.200926892624,23.738846761703,
    0.600598998088));
#11414 = CARTESIAN_POINT('',(-8.224115171958,24.136974142401,
    0.719099553285));
#11415 = CARTESIAN_POINT('',(-8.219273801291,24.530448564301,
    0.848182674858));
#11416 = CARTESIAN_POINT('',(-8.187856613964,24.917230070124,
    0.98631034072));
#11417 = CARTESIAN_POINT('',(-8.131398739824,25.295769339821,
    1.131937080568));
#11418 = CARTESIAN_POINT('',(-8.051337511195,25.664909913293,
    1.283614655301));
#11419 = CARTESIAN_POINT('',(-7.948929513723,26.02384947934,
    1.440024629007));
#11420 = CARTESIAN_POINT('',(-7.825061472662,26.37209188001,1.6));
#11421 = PCURVE('',#4260,#11422);
#11422 = DEFINITIONAL_REPRESENTATION('',(#11423),#11432);
#11423 = B_SPLINE_CURVE_WITH_KNOTS('',7,(#11424,#11425,#11426,#11427,
    #11428,#11429,#11430,#11431),.UNSPECIFIED.,.F.,.F.,(8,8),(0.,1.),
  .PIECEWISE_BEZIER_KNOTS.);
#11424 = CARTESIAN_POINT('',(1.903424838777,5.011803082344));
#11425 = CARTESIAN_POINT('',(1.89912141143,5.041562392828));
#11426 = CARTESIAN_POINT('',(1.893977094073,5.070632248963));
#11427 = CARTESIAN_POINT('',(1.888117627432,5.098948728532));
#11428 = CARTESIAN_POINT('',(1.881644924471,5.126477188547));
#11429 = CARTESIAN_POINT('',(1.874638171164,5.153198073043));
#11430 = CARTESIAN_POINT('',(1.867156920705,5.179104389785));
#11431 = CARTESIAN_POINT('',(1.859238949833,5.204198588418));
#11432 = ( GEOMETRIC_REPRESENTATION_CONTEXT(2) 
PARAMETRIC_REPRESENTATION_CONTEXT() REPRESENTATION_CONTEXT('2D SPACE',''
  ) );
#11433 = PCURVE('',#11434,#11439);
#11434 = CYLINDRICAL_SURFACE('',#11435,6.695751497138);
#11435 = AXIS2_PLACEMENT_3D('',#11436,#11437,#11438);
#11436 = CARTESIAN_POINT('',(-1.516503547274,24.128170086931,0.));
#11437 = DIRECTION('',(-0.,-0.,-1.));
#11438 = DIRECTION('',(-0.942173246436,0.33512620563,0.));
#11439 = DEFINITIONAL_REPRESENTATION('',(#11440),#11449);
#11440 = B_SPLINE_CURVE_WITH_KNOTS('',7,(#11441,#11442,#11443,#11444,
    #11445,#11446,#11447,#11448),.UNSPECIFIED.,.F.,.F.,(8,8),(0.,1.),
  .PIECEWISE_BEZIER_KNOTS.);
#11441 = CARTESIAN_POINT('',(-0.399916820262,-0.600598998088));
#11442 = CARTESIAN_POINT('',(-0.34035635257,-0.719099553285));
#11443 = CARTESIAN_POINT('',(-0.281733038894,-0.848182674858));
#11444 = CARTESIAN_POINT('',(-0.223993204871,-0.98631034072));
#11445 = CARTESIAN_POINT('',(-0.167058643527,-1.131937080568));
#11446 = CARTESIAN_POINT('',(-0.110834318449,-1.283614655301));
#11447 = CARTESIAN_POINT('',(-5.52015856537E-02,-1.440024629007));
#11448 = CARTESIAN_POINT('',(0.,-1.6));
#11449 = ( GEOMETRIC_REPRESENTATION_CONTEXT(2) 
PARAMETRIC_REPRESENTATION_CONTEXT() REPRESENTATION_CONTEXT('2D SPACE',''
  ) );
#11450 = ORIENTED_EDGE('',*,*,#11451,.T.);
#11451 = EDGE_CURVE('',#11409,#11452,#11454,.T.);
#11452 = VERTEX_POINT('',#11453);
#11453 = CARTESIAN_POINT('',(-6.409343918504,26.751432255357,1.6));
#11454 = SURFACE_CURVE('',#11455,(#11461,#11470),.PCURVE_S1.);
#11455 = B_SPLINE_CURVE_WITH_KNOTS('',4,(#11456,#11457,#11458,#11459,
    #11460),.UNSPECIFIED.,.F.,.F.,(5,5),(0.,1.),
  .PIECEWISE_BEZIER_KNOTS.);
#11456 = CARTESIAN_POINT('',(-7.825061472662,26.37209188001,1.6));
#11457 = CARTESIAN_POINT('',(-7.471156429179,26.466920450608,
    1.594771077215));
#11458 = CARTESIAN_POINT('',(-7.117202547201,26.561762107442,
    1.593038407659));
#11459 = CARTESIAN_POINT('',(-6.76324895847,26.656603685701,
    1.594771077267));
#11460 = CARTESIAN_POINT('',(-6.409343918505,26.751432255357,1.6));
#11461 = PCURVE('',#4260,#11462);
#11462 = DEFINITIONAL_REPRESENTATION('',(#11463),#11469);
#11463 = B_SPLINE_CURVE_WITH_KNOTS('',4,(#11464,#11465,#11466,#11467,
    #11468),.UNSPECIFIED.,.F.,.F.,(5,5),(0.,1.),
  .PIECEWISE_BEZIER_KNOTS.);
#11464 = CARTESIAN_POINT('',(1.859238949833,5.204198588418));
#11465 = CARTESIAN_POINT('',(1.845924551553,5.203378364491));
#11466 = CARTESIAN_POINT('',(1.832595708553,5.203104898197));
#11467 = CARTESIAN_POINT('',(1.819266877502,5.203378364499));
#11468 = CARTESIAN_POINT('',(1.805952479355,5.204198588418));
#11469 = ( GEOMETRIC_REPRESENTATION_CONTEXT(2) 
PARAMETRIC_REPRESENTATION_CONTEXT() REPRESENTATION_CONTEXT('2D SPACE',''
  ) );
#11470 = PCURVE('',#11471,#11476);
#11471 = PLANE('',#11472);
#11472 = AXIS2_PLACEMENT_3D('',#11473,#11474,#11475);
#11473 = CARTESIAN_POINT('',(-6.409343918505,26.751432255357,0.));
#11474 = DIRECTION('',(0.258819045103,-0.965925826289,0.));
#11475 = DIRECTION('',(-0.965925826289,-0.258819045103,0.));
#11476 = DEFINITIONAL_REPRESENTATION('',(#11477),#11483);
#11477 = B_SPLINE_CURVE_WITH_KNOTS('',4,(#11478,#11479,#11480,#11481,
    #11482),.UNSPECIFIED.,.F.,.F.,(5,5),(0.,1.),
  .PIECEWISE_BEZIER_KNOTS.);
#11478 = CARTESIAN_POINT('',(1.465658662007,-1.6));
#11479 = CARTESIAN_POINT('',(1.099269200363,-1.594771077215));
#11480 = CARTESIAN_POINT('',(0.732829177387,-1.593038407659));
#11481 = CARTESIAN_POINT('',(0.366389458003,-1.594771077267));
#11482 = CARTESIAN_POINT('',(6.306066779871E-14,-1.6));
#11483 = ( GEOMETRIC_REPRESENTATION_CONTEXT(2) 
PARAMETRIC_REPRESENTATION_CONTEXT() REPRESENTATION_CONTEXT('2D SPACE',''
  ) );
#11484 = ORIENTED_EDGE('',*,*,#11485,.F.);
#11485 = EDGE_CURVE('',#11486,#11452,#11488,.T.);
#11486 = VERTEX_POINT('',#11487);
#11487 = CARTESIAN_POINT('',(-4.76721235726,24.658907798493,
    0.600598998088));
#11488 = SURFACE_CURVE('',#11489,(#11498,#11510),.PCURVE_S1.);
#11489 = B_SPLINE_CURVE_WITH_KNOTS('',7,(#11490,#11491,#11492,#11493,
    #11494,#11495,#11496,#11497),.UNSPECIFIED.,.F.,.F.,(8,8),(0.,1.),
  .PIECEWISE_BEZIER_KNOTS.);
#11490 = CARTESIAN_POINT('',(-4.76721235726,24.658907798493,
    0.600598998088));
#11491 = CARTESIAN_POINT('',(-4.946194408636,25.015290363786,
    0.719099553285));
#11492 = CARTESIAN_POINT('',(-5.147124369574,25.35362852356,
    0.848182674859));
#11493 = CARTESIAN_POINT('',(-5.367723204823,25.672882539648,
    0.986310340719));
#11494 = CARTESIAN_POINT('',(-5.605886792923,25.972478226471,
    1.131937080569));
#11495 = CARTESIAN_POINT('',(-5.859792137508,26.252132726348,
    1.2836146553));
#11496 = CARTESIAN_POINT('',(-6.127949847894,26.511779510233,
    1.440024629007));
#11497 = CARTESIAN_POINT('',(-6.409343918505,26.751432255357,1.6));
#11498 = PCURVE('',#4260,#11499);
#11499 = DEFINITIONAL_REPRESENTATION('',(#11500),#11509);
#11500 = B_SPLINE_CURVE_WITH_KNOTS('',7,(#11501,#11502,#11503,#11504,
    #11505,#11506,#11507,#11508),.UNSPECIFIED.,.F.,.F.,(8,8),(0.,1.),
  .PIECEWISE_BEZIER_KNOTS.);
#11501 = CARTESIAN_POINT('',(1.761766590411,5.011803082344));
#11502 = CARTESIAN_POINT('',(1.766070017758,5.041562392828));
#11503 = CARTESIAN_POINT('',(1.771214335115,5.070632248963));
#11504 = CARTESIAN_POINT('',(1.777073801756,5.098948728532));
#11505 = CARTESIAN_POINT('',(1.783546504717,5.126477188547));
#11506 = CARTESIAN_POINT('',(1.790553258024,5.153198073043));
#11507 = CARTESIAN_POINT('',(1.798034508483,5.179104389785));
#11508 = CARTESIAN_POINT('',(1.805952479355,5.204198588418));
#11509 = ( GEOMETRIC_REPRESENTATION_CONTEXT(2) 
PARAMETRIC_REPRESENTATION_CONTEXT() REPRESENTATION_CONTEXT('2D SPACE',''
  ) );
#11510 = PCURVE('',#11511,#11516);
#11511 = CYLINDRICAL_SURFACE('',#11512,6.695751497138);
#11512 = AXIS2_PLACEMENT_3D('',#11513,#11514,#11515);
#11513 = CARTESIAN_POINT('',(-10.75075444659,21.653860015751,0.));
#11514 = DIRECTION('',(-0.,-0.,-1.));
#11515 = DIRECTION('',(0.893632640323,0.4487991802,-0.));
#11516 = DEFINITIONAL_REPRESENTATION('',(#11517),#11526);
#11517 = B_SPLINE_CURVE_WITH_KNOTS('',7,(#11518,#11519,#11520,#11521,
    #11522,#11523,#11524,#11525),.UNSPECIFIED.,.F.,.F.,(8,8),(0.,1.),
  .PIECEWISE_BEZIER_KNOTS.);
#11518 = CARTESIAN_POINT('',(0.,-0.600598998088));
#11519 = CARTESIAN_POINT('',(-5.956046769156E-02,-0.719099553285));
#11520 = CARTESIAN_POINT('',(-0.118183781369,-0.848182674858));
#11521 = CARTESIAN_POINT('',(-0.17592361539,-0.986310340719));
#11522 = CARTESIAN_POINT('',(-0.232858176735,-1.131937080569));
#11523 = CARTESIAN_POINT('',(-0.289082501812,-1.2836146553));
#11524 = CARTESIAN_POINT('',(-0.344715234608,-1.440024629007));
#11525 = CARTESIAN_POINT('',(-0.399916820262,-1.6));
#11526 = ( GEOMETRIC_REPRESENTATION_CONTEXT(2) 
PARAMETRIC_REPRESENTATION_CONTEXT() REPRESENTATION_CONTEXT('2D SPACE',''
  ) );
#11527 = ORIENTED_EDGE('',*,*,#11528,.F.);
#11528 = EDGE_CURVE('',#11284,#11486,#11529,.T.);
#11529 = SURFACE_CURVE('',#11530,(#11536,#11545),.PCURVE_S1.);
#11530 = B_SPLINE_CURVE_WITH_KNOTS('',4,(#11531,#11532,#11533,#11534,
    #11535),.UNSPECIFIED.,.F.,.F.,(5,5),(0.,1.),
  .PIECEWISE_BEZIER_KNOTS.);
#11531 = CARTESIAN_POINT('',(-4.380185399695,23.888273766116,
    0.373341058361));
#11532 = CARTESIAN_POINT('',(-4.486652848265,24.100267885917,
    0.428039076436));
#11533 = CARTESIAN_POINT('',(-4.592566818765,24.311159940271,
    0.488082200825));
#11534 = CARTESIAN_POINT('',(-4.697843084002,24.520782219049,
    0.553458259061));
#11535 = CARTESIAN_POINT('',(-4.80239662613,24.7289654378,0.624138849873
    ));
#11536 = PCURVE('',#4260,#11537);
#11537 = DEFINITIONAL_REPRESENTATION('',(#11538),#11544);
#11538 = B_SPLINE_CURVE_WITH_KNOTS('',4,(#11539,#11540,#11541,#11542,
    #11543),.UNSPECIFIED.,.F.,.F.,(5,5),(0.,1.),
  .PIECEWISE_BEZIER_KNOTS.);
#11539 = CARTESIAN_POINT('',(1.752143172876,4.94812205133));
#11540 = CARTESIAN_POINT('',(1.754880799933,4.965469958185));
#11541 = CARTESIAN_POINT('',(1.757535758187,4.982842524983));
#11542 = CARTESIAN_POINT('',(1.760111185033,5.000239184384));
#11543 = CARTESIAN_POINT('',(1.762610020006,5.017659192849));
#11544 = ( GEOMETRIC_REPRESENTATION_CONTEXT(2) 
PARAMETRIC_REPRESENTATION_CONTEXT() REPRESENTATION_CONTEXT('2D SPACE',''
  ) );
#11545 = PCURVE('',#11546,#11551);
#11546 = PLANE('',#11547);
#11547 = AXIS2_PLACEMENT_3D('',#11548,#11549,#11550);
#11548 = CARTESIAN_POINT('',(-4.415369668564,23.958331405423,0.));
#11549 = DIRECTION('',(-0.893632640323,-0.4487991802,0.));
#11550 = DIRECTION('',(-0.4487991802,0.893632640323,0.));
#11551 = DEFINITIONAL_REPRESENTATION('',(#11552),#11558);
#11552 = B_SPLINE_CURVE_WITH_KNOTS('',4,(#11553,#11554,#11555,#11556,
    #11557),.UNSPECIFIED.,.F.,.F.,(5,5),(0.,1.),
  .PIECEWISE_BEZIER_KNOTS.);
#11553 = CARTESIAN_POINT('',(-7.839646421336E-02,-0.373341058361));
#11554 = CARTESIAN_POINT('',(0.158830904433,-0.428039076436));
#11555 = CARTESIAN_POINT('',(0.394825030922,-0.488082200825));
#11556 = CARTESIAN_POINT('',(0.62939824291,-0.553458259061));
#11557 = CARTESIAN_POINT('',(0.862361106347,-0.624138849873));
#11558 = ( GEOMETRIC_REPRESENTATION_CONTEXT(2) 
PARAMETRIC_REPRESENTATION_CONTEXT() REPRESENTATION_CONTEXT('2D SPACE',''
  ) );
#11559 = ADVANCED_FACE('',(#11560),#4224,.F.);
#11560 = FACE_BOUND('',#11561,.F.);
#11561 = EDGE_LOOP('',(#11562,#11563,#11564,#11608));
#11562 = ORIENTED_EDGE('',*,*,#11283,.F.);
#11563 = ORIENTED_EDGE('',*,*,#4208,.T.);
#11564 = ORIENTED_EDGE('',*,*,#11565,.F.);
#11565 = EDGE_CURVE('',#11566,#4169,#11568,.T.);
#11566 = VERTEX_POINT('',#11567);
#11567 = CARTESIAN_POINT('',(-4.415369668564,23.958331405423,
    6.808351985059));
#11568 = SURFACE_CURVE('',#11569,(#11580,#11594),.PCURVE_S1.);
#11569 = B_SPLINE_CURVE_WITH_KNOTS('',5,(#11570,#11571,#11572,#11573,
    #11574,#11575,#11576,#11577,#11578,#11579),.UNSPECIFIED.,.F.,.F.,(6,
    4,6),(0.,0.323177196011,1.),.UNSPECIFIED.);
#11570 = CARTESIAN_POINT('',(-4.415369668564,23.958331405423,
    6.808351985059));
#11571 = CARTESIAN_POINT('',(-4.347268348298,23.822730527962,
    6.84423390312));
#11572 = CARTESIAN_POINT('',(-4.276244961728,23.687481629085,
    6.877991311048));
#11573 = CARTESIAN_POINT('',(-4.202299286488,23.55274774742,
    6.909601465421));
#11574 = CARTESIAN_POINT('',(-4.125448009358,23.418693543549,
    6.939057935784));
#11575 = CARTESIAN_POINT('',(-3.878762030001,23.006510242284,
    7.023570918754));
#11576 = CARTESIAN_POINT('',(-3.69919039205,22.731223809454,
    7.071373368023));
#11577 = CARTESIAN_POINT('',(-3.507348032136,22.461198309327,
    7.109858873624));
#11578 = CARTESIAN_POINT('',(-3.303813699279,22.197808104871,
    7.139495530157));
#11579 = CARTESIAN_POINT('',(-3.089361483543,21.942233906328,
    7.161045598658));
#11580 = PCURVE('',#4224,#11581);
#11581 = DEFINITIONAL_REPRESENTATION('',(#11582),#11593);
#11582 = B_SPLINE_CURVE_WITH_KNOTS('',5,(#11583,#11584,#11585,#11586,
    #11587,#11588,#11589,#11590,#11591,#11592),.UNSPECIFIED.,.F.,.F.,(6,
    4,6),(0.,0.323177196011,1.),.UNSPECIFIED.);
#11583 = CARTESIAN_POINT('',(0.232710566933,-6.808351985059));
#11584 = CARTESIAN_POINT('',(0.218110065448,-6.84423390312));
#11585 = CARTESIAN_POINT('',(0.203413654967,-6.877991311048));
#11586 = CARTESIAN_POINT('',(0.188628818348,-6.909601465421));
#11587 = CARTESIAN_POINT('',(0.173763498949,-6.939057935784));
#11588 = CARTESIAN_POINT('',(0.127543040005,-7.023570918754));
#11589 = CARTESIAN_POINT('',(9.594148557252E-02,-7.071373368023));
#11590 = CARTESIAN_POINT('',(6.410415141897E-02,-7.109858873624));
#11591 = CARTESIAN_POINT('',(3.210164865287E-02,-7.139495530157));
#11592 = CARTESIAN_POINT('',(0.,-7.161045598658));
#11593 = ( GEOMETRIC_REPRESENTATION_CONTEXT(2) 
PARAMETRIC_REPRESENTATION_CONTEXT() REPRESENTATION_CONTEXT('2D SPACE',''
  ) );
#11594 = PCURVE('',#4192,#11595);
#11595 = DEFINITIONAL_REPRESENTATION('',(#11596),#11607);
#11596 = B_SPLINE_CURVE_WITH_KNOTS('',5,(#11597,#11598,#11599,#11600,
    #11601,#11602,#11603,#11604,#11605,#11606),.UNSPECIFIED.,.F.,.F.,(6,
    4,6),(0.,0.323177196011,1.),.UNSPECIFIED.);
#11597 = CARTESIAN_POINT('',(1.753045085182,1.329325564959));
#11598 = CARTESIAN_POINT('',(1.751304780232,1.340440477401));
#11599 = CARTESIAN_POINT('',(1.749417889415,1.351524309089));
#11600 = CARTESIAN_POINT('',(1.747378720298,1.362565990083));
#11601 = CARTESIAN_POINT('',(1.745182130922,1.37355379574));
#11602 = CARTESIAN_POINT('',(1.737883964032,1.407348107699));
#11603 = CARTESIAN_POINT('',(1.732233499265,1.429931982644));
#11604 = CARTESIAN_POINT('',(1.725831324176,1.452109416497));
#11605 = CARTESIAN_POINT('',(1.718647574146,1.473766250143));
#11606 = CARTESIAN_POINT('',(1.710672108829,1.494788207479));
#11607 = ( GEOMETRIC_REPRESENTATION_CONTEXT(2) 
PARAMETRIC_REPRESENTATION_CONTEXT() REPRESENTATION_CONTEXT('2D SPACE',''
  ) );
#11608 = ORIENTED_EDGE('',*,*,#11609,.F.);
#11609 = EDGE_CURVE('',#11284,#11566,#11610,.T.);
#11610 = SURFACE_CURVE('',#11611,(#11615,#11622),.PCURVE_S1.);
#11611 = LINE('',#11612,#11613);
#11612 = CARTESIAN_POINT('',(-4.415369668564,23.958331405423,0.));
#11613 = VECTOR('',#11614,1.);
#11614 = DIRECTION('',(0.,0.,1.));
#11615 = PCURVE('',#4224,#11616);
#11616 = DEFINITIONAL_REPRESENTATION('',(#11617),#11621);
#11617 = LINE('',#11618,#11619);
#11618 = CARTESIAN_POINT('',(0.232710566933,0.));
#11619 = VECTOR('',#11620,1.);
#11620 = DIRECTION('',(0.,-1.));
#11621 = ( GEOMETRIC_REPRESENTATION_CONTEXT(2) 
PARAMETRIC_REPRESENTATION_CONTEXT() REPRESENTATION_CONTEXT('2D SPACE',''
  ) );
#11622 = PCURVE('',#11546,#11623);
#11623 = DEFINITIONAL_REPRESENTATION('',(#11624),#11628);
#11624 = LINE('',#11625,#11626);
#11625 = CARTESIAN_POINT('',(0.,0.));
#11626 = VECTOR('',#11627,1.);
#11627 = DIRECTION('',(0.,-1.));
#11628 = ( GEOMETRIC_REPRESENTATION_CONTEXT(2) 
PARAMETRIC_REPRESENTATION_CONTEXT() REPRESENTATION_CONTEXT('2D SPACE',''
  ) );
#11629 = ADVANCED_FACE('',(#11630),#4192,.T.);
#11630 = FACE_BOUND('',#11631,.T.);
#11631 = EDGE_LOOP('',(#11632,#11672,#11701,#11739,#11768,#11810,#11811,
    #11833,#11834,#11835));
#11632 = ORIENTED_EDGE('',*,*,#11633,.F.);
#11633 = EDGE_CURVE('',#11634,#11636,#11638,.T.);
#11634 = VERTEX_POINT('',#11635);
#11635 = CARTESIAN_POINT('',(-6.409343918504,26.751432255357,5.6));
#11636 = VERTEX_POINT('',#11637);
#11637 = CARTESIAN_POINT('',(-4.76721235726,24.658907798493,
    6.599401001912));
#11638 = SURFACE_CURVE('',#11639,(#11648,#11660),.PCURVE_S1.);
#11639 = B_SPLINE_CURVE_WITH_KNOTS('',7,(#11640,#11641,#11642,#11643,
    #11644,#11645,#11646,#11647),.UNSPECIFIED.,.F.,.F.,(8,8),(0.,1.),
  .PIECEWISE_BEZIER_KNOTS.);
#11640 = CARTESIAN_POINT('',(-6.409343918505,26.751432255357,5.6));
#11641 = CARTESIAN_POINT('',(-6.12794984782,26.511779510169,
    5.759975371035));
#11642 = CARTESIAN_POINT('',(-5.859792137653,26.252132726455,
    5.916385344619));
#11643 = CARTESIAN_POINT('',(-5.605886793121,25.972478226703,
    6.068062919312));
#11644 = CARTESIAN_POINT('',(-5.367723204879,25.672882539787,
    6.21368965924));
#11645 = CARTESIAN_POINT('',(-5.147124369442,25.353628523417,
    6.351817325222));
#11646 = CARTESIAN_POINT('',(-4.94619440846,25.015290363436,
    6.480900446831));
#11647 = CARTESIAN_POINT('',(-4.76721235726,24.658907798493,
    6.599401001912));
#11648 = PCURVE('',#4192,#11649);
#11649 = DEFINITIONAL_REPRESENTATION('',(#11650),#11659);
#11650 = B_SPLINE_CURVE_WITH_KNOTS('',7,(#11651,#11652,#11653,#11654,
    #11655,#11656,#11657,#11658),.UNSPECIFIED.,.F.,.F.,(8,8),(0.,1.),
  .PIECEWISE_BEZIER_KNOTS.);
#11651 = CARTESIAN_POINT('',(1.805952479355,1.078986718762));
#11652 = CARTESIAN_POINT('',(1.798034508481,1.104080917401));
#11653 = CARTESIAN_POINT('',(1.790553258028,1.129987234125));
#11654 = CARTESIAN_POINT('',(1.783546504723,1.156708118611));
#11655 = CARTESIAN_POINT('',(1.777073801757,1.184236578637));
#11656 = CARTESIAN_POINT('',(1.771214335111,1.21255305823));
#11657 = CARTESIAN_POINT('',(1.766070017754,1.241622914381));
#11658 = CARTESIAN_POINT('',(1.761766590411,1.271382224835));
#11659 = ( GEOMETRIC_REPRESENTATION_CONTEXT(2) 
PARAMETRIC_REPRESENTATION_CONTEXT() REPRESENTATION_CONTEXT('2D SPACE',''
  ) );
#11660 = PCURVE('',#11511,#11661);
#11661 = DEFINITIONAL_REPRESENTATION('',(#11662),#11671);
#11662 = B_SPLINE_CURVE_WITH_KNOTS('',7,(#11663,#11664,#11665,#11666,
    #11667,#11668,#11669,#11670),.UNSPECIFIED.,.F.,.F.,(8,8),(0.,1.),
  .PIECEWISE_BEZIER_KNOTS.);
#11663 = CARTESIAN_POINT('',(-0.399916820262,-5.6));
#11664 = CARTESIAN_POINT('',(-0.344715234593,-5.759975371035));
#11665 = CARTESIAN_POINT('',(-0.289082501839,-5.916385344619));
#11666 = CARTESIAN_POINT('',(-0.23285817678,-6.068062919312));
#11667 = CARTESIAN_POINT('',(-0.175923615412,-6.21368965924));
#11668 = CARTESIAN_POINT('',(-0.118183781341,-6.351817325222));
#11669 = CARTESIAN_POINT('',(-5.956046763309E-02,-6.480900446831));
#11670 = CARTESIAN_POINT('',(0.,-6.599401001912));
#11671 = ( GEOMETRIC_REPRESENTATION_CONTEXT(2) 
PARAMETRIC_REPRESENTATION_CONTEXT() REPRESENTATION_CONTEXT('2D SPACE',''
  ) );
#11672 = ORIENTED_EDGE('',*,*,#11673,.T.);
#11673 = EDGE_CURVE('',#11634,#11674,#11676,.T.);
#11674 = VERTEX_POINT('',#11675);
#11675 = CARTESIAN_POINT('',(-7.825061472662,26.37209188001,5.6));
#11676 = SURFACE_CURVE('',#11677,(#11683,#11692),.PCURVE_S1.);
#11677 = B_SPLINE_CURVE_WITH_KNOTS('',4,(#11678,#11679,#11680,#11681,
    #11682),.UNSPECIFIED.,.F.,.F.,(5,5),(0.,1.),
  .PIECEWISE_BEZIER_KNOTS.);
#11678 = CARTESIAN_POINT('',(-6.409343918505,26.751432255357,5.6));
#11679 = CARTESIAN_POINT('',(-6.763248961987,26.656603684758,
    5.605228922785));
#11680 = CARTESIAN_POINT('',(-7.117202843966,26.561762027924,
    5.606961592341));
#11681 = CARTESIAN_POINT('',(-7.471156432697,26.466920449666,
    5.605228922733));
#11682 = CARTESIAN_POINT('',(-7.825061472661,26.37209188001,5.6));
#11683 = PCURVE('',#4192,#11684);
#11684 = DEFINITIONAL_REPRESENTATION('',(#11685),#11691);
#11685 = B_SPLINE_CURVE_WITH_KNOTS('',4,(#11686,#11687,#11688,#11689,
    #11690),.UNSPECIFIED.,.F.,.F.,(5,5),(0.,1.),
  .PIECEWISE_BEZIER_KNOTS.);
#11686 = CARTESIAN_POINT('',(1.805952479355,1.078986718762));
#11687 = CARTESIAN_POINT('',(1.819266877635,1.079806942689));
#11688 = CARTESIAN_POINT('',(1.832595720635,1.080080408983));
#11689 = CARTESIAN_POINT('',(1.845924551686,1.079806942681));
#11690 = CARTESIAN_POINT('',(1.859238949833,1.078986718762));
#11691 = ( GEOMETRIC_REPRESENTATION_CONTEXT(2) 
PARAMETRIC_REPRESENTATION_CONTEXT() REPRESENTATION_CONTEXT('2D SPACE',''
  ) );
#11692 = PCURVE('',#11471,#11693);
#11693 = DEFINITIONAL_REPRESENTATION('',(#11694),#11700);
#11694 = B_SPLINE_CURVE_WITH_KNOTS('',4,(#11695,#11696,#11697,#11698,
    #11699),.UNSPECIFIED.,.F.,.F.,(5,5),(0.,1.),
  .PIECEWISE_BEZIER_KNOTS.);
#11695 = CARTESIAN_POINT('',(3.081979116359E-13,-5.6));
#11696 = CARTESIAN_POINT('',(0.366389461644,-5.605228922785));
#11697 = CARTESIAN_POINT('',(0.732829484621,-5.606961592341));
#11698 = CARTESIAN_POINT('',(1.099269204004,-5.605228922733));
#11699 = CARTESIAN_POINT('',(1.465658662007,-5.6));
#11700 = ( GEOMETRIC_REPRESENTATION_CONTEXT(2) 
PARAMETRIC_REPRESENTATION_CONTEXT() REPRESENTATION_CONTEXT('2D SPACE',''
  ) );
#11701 = ORIENTED_EDGE('',*,*,#11702,.T.);
#11702 = EDGE_CURVE('',#11674,#11703,#11705,.T.);
#11703 = VERTEX_POINT('',#11704);
#11704 = CARTESIAN_POINT('',(-8.200926892624,23.738846761703,
    6.599401001912));
#11705 = SURFACE_CURVE('',#11706,(#11715,#11727),.PCURVE_S1.);
#11706 = B_SPLINE_CURVE_WITH_KNOTS('',7,(#11707,#11708,#11709,#11710,
    #11711,#11712,#11713,#11714),.UNSPECIFIED.,.F.,.F.,(8,8),(0.,1.),
  .PIECEWISE_BEZIER_KNOTS.);
#11707 = CARTESIAN_POINT('',(-7.825061472662,26.37209188001,5.6));
#11708 = CARTESIAN_POINT('',(-7.948929513755,26.023849479249,
    5.759975371035));
#11709 = CARTESIAN_POINT('',(-8.051337511124,25.664909913456,
    5.91638534462));
#11710 = CARTESIAN_POINT('',(-8.131398739769,25.295769340126,
    6.068062919311));
#11711 = CARTESIAN_POINT('',(-8.187856613985,24.917230070267,
    6.213689659241));
#11712 = CARTESIAN_POINT('',(-8.219273801334,24.530448564115,
    6.351817325221));
#11713 = CARTESIAN_POINT('',(-8.224115171935,24.136974142009,
    6.480900446831));
#11714 = CARTESIAN_POINT('',(-8.200926892624,23.738846761703,
    6.599401001912));
#11715 = PCURVE('',#4192,#11716);
#11716 = DEFINITIONAL_REPRESENTATION('',(#11717),#11726);
#11717 = B_SPLINE_CURVE_WITH_KNOTS('',7,(#11718,#11719,#11720,#11721,
    #11722,#11723,#11724,#11725),.UNSPECIFIED.,.F.,.F.,(8,8),(0.,1.),
  .PIECEWISE_BEZIER_KNOTS.);
#11718 = CARTESIAN_POINT('',(1.859238949833,1.078986718762));
#11719 = CARTESIAN_POINT('',(1.867156920707,1.104080917401));
#11720 = CARTESIAN_POINT('',(1.87463817116,1.129987234125));
#11721 = CARTESIAN_POINT('',(1.881644924465,1.15670811861));
#11722 = CARTESIAN_POINT('',(1.888117627431,1.184236578637));
#11723 = CARTESIAN_POINT('',(1.893977094077,1.21255305823));
#11724 = CARTESIAN_POINT('',(1.899121411435,1.241622914381));
#11725 = CARTESIAN_POINT('',(1.903424838777,1.271382224835));
#11726 = ( GEOMETRIC_REPRESENTATION_CONTEXT(2) 
PARAMETRIC_REPRESENTATION_CONTEXT() REPRESENTATION_CONTEXT('2D SPACE',''
  ) );
#11727 = PCURVE('',#11434,#11728);
#11728 = DEFINITIONAL_REPRESENTATION('',(#11729),#11738);
#11729 = B_SPLINE_CURVE_WITH_KNOTS('',7,(#11730,#11731,#11732,#11733,
    #11734,#11735,#11736,#11737),.UNSPECIFIED.,.F.,.F.,(8,8),(0.,1.),
  .PIECEWISE_BEZIER_KNOTS.);
#11730 = CARTESIAN_POINT('',(8.881784197001E-16,-5.6));
#11731 = CARTESIAN_POINT('',(-5.52015856682E-02,-5.759975371035));
#11732 = CARTESIAN_POINT('',(-0.110834318423,-5.91638534462));
#11733 = CARTESIAN_POINT('',(-0.167058643481,-6.068062919311));
#11734 = CARTESIAN_POINT('',(-0.22399320485,-6.213689659241));
#11735 = CARTESIAN_POINT('',(-0.281733038921,-6.351817325221));
#11736 = CARTESIAN_POINT('',(-0.340356352629,-6.480900446831));
#11737 = CARTESIAN_POINT('',(-0.399916820262,-6.599401001912));
#11738 = ( GEOMETRIC_REPRESENTATION_CONTEXT(2) 
PARAMETRIC_REPRESENTATION_CONTEXT() REPRESENTATION_CONTEXT('2D SPACE',''
  ) );
#11739 = ORIENTED_EDGE('',*,*,#11740,.T.);
#11740 = EDGE_CURVE('',#11703,#11741,#11743,.T.);
#11741 = VERTEX_POINT('',#11742);
#11742 = CARTESIAN_POINT('',(-8.155343402635,22.956208463665,
    6.808351985059));
#11743 = SURFACE_CURVE('',#11744,(#11750,#11759),.PCURVE_S1.);
#11744 = B_SPLINE_CURVE_WITH_KNOTS('',4,(#11745,#11746,#11747,#11748,
    #11749),.UNSPECIFIED.,.F.,.F.,(5,5),(0.,1.),
  .PIECEWISE_BEZIER_KNOTS.);
#11745 = CARTESIAN_POINT('',(-8.205485241623,23.817110591507,
    6.575861150127));
#11746 = CARTESIAN_POINT('',(-8.191939655795,23.584541864518,
    6.646541740914));
#11747 = CARTESIAN_POINT('',(-8.178300436504,23.350365513065,
    6.711917799181));
#11748 = CARTESIAN_POINT('',(-8.164578598402,23.114770651398,
    6.771960923545));
#11749 = CARTESIAN_POINT('',(-8.150785053636,22.877944633861,
    6.826658941639));
#11750 = PCURVE('',#4192,#11751);
#11751 = DEFINITIONAL_REPRESENTATION('',(#11752),#11758);
#11752 = B_SPLINE_CURVE_WITH_KNOTS('',4,(#11753,#11754,#11755,#11756,
    #11757),.UNSPECIFIED.,.F.,.F.,(5,5),(0.,1.),
  .PIECEWISE_BEZIER_KNOTS.);
#11753 = CARTESIAN_POINT('',(1.902581409221,1.265526114236));
#11754 = CARTESIAN_POINT('',(1.905080244193,1.28294612269));
#11755 = CARTESIAN_POINT('',(1.907655670931,1.300342782355));
#11756 = CARTESIAN_POINT('',(1.910310629272,1.317715348962));
#11757 = CARTESIAN_POINT('',(1.913048256329,1.33506325582));
#11758 = ( GEOMETRIC_REPRESENTATION_CONTEXT(2) 
PARAMETRIC_REPRESENTATION_CONTEXT() REPRESENTATION_CONTEXT('2D SPACE',''
  ) );
#11759 = PCURVE('',#11394,#11760);
#11760 = DEFINITIONAL_REPRESENTATION('',(#11761),#11767);
#11761 = B_SPLINE_CURVE_WITH_KNOTS('',4,(#11762,#11763,#11764,#11765,
    #11766),.UNSPECIFIED.,.F.,.F.,(5,5),(0.,1.),
  .PIECEWISE_BEZIER_KNOTS.);
#11762 = CARTESIAN_POINT('',(-7.839646421336E-02,-6.575861150127));
#11763 = CARTESIAN_POINT('',(0.154566399069,-6.646541740914));
#11764 = CARTESIAN_POINT('',(0.389139611271,-6.711917799181));
#11765 = CARTESIAN_POINT('',(0.625133737648,-6.771960923545));
#11766 = CARTESIAN_POINT('',(0.862361106347,-6.826658941639));
#11767 = ( GEOMETRIC_REPRESENTATION_CONTEXT(2) 
PARAMETRIC_REPRESENTATION_CONTEXT() REPRESENTATION_CONTEXT('2D SPACE',''
  ) );
#11768 = ORIENTED_EDGE('',*,*,#11769,.T.);
#11769 = EDGE_CURVE('',#11741,#4839,#11770,.T.);
#11770 = SURFACE_CURVE('',#11771,(#11782,#11796),.PCURVE_S1.);
#11771 = B_SPLINE_CURVE_WITH_KNOTS('',5,(#11772,#11773,#11774,#11775,
    #11776,#11777,#11778,#11779,#11780,#11781),.UNSPECIFIED.,.F.,.F.,(6,
    4,6),(0.,0.323177195999,1.),.UNSPECIFIED.);
#11772 = CARTESIAN_POINT('',(-8.155343402635,22.956208463665,
    6.808351985059));
#11773 = CARTESIAN_POINT('',(-8.146520437287,22.804723998881,
    6.844233903119));
#11774 = CARTESIAN_POINT('',(-8.140404044881,22.652083323339,
    6.877991311046));
#11775 = CARTESIAN_POINT('',(-8.137075937306,22.498427521453,
    6.909601465418));
#11776 = CARTESIAN_POINT('',(-8.136603993679,22.343907536856,
    6.93905793578));
#11777 = CARTESIAN_POINT('',(-8.144148667925,21.863603337268,
    7.023570918751));
#11778 = CARTESIAN_POINT('',(-8.162019051775,21.535412474138,
    7.071373368021));
#11779 = CARTESIAN_POINT('',(-8.193146658919,21.205642351397,
    7.109858873623));
#11780 = CARTESIAN_POINT('',(-8.237717459487,20.875772576795,
    7.139495530157));
#11781 = CARTESIAN_POINT('',(-8.295651426942,20.547212720432,
    7.161045598658));
#11782 = PCURVE('',#4192,#11783);
#11783 = DEFINITIONAL_REPRESENTATION('',(#11784),#11795);
#11784 = B_SPLINE_CURVE_WITH_KNOTS('',5,(#11785,#11786,#11787,#11788,
    #11789,#11790,#11791,#11792,#11793,#11794),.UNSPECIFIED.,.F.,.F.,(6,
    4,6),(0.,0.323177195999,1.),.UNSPECIFIED.);
#11785 = CARTESIAN_POINT('',(1.912146344006,1.329325564959));
#11786 = CARTESIAN_POINT('',(1.913886648956,1.340440477401));
#11787 = CARTESIAN_POINT('',(1.915773539773,1.351524309089));
#11788 = CARTESIAN_POINT('',(1.91781270889,1.362565990082));
#11789 = CARTESIAN_POINT('',(1.920009298265,1.373553795739));
#11790 = CARTESIAN_POINT('',(1.927307465156,1.407348107698));
#11791 = CARTESIAN_POINT('',(1.932957929923,1.429931982643));
#11792 = CARTESIAN_POINT('',(1.939360105012,1.452109416496));
#11793 = CARTESIAN_POINT('',(1.946543855041,1.473766250142));
#11794 = CARTESIAN_POINT('',(1.954519320359,1.494788207479));
#11795 = ( GEOMETRIC_REPRESENTATION_CONTEXT(2) 
PARAMETRIC_REPRESENTATION_CONTEXT() REPRESENTATION_CONTEXT('2D SPACE',''
  ) );
#11796 = PCURVE('',#4854,#11797);
#11797 = DEFINITIONAL_REPRESENTATION('',(#11798),#11809);
#11798 = B_SPLINE_CURVE_WITH_KNOTS('',5,(#11799,#11800,#11801,#11802,
    #11803,#11804,#11805,#11806,#11807,#11808),.UNSPECIFIED.,.F.,.F.,(6,
    4,6),(0.,0.323177195999,1.),.UNSPECIFIED.);
#11799 = CARTESIAN_POINT('',(0.,-6.808351985059));
#11800 = CARTESIAN_POINT('',(1.460050148358E-02,-6.844233903119));
#11801 = CARTESIAN_POINT('',(2.929691196444E-02,-6.877991311046));
#11802 = CARTESIAN_POINT('',(4.40817485833E-02,-6.909601465418));
#11803 = CARTESIAN_POINT('',(5.894706798144E-02,-6.93905793578));
#11804 = CARTESIAN_POINT('',(0.105167526925,-7.023570918751));
#11805 = CARTESIAN_POINT('',(0.136769081358,-7.071373368021));
#11806 = CARTESIAN_POINT('',(0.168606415513,-7.109858873623));
#11807 = CARTESIAN_POINT('',(0.200608918279,-7.139495530157));
#11808 = CARTESIAN_POINT('',(0.232710566933,-7.161045598658));
#11809 = ( GEOMETRIC_REPRESENTATION_CONTEXT(2) 
PARAMETRIC_REPRESENTATION_CONTEXT() REPRESENTATION_CONTEXT('2D SPACE',''
  ) );
#11810 = ORIENTED_EDGE('',*,*,#4866,.T.);
#11811 = ORIENTED_EDGE('',*,*,#11812,.F.);
#11812 = EDGE_CURVE('',#4126,#4867,#11813,.T.);
#11813 = SURFACE_CURVE('',#11814,(#11819,#11826),.PCURVE_S1.);
#11814 = CIRCLE('',#11815,21.159010550645);
#11815 = AXIS2_PLACEMENT_3D('',#11816,#11817,#11818);
#11816 = CARTESIAN_POINT('',(0.,0.,7.199999109273));
#11817 = DIRECTION('',(0.,0.,1.));
#11818 = DIRECTION('',(1.,0.,-0.));
#11819 = PCURVE('',#4192,#11820);
#11820 = DEFINITIONAL_REPRESENTATION('',(#11821),#11825);
#11821 = LINE('',#11822,#11823);
#11822 = CARTESIAN_POINT('',(0.,1.568908760277));
#11823 = VECTOR('',#11824,1.);
#11824 = DIRECTION('',(1.,0.));
#11825 = ( GEOMETRIC_REPRESENTATION_CONTEXT(2) 
PARAMETRIC_REPRESENTATION_CONTEXT() REPRESENTATION_CONTEXT('2D SPACE',''
  ) );
#11826 = PCURVE('',#4151,#11827);
#11827 = DEFINITIONAL_REPRESENTATION('',(#11828),#11832);
#11828 = LINE('',#11829,#11830);
#11829 = CARTESIAN_POINT('',(0.,1.568908760281));
#11830 = VECTOR('',#11831,1.);
#11831 = DIRECTION('',(1.,0.));
#11832 = ( GEOMETRIC_REPRESENTATION_CONTEXT(2) 
PARAMETRIC_REPRESENTATION_CONTEXT() REPRESENTATION_CONTEXT('2D SPACE',''
  ) );
#11833 = ORIENTED_EDGE('',*,*,#4168,.F.);
#11834 = ORIENTED_EDGE('',*,*,#11565,.F.);
#11835 = ORIENTED_EDGE('',*,*,#11836,.F.);
#11836 = EDGE_CURVE('',#11636,#11566,#11837,.T.);
#11837 = SURFACE_CURVE('',#11838,(#11844,#11853),.PCURVE_S1.);
#11838 = B_SPLINE_CURVE_WITH_KNOTS('',4,(#11839,#11840,#11841,#11842,
    #11843),.UNSPECIFIED.,.F.,.F.,(5,5),(0.,1.),
  .PIECEWISE_BEZIER_KNOTS.);
#11839 = CARTESIAN_POINT('',(-4.80239662613,24.7289654378,6.575861150127
    ));
#11840 = CARTESIAN_POINT('',(-4.697843084071,24.520782219188,
    6.646541740914));
#11841 = CARTESIAN_POINT('',(-4.592566818738,24.311159940218,
    6.711917799181));
#11842 = CARTESIAN_POINT('',(-4.486652848288,24.100267885963,
    6.771960923545));
#11843 = CARTESIAN_POINT('',(-4.380185399695,23.888273766116,
    6.826658941639));
#11844 = PCURVE('',#4192,#11845);
#11845 = DEFINITIONAL_REPRESENTATION('',(#11846),#11852);
#11846 = B_SPLINE_CURVE_WITH_KNOTS('',4,(#11847,#11848,#11849,#11850,
    #11851),.UNSPECIFIED.,.F.,.F.,(5,5),(0.,1.),
  .PIECEWISE_BEZIER_KNOTS.);
#11847 = CARTESIAN_POINT('',(1.762610019967,1.265526114236));
#11848 = CARTESIAN_POINT('',(1.760111184995,1.28294612269));
#11849 = CARTESIAN_POINT('',(1.757535758257,1.300342782355));
#11850 = CARTESIAN_POINT('',(1.754880799916,1.317715348962));
#11851 = CARTESIAN_POINT('',(1.752143172859,1.33506325582));
#11852 = ( GEOMETRIC_REPRESENTATION_CONTEXT(2) 
PARAMETRIC_REPRESENTATION_CONTEXT() REPRESENTATION_CONTEXT('2D SPACE',''
  ) );
#11853 = PCURVE('',#11546,#11854);
#11854 = DEFINITIONAL_REPRESENTATION('',(#11855),#11861);
#11855 = B_SPLINE_CURVE_WITH_KNOTS('',4,(#11856,#11857,#11858,#11859,
    #11860),.UNSPECIFIED.,.F.,.F.,(5,5),(0.,1.),
  .PIECEWISE_BEZIER_KNOTS.);
#11856 = CARTESIAN_POINT('',(0.862361106347,-6.575861150127));
#11857 = CARTESIAN_POINT('',(0.629398243065,-6.646541740914));
#11858 = CARTESIAN_POINT('',(0.394825030862,-6.711917799181));
#11859 = CARTESIAN_POINT('',(0.158830904485,-6.771960923545));
#11860 = CARTESIAN_POINT('',(-7.839646421336E-02,-6.826658941639));
#11861 = ( GEOMETRIC_REPRESENTATION_CONTEXT(2) 
PARAMETRIC_REPRESENTATION_CONTEXT() REPRESENTATION_CONTEXT('2D SPACE',''
  ) );
#11862 = ADVANCED_FACE('',(#11863),#4151,.T.);
#11863 = FACE_BOUND('',#11864,.T.);
#11864 = EDGE_LOOP('',(#11865,#11866,#11867,#11868));
#11865 = ORIENTED_EDGE('',*,*,#4125,.F.);
#11866 = ORIENTED_EDGE('',*,*,#11812,.T.);
#11867 = ORIENTED_EDGE('',*,*,#4901,.T.);
#11868 = ORIENTED_EDGE('',*,*,#7058,.F.);
#11869 = ADVANCED_FACE('',(#11870),#4012,.F.);
#11870 = FACE_BOUND('',#11871,.F.);
#11871 = EDGE_LOOP('',(#11872,#11873,#11894,#11895));
#11872 = ORIENTED_EDGE('',*,*,#10096,.T.);
#11873 = ORIENTED_EDGE('',*,*,#11874,.T.);
#11874 = EDGE_CURVE('',#10097,#10507,#11875,.T.);
#11875 = SURFACE_CURVE('',#11876,(#11880,#11887),.PCURVE_S1.);
#11876 = LINE('',#11877,#11878);
#11877 = CARTESIAN_POINT('',(4.415369668564,23.958331405423,0.));
#11878 = VECTOR('',#11879,1.);
#11879 = DIRECTION('',(0.,0.,1.));
#11880 = PCURVE('',#4012,#11881);
#11881 = DEFINITIONAL_REPRESENTATION('',(#11882),#11886);
#11882 = LINE('',#11883,#11884);
#11883 = CARTESIAN_POINT('',(0.,0.));
#11884 = VECTOR('',#11885,1.);
#11885 = DIRECTION('',(0.,-1.));
#11886 = ( GEOMETRIC_REPRESENTATION_CONTEXT(2) 
PARAMETRIC_REPRESENTATION_CONTEXT() REPRESENTATION_CONTEXT('2D SPACE',''
  ) );
#11887 = PCURVE('',#10160,#11888);
#11888 = DEFINITIONAL_REPRESENTATION('',(#11889),#11893);
#11889 = LINE('',#11890,#11891);
#11890 = CARTESIAN_POINT('',(0.783964642134,0.));
#11891 = VECTOR('',#11892,1.);
#11892 = DIRECTION('',(0.,-1.));
#11893 = ( GEOMETRIC_REPRESENTATION_CONTEXT(2) 
PARAMETRIC_REPRESENTATION_CONTEXT() REPRESENTATION_CONTEXT('2D SPACE',''
  ) );
#11894 = ORIENTED_EDGE('',*,*,#10535,.T.);
#11895 = ORIENTED_EDGE('',*,*,#3996,.F.);
#11896 = ADVANCED_FACE('',(#11897),#4473,.T.);
#11897 = FACE_BOUND('',#11898,.T.);
#11898 = EDGE_LOOP('',(#11899,#11943,#11944,#11945,#11946,#11990,#12024,
    #12067,#12101,#12144));
#11899 = ORIENTED_EDGE('',*,*,#11900,.F.);
#11900 = EDGE_CURVE('',#5562,#11901,#11903,.T.);
#11901 = VERTEX_POINT('',#11902);
#11902 = CARTESIAN_POINT('',(-23.95833140542,-4.415369668564,
    0.391648014941));
#11903 = SURFACE_CURVE('',#11904,(#11915,#11929),.PCURVE_S1.);
#11904 = B_SPLINE_CURVE_WITH_KNOTS('',5,(#11905,#11906,#11907,#11908,
    #11909,#11910,#11911,#11912,#11913,#11914),.UNSPECIFIED.,.F.,.F.,(6,
    4,6),(0.,0.678562721325,1.),.UNSPECIFIED.);
#11905 = CARTESIAN_POINT('',(-21.94223390632,-3.089361483543,
    3.895440134219E-02));
#11906 = CARTESIAN_POINT('',(-22.198465072,-3.304364960161,
    6.055986544558E-02));
#11907 = CARTESIAN_POINT('',(-22.46255263815,-3.508394484567,
    9.029355703039E-02));
#11908 = CARTESIAN_POINT('',(-22.73330648298,-3.70066970811,
    0.128923633473));
#11909 = CARTESIAN_POINT('',(-23.0093411118,-3.880608014165,
    0.176920978785));
#11910 = CARTESIAN_POINT('',(-23.42158060893,-4.127102551431,
    0.261576802321));
#11911 = CARTESIAN_POINT('',(-23.55492398797,-4.20349338763,
    0.290909283118));
#11912 = CARTESIAN_POINT('',(-23.6889379849,-4.277009646663,
    0.322372247641));
#11913 = CARTESIAN_POINT('',(-23.82346059051,-4.347634999579,
    0.355959281399));
#11914 = CARTESIAN_POINT('',(-23.95833140542,-4.415369668564,
    0.391648014941));
#11915 = PCURVE('',#4473,#11916);
#11916 = DEFINITIONAL_REPRESENTATION('',(#11917),#11928);
#11917 = B_SPLINE_CURVE_WITH_KNOTS('',5,(#11918,#11919,#11920,#11921,
    #11922,#11923,#11924,#11925,#11926,#11927),.UNSPECIFIED.,.F.,.F.,(6,
    4,6),(0.,0.678562721325,1.),.UNSPECIFIED.);
#11918 = CARTESIAN_POINT('',(3.281468435624,4.7883970997));
#11919 = CARTESIAN_POINT('',(3.289464402301,4.809473095102));
#11920 = CARTESIAN_POINT('',(3.296664582952,4.831187248477));
#11921 = CARTESIAN_POINT('',(3.303079185977,4.85342437525));
#11922 = CARTESIAN_POINT('',(3.308738362773,4.876069436946));
#11923 = CARTESIAN_POINT('',(3.31602573576,4.909868150788));
#11924 = CARTESIAN_POINT('',(3.318207972836,4.920797661649));
#11925 = CARTESIAN_POINT('',(3.320234530829,4.931780347325));
#11926 = CARTESIAN_POINT('',(3.322110472911,4.942804674322));
#11927 = CARTESIAN_POINT('',(3.323841408237,4.953859745101));
#11928 = ( GEOMETRIC_REPRESENTATION_CONTEXT(2) 
PARAMETRIC_REPRESENTATION_CONTEXT() REPRESENTATION_CONTEXT('2D SPACE',''
  ) );
#11929 = PCURVE('',#5577,#11930);
#11930 = DEFINITIONAL_REPRESENTATION('',(#11931),#11942);
#11931 = B_SPLINE_CURVE_WITH_KNOTS('',5,(#11932,#11933,#11934,#11935,
    #11936,#11937,#11938,#11939,#11940,#11941),.UNSPECIFIED.,.F.,.F.,(6,
    4,6),(0.,0.678562721325,1.),.UNSPECIFIED.);
#11932 = CARTESIAN_POINT('',(0.,-3.895440134219E-02));
#11933 = CARTESIAN_POINT('',(3.218416765642E-02,-6.055986544558E-02));
#11934 = CARTESIAN_POINT('',(6.426869906369E-02,-9.029355703039E-02));
#11935 = CARTESIAN_POINT('',(9.618702333103E-02,-0.128923633473));
#11936 = CARTESIAN_POINT('',(0.127867977275,-0.176920978785));
#11937 = CARTESIAN_POINT('',(0.174083619971,-0.261576802321));
#11938 = CARTESIAN_POINT('',(0.188867612393,-0.290909283118));
#11939 = CARTESIAN_POINT('',(0.203571901269,-0.322372247641));
#11940 = CARTESIAN_POINT('',(0.218188673198,-0.355959281399));
#11941 = CARTESIAN_POINT('',(0.232710566933,-0.391648014941));
#11942 = ( GEOMETRIC_REPRESENTATION_CONTEXT(2) 
PARAMETRIC_REPRESENTATION_CONTEXT() REPRESENTATION_CONTEXT('2D SPACE',''
  ) );
#11943 = ORIENTED_EDGE('',*,*,#5589,.F.);
#11944 = ORIENTED_EDGE('',*,*,#5170,.T.);
#11945 = ORIENTED_EDGE('',*,*,#4447,.T.);
#11946 = ORIENTED_EDGE('',*,*,#11947,.T.);
#11947 = EDGE_CURVE('',#4450,#11948,#11950,.T.);
#11948 = VERTEX_POINT('',#11949);
#11949 = CARTESIAN_POINT('',(-22.95620846366,-8.155343402635,
    0.391648014941));
#11950 = SURFACE_CURVE('',#11951,(#11962,#11976),.PCURVE_S1.);
#11951 = B_SPLINE_CURVE_WITH_KNOTS('',5,(#11952,#11953,#11954,#11955,
    #11956,#11957,#11958,#11959,#11960,#11961),.UNSPECIFIED.,.F.,.F.,(6,
    4,6),(0.,0.678562721325,1.),.UNSPECIFIED.);
#11952 = CARTESIAN_POINT('',(-20.54721272043,-8.295651426942,
    3.895440134219E-02));
#11953 = CARTESIAN_POINT('',(-20.87661715746,-8.237568537129,
    6.055986544558E-02));
#11954 = CARTESIAN_POINT('',(-21.20733846076,-8.192917568943,
    9.029355703038E-02));
#11955 = CARTESIAN_POINT('',(-21.53795578034,-8.161779263255,
    0.128923633473));
#11956 = CARTESIAN_POINT('',(-21.86697793425,-8.143965433508,
    0.176920978785));
#11957 = CARTESIAN_POINT('',(-22.34723507983,-8.136614650905,
    0.261576802321));
#11958 = CARTESIAN_POINT('',(-22.50090925161,-8.137129935661,
    0.290909283118));
#11959 = CARTESIAN_POINT('',(-22.65372690693,-8.14046998621,
    0.322372247641));
#11960 = CARTESIAN_POINT('',(-22.80553957723,-8.146567939238,
    0.355959281399));
#11961 = CARTESIAN_POINT('',(-22.95620846366,-8.155343402635,
    0.391648014941));
#11962 = PCURVE('',#4473,#11963);
#11963 = DEFINITIONAL_REPRESENTATION('',(#11964),#11975);
#11964 = B_SPLINE_CURVE_WITH_KNOTS('',5,(#11965,#11966,#11967,#11968,
    #11969,#11970,#11971,#11972,#11973,#11974),.UNSPECIFIED.,.F.,.F.,(6,
    4,6),(0.,0.678562721325,1.),.UNSPECIFIED.);
#11965 = CARTESIAN_POINT('',(3.525315647154,4.7883970997));
#11966 = CARTESIAN_POINT('',(3.517319680477,4.809473095102));
#11967 = CARTESIAN_POINT('',(3.510119499826,4.831187248477));
#11968 = CARTESIAN_POINT('',(3.503704896801,4.85342437525));
#11969 = CARTESIAN_POINT('',(3.498045720005,4.876069436946));
#11970 = CARTESIAN_POINT('',(3.490758347018,4.909868150788));
#11971 = CARTESIAN_POINT('',(3.488576109942,4.920797661649));
#11972 = CARTESIAN_POINT('',(3.486549551949,4.931780347325));
#11973 = CARTESIAN_POINT('',(3.484673609867,4.942804674322));
#11974 = CARTESIAN_POINT('',(3.482942674541,4.953859745101));
#11975 = ( GEOMETRIC_REPRESENTATION_CONTEXT(2) 
PARAMETRIC_REPRESENTATION_CONTEXT() REPRESENTATION_CONTEXT('2D SPACE',''
  ) );
#11976 = PCURVE('',#4505,#11977);
#11977 = DEFINITIONAL_REPRESENTATION('',(#11978),#11989);
#11978 = B_SPLINE_CURVE_WITH_KNOTS('',5,(#11979,#11980,#11981,#11982,
    #11983,#11984,#11985,#11986,#11987,#11988),.UNSPECIFIED.,.F.,.F.,(6,
    4,6),(0.,0.678562721325,1.),.UNSPECIFIED.);
#11979 = CARTESIAN_POINT('',(0.232710566933,-3.895440134219E-02));
#11980 = CARTESIAN_POINT('',(0.200526399276,-6.055986544558E-02));
#11981 = CARTESIAN_POINT('',(0.168441867869,-9.029355703038E-02));
#11982 = CARTESIAN_POINT('',(0.136523543602,-0.128923633473));
#11983 = CARTESIAN_POINT('',(0.104842589657,-0.176920978785));
#11984 = CARTESIAN_POINT('',(5.86269469619E-02,-0.261576802321));
#11985 = CARTESIAN_POINT('',(4.38429545396E-02,-0.290909283118));
#11986 = CARTESIAN_POINT('',(2.913866566402E-02,-0.322372247641));
#11987 = CARTESIAN_POINT('',(1.452189373431E-02,-0.355959281399));
#11988 = CARTESIAN_POINT('',(0.,-0.391648014941));
#11989 = ( GEOMETRIC_REPRESENTATION_CONTEXT(2) 
PARAMETRIC_REPRESENTATION_CONTEXT() REPRESENTATION_CONTEXT('2D SPACE',''
  ) );
#11990 = ORIENTED_EDGE('',*,*,#11991,.T.);
#11991 = EDGE_CURVE('',#11948,#11992,#11994,.T.);
#11992 = VERTEX_POINT('',#11993);
#11993 = CARTESIAN_POINT('',(-23.7388467617,-8.200926892624,
    0.600598998088));
#11994 = SURFACE_CURVE('',#11995,(#12001,#12010),.PCURVE_S1.);
#11995 = B_SPLINE_CURVE_WITH_KNOTS('',4,(#11996,#11997,#11998,#11999,
    #12000),.UNSPECIFIED.,.F.,.F.,(5,5),(0.,1.),
  .PIECEWISE_BEZIER_KNOTS.);
#11996 = CARTESIAN_POINT('',(-22.87794463386,-8.150785053636,
    0.373341058361));
#11997 = CARTESIAN_POINT('',(-23.11477065134,-8.164578598399,
    0.428039076436));
#11998 = CARTESIAN_POINT('',(-23.35036551312,-8.178300436508,
    0.488082200825));
#11999 = CARTESIAN_POINT('',(-23.58454186436,-8.191939655786,
    0.553458259061));
#12000 = CARTESIAN_POINT('',(-23.8171105915,-8.205485241623,
    0.624138849873));
#12001 = PCURVE('',#4473,#12002);
#12002 = DEFINITIONAL_REPRESENTATION('',(#12003),#12009);
#12003 = B_SPLINE_CURVE_WITH_KNOTS('',4,(#12004,#12005,#12006,#12007,
    #12008),.UNSPECIFIED.,.F.,.F.,(5,5),(0.,1.),
  .PIECEWISE_BEZIER_KNOTS.);
#12004 = CARTESIAN_POINT('',(3.483844583107,4.94812205133));
#12005 = CARTESIAN_POINT('',(3.48110695605,4.965469958185));
#12006 = CARTESIAN_POINT('',(3.478451997796,4.982842524983));
#12007 = CARTESIAN_POINT('',(3.47587657095,5.000239184384));
#12008 = CARTESIAN_POINT('',(3.473377735977,5.017659192849));
#12009 = ( GEOMETRIC_REPRESENTATION_CONTEXT(2) 
PARAMETRIC_REPRESENTATION_CONTEXT() REPRESENTATION_CONTEXT('2D SPACE',''
  ) );
#12010 = PCURVE('',#12011,#12016);
#12011 = PLANE('',#12012);
#12012 = AXIS2_PLACEMENT_3D('',#12013,#12014,#12015);
#12013 = CARTESIAN_POINT('',(-23.7388467617,-8.200926892624,0.));
#12014 = DIRECTION('',(-5.814482891048E-02,0.998308158271,0.));
#12015 = DIRECTION('',(0.998308158271,5.814482891048E-02,0.));
#12016 = DEFINITIONAL_REPRESENTATION('',(#12017),#12023);
#12017 = B_SPLINE_CURVE_WITH_KNOTS('',4,(#12018,#12019,#12020,#12021,
    #12022),.UNSPECIFIED.,.F.,.F.,(5,5),(0.,1.),
  .PIECEWISE_BEZIER_KNOTS.);
#12018 = CARTESIAN_POINT('',(0.862361106347,-0.373341058361));
#12019 = CARTESIAN_POINT('',(0.6251337377,-0.428039076436));
#12020 = CARTESIAN_POINT('',(0.389139611212,-0.488082200825));
#12021 = CARTESIAN_POINT('',(0.154566399224,-0.553458259061));
#12022 = CARTESIAN_POINT('',(-7.839646421336E-02,-0.624138849873));
#12023 = ( GEOMETRIC_REPRESENTATION_CONTEXT(2) 
PARAMETRIC_REPRESENTATION_CONTEXT() REPRESENTATION_CONTEXT('2D SPACE',''
  ) );
#12024 = ORIENTED_EDGE('',*,*,#12025,.T.);
#12025 = EDGE_CURVE('',#11992,#12026,#12028,.T.);
#12026 = VERTEX_POINT('',#12027);
#12027 = CARTESIAN_POINT('',(-26.37209188001,-7.825061472662,1.6));
#12028 = SURFACE_CURVE('',#12029,(#12038,#12050),.PCURVE_S1.);
#12029 = B_SPLINE_CURVE_WITH_KNOTS('',7,(#12030,#12031,#12032,#12033,
    #12034,#12035,#12036,#12037),.UNSPECIFIED.,.F.,.F.,(8,8),(0.,1.),
  .PIECEWISE_BEZIER_KNOTS.);
#12030 = CARTESIAN_POINT('',(-23.7388467617,-8.200926892624,
    0.600598998088));
#12031 = CARTESIAN_POINT('',(-24.1369741424,-8.224115171958,
    0.719099553285));
#12032 = CARTESIAN_POINT('',(-24.5304485643,-8.219273801291,
    0.848182674858));
#12033 = CARTESIAN_POINT('',(-24.91723007012,-8.187856613965,
    0.986310340719));
#12034 = CARTESIAN_POINT('',(-25.29576933982,-8.131398739824,
    1.131937080568));
#12035 = CARTESIAN_POINT('',(-25.66490991329,-8.051337511195,
    1.2836146553));
#12036 = CARTESIAN_POINT('',(-26.02384947934,-7.948929513723,
    1.440024629007));
#12037 = CARTESIAN_POINT('',(-26.37209188001,-7.825061472662,1.6));
#12038 = PCURVE('',#4473,#12039);
#12039 = DEFINITIONAL_REPRESENTATION('',(#12040),#12049);
#12040 = B_SPLINE_CURVE_WITH_KNOTS('',7,(#12041,#12042,#12043,#12044,
    #12045,#12046,#12047,#12048),.UNSPECIFIED.,.F.,.F.,(8,8),(0.,1.),
  .PIECEWISE_BEZIER_KNOTS.);
#12041 = CARTESIAN_POINT('',(3.474221165572,5.011803082344));
#12042 = CARTESIAN_POINT('',(3.469917738225,5.041562392828));
#12043 = CARTESIAN_POINT('',(3.464773420868,5.070632248963));
#12044 = CARTESIAN_POINT('',(3.458913954227,5.098948728532));
#12045 = CARTESIAN_POINT('',(3.452441251266,5.126477188547));
#12046 = CARTESIAN_POINT('',(3.445434497959,5.153198073043));
#12047 = CARTESIAN_POINT('',(3.4379532475,5.179104389785));
#12048 = CARTESIAN_POINT('',(3.430035276628,5.204198588418));
#12049 = ( GEOMETRIC_REPRESENTATION_CONTEXT(2) 
PARAMETRIC_REPRESENTATION_CONTEXT() REPRESENTATION_CONTEXT('2D SPACE',''
  ) );
#12050 = PCURVE('',#12051,#12056);
#12051 = CYLINDRICAL_SURFACE('',#12052,6.695751497138);
#12052 = AXIS2_PLACEMENT_3D('',#12053,#12054,#12055);
#12053 = CARTESIAN_POINT('',(-24.12817008693,-1.516503547274,0.));
#12054 = DIRECTION('',(-0.,-0.,-1.));
#12055 = DIRECTION('',(-0.33512620563,-0.942173246436,0.));
#12056 = DEFINITIONAL_REPRESENTATION('',(#12057),#12066);
#12057 = B_SPLINE_CURVE_WITH_KNOTS('',7,(#12058,#12059,#12060,#12061,
    #12062,#12063,#12064,#12065),.UNSPECIFIED.,.F.,.F.,(8,8),(0.,1.),
  .PIECEWISE_BEZIER_KNOTS.);
#12058 = CARTESIAN_POINT('',(-0.399916820262,-0.600598998088));
#12059 = CARTESIAN_POINT('',(-0.34035635257,-0.719099553285));
#12060 = CARTESIAN_POINT('',(-0.281733038893,-0.848182674858));
#12061 = CARTESIAN_POINT('',(-0.223993204871,-0.986310340719));
#12062 = CARTESIAN_POINT('',(-0.167058643527,-1.131937080568));
#12063 = CARTESIAN_POINT('',(-0.110834318449,-1.2836146553));
#12064 = CARTESIAN_POINT('',(-5.520158565366E-02,-1.440024629007));
#12065 = CARTESIAN_POINT('',(0.,-1.6));
#12066 = ( GEOMETRIC_REPRESENTATION_CONTEXT(2) 
PARAMETRIC_REPRESENTATION_CONTEXT() REPRESENTATION_CONTEXT('2D SPACE',''
  ) );
#12067 = ORIENTED_EDGE('',*,*,#12068,.T.);
#12068 = EDGE_CURVE('',#12026,#12069,#12071,.T.);
#12069 = VERTEX_POINT('',#12070);
#12070 = CARTESIAN_POINT('',(-26.75143225535,-6.409343918505,1.6));
#12071 = SURFACE_CURVE('',#12072,(#12078,#12087),.PCURVE_S1.);
#12072 = B_SPLINE_CURVE_WITH_KNOTS('',4,(#12073,#12074,#12075,#12076,
    #12077),.UNSPECIFIED.,.F.,.F.,(5,5),(0.,1.),
  .PIECEWISE_BEZIER_KNOTS.);
#12073 = CARTESIAN_POINT('',(-26.37209188001,-7.825061472662,1.6));
#12074 = CARTESIAN_POINT('',(-26.4669204506,-7.47115642918,
    1.594771077215));
#12075 = CARTESIAN_POINT('',(-26.56176210744,-7.117202547201,
    1.593038407659));
#12076 = CARTESIAN_POINT('',(-26.6566036857,-6.76324895847,
    1.594771077267));
#12077 = CARTESIAN_POINT('',(-26.75143225535,-6.409343918505,1.6));
#12078 = PCURVE('',#4473,#12079);
#12079 = DEFINITIONAL_REPRESENTATION('',(#12080),#12086);
#12080 = B_SPLINE_CURVE_WITH_KNOTS('',4,(#12081,#12082,#12083,#12084,
    #12085),.UNSPECIFIED.,.F.,.F.,(5,5),(0.,1.),
  .PIECEWISE_BEZIER_KNOTS.);
#12081 = CARTESIAN_POINT('',(3.430035276628,5.204198588418));
#12082 = CARTESIAN_POINT('',(3.416720878348,5.203378364491));
#12083 = CARTESIAN_POINT('',(3.403392035348,5.203104898197));
#12084 = CARTESIAN_POINT('',(3.390063204297,5.203378364499));
#12085 = CARTESIAN_POINT('',(3.37674880615,5.204198588418));
#12086 = ( GEOMETRIC_REPRESENTATION_CONTEXT(2) 
PARAMETRIC_REPRESENTATION_CONTEXT() REPRESENTATION_CONTEXT('2D SPACE',''
  ) );
#12087 = PCURVE('',#12088,#12093);
#12088 = PLANE('',#12089);
#12089 = AXIS2_PLACEMENT_3D('',#12090,#12091,#12092);
#12090 = CARTESIAN_POINT('',(-26.75143225535,-6.409343918505,0.));
#12091 = DIRECTION('',(0.965925826289,0.258819045103,-0.));
#12092 = DIRECTION('',(0.258819045103,-0.965925826289,0.));
#12093 = DEFINITIONAL_REPRESENTATION('',(#12094),#12100);
#12094 = B_SPLINE_CURVE_WITH_KNOTS('',4,(#12095,#12096,#12097,#12098,
    #12099),.UNSPECIFIED.,.F.,.F.,(5,5),(0.,1.),
  .PIECEWISE_BEZIER_KNOTS.);
#12095 = CARTESIAN_POINT('',(1.465658662007,-1.6));
#12096 = CARTESIAN_POINT('',(1.099269200363,-1.594771077215));
#12097 = CARTESIAN_POINT('',(0.732829177387,-1.593038407659));
#12098 = CARTESIAN_POINT('',(0.366389458003,-1.594771077267));
#12099 = CARTESIAN_POINT('',(2.04281036531E-14,-1.6));
#12100 = ( GEOMETRIC_REPRESENTATION_CONTEXT(2) 
PARAMETRIC_REPRESENTATION_CONTEXT() REPRESENTATION_CONTEXT('2D SPACE',''
  ) );
#12101 = ORIENTED_EDGE('',*,*,#12102,.F.);
#12102 = EDGE_CURVE('',#12103,#12069,#12105,.T.);
#12103 = VERTEX_POINT('',#12104);
#12104 = CARTESIAN_POINT('',(-24.65890779849,-4.76721235726,
    0.600598998088));
#12105 = SURFACE_CURVE('',#12106,(#12115,#12127),.PCURVE_S1.);
#12106 = B_SPLINE_CURVE_WITH_KNOTS('',7,(#12107,#12108,#12109,#12110,
    #12111,#12112,#12113,#12114),.UNSPECIFIED.,.F.,.F.,(8,8),(0.,1.),
  .PIECEWISE_BEZIER_KNOTS.);
#12107 = CARTESIAN_POINT('',(-24.65890779849,-4.76721235726,
    0.600598998088));
#12108 = CARTESIAN_POINT('',(-25.01529036378,-4.946194408636,
    0.719099553285));
#12109 = CARTESIAN_POINT('',(-25.35362852355,-5.147124369574,
    0.848182674858));
#12110 = CARTESIAN_POINT('',(-25.67288253965,-5.367723204823,
    0.986310340719));
#12111 = CARTESIAN_POINT('',(-25.97247822647,-5.605886792923,
    1.131937080568));
#12112 = CARTESIAN_POINT('',(-26.25213272634,-5.859792137508,
    1.2836146553));
#12113 = CARTESIAN_POINT('',(-26.51177951023,-6.127949847894,
    1.440024629007));
#12114 = CARTESIAN_POINT('',(-26.75143225535,-6.409343918505,1.6));
#12115 = PCURVE('',#4473,#12116);
#12116 = DEFINITIONAL_REPRESENTATION('',(#12117),#12126);
#12117 = B_SPLINE_CURVE_WITH_KNOTS('',7,(#12118,#12119,#12120,#12121,
    #12122,#12123,#12124,#12125),.UNSPECIFIED.,.F.,.F.,(8,8),(0.,1.),
  .PIECEWISE_BEZIER_KNOTS.);
#12118 = CARTESIAN_POINT('',(3.332562917206,5.011803082344));
#12119 = CARTESIAN_POINT('',(3.336866344553,5.041562392828));
#12120 = CARTESIAN_POINT('',(3.34201066191,5.070632248963));
#12121 = CARTESIAN_POINT('',(3.347870128551,5.098948728532));
#12122 = CARTESIAN_POINT('',(3.354342831512,5.126477188547));
#12123 = CARTESIAN_POINT('',(3.361349584819,5.153198073043));
#12124 = CARTESIAN_POINT('',(3.368830835278,5.179104389785));
#12125 = CARTESIAN_POINT('',(3.37674880615,5.204198588418));
#12126 = ( GEOMETRIC_REPRESENTATION_CONTEXT(2) 
PARAMETRIC_REPRESENTATION_CONTEXT() REPRESENTATION_CONTEXT('2D SPACE',''
  ) );
#12127 = PCURVE('',#12128,#12133);
#12128 = CYLINDRICAL_SURFACE('',#12129,6.695751497138);
#12129 = AXIS2_PLACEMENT_3D('',#12130,#12131,#12132);
#12130 = CARTESIAN_POINT('',(-21.65386001575,-10.75075444659,0.));
#12131 = DIRECTION('',(-0.,-0.,-1.));
#12132 = DIRECTION('',(-0.4487991802,0.893632640323,0.));
#12133 = DEFINITIONAL_REPRESENTATION('',(#12134),#12143);
#12134 = B_SPLINE_CURVE_WITH_KNOTS('',7,(#12135,#12136,#12137,#12138,
    #12139,#12140,#12141,#12142),.UNSPECIFIED.,.F.,.F.,(8,8),(0.,1.),
  .PIECEWISE_BEZIER_KNOTS.);
#12135 = CARTESIAN_POINT('',(0.,-0.600598998088));
#12136 = CARTESIAN_POINT('',(-5.956046769162E-02,-0.719099553285));
#12137 = CARTESIAN_POINT('',(-0.118183781368,-0.848182674858));
#12138 = CARTESIAN_POINT('',(-0.175923615391,-0.986310340719));
#12139 = CARTESIAN_POINT('',(-0.232858176735,-1.131937080569));
#12140 = CARTESIAN_POINT('',(-0.289082501812,-1.2836146553));
#12141 = CARTESIAN_POINT('',(-0.344715234608,-1.440024629007));
#12142 = CARTESIAN_POINT('',(-0.399916820262,-1.6));
#12143 = ( GEOMETRIC_REPRESENTATION_CONTEXT(2) 
PARAMETRIC_REPRESENTATION_CONTEXT() REPRESENTATION_CONTEXT('2D SPACE',''
  ) );
#12144 = ORIENTED_EDGE('',*,*,#12145,.F.);
#12145 = EDGE_CURVE('',#11901,#12103,#12146,.T.);
#12146 = SURFACE_CURVE('',#12147,(#12153,#12162),.PCURVE_S1.);
#12147 = B_SPLINE_CURVE_WITH_KNOTS('',4,(#12148,#12149,#12150,#12151,
    #12152),.UNSPECIFIED.,.F.,.F.,(5,5),(0.,1.),
  .PIECEWISE_BEZIER_KNOTS.);
#12148 = CARTESIAN_POINT('',(-23.88827376611,-4.380185399695,
    0.373341058361));
#12149 = CARTESIAN_POINT('',(-24.10026788591,-4.486652848265,
    0.428039076436));
#12150 = CARTESIAN_POINT('',(-24.31115994027,-4.592566818765,
    0.488082200825));
#12151 = CARTESIAN_POINT('',(-24.52078221904,-4.697843084002,
    0.553458259061));
#12152 = CARTESIAN_POINT('',(-24.7289654378,-4.80239662613,
    0.624138849873));
#12153 = PCURVE('',#4473,#12154);
#12154 = DEFINITIONAL_REPRESENTATION('',(#12155),#12161);
#12155 = B_SPLINE_CURVE_WITH_KNOTS('',4,(#12156,#12157,#12158,#12159,
    #12160),.UNSPECIFIED.,.F.,.F.,(5,5),(0.,1.),
  .PIECEWISE_BEZIER_KNOTS.);
#12156 = CARTESIAN_POINT('',(3.322939499671,4.94812205133));
#12157 = CARTESIAN_POINT('',(3.325677126727,4.965469958185));
#12158 = CARTESIAN_POINT('',(3.328332084982,4.982842524983));
#12159 = CARTESIAN_POINT('',(3.330907511828,5.000239184384));
#12160 = CARTESIAN_POINT('',(3.333406346801,5.017659192849));
#12161 = ( GEOMETRIC_REPRESENTATION_CONTEXT(2) 
PARAMETRIC_REPRESENTATION_CONTEXT() REPRESENTATION_CONTEXT('2D SPACE',''
  ) );
#12162 = PCURVE('',#12163,#12168);
#12163 = PLANE('',#12164);
#12164 = AXIS2_PLACEMENT_3D('',#12165,#12166,#12167);
#12165 = CARTESIAN_POINT('',(-23.95833140542,-4.415369668564,0.));
#12166 = DIRECTION('',(0.4487991802,-0.893632640323,0.));
#12167 = DIRECTION('',(-0.893632640323,-0.4487991802,0.));
#12168 = DEFINITIONAL_REPRESENTATION('',(#12169),#12175);
#12169 = B_SPLINE_CURVE_WITH_KNOTS('',4,(#12170,#12171,#12172,#12173,
    #12174),.UNSPECIFIED.,.F.,.F.,(5,5),(0.,1.),
  .PIECEWISE_BEZIER_KNOTS.);
#12170 = CARTESIAN_POINT('',(-7.839646421336E-02,-0.373341058361));
#12171 = CARTESIAN_POINT('',(0.158830904433,-0.428039076436));
#12172 = CARTESIAN_POINT('',(0.394825030922,-0.488082200825));
#12173 = CARTESIAN_POINT('',(0.62939824291,-0.553458259061));
#12174 = CARTESIAN_POINT('',(0.862361106347,-0.624138849873));
#12175 = ( GEOMETRIC_REPRESENTATION_CONTEXT(2) 
PARAMETRIC_REPRESENTATION_CONTEXT() REPRESENTATION_CONTEXT('2D SPACE',''
  ) );
#12176 = ADVANCED_FACE('',(#12177),#4717,.F.);
#12177 = FACE_BOUND('',#12178,.F.);
#12178 = EDGE_LOOP('',(#12179,#12180,#12181,#12182));
#12179 = ORIENTED_EDGE('',*,*,#10666,.F.);
#12180 = ORIENTED_EDGE('',*,*,#4701,.T.);
#12181 = ORIENTED_EDGE('',*,*,#11182,.F.);
#12182 = ORIENTED_EDGE('',*,*,#12183,.F.);
#12183 = EDGE_CURVE('',#10667,#11183,#12184,.T.);
#12184 = SURFACE_CURVE('',#12185,(#12189,#12196),.PCURVE_S1.);
#12185 = LINE('',#12186,#12187);
#12186 = CARTESIAN_POINT('',(-18.5408387951,-15.80298800278,0.));
#12187 = VECTOR('',#12188,1.);
#12188 = DIRECTION('',(0.,0.,1.));
#12189 = PCURVE('',#4717,#12190);
#12190 = DEFINITIONAL_REPRESENTATION('',(#12191),#12195);
#12191 = LINE('',#12192,#12193);
#12192 = CARTESIAN_POINT('',(0.232710566933,0.));
#12193 = VECTOR('',#12194,1.);
#12194 = DIRECTION('',(0.,-1.));
#12195 = ( GEOMETRIC_REPRESENTATION_CONTEXT(2) 
PARAMETRIC_REPRESENTATION_CONTEXT() REPRESENTATION_CONTEXT('2D SPACE',''
  ) );
#12196 = PCURVE('',#10929,#12197);
#12197 = DEFINITIONAL_REPRESENTATION('',(#12198),#12202);
#12198 = LINE('',#12199,#12200);
#12199 = CARTESIAN_POINT('',(-1.484124488039E-15,0.));
#12200 = VECTOR('',#12201,1.);
#12201 = DIRECTION('',(0.,-1.));
#12202 = ( GEOMETRIC_REPRESENTATION_CONTEXT(2) 
PARAMETRIC_REPRESENTATION_CONTEXT() REPRESENTATION_CONTEXT('2D SPACE',''
  ) );
#12203 = ADVANCED_FACE('',(#12204),#4583,.T.);
#12204 = FACE_BOUND('',#12205,.T.);
#12205 = EDGE_LOOP('',(#12206,#12228,#12229,#12230));
#12206 = ORIENTED_EDGE('',*,*,#12207,.T.);
#12207 = EDGE_CURVE('',#5489,#4518,#12208,.T.);
#12208 = SURFACE_CURVE('',#12209,(#12214,#12221),.PCURVE_S1.);
#12209 = CIRCLE('',#12210,21.159010550645);
#12210 = AXIS2_PLACEMENT_3D('',#12211,#12212,#12213);
#12211 = CARTESIAN_POINT('',(0.,0.,7.199999109273));
#12212 = DIRECTION('',(0.,0.,1.));
#12213 = DIRECTION('',(1.,0.,-0.));
#12214 = PCURVE('',#4583,#12215);
#12215 = DEFINITIONAL_REPRESENTATION('',(#12216),#12220);
#12216 = LINE('',#12217,#12218);
#12217 = CARTESIAN_POINT('',(0.,1.568908760281));
#12218 = VECTOR('',#12219,1.);
#12219 = DIRECTION('',(1.,0.));
#12220 = ( GEOMETRIC_REPRESENTATION_CONTEXT(2) 
PARAMETRIC_REPRESENTATION_CONTEXT() REPRESENTATION_CONTEXT('2D SPACE',''
  ) );
#12221 = PCURVE('',#4541,#12222);
#12222 = DEFINITIONAL_REPRESENTATION('',(#12223),#12227);
#12223 = LINE('',#12224,#12225);
#12224 = CARTESIAN_POINT('',(0.,1.568908760277));
#12225 = VECTOR('',#12226,1.);
#12226 = DIRECTION('',(1.,0.));
#12227 = ( GEOMETRIC_REPRESENTATION_CONTEXT(2) 
PARAMETRIC_REPRESENTATION_CONTEXT() REPRESENTATION_CONTEXT('2D SPACE',''
  ) );
#12228 = ORIENTED_EDGE('',*,*,#4557,.T.);
#12229 = ORIENTED_EDGE('',*,*,#7127,.F.);
#12230 = ORIENTED_EDGE('',*,*,#5488,.F.);
#12231 = ADVANCED_FACE('',(#12232),#4541,.T.);
#12232 = FACE_BOUND('',#12233,.T.);
#12233 = EDGE_LOOP('',(#12234,#12274,#12303,#12341,#12370,#12412,#12413,
    #12414,#12415,#12459));
#12234 = ORIENTED_EDGE('',*,*,#12235,.F.);
#12235 = EDGE_CURVE('',#12236,#12238,#12240,.T.);
#12236 = VERTEX_POINT('',#12237);
#12237 = CARTESIAN_POINT('',(-26.75143225535,-6.409343918505,5.6));
#12238 = VERTEX_POINT('',#12239);
#12239 = CARTESIAN_POINT('',(-24.65890779849,-4.76721235726,
    6.599401001912));
#12240 = SURFACE_CURVE('',#12241,(#12250,#12262),.PCURVE_S1.);
#12241 = B_SPLINE_CURVE_WITH_KNOTS('',7,(#12242,#12243,#12244,#12245,
    #12246,#12247,#12248,#12249),.UNSPECIFIED.,.F.,.F.,(8,8),(0.,1.),
  .PIECEWISE_BEZIER_KNOTS.);
#12242 = CARTESIAN_POINT('',(-26.75143225535,-6.409343918505,5.6));
#12243 = CARTESIAN_POINT('',(-26.51177951016,-6.12794984782,
    5.759975371035));
#12244 = CARTESIAN_POINT('',(-26.25213272645,-5.859792137654,
    5.916385344619));
#12245 = CARTESIAN_POINT('',(-25.9724782267,-5.60588679312,
    6.068062919312));
#12246 = CARTESIAN_POINT('',(-25.67288253978,-5.36772320488,
    6.21368965924));
#12247 = CARTESIAN_POINT('',(-25.35362852341,-5.147124369441,
    6.351817325222));
#12248 = CARTESIAN_POINT('',(-25.01529036343,-4.94619440846,
    6.480900446831));
#12249 = CARTESIAN_POINT('',(-24.65890779849,-4.76721235726,
    6.599401001912));
#12250 = PCURVE('',#4541,#12251);
#12251 = DEFINITIONAL_REPRESENTATION('',(#12252),#12261);
#12252 = B_SPLINE_CURVE_WITH_KNOTS('',7,(#12253,#12254,#12255,#12256,
    #12257,#12258,#12259,#12260),.UNSPECIFIED.,.F.,.F.,(8,8),(0.,1.),
  .PIECEWISE_BEZIER_KNOTS.);
#12253 = CARTESIAN_POINT('',(3.37674880615,1.078986718762));
#12254 = CARTESIAN_POINT('',(3.368830835276,1.104080917401));
#12255 = CARTESIAN_POINT('',(3.361349584823,1.129987234125));
#12256 = CARTESIAN_POINT('',(3.354342831518,1.156708118611));
#12257 = CARTESIAN_POINT('',(3.347870128552,1.184236578637));
#12258 = CARTESIAN_POINT('',(3.342010661906,1.21255305823));
#12259 = CARTESIAN_POINT('',(3.336866344548,1.241622914381));
#12260 = CARTESIAN_POINT('',(3.332562917206,1.271382224835));
#12261 = ( GEOMETRIC_REPRESENTATION_CONTEXT(2) 
PARAMETRIC_REPRESENTATION_CONTEXT() REPRESENTATION_CONTEXT('2D SPACE',''
  ) );
#12262 = PCURVE('',#12128,#12263);
#12263 = DEFINITIONAL_REPRESENTATION('',(#12264),#12273);
#12264 = B_SPLINE_CURVE_WITH_KNOTS('',7,(#12265,#12266,#12267,#12268,
    #12269,#12270,#12271,#12272),.UNSPECIFIED.,.F.,.F.,(8,8),(0.,1.),
  .PIECEWISE_BEZIER_KNOTS.);
#12265 = CARTESIAN_POINT('',(-0.399916820262,-5.6));
#12266 = CARTESIAN_POINT('',(-0.344715234593,-5.759975371035));
#12267 = CARTESIAN_POINT('',(-0.289082501839,-5.916385344619));
#12268 = CARTESIAN_POINT('',(-0.23285817678,-6.068062919312));
#12269 = CARTESIAN_POINT('',(-0.175923615412,-6.21368965924));
#12270 = CARTESIAN_POINT('',(-0.118183781341,-6.351817325222));
#12271 = CARTESIAN_POINT('',(-5.956046763313E-02,-6.480900446831));
#12272 = CARTESIAN_POINT('',(0.,-6.599401001912));
#12273 = ( GEOMETRIC_REPRESENTATION_CONTEXT(2) 
PARAMETRIC_REPRESENTATION_CONTEXT() REPRESENTATION_CONTEXT('2D SPACE',''
  ) );
#12274 = ORIENTED_EDGE('',*,*,#12275,.T.);
#12275 = EDGE_CURVE('',#12236,#12276,#12278,.T.);
#12276 = VERTEX_POINT('',#12277);
#12277 = CARTESIAN_POINT('',(-26.37209188001,-7.825061472662,5.6));
#12278 = SURFACE_CURVE('',#12279,(#12285,#12294),.PCURVE_S1.);
#12279 = B_SPLINE_CURVE_WITH_KNOTS('',4,(#12280,#12281,#12282,#12283,
    #12284),.UNSPECIFIED.,.F.,.F.,(5,5),(0.,1.),
  .PIECEWISE_BEZIER_KNOTS.);
#12280 = CARTESIAN_POINT('',(-26.75143225535,-6.409343918505,5.6));
#12281 = CARTESIAN_POINT('',(-26.65660368475,-6.763248961987,
    5.605228922785));
#12282 = CARTESIAN_POINT('',(-26.56176202792,-7.117202843966,
    5.606961592341));
#12283 = CARTESIAN_POINT('',(-26.46692044966,-7.471156432697,
    5.605228922733));
#12284 = CARTESIAN_POINT('',(-26.37209188001,-7.825061472662,5.6));
#12285 = PCURVE('',#4541,#12286);
#12286 = DEFINITIONAL_REPRESENTATION('',(#12287),#12293);
#12287 = B_SPLINE_CURVE_WITH_KNOTS('',4,(#12288,#12289,#12290,#12291,
    #12292),.UNSPECIFIED.,.F.,.F.,(5,5),(0.,1.),
  .PIECEWISE_BEZIER_KNOTS.);
#12288 = CARTESIAN_POINT('',(3.37674880615,1.078986718762));
#12289 = CARTESIAN_POINT('',(3.39006320443,1.079806942689));
#12290 = CARTESIAN_POINT('',(3.40339204743,1.080080408983));
#12291 = CARTESIAN_POINT('',(3.416720878481,1.079806942681));
#12292 = CARTESIAN_POINT('',(3.430035276628,1.078986718762));
#12293 = ( GEOMETRIC_REPRESENTATION_CONTEXT(2) 
PARAMETRIC_REPRESENTATION_CONTEXT() REPRESENTATION_CONTEXT('2D SPACE',''
  ) );
#12294 = PCURVE('',#12088,#12295);
#12295 = DEFINITIONAL_REPRESENTATION('',(#12296),#12302);
#12296 = B_SPLINE_CURVE_WITH_KNOTS('',4,(#12297,#12298,#12299,#12300,
    #12301),.UNSPECIFIED.,.F.,.F.,(5,5),(0.,1.),
  .PIECEWISE_BEZIER_KNOTS.);
#12297 = CARTESIAN_POINT('',(2.540190280342E-13,-5.6));
#12298 = CARTESIAN_POINT('',(0.366389461644,-5.605228922785));
#12299 = CARTESIAN_POINT('',(0.732829484621,-5.606961592341));
#12300 = CARTESIAN_POINT('',(1.099269204004,-5.605228922733));
#12301 = CARTESIAN_POINT('',(1.465658662007,-5.6));
#12302 = ( GEOMETRIC_REPRESENTATION_CONTEXT(2) 
PARAMETRIC_REPRESENTATION_CONTEXT() REPRESENTATION_CONTEXT('2D SPACE',''
  ) );
#12303 = ORIENTED_EDGE('',*,*,#12304,.T.);
#12304 = EDGE_CURVE('',#12276,#12305,#12307,.T.);
#12305 = VERTEX_POINT('',#12306);
#12306 = CARTESIAN_POINT('',(-23.7388467617,-8.200926892624,
    6.599401001912));
#12307 = SURFACE_CURVE('',#12308,(#12317,#12329),.PCURVE_S1.);
#12308 = B_SPLINE_CURVE_WITH_KNOTS('',7,(#12309,#12310,#12311,#12312,
    #12313,#12314,#12315,#12316),.UNSPECIFIED.,.F.,.F.,(8,8),(0.,1.),
  .PIECEWISE_BEZIER_KNOTS.);
#12309 = CARTESIAN_POINT('',(-26.37209188001,-7.825061472662,5.6));
#12310 = CARTESIAN_POINT('',(-26.02384947924,-7.948929513755,
    5.759975371035));
#12311 = CARTESIAN_POINT('',(-25.66490991345,-8.051337511123,
    5.916385344619));
#12312 = CARTESIAN_POINT('',(-25.29576934012,-8.131398739769,
    6.068062919312));
#12313 = CARTESIAN_POINT('',(-24.91723007026,-8.187856613985,
    6.21368965924));
#12314 = CARTESIAN_POINT('',(-24.53044856411,-8.219273801334,
    6.351817325222));
#12315 = CARTESIAN_POINT('',(-24.13697414201,-8.224115171935,
    6.480900446831));
#12316 = CARTESIAN_POINT('',(-23.7388467617,-8.200926892624,
    6.599401001912));
#12317 = PCURVE('',#4541,#12318);
#12318 = DEFINITIONAL_REPRESENTATION('',(#12319),#12328);
#12319 = B_SPLINE_CURVE_WITH_KNOTS('',7,(#12320,#12321,#12322,#12323,
    #12324,#12325,#12326,#12327),.UNSPECIFIED.,.F.,.F.,(8,8),(0.,1.),
  .PIECEWISE_BEZIER_KNOTS.);
#12320 = CARTESIAN_POINT('',(3.430035276628,1.078986718762));
#12321 = CARTESIAN_POINT('',(3.437953247502,1.104080917401));
#12322 = CARTESIAN_POINT('',(3.445434497955,1.129987234125));
#12323 = CARTESIAN_POINT('',(3.45244125126,1.156708118611));
#12324 = CARTESIAN_POINT('',(3.458913954226,1.184236578637));
#12325 = CARTESIAN_POINT('',(3.464773420872,1.21255305823));
#12326 = CARTESIAN_POINT('',(3.469917738229,1.241622914381));
#12327 = CARTESIAN_POINT('',(3.474221165572,1.271382224835));
#12328 = ( GEOMETRIC_REPRESENTATION_CONTEXT(2) 
PARAMETRIC_REPRESENTATION_CONTEXT() REPRESENTATION_CONTEXT('2D SPACE',''
  ) );
#12329 = PCURVE('',#12051,#12330);
#12330 = DEFINITIONAL_REPRESENTATION('',(#12331),#12340);
#12331 = B_SPLINE_CURVE_WITH_KNOTS('',7,(#12332,#12333,#12334,#12335,
    #12336,#12337,#12338,#12339),.UNSPECIFIED.,.F.,.F.,(8,8),(0.,1.),
  .PIECEWISE_BEZIER_KNOTS.);
#12332 = CARTESIAN_POINT('',(8.881784197001E-16,-5.6));
#12333 = CARTESIAN_POINT('',(-5.520158566827E-02,-5.759975371035));
#12334 = CARTESIAN_POINT('',(-0.110834318423,-5.916385344619));
#12335 = CARTESIAN_POINT('',(-0.167058643481,-6.068062919312));
#12336 = CARTESIAN_POINT('',(-0.22399320485,-6.21368965924));
#12337 = CARTESIAN_POINT('',(-0.281733038921,-6.351817325222));
#12338 = CARTESIAN_POINT('',(-0.340356352629,-6.480900446831));
#12339 = CARTESIAN_POINT('',(-0.399916820262,-6.599401001912));
#12340 = ( GEOMETRIC_REPRESENTATION_CONTEXT(2) 
PARAMETRIC_REPRESENTATION_CONTEXT() REPRESENTATION_CONTEXT('2D SPACE',''
  ) );
#12341 = ORIENTED_EDGE('',*,*,#12342,.T.);
#12342 = EDGE_CURVE('',#12305,#12343,#12345,.T.);
#12343 = VERTEX_POINT('',#12344);
#12344 = CARTESIAN_POINT('',(-22.95620846366,-8.155343402635,
    6.808351985059));
#12345 = SURFACE_CURVE('',#12346,(#12352,#12361),.PCURVE_S1.);
#12346 = B_SPLINE_CURVE_WITH_KNOTS('',4,(#12347,#12348,#12349,#12350,
    #12351),.UNSPECIFIED.,.F.,.F.,(5,5),(0.,1.),
  .PIECEWISE_BEZIER_KNOTS.);
#12347 = CARTESIAN_POINT('',(-23.8171105915,-8.205485241623,
    6.575861150127));
#12348 = CARTESIAN_POINT('',(-23.58454186451,-8.191939655795,
    6.646541740914));
#12349 = CARTESIAN_POINT('',(-23.35036551306,-8.178300436504,
    6.711917799181));
#12350 = CARTESIAN_POINT('',(-23.11477065139,-8.164578598402,
    6.771960923545));
#12351 = CARTESIAN_POINT('',(-22.87794463386,-8.150785053636,
    6.826658941639));
#12352 = PCURVE('',#4541,#12353);
#12353 = DEFINITIONAL_REPRESENTATION('',(#12354),#12360);
#12354 = B_SPLINE_CURVE_WITH_KNOTS('',4,(#12355,#12356,#12357,#12358,
    #12359),.UNSPECIFIED.,.F.,.F.,(5,5),(0.,1.),
  .PIECEWISE_BEZIER_KNOTS.);
#12355 = CARTESIAN_POINT('',(3.473377736016,1.265526114236));
#12356 = CARTESIAN_POINT('',(3.475876570988,1.28294612269));
#12357 = CARTESIAN_POINT('',(3.478451997726,1.300342782355));
#12358 = CARTESIAN_POINT('',(3.481106956067,1.317715348962));
#12359 = CARTESIAN_POINT('',(3.483844583124,1.33506325582));
#12360 = ( GEOMETRIC_REPRESENTATION_CONTEXT(2) 
PARAMETRIC_REPRESENTATION_CONTEXT() REPRESENTATION_CONTEXT('2D SPACE',''
  ) );
#12361 = PCURVE('',#12011,#12362);
#12362 = DEFINITIONAL_REPRESENTATION('',(#12363),#12369);
#12363 = B_SPLINE_CURVE_WITH_KNOTS('',4,(#12364,#12365,#12366,#12367,
    #12368),.UNSPECIFIED.,.F.,.F.,(5,5),(0.,1.),
  .PIECEWISE_BEZIER_KNOTS.);
#12364 = CARTESIAN_POINT('',(-7.839646421336E-02,-6.575861150127));
#12365 = CARTESIAN_POINT('',(0.154566399069,-6.646541740914));
#12366 = CARTESIAN_POINT('',(0.389139611271,-6.711917799181));
#12367 = CARTESIAN_POINT('',(0.625133737648,-6.771960923545));
#12368 = CARTESIAN_POINT('',(0.862361106347,-6.826658941639));
#12369 = ( GEOMETRIC_REPRESENTATION_CONTEXT(2) 
PARAMETRIC_REPRESENTATION_CONTEXT() REPRESENTATION_CONTEXT('2D SPACE',''
  ) );
#12370 = ORIENTED_EDGE('',*,*,#12371,.T.);
#12371 = EDGE_CURVE('',#12343,#4490,#12372,.T.);
#12372 = SURFACE_CURVE('',#12373,(#12384,#12398),.PCURVE_S1.);
#12373 = B_SPLINE_CURVE_WITH_KNOTS('',5,(#12374,#12375,#12376,#12377,
    #12378,#12379,#12380,#12381,#12382,#12383),.UNSPECIFIED.,.F.,.F.,(6,
    4,6),(0.,0.323177196072,1.),.UNSPECIFIED.);
#12374 = CARTESIAN_POINT('',(-22.95620846366,-8.155343402635,
    6.808351985059));
#12375 = CARTESIAN_POINT('',(-22.80472399884,-8.146520437285,
    6.844233903127));
#12376 = CARTESIAN_POINT('',(-22.65208332327,-8.140404044879,
    6.877991311061));
#12377 = CARTESIAN_POINT('',(-22.49842752135,-8.137075937304,
    6.909601465439));
#12378 = CARTESIAN_POINT('',(-22.34390753671,-8.136603993678,
    6.939057935806));
#12379 = CARTESIAN_POINT('',(-21.86360333712,-8.144148667933,
    7.023570918771));
#12380 = CARTESIAN_POINT('',(-21.53541247403,-8.162019051785,
    7.071373368033));
#12381 = CARTESIAN_POINT('',(-21.20564235132,-8.193146658928,
    7.10985887363));
#12382 = CARTESIAN_POINT('',(-20.87577257676,-8.237717459494,
    7.139495530159));
#12383 = CARTESIAN_POINT('',(-20.54721272043,-8.295651426942,
    7.161045598658));
#12384 = PCURVE('',#4541,#12385);
#12385 = DEFINITIONAL_REPRESENTATION('',(#12386),#12397);
#12386 = B_SPLINE_CURVE_WITH_KNOTS('',5,(#12387,#12388,#12389,#12390,
    #12391,#12392,#12393,#12394,#12395,#12396),.UNSPECIFIED.,.F.,.F.,(6,
    4,6),(0.,0.323177196072,1.),.UNSPECIFIED.);
#12387 = CARTESIAN_POINT('',(3.482942670801,1.329325564959));
#12388 = CARTESIAN_POINT('',(3.484682975752,1.340440477403));
#12389 = CARTESIAN_POINT('',(3.486569866569,1.351524309093));
#12390 = CARTESIAN_POINT('',(3.488609035687,1.362565990089));
#12391 = CARTESIAN_POINT('',(3.490805625062,1.373553795749));
#12392 = CARTESIAN_POINT('',(3.498103791953,1.407348107707));
#12393 = CARTESIAN_POINT('',(3.50375425672,1.42993198265));
#12394 = CARTESIAN_POINT('',(3.510156431808,1.452109416501));
#12395 = CARTESIAN_POINT('',(3.517340181837,1.473766250144));
#12396 = CARTESIAN_POINT('',(3.525315647154,1.494788207479));
#12397 = ( GEOMETRIC_REPRESENTATION_CONTEXT(2) 
PARAMETRIC_REPRESENTATION_CONTEXT() REPRESENTATION_CONTEXT('2D SPACE',''
  ) );
#12398 = PCURVE('',#4505,#12399);
#12399 = DEFINITIONAL_REPRESENTATION('',(#12400),#12411);
#12400 = B_SPLINE_CURVE_WITH_KNOTS('',5,(#12401,#12402,#12403,#12404,
    #12405,#12406,#12407,#12408,#12409,#12410),.UNSPECIFIED.,.F.,.F.,(6,
    4,6),(0.,0.323177196072,1.),.UNSPECIFIED.);
#12401 = CARTESIAN_POINT('',(0.,-6.808351985059));
#12402 = CARTESIAN_POINT('',(1.460050148685E-02,-6.844233903127));
#12403 = CARTESIAN_POINT('',(2.929691197102E-02,-6.877991311061));
#12404 = CARTESIAN_POINT('',(4.408174859323E-02,-6.909601465439));
#12405 = CARTESIAN_POINT('',(5.894706799474E-02,-6.939057935806));
#12406 = CARTESIAN_POINT('',(0.105167526939,-7.023570918771));
#12407 = CARTESIAN_POINT('',(0.136769081369,-7.071373368033));
#12408 = CARTESIAN_POINT('',(0.168606415519,-7.10985887363));
#12409 = CARTESIAN_POINT('',(0.200608918283,-7.139495530159));
#12410 = CARTESIAN_POINT('',(0.232710566933,-7.161045598658));
#12411 = ( GEOMETRIC_REPRESENTATION_CONTEXT(2) 
PARAMETRIC_REPRESENTATION_CONTEXT() REPRESENTATION_CONTEXT('2D SPACE',''
  ) );
#12412 = ORIENTED_EDGE('',*,*,#4517,.T.);
#12413 = ORIENTED_EDGE('',*,*,#12207,.F.);
#12414 = ORIENTED_EDGE('',*,*,#5526,.F.);
#12415 = ORIENTED_EDGE('',*,*,#12416,.F.);
#12416 = EDGE_CURVE('',#12417,#5527,#12419,.T.);
#12417 = VERTEX_POINT('',#12418);
#12418 = CARTESIAN_POINT('',(-23.95833140542,-4.415369668564,
    6.808351985059));
#12419 = SURFACE_CURVE('',#12420,(#12431,#12445),.PCURVE_S1.);
#12420 = B_SPLINE_CURVE_WITH_KNOTS('',5,(#12421,#12422,#12423,#12424,
    #12425,#12426,#12427,#12428,#12429,#12430),.UNSPECIFIED.,.F.,.F.,(6,
    4,6),(0.,0.32317719595,1.),.UNSPECIFIED.);
#12421 = CARTESIAN_POINT('',(-23.95833140542,-4.415369668564,
    6.808351985059));
#12422 = CARTESIAN_POINT('',(-23.82273052798,-4.347268348311,
    6.844233903114));
#12423 = CARTESIAN_POINT('',(-23.68748162913,-4.276244961754,
    6.877991311036));
#12424 = CARTESIAN_POINT('',(-23.55274774749,-4.20229928653,
    6.909601465403));
#12425 = CARTESIAN_POINT('',(-23.41869354365,-4.125448009416,
    6.939057935762));
#12426 = CARTESIAN_POINT('',(-23.00651024238,-3.878762030066,
    7.023570918737));
#12427 = CARTESIAN_POINT('',(-22.73122380952,-3.699190392102,
    7.071373368012));
#12428 = CARTESIAN_POINT('',(-22.46119830937,-3.507348032173,
    7.109858873619));
#12429 = CARTESIAN_POINT('',(-22.19780810489,-3.303813699299,
    7.139495530155));
#12430 = CARTESIAN_POINT('',(-21.94223390632,-3.089361483543,
    7.161045598658));
#12431 = PCURVE('',#4541,#12432);
#12432 = DEFINITIONAL_REPRESENTATION('',(#12433),#12444);
#12433 = B_SPLINE_CURVE_WITH_KNOTS('',5,(#12434,#12435,#12436,#12437,
    #12438,#12439,#12440,#12441,#12442,#12443),.UNSPECIFIED.,.F.,.F.,(6,
    4,6),(0.,0.32317719595,1.),.UNSPECIFIED.);
#12434 = CARTESIAN_POINT('',(3.323841411977,1.329325564959));
#12435 = CARTESIAN_POINT('',(3.322101107027,1.340440477399));
#12436 = CARTESIAN_POINT('',(3.320214216211,1.351524309085));
#12437 = CARTESIAN_POINT('',(3.318175047094,1.362565990077));
#12438 = CARTESIAN_POINT('',(3.315978457719,1.373553795732));
#12439 = CARTESIAN_POINT('',(3.308680290829,1.407348107691));
#12440 = CARTESIAN_POINT('',(3.303029826061,1.429931982638));
#12441 = CARTESIAN_POINT('',(3.296627650972,1.452109416493));
#12442 = CARTESIAN_POINT('',(3.289443900942,1.473766250141));
#12443 = CARTESIAN_POINT('',(3.281468435624,1.494788207479));
#12444 = ( GEOMETRIC_REPRESENTATION_CONTEXT(2) 
PARAMETRIC_REPRESENTATION_CONTEXT() REPRESENTATION_CONTEXT('2D SPACE',''
  ) );
#12445 = PCURVE('',#5577,#12446);
#12446 = DEFINITIONAL_REPRESENTATION('',(#12447),#12458);
#12447 = B_SPLINE_CURVE_WITH_KNOTS('',5,(#12448,#12449,#12450,#12451,
    #12452,#12453,#12454,#12455,#12456,#12457),.UNSPECIFIED.,.F.,.F.,(6,
    4,6),(0.,0.32317719595,1.),.UNSPECIFIED.);
#12448 = CARTESIAN_POINT('',(0.232710566933,-6.808351985059));
#12449 = CARTESIAN_POINT('',(0.218110065451,-6.844233903114));
#12450 = CARTESIAN_POINT('',(0.203413654973,-6.877991311036));
#12451 = CARTESIAN_POINT('',(0.188628818356,-6.909601465403));
#12452 = CARTESIAN_POINT('',(0.17376349896,-6.939057935762));
#12453 = CARTESIAN_POINT('',(0.127543040017,-7.023570918737));
#12454 = CARTESIAN_POINT('',(9.594148558112E-02,-7.071373368012));
#12455 = CARTESIAN_POINT('',(6.410415142475E-02,-7.109858873619));
#12456 = CARTESIAN_POINT('',(3.210164865576E-02,-7.139495530155));
#12457 = CARTESIAN_POINT('',(0.,-7.161045598658));
#12458 = ( GEOMETRIC_REPRESENTATION_CONTEXT(2) 
PARAMETRIC_REPRESENTATION_CONTEXT() REPRESENTATION_CONTEXT('2D SPACE',''
  ) );
#12459 = ORIENTED_EDGE('',*,*,#12460,.F.);
#12460 = EDGE_CURVE('',#12238,#12417,#12461,.T.);
#12461 = SURFACE_CURVE('',#12462,(#12468,#12477),.PCURVE_S1.);
#12462 = B_SPLINE_CURVE_WITH_KNOTS('',4,(#12463,#12464,#12465,#12466,
    #12467),.UNSPECIFIED.,.F.,.F.,(5,5),(0.,1.),
  .PIECEWISE_BEZIER_KNOTS.);
#12463 = CARTESIAN_POINT('',(-24.7289654378,-4.80239662613,
    6.575861150127));
#12464 = CARTESIAN_POINT('',(-24.52078221918,-4.697843084071,
    6.646541740914));
#12465 = CARTESIAN_POINT('',(-24.31115994021,-4.592566818738,
    6.711917799181));
#12466 = CARTESIAN_POINT('',(-24.10026788596,-4.486652848288,
    6.771960923545));
#12467 = CARTESIAN_POINT('',(-23.88827376611,-4.380185399695,
    6.826658941639));
#12468 = PCURVE('',#4541,#12469);
#12469 = DEFINITIONAL_REPRESENTATION('',(#12470),#12476);
#12470 = B_SPLINE_CURVE_WITH_KNOTS('',4,(#12471,#12472,#12473,#12474,
    #12475),.UNSPECIFIED.,.F.,.F.,(5,5),(0.,1.),
  .PIECEWISE_BEZIER_KNOTS.);
#12471 = CARTESIAN_POINT('',(3.333406346762,1.265526114236));
#12472 = CARTESIAN_POINT('',(3.33090751179,1.28294612269));
#12473 = CARTESIAN_POINT('',(3.328332085052,1.300342782355));
#12474 = CARTESIAN_POINT('',(3.325677126711,1.317715348962));
#12475 = CARTESIAN_POINT('',(3.322939499654,1.33506325582));
#12476 = ( GEOMETRIC_REPRESENTATION_CONTEXT(2) 
PARAMETRIC_REPRESENTATION_CONTEXT() REPRESENTATION_CONTEXT('2D SPACE',''
  ) );
#12477 = PCURVE('',#12163,#12478);
#12478 = DEFINITIONAL_REPRESENTATION('',(#12479),#12485);
#12479 = B_SPLINE_CURVE_WITH_KNOTS('',4,(#12480,#12481,#12482,#12483,
    #12484),.UNSPECIFIED.,.F.,.F.,(5,5),(0.,1.),
  .PIECEWISE_BEZIER_KNOTS.);
#12480 = CARTESIAN_POINT('',(0.862361106347,-6.575861150127));
#12481 = CARTESIAN_POINT('',(0.629398243065,-6.646541740914));
#12482 = CARTESIAN_POINT('',(0.394825030862,-6.711917799181));
#12483 = CARTESIAN_POINT('',(0.158830904485,-6.771960923545));
#12484 = CARTESIAN_POINT('',(-7.839646421336E-02,-6.826658941639));
#12485 = ( GEOMETRIC_REPRESENTATION_CONTEXT(2) 
PARAMETRIC_REPRESENTATION_CONTEXT() REPRESENTATION_CONTEXT('2D SPACE',''
  ) );
#12486 = ADVANCED_FACE('',(#12487),#4505,.F.);
#12487 = FACE_BOUND('',#12488,.F.);
#12488 = EDGE_LOOP('',(#12489,#12490,#12511,#12512));
#12489 = ORIENTED_EDGE('',*,*,#11947,.T.);
#12490 = ORIENTED_EDGE('',*,*,#12491,.T.);
#12491 = EDGE_CURVE('',#11948,#12343,#12492,.T.);
#12492 = SURFACE_CURVE('',#12493,(#12497,#12504),.PCURVE_S1.);
#12493 = LINE('',#12494,#12495);
#12494 = CARTESIAN_POINT('',(-22.95620846366,-8.155343402635,0.));
#12495 = VECTOR('',#12496,1.);
#12496 = DIRECTION('',(0.,0.,1.));
#12497 = PCURVE('',#4505,#12498);
#12498 = DEFINITIONAL_REPRESENTATION('',(#12499),#12503);
#12499 = LINE('',#12500,#12501);
#12500 = CARTESIAN_POINT('',(0.,0.));
#12501 = VECTOR('',#12502,1.);
#12502 = DIRECTION('',(0.,-1.));
#12503 = ( GEOMETRIC_REPRESENTATION_CONTEXT(2) 
PARAMETRIC_REPRESENTATION_CONTEXT() REPRESENTATION_CONTEXT('2D SPACE',''
  ) );
#12504 = PCURVE('',#12011,#12505);
#12505 = DEFINITIONAL_REPRESENTATION('',(#12506),#12510);
#12506 = LINE('',#12507,#12508);
#12507 = CARTESIAN_POINT('',(0.783964642134,0.));
#12508 = VECTOR('',#12509,1.);
#12509 = DIRECTION('',(0.,-1.));
#12510 = ( GEOMETRIC_REPRESENTATION_CONTEXT(2) 
PARAMETRIC_REPRESENTATION_CONTEXT() REPRESENTATION_CONTEXT('2D SPACE',''
  ) );
#12511 = ORIENTED_EDGE('',*,*,#12371,.T.);
#12512 = ORIENTED_EDGE('',*,*,#4489,.F.);
#12513 = ADVANCED_FACE('',(#12514),#5102,.T.);
#12514 = FACE_BOUND('',#12515,.T.);
#12515 = EDGE_LOOP('',(#12516,#12560,#12561,#12562,#12563,#12607,#12641,
    #12684,#12718,#12761));
#12516 = ORIENTED_EDGE('',*,*,#12517,.F.);
#12517 = EDGE_CURVE('',#5051,#12518,#12520,.T.);
#12518 = VERTEX_POINT('',#12519);
#12519 = CARTESIAN_POINT('',(-15.80298800278,18.5408387951,
    0.391648014941));
#12520 = SURFACE_CURVE('',#12521,(#12532,#12546),.PCURVE_S1.);
#12521 = B_SPLINE_CURVE_WITH_KNOTS('',5,(#12522,#12523,#12524,#12525,
    #12526,#12527,#12528,#12529,#12530,#12531),.UNSPECIFIED.,.F.,.F.,(6,
    4,6),(0.,0.678562721325,1.),.UNSPECIFIED.);
#12522 = CARTESIAN_POINT('',(-13.64658247938,17.457851236888,
    3.895440134219E-02));
#12523 = CARTESIAN_POINT('',(-13.96089653487,17.572252197299,
    6.055986544558E-02));
#12524 = CARTESIAN_POINT('',(-14.2696350692,17.6989439762,
    9.029355703039E-02));
#12525 = CARTESIAN_POINT('',(-14.57152721973,17.83728607223,
    0.128923633473));
#12526 = CARTESIAN_POINT('',(-14.8653756783,17.986369920085,
    0.176920978785));
#12527 = CARTESIAN_POINT('',(-15.28496595803,18.220132528408,
    0.261576802321));
#12528 = CARTESIAN_POINT('',(-15.41779405231,18.297415863983,
    0.290909283118));
#12529 = CARTESIAN_POINT('',(-15.54846799869,18.376717260268,
    0.322372247641));
#12530 = CARTESIAN_POINT('',(-15.67689265127,18.457904577651,
    0.355959281399));
#12531 = CARTESIAN_POINT('',(-15.80298800278,18.5408387951,
    0.391648014941));
#12532 = PCURVE('',#5102,#12533);
#12533 = DEFINITIONAL_REPRESENTATION('',(#12534),#12545);
#12534 = B_SPLINE_CURVE_WITH_KNOTS('',5,(#12535,#12536,#12537,#12538,
    #12539,#12540,#12541,#12542,#12543,#12544),.UNSPECIFIED.,.F.,.F.,(6,
    4,6),(0.,0.678562721325,1.),.UNSPECIFIED.);
#12535 = CARTESIAN_POINT('',(2.234270884428,4.7883970997));
#12536 = CARTESIAN_POINT('',(2.242266851105,4.809473095102));
#12537 = CARTESIAN_POINT('',(2.249467031756,4.831187248477));
#12538 = CARTESIAN_POINT('',(2.25588163478,4.85342437525));
#12539 = CARTESIAN_POINT('',(2.261540811576,4.876069436946));
#12540 = CARTESIAN_POINT('',(2.268828184563,4.909868150788));
#12541 = CARTESIAN_POINT('',(2.271010421639,4.920797661649));
#12542 = CARTESIAN_POINT('',(2.273036979633,4.931780347325));
#12543 = CARTESIAN_POINT('',(2.274912921714,4.942804674322));
#12544 = CARTESIAN_POINT('',(2.27664385704,4.953859745101));
#12545 = ( GEOMETRIC_REPRESENTATION_CONTEXT(2) 
PARAMETRIC_REPRESENTATION_CONTEXT() REPRESENTATION_CONTEXT('2D SPACE',''
  ) );
#12546 = PCURVE('',#5066,#12547);
#12547 = DEFINITIONAL_REPRESENTATION('',(#12548),#12559);
#12548 = B_SPLINE_CURVE_WITH_KNOTS('',5,(#12549,#12550,#12551,#12552,
    #12553,#12554,#12555,#12556,#12557,#12558),.UNSPECIFIED.,.F.,.F.,(6,
    4,6),(0.,0.678562721325,1.),.UNSPECIFIED.);
#12549 = CARTESIAN_POINT('',(0.,-3.895440134219E-02));
#12550 = CARTESIAN_POINT('',(3.218416765642E-02,-6.055986544558E-02));
#12551 = CARTESIAN_POINT('',(6.426869906368E-02,-9.029355703039E-02));
#12552 = CARTESIAN_POINT('',(9.618702333104E-02,-0.128923633473));
#12553 = CARTESIAN_POINT('',(0.127867977275,-0.176920978785));
#12554 = CARTESIAN_POINT('',(0.174083619971,-0.261576802321));
#12555 = CARTESIAN_POINT('',(0.188867612393,-0.290909283118));
#12556 = CARTESIAN_POINT('',(0.203571901269,-0.322372247641));
#12557 = CARTESIAN_POINT('',(0.218188673198,-0.355959281399));
#12558 = CARTESIAN_POINT('',(0.232710566933,-0.391648014941));
#12559 = ( GEOMETRIC_REPRESENTATION_CONTEXT(2) 
PARAMETRIC_REPRESENTATION_CONTEXT() REPRESENTATION_CONTEXT('2D SPACE',''
  ) );
#12560 = ORIENTED_EDGE('',*,*,#5078,.F.);
#12561 = ORIENTED_EDGE('',*,*,#5282,.T.);
#12562 = ORIENTED_EDGE('',*,*,#5663,.T.);
#12563 = ORIENTED_EDGE('',*,*,#12564,.T.);
#12564 = EDGE_CURVE('',#5664,#12565,#12567,.T.);
#12565 = VERTEX_POINT('',#12566);
#12566 = CARTESIAN_POINT('',(-18.5408387951,15.802988002788,
    0.391648014941));
#12567 = SURFACE_CURVE('',#12568,(#12579,#12593),.PCURVE_S1.);
#12568 = B_SPLINE_CURVE_WITH_KNOTS('',5,(#12569,#12570,#12571,#12572,
    #12573,#12574,#12575,#12576,#12577,#12578),.UNSPECIFIED.,.F.,.F.,(6,
    4,6),(0.,0.678562721325,1.),.UNSPECIFIED.);
#12569 = CARTESIAN_POINT('',(-17.45785123688,13.646582479386,
    3.895440134219E-02));
#12570 = CARTESIAN_POINT('',(-17.57225219729,13.960896534878,
    6.055986544558E-02));
#12571 = CARTESIAN_POINT('',(-17.6989439762,14.269635069208,
    9.029355703038E-02));
#12572 = CARTESIAN_POINT('',(-17.83728607223,14.571527219733,
    0.128923633473));
#12573 = CARTESIAN_POINT('',(-17.98636992008,14.8653756783,
    0.176920978785));
#12574 = CARTESIAN_POINT('',(-18.2201325284,15.284965958031,
    0.261576802321));
#12575 = CARTESIAN_POINT('',(-18.29741586398,15.417794052315,
    0.290909283118));
#12576 = CARTESIAN_POINT('',(-18.37671726026,15.548467998693,
    0.322372247641));
#12577 = CARTESIAN_POINT('',(-18.45790457765,15.676892651273,
    0.355959281399));
#12578 = CARTESIAN_POINT('',(-18.5408387951,15.802988002788,
    0.391648014941));
#12579 = PCURVE('',#5102,#12580);
#12580 = DEFINITIONAL_REPRESENTATION('',(#12581),#12592);
#12581 = B_SPLINE_CURVE_WITH_KNOTS('',5,(#12582,#12583,#12584,#12585,
    #12586,#12587,#12588,#12589,#12590,#12591),.UNSPECIFIED.,.F.,.F.,(6,
    4,6),(0.,0.678562721325,1.),.UNSPECIFIED.);
#12582 = CARTESIAN_POINT('',(2.478118095957,4.7883970997));
#12583 = CARTESIAN_POINT('',(2.47012212928,4.809473095102));
#12584 = CARTESIAN_POINT('',(2.462921948629,4.831187248477));
#12585 = CARTESIAN_POINT('',(2.456507345604,4.85342437525));
#12586 = CARTESIAN_POINT('',(2.450848168808,4.876069436946));
#12587 = CARTESIAN_POINT('',(2.443560795822,4.909868150788));
#12588 = CARTESIAN_POINT('',(2.441378558746,4.920797661649));
#12589 = CARTESIAN_POINT('',(2.439352000752,4.931780347325));
#12590 = CARTESIAN_POINT('',(2.437476058671,4.942804674322));
#12591 = CARTESIAN_POINT('',(2.435745123345,4.953859745101));
#12592 = ( GEOMETRIC_REPRESENTATION_CONTEXT(2) 
PARAMETRIC_REPRESENTATION_CONTEXT() REPRESENTATION_CONTEXT('2D SPACE',''
  ) );
#12593 = PCURVE('',#5714,#12594);
#12594 = DEFINITIONAL_REPRESENTATION('',(#12595),#12606);
#12595 = B_SPLINE_CURVE_WITH_KNOTS('',5,(#12596,#12597,#12598,#12599,
    #12600,#12601,#12602,#12603,#12604,#12605),.UNSPECIFIED.,.F.,.F.,(6,
    4,6),(0.,0.678562721325,1.),.UNSPECIFIED.);
#12596 = CARTESIAN_POINT('',(0.232710566933,-3.895440134219E-02));
#12597 = CARTESIAN_POINT('',(0.200526399276,-6.055986544558E-02));
#12598 = CARTESIAN_POINT('',(0.168441867869,-9.029355703038E-02));
#12599 = CARTESIAN_POINT('',(0.136523543602,-0.128923633473));
#12600 = CARTESIAN_POINT('',(0.104842589657,-0.176920978785));
#12601 = CARTESIAN_POINT('',(5.86269469619E-02,-0.261576802321));
#12602 = CARTESIAN_POINT('',(4.38429545396E-02,-0.290909283118));
#12603 = CARTESIAN_POINT('',(2.913866566402E-02,-0.322372247641));
#12604 = CARTESIAN_POINT('',(1.452189373431E-02,-0.355959281399));
#12605 = CARTESIAN_POINT('',(0.,-0.391648014941));
#12606 = ( GEOMETRIC_REPRESENTATION_CONTEXT(2) 
PARAMETRIC_REPRESENTATION_CONTEXT() REPRESENTATION_CONTEXT('2D SPACE',''
  ) );
#12607 = ORIENTED_EDGE('',*,*,#12608,.T.);
#12608 = EDGE_CURVE('',#12565,#12609,#12611,.T.);
#12609 = VERTEX_POINT('',#12610);
#12610 = CARTESIAN_POINT('',(-18.97163440444,16.457980905869,
    0.600598998088));
#12611 = SURFACE_CURVE('',#12612,(#12618,#12627),.PCURVE_S1.);
#12612 = B_SPLINE_CURVE_WITH_KNOTS('',4,(#12613,#12614,#12615,#12616,
    #12617),.UNSPECIFIED.,.F.,.F.,(5,5),(0.,1.),
  .PIECEWISE_BEZIER_KNOTS.);
#12613 = CARTESIAN_POINT('',(-18.49775923416,15.737488712479,
    0.373341058361));
#12614 = CARTESIAN_POINT('',(-18.62811780308,15.935689287517,
    0.428039076436));
#12615 = CARTESIAN_POINT('',(-18.75779869435,16.132859503763,
    0.488082200825));
#12616 = CARTESIAN_POINT('',(-18.88669878036,16.328842563263,
    0.553458259061));
#12617 = CARTESIAN_POINT('',(-19.01471396537,16.523480196177,
    0.624138849873));
#12618 = PCURVE('',#5102,#12619);
#12619 = DEFINITIONAL_REPRESENTATION('',(#12620),#12626);
#12620 = B_SPLINE_CURVE_WITH_KNOTS('',4,(#12621,#12622,#12623,#12624,
    #12625),.UNSPECIFIED.,.F.,.F.,(5,5),(0.,1.),
  .PIECEWISE_BEZIER_KNOTS.);
#12621 = CARTESIAN_POINT('',(2.43664703191,4.94812205133));
#12622 = CARTESIAN_POINT('',(2.433909404854,4.965469958185));
#12623 = CARTESIAN_POINT('',(2.4312544466,4.982842524983));
#12624 = CARTESIAN_POINT('',(2.428679019753,5.000239184384));
#12625 = CARTESIAN_POINT('',(2.42618018478,5.017659192849));
#12626 = ( GEOMETRIC_REPRESENTATION_CONTEXT(2) 
PARAMETRIC_REPRESENTATION_CONTEXT() REPRESENTATION_CONTEXT('2D SPACE',''
  ) );
#12627 = PCURVE('',#12628,#12633);
#12628 = PLANE('',#12629);
#12629 = AXIS2_PLACEMENT_3D('',#12630,#12631,#12632);
#12630 = CARTESIAN_POINT('',(-18.97163440444,16.457980905869,0.));
#12631 = DIRECTION('',(0.835487811413,0.549508978071,-0.));
#12632 = DIRECTION('',(0.549508978071,-0.835487811413,0.));
#12633 = DEFINITIONAL_REPRESENTATION('',(#12634),#12640);
#12634 = B_SPLINE_CURVE_WITH_KNOTS('',4,(#12635,#12636,#12637,#12638,
    #12639),.UNSPECIFIED.,.F.,.F.,(5,5),(0.,1.),
  .PIECEWISE_BEZIER_KNOTS.);
#12635 = CARTESIAN_POINT('',(0.862361106347,-0.373341058361));
#12636 = CARTESIAN_POINT('',(0.6251337377,-0.428039076436));
#12637 = CARTESIAN_POINT('',(0.389139611212,-0.488082200825));
#12638 = CARTESIAN_POINT('',(0.154566399224,-0.553458259061));
#12639 = CARTESIAN_POINT('',(-7.839646421336E-02,-0.624138849873));
#12640 = ( GEOMETRIC_REPRESENTATION_CONTEXT(2) 
PARAMETRIC_REPRESENTATION_CONTEXT() REPRESENTATION_CONTEXT('2D SPACE',''
  ) );
#12641 = ORIENTED_EDGE('',*,*,#12642,.T.);
#12642 = EDGE_CURVE('',#12609,#12643,#12645,.T.);
#12643 = VERTEX_POINT('',#12644);
#12644 = CARTESIAN_POINT('',(-19.9627479615,18.926370782695,1.6));
#12645 = SURFACE_CURVE('',#12646,(#12655,#12667),.PCURVE_S1.);
#12646 = B_SPLINE_CURVE_WITH_KNOTS('',7,(#12647,#12648,#12649,#12650,
    #12651,#12652,#12653,#12654),.UNSPECIFIED.,.F.,.F.,(8,8),(0.,1.),
  .PIECEWISE_BEZIER_KNOTS.);
#12647 = CARTESIAN_POINT('',(-18.97163440444,16.457980905869,
    0.600598998088));
#12648 = CARTESIAN_POINT('',(-19.19077973376,16.791175191829,
    0.719099553285));
#12649 = CARTESIAN_POINT('',(-19.38332419472,17.134354722268,
    0.848182674858));
#12650 = CARTESIAN_POINT('',(-19.54950686529,17.485025925686,
    0.98631034072));
#12651 = CARTESIAN_POINT('',(-19.6898825469,17.841079486645,
    1.131937080568));
#12652 = CARTESIAN_POINT('',(-19.80511777578,18.200795215153,
    1.2836146553));
#12653 = CARTESIAN_POINT('',(-19.89589963144,18.56284999651,
    1.440024629007));
#12654 = CARTESIAN_POINT('',(-19.9627479615,18.926370782695,1.6));
#12655 = PCURVE('',#5102,#12656);
#12656 = DEFINITIONAL_REPRESENTATION('',(#12657),#12666);
#12657 = B_SPLINE_CURVE_WITH_KNOTS('',7,(#12658,#12659,#12660,#12661,
    #12662,#12663,#12664,#12665),.UNSPECIFIED.,.F.,.F.,(8,8),(0.,1.),
  .PIECEWISE_BEZIER_KNOTS.);
#12658 = CARTESIAN_POINT('',(2.427023614375,5.011803082344));
#12659 = CARTESIAN_POINT('',(2.422720187029,5.041562392828));
#12660 = CARTESIAN_POINT('',(2.417575869671,5.070632248963));
#12661 = CARTESIAN_POINT('',(2.41171640303,5.098948728532));
#12662 = CARTESIAN_POINT('',(2.405243700069,5.126477188547));
#12663 = CARTESIAN_POINT('',(2.398236946763,5.153198073043));
#12664 = CARTESIAN_POINT('',(2.390755696303,5.179104389785));
#12665 = CARTESIAN_POINT('',(2.382837725432,5.204198588418));
#12666 = ( GEOMETRIC_REPRESENTATION_CONTEXT(2) 
PARAMETRIC_REPRESENTATION_CONTEXT() REPRESENTATION_CONTEXT('2D SPACE',''
  ) );
#12667 = PCURVE('',#12668,#12673);
#12668 = CYLINDRICAL_SURFACE('',#12669,6.695751497138);
#12669 = AXIS2_PLACEMENT_3D('',#12670,#12671,#12672);
#12670 = CARTESIAN_POINT('',(-13.37741564033,20.137356468477,0.));
#12671 = DIRECTION('',(-0.,-0.,-1.));
#12672 = DIRECTION('',(-0.983509068995,-0.180858815668,0.));
#12673 = DEFINITIONAL_REPRESENTATION('',(#12674),#12683);
#12674 = B_SPLINE_CURVE_WITH_KNOTS('',7,(#12675,#12676,#12677,#12678,
    #12679,#12680,#12681,#12682),.UNSPECIFIED.,.F.,.F.,(8,8),(0.,1.),
  .PIECEWISE_BEZIER_KNOTS.);
#12675 = CARTESIAN_POINT('',(-0.399916820262,-0.600598998088));
#12676 = CARTESIAN_POINT('',(-0.34035635257,-0.719099553285));
#12677 = CARTESIAN_POINT('',(-0.281733038893,-0.848182674858));
#12678 = CARTESIAN_POINT('',(-0.223993204871,-0.986310340719));
#12679 = CARTESIAN_POINT('',(-0.167058643527,-1.131937080568));
#12680 = CARTESIAN_POINT('',(-0.110834318449,-1.2836146553));
#12681 = CARTESIAN_POINT('',(-5.520158565369E-02,-1.440024629007));
#12682 = CARTESIAN_POINT('',(0.,-1.6));
#12683 = ( GEOMETRIC_REPRESENTATION_CONTEXT(2) 
PARAMETRIC_REPRESENTATION_CONTEXT() REPRESENTATION_CONTEXT('2D SPACE',''
  ) );
#12684 = ORIENTED_EDGE('',*,*,#12685,.T.);
#12685 = EDGE_CURVE('',#12643,#12686,#12688,.T.);
#12686 = VERTEX_POINT('',#12687);
#12687 = CARTESIAN_POINT('',(-18.92637078269,19.962747961505,1.6));
#12688 = SURFACE_CURVE('',#12689,(#12695,#12704),.PCURVE_S1.);
#12689 = B_SPLINE_CURVE_WITH_KNOTS('',4,(#12690,#12691,#12692,#12693,
    #12694),.UNSPECIFIED.,.F.,.F.,(5,5),(0.,1.),
  .PIECEWISE_BEZIER_KNOTS.);
#12690 = CARTESIAN_POINT('',(-19.9627479615,18.926370782695,1.6));
#12691 = CARTESIAN_POINT('',(-19.70367148862,19.185447255579,
    1.594771077215));
#12692 = CARTESIAN_POINT('',(-19.44455926347,19.444559480723,
    1.593038407659));
#12693 = CARTESIAN_POINT('',(-19.185447253,19.703671491196,
    1.594771077267));
#12694 = CARTESIAN_POINT('',(-18.92637078269,19.962747961505,1.6));
#12695 = PCURVE('',#5102,#12696);
#12696 = DEFINITIONAL_REPRESENTATION('',(#12697),#12703);
#12697 = B_SPLINE_CURVE_WITH_KNOTS('',4,(#12698,#12699,#12700,#12701,
    #12702),.UNSPECIFIED.,.F.,.F.,(5,5),(0.,1.),
  .PIECEWISE_BEZIER_KNOTS.);
#12698 = CARTESIAN_POINT('',(2.382837725432,5.204198588418));
#12699 = CARTESIAN_POINT('',(2.369523327152,5.203378364491));
#12700 = CARTESIAN_POINT('',(2.356194484152,5.203104898197));
#12701 = CARTESIAN_POINT('',(2.342865653101,5.203378364499));
#12702 = CARTESIAN_POINT('',(2.329551254953,5.204198588418));
#12703 = ( GEOMETRIC_REPRESENTATION_CONTEXT(2) 
PARAMETRIC_REPRESENTATION_CONTEXT() REPRESENTATION_CONTEXT('2D SPACE',''
  ) );
#12704 = PCURVE('',#12705,#12710);
#12705 = PLANE('',#12706);
#12706 = AXIS2_PLACEMENT_3D('',#12707,#12708,#12709);
#12707 = CARTESIAN_POINT('',(-18.92637078269,19.962747961505,0.));
#12708 = DIRECTION('',(0.707106781187,-0.707106781187,0.));
#12709 = DIRECTION('',(-0.707106781187,-0.707106781187,0.));
#12710 = DEFINITIONAL_REPRESENTATION('',(#12711),#12717);
#12711 = B_SPLINE_CURVE_WITH_KNOTS('',4,(#12712,#12713,#12714,#12715,
    #12716),.UNSPECIFIED.,.F.,.F.,(5,5),(0.,1.),
  .PIECEWISE_BEZIER_KNOTS.);
#12712 = CARTESIAN_POINT('',(1.465658662007,-1.6));
#12713 = CARTESIAN_POINT('',(1.099269200363,-1.594771077215));
#12714 = CARTESIAN_POINT('',(0.732829177387,-1.593038407659));
#12715 = CARTESIAN_POINT('',(0.366389458003,-1.594771077267));
#12716 = CARTESIAN_POINT('',(-3.01980662698E-14,-1.6));
#12717 = ( GEOMETRIC_REPRESENTATION_CONTEXT(2) 
PARAMETRIC_REPRESENTATION_CONTEXT() REPRESENTATION_CONTEXT('2D SPACE',''
  ) );
#12718 = ORIENTED_EDGE('',*,*,#12719,.F.);
#12719 = EDGE_CURVE('',#12720,#12686,#12722,.T.);
#12720 = VERTEX_POINT('',#12721);
#12721 = CARTESIAN_POINT('',(-16.45798090586,18.971634404443,
    0.600598998088));
#12722 = SURFACE_CURVE('',#12723,(#12732,#12744),.PCURVE_S1.);
#12723 = B_SPLINE_CURVE_WITH_KNOTS('',7,(#12724,#12725,#12726,#12727,
    #12728,#12729,#12730,#12731),.UNSPECIFIED.,.F.,.F.,(8,8),(0.,1.),
  .PIECEWISE_BEZIER_KNOTS.);
#12724 = CARTESIAN_POINT('',(-16.45798090586,18.971634404443,
    0.600598998088));
#12725 = CARTESIAN_POINT('',(-16.79117519182,19.190779733765,
    0.719099553285));
#12726 = CARTESIAN_POINT('',(-17.13435472226,19.383324194729,
    0.848182674858));
#12727 = CARTESIAN_POINT('',(-17.48502592568,19.549506865298,
    0.986310340719));
#12728 = CARTESIAN_POINT('',(-17.84107948664,19.6898825469,
    1.131937080568));
#12729 = CARTESIAN_POINT('',(-18.20079521515,19.805117775784,
    1.2836146553));
#12730 = CARTESIAN_POINT('',(-18.56284999651,19.895899631446,
    1.440024629007));
#12731 = CARTESIAN_POINT('',(-18.92637078269,19.962747961505,1.6));
#12732 = PCURVE('',#5102,#12733);
#12733 = DEFINITIONAL_REPRESENTATION('',(#12734),#12743);
#12734 = B_SPLINE_CURVE_WITH_KNOTS('',7,(#12735,#12736,#12737,#12738,
    #12739,#12740,#12741,#12742),.UNSPECIFIED.,.F.,.F.,(8,8),(0.,1.),
  .PIECEWISE_BEZIER_KNOTS.);
#12735 = CARTESIAN_POINT('',(2.28536536601,5.011803082344));
#12736 = CARTESIAN_POINT('',(2.289668793356,5.041562392828));
#12737 = CARTESIAN_POINT('',(2.294813110714,5.070632248963));
#12738 = CARTESIAN_POINT('',(2.300672577354,5.098948728532));
#12739 = CARTESIAN_POINT('',(2.307145280316,5.126477188547));
#12740 = CARTESIAN_POINT('',(2.314152033622,5.153198073043));
#12741 = CARTESIAN_POINT('',(2.321633284081,5.179104389785));
#12742 = CARTESIAN_POINT('',(2.329551254953,5.204198588418));
#12743 = ( GEOMETRIC_REPRESENTATION_CONTEXT(2) 
PARAMETRIC_REPRESENTATION_CONTEXT() REPRESENTATION_CONTEXT('2D SPACE',''
  ) );
#12744 = PCURVE('',#12745,#12750);
#12745 = CYLINDRICAL_SURFACE('',#12746,6.695751497138);
#12746 = AXIS2_PLACEMENT_3D('',#12747,#12748,#12749);
#12747 = CARTESIAN_POINT('',(-20.13735646847,13.377415640334,0.));
#12748 = DIRECTION('',(-0.,-0.,-1.));
#12749 = DIRECTION('',(0.549508978071,0.835487811413,-0.));
#12750 = DEFINITIONAL_REPRESENTATION('',(#12751),#12760);
#12751 = B_SPLINE_CURVE_WITH_KNOTS('',7,(#12752,#12753,#12754,#12755,
    #12756,#12757,#12758,#12759),.UNSPECIFIED.,.F.,.F.,(8,8),(0.,1.),
  .PIECEWISE_BEZIER_KNOTS.);
#12752 = CARTESIAN_POINT('',(0.,-0.600598998088));
#12753 = CARTESIAN_POINT('',(-5.956046769163E-02,-0.719099553285));
#12754 = CARTESIAN_POINT('',(-0.118183781368,-0.848182674858));
#12755 = CARTESIAN_POINT('',(-0.175923615391,-0.986310340719));
#12756 = CARTESIAN_POINT('',(-0.232858176735,-1.131937080568));
#12757 = CARTESIAN_POINT('',(-0.289082501812,-1.2836146553));
#12758 = CARTESIAN_POINT('',(-0.344715234608,-1.440024629007));
#12759 = CARTESIAN_POINT('',(-0.399916820262,-1.6));
#12760 = ( GEOMETRIC_REPRESENTATION_CONTEXT(2) 
PARAMETRIC_REPRESENTATION_CONTEXT() REPRESENTATION_CONTEXT('2D SPACE',''
  ) );
#12761 = ORIENTED_EDGE('',*,*,#12762,.F.);
#12762 = EDGE_CURVE('',#12518,#12720,#12763,.T.);
#12763 = SURFACE_CURVE('',#12764,(#12770,#12779),.PCURVE_S1.);
#12764 = B_SPLINE_CURVE_WITH_KNOTS('',4,(#12765,#12766,#12767,#12768,
    #12769),.UNSPECIFIED.,.F.,.F.,(5,5),(0.,1.),
  .PIECEWISE_BEZIER_KNOTS.);
#12765 = CARTESIAN_POINT('',(-15.73748871247,18.497759234166,
    0.373341058361));
#12766 = CARTESIAN_POINT('',(-15.93568928751,18.628117803082,
    0.428039076436));
#12767 = CARTESIAN_POINT('',(-16.13285950376,18.757798694359,
    0.488082200825));
#12768 = CARTESIAN_POINT('',(-16.32884256326,18.886698780361,
    0.553458259061));
#12769 = CARTESIAN_POINT('',(-16.52348019617,19.014713965377,
    0.624138849873));
#12770 = PCURVE('',#5102,#12771);
#12771 = DEFINITIONAL_REPRESENTATION('',(#12772),#12778);
#12772 = B_SPLINE_CURVE_WITH_KNOTS('',4,(#12773,#12774,#12775,#12776,
    #12777),.UNSPECIFIED.,.F.,.F.,(5,5),(0.,1.),
  .PIECEWISE_BEZIER_KNOTS.);
#12773 = CARTESIAN_POINT('',(2.275741948474,4.94812205133));
#12774 = CARTESIAN_POINT('',(2.278479575531,4.965469958185));
#12775 = CARTESIAN_POINT('',(2.281134533785,4.982842524983));
#12776 = CARTESIAN_POINT('',(2.283709960631,5.000239184384));
#12777 = CARTESIAN_POINT('',(2.286208795604,5.017659192849));
#12778 = ( GEOMETRIC_REPRESENTATION_CONTEXT(2) 
PARAMETRIC_REPRESENTATION_CONTEXT() REPRESENTATION_CONTEXT('2D SPACE',''
  ) );
#12779 = PCURVE('',#12780,#12785);
#12780 = PLANE('',#12781);
#12781 = AXIS2_PLACEMENT_3D('',#12782,#12783,#12784);
#12782 = CARTESIAN_POINT('',(-15.80298800278,18.5408387951,0.));
#12783 = DIRECTION('',(-0.549508978071,-0.835487811413,0.));
#12784 = DIRECTION('',(-0.835487811413,0.549508978071,0.));
#12785 = DEFINITIONAL_REPRESENTATION('',(#12786),#12792);
#12786 = B_SPLINE_CURVE_WITH_KNOTS('',4,(#12787,#12788,#12789,#12790,
    #12791),.UNSPECIFIED.,.F.,.F.,(5,5),(0.,1.),
  .PIECEWISE_BEZIER_KNOTS.);
#12787 = CARTESIAN_POINT('',(-7.839646421336E-02,-0.373341058361));
#12788 = CARTESIAN_POINT('',(0.158830904433,-0.428039076436));
#12789 = CARTESIAN_POINT('',(0.394825030922,-0.488082200825));
#12790 = CARTESIAN_POINT('',(0.62939824291,-0.553458259061));
#12791 = CARTESIAN_POINT('',(0.862361106347,-0.624138849873));
#12792 = ( GEOMETRIC_REPRESENTATION_CONTEXT(2) 
PARAMETRIC_REPRESENTATION_CONTEXT() REPRESENTATION_CONTEXT('2D SPACE',''
  ) );
#12793 = ADVANCED_FACE('',(#12794),#5066,.F.);
#12794 = FACE_BOUND('',#12795,.F.);
#12795 = EDGE_LOOP('',(#12796,#12797,#12798,#12842));
#12796 = ORIENTED_EDGE('',*,*,#12517,.F.);
#12797 = ORIENTED_EDGE('',*,*,#5050,.T.);
#12798 = ORIENTED_EDGE('',*,*,#12799,.F.);
#12799 = EDGE_CURVE('',#12800,#5011,#12802,.T.);
#12800 = VERTEX_POINT('',#12801);
#12801 = CARTESIAN_POINT('',(-15.80298800278,18.5408387951,
    6.808351985059));
#12802 = SURFACE_CURVE('',#12803,(#12814,#12828),.PCURVE_S1.);
#12803 = B_SPLINE_CURVE_WITH_KNOTS('',5,(#12804,#12805,#12806,#12807,
    #12808,#12809,#12810,#12811,#12812,#12813),.UNSPECIFIED.,.F.,.F.,(6,
    4,6),(0.,0.323177196072,1.),.UNSPECIFIED.);
#12804 = CARTESIAN_POINT('',(-15.80298800278,18.5408387951,
    6.808351985059));
#12805 = CARTESIAN_POINT('',(-15.67621009065,18.457455650561,
    6.844233903127));
#12806 = CARTESIAN_POINT('',(-15.54707758415,18.37583836157,
    6.877991311061));
#12807 = CARTESIAN_POINT('',(-15.41567181004,18.296128234903,
    6.909601465439));
#12808 = CARTESIAN_POINT('',(-15.28208954976,18.218459527418,
    6.939057935806));
#12809 = CARTESIAN_POINT('',(-14.86236157425,17.984841307191,
    7.023570918771));
#12810 = CARTESIAN_POINT('',(-14.56920475759,17.836222082035,
    7.071373368033));
#12811 = CARTESIAN_POINT('',(-14.26805165035,17.698294319226,
    7.10985887363));
#12812 = CARTESIAN_POINT('',(-13.96009064535,17.5719588775,
    7.139495530159));
#12813 = CARTESIAN_POINT('',(-13.64658247938,17.457851236888,
    7.161045598658));
#12814 = PCURVE('',#5066,#12815);
#12815 = DEFINITIONAL_REPRESENTATION('',(#12816),#12827);
#12816 = B_SPLINE_CURVE_WITH_KNOTS('',5,(#12817,#12818,#12819,#12820,
    #12821,#12822,#12823,#12824,#12825,#12826),.UNSPECIFIED.,.F.,.F.,(6,
    4,6),(0.,0.323177196072,1.),.UNSPECIFIED.);
#12817 = CARTESIAN_POINT('',(0.232710566933,-6.808351985059));
#12818 = CARTESIAN_POINT('',(0.218110065446,-6.844233903127));
#12819 = CARTESIAN_POINT('',(0.203413654962,-6.877991311061));
#12820 = CARTESIAN_POINT('',(0.188628818339,-6.909601465439));
#12821 = CARTESIAN_POINT('',(0.173763498938,-6.939057935806));
#12822 = CARTESIAN_POINT('',(0.127543039994,-7.023570918771));
#12823 = CARTESIAN_POINT('',(9.594148556391E-02,-7.071373368033));
#12824 = CARTESIAN_POINT('',(6.410415141321E-02,-7.10985887363));
#12825 = CARTESIAN_POINT('',(3.210164864998E-02,-7.139495530159));
#12826 = CARTESIAN_POINT('',(0.,-7.161045598658));
#12827 = ( GEOMETRIC_REPRESENTATION_CONTEXT(2) 
PARAMETRIC_REPRESENTATION_CONTEXT() REPRESENTATION_CONTEXT('2D SPACE',''
  ) );
#12828 = PCURVE('',#5034,#12829);
#12829 = DEFINITIONAL_REPRESENTATION('',(#12830),#12841);
#12830 = B_SPLINE_CURVE_WITH_KNOTS('',5,(#12831,#12832,#12833,#12834,
    #12835,#12836,#12837,#12838,#12839,#12840),.UNSPECIFIED.,.F.,.F.,(6,
    4,6),(0.,0.323177196072,1.),.UNSPECIFIED.);
#12831 = CARTESIAN_POINT('',(2.276643860781,1.329325564959));
#12832 = CARTESIAN_POINT('',(2.27490355583,1.340440477403));
#12833 = CARTESIAN_POINT('',(2.273016665013,1.351524309093));
#12834 = CARTESIAN_POINT('',(2.270977495895,1.362565990089));
#12835 = CARTESIAN_POINT('',(2.268780906519,1.373553795749));
#12836 = CARTESIAN_POINT('',(2.261482739628,1.407348107707));
#12837 = CARTESIAN_POINT('',(2.255832274861,1.42993198265));
#12838 = CARTESIAN_POINT('',(2.249430099773,1.452109416501));
#12839 = CARTESIAN_POINT('',(2.242246349744,1.473766250144));
#12840 = CARTESIAN_POINT('',(2.234270884428,1.494788207479));
#12841 = ( GEOMETRIC_REPRESENTATION_CONTEXT(2) 
PARAMETRIC_REPRESENTATION_CONTEXT() REPRESENTATION_CONTEXT('2D SPACE',''
  ) );
#12842 = ORIENTED_EDGE('',*,*,#12843,.F.);
#12843 = EDGE_CURVE('',#12518,#12800,#12844,.T.);
#12844 = SURFACE_CURVE('',#12845,(#12849,#12856),.PCURVE_S1.);
#12845 = LINE('',#12846,#12847);
#12846 = CARTESIAN_POINT('',(-15.80298800278,18.5408387951,0.));
#12847 = VECTOR('',#12848,1.);
#12848 = DIRECTION('',(0.,0.,1.));
#12849 = PCURVE('',#5066,#12850);
#12850 = DEFINITIONAL_REPRESENTATION('',(#12851),#12855);
#12851 = LINE('',#12852,#12853);
#12852 = CARTESIAN_POINT('',(0.232710566933,0.));
#12853 = VECTOR('',#12854,1.);
#12854 = DIRECTION('',(0.,-1.));
#12855 = ( GEOMETRIC_REPRESENTATION_CONTEXT(2) 
PARAMETRIC_REPRESENTATION_CONTEXT() REPRESENTATION_CONTEXT('2D SPACE',''
  ) );
#12856 = PCURVE('',#12780,#12857);
#12857 = DEFINITIONAL_REPRESENTATION('',(#12858),#12862);
#12858 = LINE('',#12859,#12860);
#12859 = CARTESIAN_POINT('',(0.,0.));
#12860 = VECTOR('',#12861,1.);
#12861 = DIRECTION('',(0.,-1.));
#12862 = ( GEOMETRIC_REPRESENTATION_CONTEXT(2) 
PARAMETRIC_REPRESENTATION_CONTEXT() REPRESENTATION_CONTEXT('2D SPACE',''
  ) );
#12863 = ADVANCED_FACE('',(#12864),#5034,.T.);
#12864 = FACE_BOUND('',#12865,.T.);
#12865 = EDGE_LOOP('',(#12866,#12906,#12935,#12973,#13002,#13044,#13045,
    #13067,#13068,#13069));
#12866 = ORIENTED_EDGE('',*,*,#12867,.F.);
#12867 = EDGE_CURVE('',#12868,#12870,#12872,.T.);
#12868 = VERTEX_POINT('',#12869);
#12869 = CARTESIAN_POINT('',(-18.92637078269,19.962747961505,5.6));
#12870 = VERTEX_POINT('',#12871);
#12871 = CARTESIAN_POINT('',(-16.45798090586,18.971634404443,
    6.599401001912));
#12872 = SURFACE_CURVE('',#12873,(#12882,#12894),.PCURVE_S1.);
#12873 = B_SPLINE_CURVE_WITH_KNOTS('',7,(#12874,#12875,#12876,#12877,
    #12878,#12879,#12880,#12881),.UNSPECIFIED.,.F.,.F.,(8,8),(0.,1.),
  .PIECEWISE_BEZIER_KNOTS.);
#12874 = CARTESIAN_POINT('',(-18.92637078269,19.962747961505,5.6));
#12875 = CARTESIAN_POINT('',(-18.56284999641,19.895899631428,
    5.759975371035));
#12876 = CARTESIAN_POINT('',(-18.20079521533,19.805117775804,
    5.916385344619));
#12877 = CARTESIAN_POINT('',(-17.84107948693,19.689882547003,
    6.068062919311));
#12878 = CARTESIAN_POINT('',(-17.4850259258,19.54950686539,
    6.213689659241));
#12879 = CARTESIAN_POINT('',(-17.13435472208,19.383324194672,
    6.351817325222));
#12880 = CARTESIAN_POINT('',(-16.7911751915,19.19077973355,
    6.480900446831));
#12881 = CARTESIAN_POINT('',(-16.45798090586,18.971634404443,
    6.599401001912));
#12882 = PCURVE('',#5034,#12883);
#12883 = DEFINITIONAL_REPRESENTATION('',(#12884),#12893);
#12884 = B_SPLINE_CURVE_WITH_KNOTS('',7,(#12885,#12886,#12887,#12888,
    #12889,#12890,#12891,#12892),.UNSPECIFIED.,.F.,.F.,(8,8),(0.,1.),
  .PIECEWISE_BEZIER_KNOTS.);
#12885 = CARTESIAN_POINT('',(2.329551254953,1.078986718762));
#12886 = CARTESIAN_POINT('',(2.321633284079,1.104080917401));
#12887 = CARTESIAN_POINT('',(2.314152033626,1.129987234125));
#12888 = CARTESIAN_POINT('',(2.307145280321,1.156708118611));
#12889 = CARTESIAN_POINT('',(2.300672577356,1.184236578637));
#12890 = CARTESIAN_POINT('',(2.29481311071,1.21255305823));
#12891 = CARTESIAN_POINT('',(2.289668793352,1.241622914381));
#12892 = CARTESIAN_POINT('',(2.28536536601,1.271382224835));
#12893 = ( GEOMETRIC_REPRESENTATION_CONTEXT(2) 
PARAMETRIC_REPRESENTATION_CONTEXT() REPRESENTATION_CONTEXT('2D SPACE',''
  ) );
#12894 = PCURVE('',#12745,#12895);
#12895 = DEFINITIONAL_REPRESENTATION('',(#12896),#12905);
#12896 = B_SPLINE_CURVE_WITH_KNOTS('',7,(#12897,#12898,#12899,#12900,
    #12901,#12902,#12903,#12904),.UNSPECIFIED.,.F.,.F.,(8,8),(0.,1.),
  .PIECEWISE_BEZIER_KNOTS.);
#12897 = CARTESIAN_POINT('',(-0.399916820262,-5.6));
#12898 = CARTESIAN_POINT('',(-0.344715234593,-5.759975371035));
#12899 = CARTESIAN_POINT('',(-0.289082501839,-5.916385344619));
#12900 = CARTESIAN_POINT('',(-0.23285817678,-6.068062919312));
#12901 = CARTESIAN_POINT('',(-0.175923615412,-6.21368965924));
#12902 = CARTESIAN_POINT('',(-0.118183781341,-6.351817325222));
#12903 = CARTESIAN_POINT('',(-5.95604676331E-02,-6.480900446831));
#12904 = CARTESIAN_POINT('',(0.,-6.599401001912));
#12905 = ( GEOMETRIC_REPRESENTATION_CONTEXT(2) 
PARAMETRIC_REPRESENTATION_CONTEXT() REPRESENTATION_CONTEXT('2D SPACE',''
  ) );
#12906 = ORIENTED_EDGE('',*,*,#12907,.T.);
#12907 = EDGE_CURVE('',#12868,#12908,#12910,.T.);
#12908 = VERTEX_POINT('',#12909);
#12909 = CARTESIAN_POINT('',(-19.9627479615,18.926370782695,5.6));
#12910 = SURFACE_CURVE('',#12911,(#12917,#12926),.PCURVE_S1.);
#12911 = B_SPLINE_CURVE_WITH_KNOTS('',4,(#12912,#12913,#12914,#12915,
    #12916),.UNSPECIFIED.,.F.,.F.,(5,5),(0.,1.),
  .PIECEWISE_BEZIER_KNOTS.);
#12912 = CARTESIAN_POINT('',(-18.92637078269,19.962747961505,5.6));
#12913 = CARTESIAN_POINT('',(-19.18544725557,19.703671488621,
    5.605228922785));
#12914 = CARTESIAN_POINT('',(-19.44455948072,19.444559263476,
    5.606961592341));
#12915 = CARTESIAN_POINT('',(-19.70367149119,19.185447253004,
    5.605228922733));
#12916 = CARTESIAN_POINT('',(-19.9627479615,18.926370782695,5.6));
#12917 = PCURVE('',#5034,#12918);
#12918 = DEFINITIONAL_REPRESENTATION('',(#12919),#12925);
#12919 = B_SPLINE_CURVE_WITH_KNOTS('',4,(#12920,#12921,#12922,#12923,
    #12924),.UNSPECIFIED.,.F.,.F.,(5,5),(0.,1.),
  .PIECEWISE_BEZIER_KNOTS.);
#12920 = CARTESIAN_POINT('',(2.329551254953,1.078986718762));
#12921 = CARTESIAN_POINT('',(2.342865653233,1.079806942689));
#12922 = CARTESIAN_POINT('',(2.356194496233,1.080080408983));
#12923 = CARTESIAN_POINT('',(2.369523327284,1.079806942681));
#12924 = CARTESIAN_POINT('',(2.382837725432,1.078986718762));
#12925 = ( GEOMETRIC_REPRESENTATION_CONTEXT(2) 
PARAMETRIC_REPRESENTATION_CONTEXT() REPRESENTATION_CONTEXT('2D SPACE',''
  ) );
#12926 = PCURVE('',#12705,#12927);
#12927 = DEFINITIONAL_REPRESENTATION('',(#12928),#12934);
#12928 = B_SPLINE_CURVE_WITH_KNOTS('',4,(#12929,#12930,#12931,#12932,
    #12933),.UNSPECIFIED.,.F.,.F.,(5,5),(0.,1.),
  .PIECEWISE_BEZIER_KNOTS.);
#12929 = CARTESIAN_POINT('',(2.025046796916E-13,-5.6));
#12930 = CARTESIAN_POINT('',(0.366389461644,-5.605228922785));
#12931 = CARTESIAN_POINT('',(0.732829484621,-5.606961592341));
#12932 = CARTESIAN_POINT('',(1.099269204004,-5.605228922733));
#12933 = CARTESIAN_POINT('',(1.465658662007,-5.6));
#12934 = ( GEOMETRIC_REPRESENTATION_CONTEXT(2) 
PARAMETRIC_REPRESENTATION_CONTEXT() REPRESENTATION_CONTEXT('2D SPACE',''
  ) );
#12935 = ORIENTED_EDGE('',*,*,#12936,.T.);
#12936 = EDGE_CURVE('',#12908,#12937,#12939,.T.);
#12937 = VERTEX_POINT('',#12938);
#12938 = CARTESIAN_POINT('',(-18.97163440444,16.457980905869,
    6.599401001912));
#12939 = SURFACE_CURVE('',#12940,(#12949,#12961),.PCURVE_S1.);
#12940 = B_SPLINE_CURVE_WITH_KNOTS('',7,(#12941,#12942,#12943,#12944,
    #12945,#12946,#12947,#12948),.UNSPECIFIED.,.F.,.F.,(8,8),(0.,1.),
  .PIECEWISE_BEZIER_KNOTS.);
#12941 = CARTESIAN_POINT('',(-19.9627479615,18.926370782695,5.6));
#12942 = CARTESIAN_POINT('',(-19.89589963142,18.562849996414,
    5.759975371035));
#12943 = CARTESIAN_POINT('',(-19.8051177758,18.200795215331,
    5.916385344619));
#12944 = CARTESIAN_POINT('',(-19.689882547,17.841079486934,
    6.068062919312));
#12945 = CARTESIAN_POINT('',(-19.54950686539,17.485025925803,
    6.21368965924));
#12946 = CARTESIAN_POINT('',(-19.38332419467,17.134354722083,
    6.351817325222));
#12947 = CARTESIAN_POINT('',(-19.19077973355,16.791175191501,
    6.480900446831));
#12948 = CARTESIAN_POINT('',(-18.97163440444,16.457980905869,
    6.599401001912));
#12949 = PCURVE('',#5034,#12950);
#12950 = DEFINITIONAL_REPRESENTATION('',(#12951),#12960);
#12951 = B_SPLINE_CURVE_WITH_KNOTS('',7,(#12952,#12953,#12954,#12955,
    #12956,#12957,#12958,#12959),.UNSPECIFIED.,.F.,.F.,(8,8),(0.,1.),
  .PIECEWISE_BEZIER_KNOTS.);
#12952 = CARTESIAN_POINT('',(2.382837725432,1.078986718762));
#12953 = CARTESIAN_POINT('',(2.390755696305,1.104080917401));
#12954 = CARTESIAN_POINT('',(2.398236946759,1.129987234125));
#12955 = CARTESIAN_POINT('',(2.405243700064,1.156708118611));
#12956 = CARTESIAN_POINT('',(2.411716403029,1.184236578637));
#12957 = CARTESIAN_POINT('',(2.417575869675,1.21255305823));
#12958 = CARTESIAN_POINT('',(2.422720187033,1.241622914381));
#12959 = CARTESIAN_POINT('',(2.427023614375,1.271382224835));
#12960 = ( GEOMETRIC_REPRESENTATION_CONTEXT(2) 
PARAMETRIC_REPRESENTATION_CONTEXT() REPRESENTATION_CONTEXT('2D SPACE',''
  ) );
#12961 = PCURVE('',#12668,#12962);
#12962 = DEFINITIONAL_REPRESENTATION('',(#12963),#12972);
#12963 = B_SPLINE_CURVE_WITH_KNOTS('',7,(#12964,#12965,#12966,#12967,
    #12968,#12969,#12970,#12971),.UNSPECIFIED.,.F.,.F.,(8,8),(0.,1.),
  .PIECEWISE_BEZIER_KNOTS.);
#12964 = CARTESIAN_POINT('',(1.7763568394E-15,-5.6));
#12965 = CARTESIAN_POINT('',(-5.520158566826E-02,-5.759975371035));
#12966 = CARTESIAN_POINT('',(-0.110834318423,-5.916385344619));
#12967 = CARTESIAN_POINT('',(-0.167058643482,-6.068062919312));
#12968 = CARTESIAN_POINT('',(-0.22399320485,-6.21368965924));
#12969 = CARTESIAN_POINT('',(-0.281733038921,-6.351817325222));
#12970 = CARTESIAN_POINT('',(-0.340356352629,-6.480900446831));
#12971 = CARTESIAN_POINT('',(-0.399916820262,-6.599401001912));
#12972 = ( GEOMETRIC_REPRESENTATION_CONTEXT(2) 
PARAMETRIC_REPRESENTATION_CONTEXT() REPRESENTATION_CONTEXT('2D SPACE',''
  ) );
#12973 = ORIENTED_EDGE('',*,*,#12974,.T.);
#12974 = EDGE_CURVE('',#12937,#12975,#12977,.T.);
#12975 = VERTEX_POINT('',#12976);
#12976 = CARTESIAN_POINT('',(-18.5408387951,15.802988002788,
    6.808351985059));
#12977 = SURFACE_CURVE('',#12978,(#12984,#12993),.PCURVE_S1.);
#12978 = B_SPLINE_CURVE_WITH_KNOTS('',4,(#12979,#12980,#12981,#12982,
    #12983),.UNSPECIFIED.,.F.,.F.,(5,5),(0.,1.),
  .PIECEWISE_BEZIER_KNOTS.);
#12979 = CARTESIAN_POINT('',(-19.01471396537,16.523480196177,
    6.575861150127));
#12980 = CARTESIAN_POINT('',(-18.88669878044,16.328842563393,
    6.646541740914));
#12981 = CARTESIAN_POINT('',(-18.75779869432,16.132859503714,
    6.711917799181));
#12982 = CARTESIAN_POINT('',(-18.62811780311,15.935689287561,
    6.771960923545));
#12983 = CARTESIAN_POINT('',(-18.49775923416,15.737488712479,
    6.826658941639));
#12984 = PCURVE('',#5034,#12985);
#12985 = DEFINITIONAL_REPRESENTATION('',(#12986),#12992);
#12986 = B_SPLINE_CURVE_WITH_KNOTS('',4,(#12987,#12988,#12989,#12990,
    #12991),.UNSPECIFIED.,.F.,.F.,(5,5),(0.,1.),
  .PIECEWISE_BEZIER_KNOTS.);
#12987 = CARTESIAN_POINT('',(2.426180184819,1.265526114236));
#12988 = CARTESIAN_POINT('',(2.428679019791,1.28294612269));
#12989 = CARTESIAN_POINT('',(2.43125444653,1.300342782355));
#12990 = CARTESIAN_POINT('',(2.43390940487,1.317715348962));
#12991 = CARTESIAN_POINT('',(2.436647031928,1.33506325582));
#12992 = ( GEOMETRIC_REPRESENTATION_CONTEXT(2) 
PARAMETRIC_REPRESENTATION_CONTEXT() REPRESENTATION_CONTEXT('2D SPACE',''
  ) );
#12993 = PCURVE('',#12628,#12994);
#12994 = DEFINITIONAL_REPRESENTATION('',(#12995),#13001);
#12995 = B_SPLINE_CURVE_WITH_KNOTS('',4,(#12996,#12997,#12998,#12999,
    #13000),.UNSPECIFIED.,.F.,.F.,(5,5),(0.,1.),
  .PIECEWISE_BEZIER_KNOTS.);
#12996 = CARTESIAN_POINT('',(-7.839646421336E-02,-6.575861150127));
#12997 = CARTESIAN_POINT('',(0.154566399069,-6.646541740914));
#12998 = CARTESIAN_POINT('',(0.389139611271,-6.711917799181));
#12999 = CARTESIAN_POINT('',(0.625133737648,-6.771960923545));
#13000 = CARTESIAN_POINT('',(0.862361106347,-6.826658941639));
#13001 = ( GEOMETRIC_REPRESENTATION_CONTEXT(2) 
PARAMETRIC_REPRESENTATION_CONTEXT() REPRESENTATION_CONTEXT('2D SPACE',''
  ) );
#13002 = ORIENTED_EDGE('',*,*,#13003,.T.);
#13003 = EDGE_CURVE('',#12975,#5699,#13004,.T.);
#13004 = SURFACE_CURVE('',#13005,(#13016,#13030),.PCURVE_S1.);
#13005 = B_SPLINE_CURVE_WITH_KNOTS('',5,(#13006,#13007,#13008,#13009,
    #13010,#13011,#13012,#13013,#13014,#13015),.UNSPECIFIED.,.F.,.F.,(6,
    4,6),(0.,0.32317719608,1.),.UNSPECIFIED.);
#13006 = CARTESIAN_POINT('',(-18.5408387951,15.802988002788,
    6.808351985059));
#13007 = CARTESIAN_POINT('',(-18.45745565055,15.676210090648,
    6.844233903128));
#13008 = CARTESIAN_POINT('',(-18.37583836156,15.547077584149,
    6.877991311063));
#13009 = CARTESIAN_POINT('',(-18.29612823489,15.41567181003,
    6.909601465442));
#13010 = CARTESIAN_POINT('',(-18.21845952741,15.282089549756,
    6.939057935809));
#13011 = CARTESIAN_POINT('',(-17.98484130718,14.862361574238,
    7.023570918773));
#13012 = CARTESIAN_POINT('',(-17.83622208203,14.569204757585,
    7.071373368035));
#13013 = CARTESIAN_POINT('',(-17.69829431922,14.268051650344,
    7.109858873631));
#13014 = CARTESIAN_POINT('',(-17.57195887749,13.96009064535,
    7.139495530159));
#13015 = CARTESIAN_POINT('',(-17.45785123688,13.646582479386,
    7.161045598658));
#13016 = PCURVE('',#5034,#13017);
#13017 = DEFINITIONAL_REPRESENTATION('',(#13018),#13029);
#13018 = B_SPLINE_CURVE_WITH_KNOTS('',5,(#13019,#13020,#13021,#13022,
    #13023,#13024,#13025,#13026,#13027,#13028),.UNSPECIFIED.,.F.,.F.,(6,
    4,6),(0.,0.32317719608,1.),.UNSPECIFIED.);
#13019 = CARTESIAN_POINT('',(2.435745119604,1.329325564959));
#13020 = CARTESIAN_POINT('',(2.437485424555,1.340440477403));
#13021 = CARTESIAN_POINT('',(2.439372315372,1.351524309094));
#13022 = CARTESIAN_POINT('',(2.44141148449,1.36256599009));
#13023 = CARTESIAN_POINT('',(2.443608073866,1.37355379575));
#13024 = CARTESIAN_POINT('',(2.450906240757,1.407348107708));
#13025 = CARTESIAN_POINT('',(2.456556705524,1.429931982651));
#13026 = CARTESIAN_POINT('',(2.462958880612,1.452109416501));
#13027 = CARTESIAN_POINT('',(2.470142630641,1.473766250145));
#13028 = CARTESIAN_POINT('',(2.478118095957,1.494788207479));
#13029 = ( GEOMETRIC_REPRESENTATION_CONTEXT(2) 
PARAMETRIC_REPRESENTATION_CONTEXT() REPRESENTATION_CONTEXT('2D SPACE',''
  ) );
#13030 = PCURVE('',#5714,#13031);
#13031 = DEFINITIONAL_REPRESENTATION('',(#13032),#13043);
#13032 = B_SPLINE_CURVE_WITH_KNOTS('',5,(#13033,#13034,#13035,#13036,
    #13037,#13038,#13039,#13040,#13041,#13042),.UNSPECIFIED.,.F.,.F.,(6,
    4,6),(0.,0.32317719608,1.),.UNSPECIFIED.);
#13033 = CARTESIAN_POINT('',(0.,-6.808351985059));
#13034 = CARTESIAN_POINT('',(1.460050148721E-02,-6.844233903128));
#13035 = CARTESIAN_POINT('',(2.929691197174E-02,-6.877991311063));
#13036 = CARTESIAN_POINT('',(4.408174859432E-02,-6.909601465442));
#13037 = CARTESIAN_POINT('',(5.89470679962E-02,-6.939057935809));
#13038 = CARTESIAN_POINT('',(0.10516752694,-7.023570918773));
#13039 = CARTESIAN_POINT('',(0.13676908137,-7.071373368035));
#13040 = CARTESIAN_POINT('',(0.16860641552,-7.109858873631));
#13041 = CARTESIAN_POINT('',(0.200608918283,-7.139495530159));
#13042 = CARTESIAN_POINT('',(0.232710566933,-7.161045598658));
#13043 = ( GEOMETRIC_REPRESENTATION_CONTEXT(2) 
PARAMETRIC_REPRESENTATION_CONTEXT() REPRESENTATION_CONTEXT('2D SPACE',''
  ) );
#13044 = ORIENTED_EDGE('',*,*,#5726,.T.);
#13045 = ORIENTED_EDGE('',*,*,#13046,.F.);
#13046 = EDGE_CURVE('',#4959,#5727,#13047,.T.);
#13047 = SURFACE_CURVE('',#13048,(#13053,#13060),.PCURVE_S1.);
#13048 = CIRCLE('',#13049,21.159010550645);
#13049 = AXIS2_PLACEMENT_3D('',#13050,#13051,#13052);
#13050 = CARTESIAN_POINT('',(0.,0.,7.199999109273));
#13051 = DIRECTION('',(0.,0.,1.));
#13052 = DIRECTION('',(1.,0.,-0.));
#13053 = PCURVE('',#5034,#13054);
#13054 = DEFINITIONAL_REPRESENTATION('',(#13055),#13059);
#13055 = LINE('',#13056,#13057);
#13056 = CARTESIAN_POINT('',(0.,1.568908760277));
#13057 = VECTOR('',#13058,1.);
#13058 = DIRECTION('',(1.,0.));
#13059 = ( GEOMETRIC_REPRESENTATION_CONTEXT(2) 
PARAMETRIC_REPRESENTATION_CONTEXT() REPRESENTATION_CONTEXT('2D SPACE',''
  ) );
#13060 = PCURVE('',#4990,#13061);
#13061 = DEFINITIONAL_REPRESENTATION('',(#13062),#13066);
#13062 = LINE('',#13063,#13064);
#13063 = CARTESIAN_POINT('',(0.,1.568908760281));
#13064 = VECTOR('',#13065,1.);
#13065 = DIRECTION('',(1.,0.));
#13066 = ( GEOMETRIC_REPRESENTATION_CONTEXT(2) 
PARAMETRIC_REPRESENTATION_CONTEXT() REPRESENTATION_CONTEXT('2D SPACE',''
  ) );
#13067 = ORIENTED_EDGE('',*,*,#5010,.F.);
#13068 = ORIENTED_EDGE('',*,*,#12799,.F.);
#13069 = ORIENTED_EDGE('',*,*,#13070,.F.);
#13070 = EDGE_CURVE('',#12870,#12800,#13071,.T.);
#13071 = SURFACE_CURVE('',#13072,(#13078,#13087),.PCURVE_S1.);
#13072 = B_SPLINE_CURVE_WITH_KNOTS('',4,(#13073,#13074,#13075,#13076,
    #13077),.UNSPECIFIED.,.F.,.F.,(5,5),(0.,1.),
  .PIECEWISE_BEZIER_KNOTS.);
#13073 = CARTESIAN_POINT('',(-16.52348019617,19.014713965377,
    6.575861150127));
#13074 = CARTESIAN_POINT('',(-16.32884256339,18.886698780446,
    6.646541740914));
#13075 = CARTESIAN_POINT('',(-16.13285950371,18.757798694326,
    6.711917799181));
#13076 = CARTESIAN_POINT('',(-15.93568928756,18.62811780311,
    6.771960923545));
#13077 = CARTESIAN_POINT('',(-15.73748871247,18.497759234166,
    6.826658941639));
#13078 = PCURVE('',#5034,#13079);
#13079 = DEFINITIONAL_REPRESENTATION('',(#13080),#13086);
#13080 = B_SPLINE_CURVE_WITH_KNOTS('',4,(#13081,#13082,#13083,#13084,
    #13085),.UNSPECIFIED.,.F.,.F.,(5,5),(0.,1.),
  .PIECEWISE_BEZIER_KNOTS.);
#13081 = CARTESIAN_POINT('',(2.286208795565,1.265526114236));
#13082 = CARTESIAN_POINT('',(2.283709960594,1.28294612269));
#13083 = CARTESIAN_POINT('',(2.281134533855,1.300342782355));
#13084 = CARTESIAN_POINT('',(2.278479575514,1.317715348962));
#13085 = CARTESIAN_POINT('',(2.275741948457,1.33506325582));
#13086 = ( GEOMETRIC_REPRESENTATION_CONTEXT(2) 
PARAMETRIC_REPRESENTATION_CONTEXT() REPRESENTATION_CONTEXT('2D SPACE',''
  ) );
#13087 = PCURVE('',#12780,#13088);
#13088 = DEFINITIONAL_REPRESENTATION('',(#13089),#13095);
#13089 = B_SPLINE_CURVE_WITH_KNOTS('',4,(#13090,#13091,#13092,#13093,
    #13094),.UNSPECIFIED.,.F.,.F.,(5,5),(0.,1.),
  .PIECEWISE_BEZIER_KNOTS.);
#13090 = CARTESIAN_POINT('',(0.862361106347,-6.575861150127));
#13091 = CARTESIAN_POINT('',(0.629398243065,-6.646541740914));
#13092 = CARTESIAN_POINT('',(0.394825030862,-6.711917799181));
#13093 = CARTESIAN_POINT('',(0.158830904485,-6.771960923545));
#13094 = CARTESIAN_POINT('',(-7.839646421336E-02,-6.826658941639));
#13095 = ( GEOMETRIC_REPRESENTATION_CONTEXT(2) 
PARAMETRIC_REPRESENTATION_CONTEXT() REPRESENTATION_CONTEXT('2D SPACE',''
  ) );
#13096 = ADVANCED_FACE('',(#13097),#4990,.T.);
#13097 = FACE_BOUND('',#13098,.T.);
#13098 = EDGE_LOOP('',(#13099,#13100,#13101,#13102));
#13099 = ORIENTED_EDGE('',*,*,#4958,.F.);
#13100 = ORIENTED_EDGE('',*,*,#13046,.T.);
#13101 = ORIENTED_EDGE('',*,*,#5761,.T.);
#13102 = ORIENTED_EDGE('',*,*,#7081,.F.);
#13103 = ADVANCED_FACE('',(#13104),#4854,.F.);
#13104 = FACE_BOUND('',#13105,.F.);
#13105 = EDGE_LOOP('',(#13106,#13107,#13128,#13129));
#13106 = ORIENTED_EDGE('',*,*,#11330,.T.);
#13107 = ORIENTED_EDGE('',*,*,#13108,.T.);
#13108 = EDGE_CURVE('',#11331,#11741,#13109,.T.);
#13109 = SURFACE_CURVE('',#13110,(#13114,#13121),.PCURVE_S1.);
#13110 = LINE('',#13111,#13112);
#13111 = CARTESIAN_POINT('',(-8.155343402635,22.956208463665,0.));
#13112 = VECTOR('',#13113,1.);
#13113 = DIRECTION('',(0.,0.,1.));
#13114 = PCURVE('',#4854,#13115);
#13115 = DEFINITIONAL_REPRESENTATION('',(#13116),#13120);
#13116 = LINE('',#13117,#13118);
#13117 = CARTESIAN_POINT('',(0.,0.));
#13118 = VECTOR('',#13119,1.);
#13119 = DIRECTION('',(0.,-1.));
#13120 = ( GEOMETRIC_REPRESENTATION_CONTEXT(2) 
PARAMETRIC_REPRESENTATION_CONTEXT() REPRESENTATION_CONTEXT('2D SPACE',''
  ) );
#13121 = PCURVE('',#11394,#13122);
#13122 = DEFINITIONAL_REPRESENTATION('',(#13123),#13127);
#13123 = LINE('',#13124,#13125);
#13124 = CARTESIAN_POINT('',(0.783964642134,0.));
#13125 = VECTOR('',#13126,1.);
#13126 = DIRECTION('',(0.,-1.));
#13127 = ( GEOMETRIC_REPRESENTATION_CONTEXT(2) 
PARAMETRIC_REPRESENTATION_CONTEXT() REPRESENTATION_CONTEXT('2D SPACE',''
  ) );
#13128 = ORIENTED_EDGE('',*,*,#11769,.T.);
#13129 = ORIENTED_EDGE('',*,*,#4838,.F.);
#13130 = ADVANCED_FACE('',(#13131),#5333,.T.);
#13131 = FACE_BOUND('',#13132,.T.);
#13132 = EDGE_LOOP('',(#13133,#13177,#13178,#13179,#13180,#13224,#13258,
    #13301,#13335,#13378));
#13133 = ORIENTED_EDGE('',*,*,#13134,.F.);
#13134 = EDGE_CURVE('',#5910,#13135,#13137,.T.);
#13135 = VERTEX_POINT('',#13136);
#13136 = CARTESIAN_POINT('',(-22.95620846366,8.155343402635,
    0.391648014941));
#13137 = SURFACE_CURVE('',#13138,(#13149,#13163),.PCURVE_S1.);
#13138 = B_SPLINE_CURVE_WITH_KNOTS('',5,(#13139,#13140,#13141,#13142,
    #13143,#13144,#13145,#13146,#13147,#13148),.UNSPECIFIED.,.F.,.F.,(6,
    4,6),(0.,0.678562721325,1.),.UNSPECIFIED.);
#13139 = CARTESIAN_POINT('',(-20.54721272043,8.295651426942,
    3.895440134219E-02));
#13140 = CARTESIAN_POINT('',(-20.87661715746,8.237568537129,
    6.055986544558E-02));
#13141 = CARTESIAN_POINT('',(-21.20733846076,8.192917568943,
    9.029355703039E-02));
#13142 = CARTESIAN_POINT('',(-21.53795578034,8.161779263255,
    0.128923633473));
#13143 = CARTESIAN_POINT('',(-21.86697793425,8.143965433508,
    0.176920978785));
#13144 = CARTESIAN_POINT('',(-22.34723507983,8.136614650905,
    0.261576802321));
#13145 = CARTESIAN_POINT('',(-22.50090925161,8.137129935661,
    0.290909283118));
#13146 = CARTESIAN_POINT('',(-22.65372690693,8.14046998621,
    0.322372247641));
#13147 = CARTESIAN_POINT('',(-22.80553957723,8.146567939238,
    0.355959281399));
#13148 = CARTESIAN_POINT('',(-22.95620846366,8.155343402635,
    0.391648014941));
#13149 = PCURVE('',#5333,#13150);
#13150 = DEFINITIONAL_REPRESENTATION('',(#13151),#13162);
#13151 = B_SPLINE_CURVE_WITH_KNOTS('',5,(#13152,#13153,#13154,#13155,
    #13156,#13157,#13158,#13159,#13160,#13161),.UNSPECIFIED.,.F.,.F.,(6,
    4,6),(0.,0.678562721325,1.),.UNSPECIFIED.);
#13152 = CARTESIAN_POINT('',(2.757869660026,4.7883970997));
#13153 = CARTESIAN_POINT('',(2.765865626703,4.809473095102));
#13154 = CARTESIAN_POINT('',(2.773065807354,4.831187248477));
#13155 = CARTESIAN_POINT('',(2.779480410379,4.85342437525));
#13156 = CARTESIAN_POINT('',(2.785139587175,4.876069436946));
#13157 = CARTESIAN_POINT('',(2.792426960161,4.909868150788));
#13158 = CARTESIAN_POINT('',(2.794609197237,4.920797661649));
#13159 = CARTESIAN_POINT('',(2.796635755231,4.931780347325));
#13160 = CARTESIAN_POINT('',(2.798511697312,4.942804674322));
#13161 = CARTESIAN_POINT('',(2.800242632638,4.953859745101));
#13162 = ( GEOMETRIC_REPRESENTATION_CONTEXT(2) 
PARAMETRIC_REPRESENTATION_CONTEXT() REPRESENTATION_CONTEXT('2D SPACE',''
  ) );
#13163 = PCURVE('',#5925,#13164);
#13164 = DEFINITIONAL_REPRESENTATION('',(#13165),#13176);
#13165 = B_SPLINE_CURVE_WITH_KNOTS('',5,(#13166,#13167,#13168,#13169,
    #13170,#13171,#13172,#13173,#13174,#13175),.UNSPECIFIED.,.F.,.F.,(6,
    4,6),(0.,0.678562721325,1.),.UNSPECIFIED.);
#13166 = CARTESIAN_POINT('',(0.,-3.895440134219E-02));
#13167 = CARTESIAN_POINT('',(3.218416765642E-02,-6.055986544558E-02));
#13168 = CARTESIAN_POINT('',(6.426869906368E-02,-9.029355703039E-02));
#13169 = CARTESIAN_POINT('',(9.618702333103E-02,-0.128923633473));
#13170 = CARTESIAN_POINT('',(0.127867977275,-0.176920978785));
#13171 = CARTESIAN_POINT('',(0.174083619971,-0.261576802321));
#13172 = CARTESIAN_POINT('',(0.188867612393,-0.290909283118));
#13173 = CARTESIAN_POINT('',(0.203571901269,-0.322372247641));
#13174 = CARTESIAN_POINT('',(0.218188673198,-0.355959281399));
#13175 = CARTESIAN_POINT('',(0.232710566933,-0.391648014941));
#13176 = ( GEOMETRIC_REPRESENTATION_CONTEXT(2) 
PARAMETRIC_REPRESENTATION_CONTEXT() REPRESENTATION_CONTEXT('2D SPACE',''
  ) );
#13177 = ORIENTED_EDGE('',*,*,#5937,.F.);
#13178 = ORIENTED_EDGE('',*,*,#6016,.T.);
#13179 = ORIENTED_EDGE('',*,*,#5307,.T.);
#13180 = ORIENTED_EDGE('',*,*,#13181,.T.);
#13181 = EDGE_CURVE('',#5310,#13182,#13184,.T.);
#13182 = VERTEX_POINT('',#13183);
#13183 = CARTESIAN_POINT('',(-23.95833140542,4.415369668565,
    0.391648014941));
#13184 = SURFACE_CURVE('',#13185,(#13196,#13210),.PCURVE_S1.);
#13185 = B_SPLINE_CURVE_WITH_KNOTS('',5,(#13186,#13187,#13188,#13189,
    #13190,#13191,#13192,#13193,#13194,#13195),.UNSPECIFIED.,.F.,.F.,(6,
    4,6),(0.,0.678562721325,1.),.UNSPECIFIED.);
#13186 = CARTESIAN_POINT('',(-21.94223390632,3.089361483543,
    3.895440134219E-02));
#13187 = CARTESIAN_POINT('',(-22.198465072,3.304364960161,
    6.055986544558E-02));
#13188 = CARTESIAN_POINT('',(-22.46255263815,3.508394484567,
    9.029355703039E-02));
#13189 = CARTESIAN_POINT('',(-22.73330648298,3.70066970811,
    0.128923633473));
#13190 = CARTESIAN_POINT('',(-23.0093411118,3.880608014165,
    0.176920978785));
#13191 = CARTESIAN_POINT('',(-23.42158060893,4.127102551431,
    0.261576802321));
#13192 = CARTESIAN_POINT('',(-23.55492398797,4.20349338763,
    0.290909283118));
#13193 = CARTESIAN_POINT('',(-23.6889379849,4.277009646663,
    0.322372247641));
#13194 = CARTESIAN_POINT('',(-23.82346059051,4.347634999579,
    0.355959281399));
#13195 = CARTESIAN_POINT('',(-23.95833140542,4.415369668564,
    0.391648014941));
#13196 = PCURVE('',#5333,#13197);
#13197 = DEFINITIONAL_REPRESENTATION('',(#13198),#13209);
#13198 = B_SPLINE_CURVE_WITH_KNOTS('',5,(#13199,#13200,#13201,#13202,
    #13203,#13204,#13205,#13206,#13207,#13208),.UNSPECIFIED.,.F.,.F.,(6,
    4,6),(0.,0.678562721325,1.),.UNSPECIFIED.);
#13199 = CARTESIAN_POINT('',(3.001716871555,4.7883970997));
#13200 = CARTESIAN_POINT('',(2.993720904878,4.809473095102));
#13201 = CARTESIAN_POINT('',(2.986520724227,4.831187248477));
#13202 = CARTESIAN_POINT('',(2.980106121203,4.85342437525));
#13203 = CARTESIAN_POINT('',(2.974446944407,4.876069436946));
#13204 = CARTESIAN_POINT('',(2.96715957142,4.909868150788));
#13205 = CARTESIAN_POINT('',(2.964977334344,4.920797661649));
#13206 = CARTESIAN_POINT('',(2.96295077635,4.931780347325));
#13207 = CARTESIAN_POINT('',(2.961074834269,4.942804674322));
#13208 = CARTESIAN_POINT('',(2.959343898943,4.953859745101));
#13209 = ( GEOMETRIC_REPRESENTATION_CONTEXT(2) 
PARAMETRIC_REPRESENTATION_CONTEXT() REPRESENTATION_CONTEXT('2D SPACE',''
  ) );
#13210 = PCURVE('',#5365,#13211);
#13211 = DEFINITIONAL_REPRESENTATION('',(#13212),#13223);
#13212 = B_SPLINE_CURVE_WITH_KNOTS('',5,(#13213,#13214,#13215,#13216,
    #13217,#13218,#13219,#13220,#13221,#13222),.UNSPECIFIED.,.F.,.F.,(6,
    4,6),(0.,0.678562721325,1.),.UNSPECIFIED.);
#13213 = CARTESIAN_POINT('',(0.232710566933,-3.895440134219E-02));
#13214 = CARTESIAN_POINT('',(0.200526399276,-6.055986544558E-02));
#13215 = CARTESIAN_POINT('',(0.168441867869,-9.029355703039E-02));
#13216 = CARTESIAN_POINT('',(0.136523543602,-0.128923633473));
#13217 = CARTESIAN_POINT('',(0.104842589657,-0.176920978785));
#13218 = CARTESIAN_POINT('',(5.862694696191E-02,-0.261576802321));
#13219 = CARTESIAN_POINT('',(4.384295453961E-02,-0.290909283118));
#13220 = CARTESIAN_POINT('',(2.913866566403E-02,-0.322372247641));
#13221 = CARTESIAN_POINT('',(1.452189373431E-02,-0.355959281399));
#13222 = CARTESIAN_POINT('',(0.,-0.391648014941));
#13223 = ( GEOMETRIC_REPRESENTATION_CONTEXT(2) 
PARAMETRIC_REPRESENTATION_CONTEXT() REPRESENTATION_CONTEXT('2D SPACE',''
  ) );
#13224 = ORIENTED_EDGE('',*,*,#13225,.T.);
#13225 = EDGE_CURVE('',#13182,#13226,#13228,.T.);
#13226 = VERTEX_POINT('',#13227);
#13227 = CARTESIAN_POINT('',(-24.65890779849,4.76721235726,
    0.600598998088));
#13228 = SURFACE_CURVE('',#13229,(#13235,#13244),.PCURVE_S1.);
#13229 = B_SPLINE_CURVE_WITH_KNOTS('',4,(#13230,#13231,#13232,#13233,
    #13234),.UNSPECIFIED.,.F.,.F.,(5,5),(0.,1.),
  .PIECEWISE_BEZIER_KNOTS.);
#13230 = CARTESIAN_POINT('',(-23.88827376611,4.380185399695,
    0.373341058361));
#13231 = CARTESIAN_POINT('',(-24.10026788591,4.486652848265,
    0.428039076436));
#13232 = CARTESIAN_POINT('',(-24.31115994027,4.592566818765,
    0.488082200825));
#13233 = CARTESIAN_POINT('',(-24.52078221904,4.697843084002,
    0.553458259061));
#13234 = CARTESIAN_POINT('',(-24.7289654378,4.80239662613,0.624138849873
    ));
#13235 = PCURVE('',#5333,#13236);
#13236 = DEFINITIONAL_REPRESENTATION('',(#13237),#13243);
#13237 = B_SPLINE_CURVE_WITH_KNOTS('',4,(#13238,#13239,#13240,#13241,
    #13242),.UNSPECIFIED.,.F.,.F.,(5,5),(0.,1.),
  .PIECEWISE_BEZIER_KNOTS.);
#13238 = CARTESIAN_POINT('',(2.960245807509,4.94812205133));
#13239 = CARTESIAN_POINT('',(2.957508180452,4.965469958185));
#13240 = CARTESIAN_POINT('',(2.954853222198,4.982842524983));
#13241 = CARTESIAN_POINT('',(2.952277795352,5.000239184384));
#13242 = CARTESIAN_POINT('',(2.949778960379,5.017659192849));
#13243 = ( GEOMETRIC_REPRESENTATION_CONTEXT(2) 
PARAMETRIC_REPRESENTATION_CONTEXT() REPRESENTATION_CONTEXT('2D SPACE',''
  ) );
#13244 = PCURVE('',#13245,#13250);
#13245 = PLANE('',#13246);
#13246 = AXIS2_PLACEMENT_3D('',#13247,#13248,#13249);
#13247 = CARTESIAN_POINT('',(-24.65890779849,4.76721235726,0.));
#13248 = DIRECTION('',(0.4487991802,0.893632640323,-0.));
#13249 = DIRECTION('',(0.893632640323,-0.4487991802,0.));
#13250 = DEFINITIONAL_REPRESENTATION('',(#13251),#13257);
#13251 = B_SPLINE_CURVE_WITH_KNOTS('',4,(#13252,#13253,#13254,#13255,
    #13256),.UNSPECIFIED.,.F.,.F.,(5,5),(0.,1.),
  .PIECEWISE_BEZIER_KNOTS.);
#13252 = CARTESIAN_POINT('',(0.862361106347,-0.373341058361));
#13253 = CARTESIAN_POINT('',(0.6251337377,-0.428039076436));
#13254 = CARTESIAN_POINT('',(0.389139611212,-0.488082200825));
#13255 = CARTESIAN_POINT('',(0.154566399224,-0.553458259061));
#13256 = CARTESIAN_POINT('',(-7.839646421336E-02,-0.624138849873));
#13257 = ( GEOMETRIC_REPRESENTATION_CONTEXT(2) 
PARAMETRIC_REPRESENTATION_CONTEXT() REPRESENTATION_CONTEXT('2D SPACE',''
  ) );
#13258 = ORIENTED_EDGE('',*,*,#13259,.T.);
#13259 = EDGE_CURVE('',#13226,#13260,#13262,.T.);
#13260 = VERTEX_POINT('',#13261);
#13261 = CARTESIAN_POINT('',(-26.75143225535,6.409343918505,1.6));
#13262 = SURFACE_CURVE('',#13263,(#13272,#13284),.PCURVE_S1.);
#13263 = B_SPLINE_CURVE_WITH_KNOTS('',7,(#13264,#13265,#13266,#13267,
    #13268,#13269,#13270,#13271),.UNSPECIFIED.,.F.,.F.,(8,8),(0.,1.),
  .PIECEWISE_BEZIER_KNOTS.);
#13264 = CARTESIAN_POINT('',(-24.65890779849,4.76721235726,
    0.600598998088));
#13265 = CARTESIAN_POINT('',(-25.01529036378,4.946194408636,
    0.719099553285));
#13266 = CARTESIAN_POINT('',(-25.35362852355,5.147124369574,
    0.848182674858));
#13267 = CARTESIAN_POINT('',(-25.67288253964,5.367723204822,
    0.986310340719));
#13268 = CARTESIAN_POINT('',(-25.97247822647,5.605886792924,
    1.131937080569));
#13269 = CARTESIAN_POINT('',(-26.25213272634,5.859792137508,1.2836146553
    ));
#13270 = CARTESIAN_POINT('',(-26.51177951023,6.127949847895,
    1.440024629007));
#13271 = CARTESIAN_POINT('',(-26.75143225535,6.409343918505,1.6));
#13272 = PCURVE('',#5333,#13273);
#13273 = DEFINITIONAL_REPRESENTATION('',(#13274),#13283);
#13274 = B_SPLINE_CURVE_WITH_KNOTS('',7,(#13275,#13276,#13277,#13278,
    #13279,#13280,#13281,#13282),.UNSPECIFIED.,.F.,.F.,(8,8),(0.,1.),
  .PIECEWISE_BEZIER_KNOTS.);
#13275 = CARTESIAN_POINT('',(2.950622389973,5.011803082344));
#13276 = CARTESIAN_POINT('',(2.946318962627,5.041562392828));
#13277 = CARTESIAN_POINT('',(2.941174645269,5.070632248963));
#13278 = CARTESIAN_POINT('',(2.935315178629,5.098948728532));
#13279 = CARTESIAN_POINT('',(2.928842475667,5.126477188547));
#13280 = CARTESIAN_POINT('',(2.921835722361,5.153198073043));
#13281 = CARTESIAN_POINT('',(2.914354471902,5.179104389785));
#13282 = CARTESIAN_POINT('',(2.90643650103,5.204198588418));
#13283 = ( GEOMETRIC_REPRESENTATION_CONTEXT(2) 
PARAMETRIC_REPRESENTATION_CONTEXT() REPRESENTATION_CONTEXT('2D SPACE',''
  ) );
#13284 = PCURVE('',#13285,#13290);
#13285 = CYLINDRICAL_SURFACE('',#13286,6.695751497138);
#13286 = AXIS2_PLACEMENT_3D('',#13287,#13288,#13289);
#13287 = CARTESIAN_POINT('',(-21.65386001575,10.750754446597,0.));
#13288 = DIRECTION('',(-0.,-0.,-1.));
#13289 = DIRECTION('',(-0.761314430768,-0.648382863365,0.));
#13290 = DEFINITIONAL_REPRESENTATION('',(#13291),#13300);
#13291 = B_SPLINE_CURVE_WITH_KNOTS('',7,(#13292,#13293,#13294,#13295,
    #13296,#13297,#13298,#13299),.UNSPECIFIED.,.F.,.F.,(8,8),(0.,1.),
  .PIECEWISE_BEZIER_KNOTS.);
#13292 = CARTESIAN_POINT('',(-0.399916820262,-0.600598998088));
#13293 = CARTESIAN_POINT('',(-0.34035635257,-0.719099553285));
#13294 = CARTESIAN_POINT('',(-0.281733038893,-0.848182674858));
#13295 = CARTESIAN_POINT('',(-0.223993204871,-0.986310340719));
#13296 = CARTESIAN_POINT('',(-0.167058643526,-1.131937080569));
#13297 = CARTESIAN_POINT('',(-0.11083431845,-1.2836146553));
#13298 = CARTESIAN_POINT('',(-5.520158565365E-02,-1.440024629007));
#13299 = CARTESIAN_POINT('',(8.881784197001E-16,-1.6));
#13300 = ( GEOMETRIC_REPRESENTATION_CONTEXT(2) 
PARAMETRIC_REPRESENTATION_CONTEXT() REPRESENTATION_CONTEXT('2D SPACE',''
  ) );
#13301 = ORIENTED_EDGE('',*,*,#13302,.T.);
#13302 = EDGE_CURVE('',#13260,#13303,#13305,.T.);
#13303 = VERTEX_POINT('',#13304);
#13304 = CARTESIAN_POINT('',(-26.37209188001,7.825061472662,1.6));
#13305 = SURFACE_CURVE('',#13306,(#13312,#13321),.PCURVE_S1.);
#13306 = B_SPLINE_CURVE_WITH_KNOTS('',4,(#13307,#13308,#13309,#13310,
    #13311),.UNSPECIFIED.,.F.,.F.,(5,5),(0.,1.),
  .PIECEWISE_BEZIER_KNOTS.);
#13307 = CARTESIAN_POINT('',(-26.75143225535,6.409343918505,1.6));
#13308 = CARTESIAN_POINT('',(-26.65660368475,6.763248961987,
    1.594771077215));
#13309 = CARTESIAN_POINT('',(-26.56176202792,7.117202843966,
    1.593038407659));
#13310 = CARTESIAN_POINT('',(-26.46692044966,7.471156432697,
    1.594771077267));
#13311 = CARTESIAN_POINT('',(-26.37209188001,7.825061472662,1.6));
#13312 = PCURVE('',#5333,#13313);
#13313 = DEFINITIONAL_REPRESENTATION('',(#13314),#13320);
#13314 = B_SPLINE_CURVE_WITH_KNOTS('',4,(#13315,#13316,#13317,#13318,
    #13319),.UNSPECIFIED.,.F.,.F.,(5,5),(0.,1.),
  .PIECEWISE_BEZIER_KNOTS.);
#13315 = CARTESIAN_POINT('',(2.90643650103,5.204198588418));
#13316 = CARTESIAN_POINT('',(2.89312210275,5.203378364491));
#13317 = CARTESIAN_POINT('',(2.87979325975,5.203104898197));
#13318 = CARTESIAN_POINT('',(2.866464428699,5.203378364499));
#13319 = CARTESIAN_POINT('',(2.853150030551,5.204198588418));
#13320 = ( GEOMETRIC_REPRESENTATION_CONTEXT(2) 
PARAMETRIC_REPRESENTATION_CONTEXT() REPRESENTATION_CONTEXT('2D SPACE',''
  ) );
#13321 = PCURVE('',#13322,#13327);
#13322 = PLANE('',#13323);
#13323 = AXIS2_PLACEMENT_3D('',#13324,#13325,#13326);
#13324 = CARTESIAN_POINT('',(-26.37209188001,7.825061472662,0.));
#13325 = DIRECTION('',(0.965925826289,-0.258819045103,0.));
#13326 = DIRECTION('',(-0.258819045103,-0.965925826289,0.));
#13327 = DEFINITIONAL_REPRESENTATION('',(#13328),#13334);
#13328 = B_SPLINE_CURVE_WITH_KNOTS('',4,(#13329,#13330,#13331,#13332,
    #13333),.UNSPECIFIED.,.F.,.F.,(5,5),(0.,1.),
  .PIECEWISE_BEZIER_KNOTS.);
#13329 = CARTESIAN_POINT('',(1.465658662007,-1.6));
#13330 = CARTESIAN_POINT('',(1.099269200363,-1.594771077215));
#13331 = CARTESIAN_POINT('',(0.732829177387,-1.593038407659));
#13332 = CARTESIAN_POINT('',(0.366389458003,-1.594771077267));
#13333 = CARTESIAN_POINT('',(-1.536548666081E-13,-1.6));
#13334 = ( GEOMETRIC_REPRESENTATION_CONTEXT(2) 
PARAMETRIC_REPRESENTATION_CONTEXT() REPRESENTATION_CONTEXT('2D SPACE',''
  ) );
#13335 = ORIENTED_EDGE('',*,*,#13336,.F.);
#13336 = EDGE_CURVE('',#13337,#13303,#13339,.T.);
#13337 = VERTEX_POINT('',#13338);
#13338 = CARTESIAN_POINT('',(-23.7388467617,8.200926892624,
    0.600598998088));
#13339 = SURFACE_CURVE('',#13340,(#13349,#13361),.PCURVE_S1.);
#13340 = B_SPLINE_CURVE_WITH_KNOTS('',7,(#13341,#13342,#13343,#13344,
    #13345,#13346,#13347,#13348),.UNSPECIFIED.,.F.,.F.,(8,8),(0.,1.),
  .PIECEWISE_BEZIER_KNOTS.);
#13341 = CARTESIAN_POINT('',(-23.7388467617,8.200926892624,
    0.600598998088));
#13342 = CARTESIAN_POINT('',(-24.1369741424,8.224115171958,
    0.719099553285));
#13343 = CARTESIAN_POINT('',(-24.5304485643,8.219273801291,
    0.848182674858));
#13344 = CARTESIAN_POINT('',(-24.91723007012,8.187856613965,
    0.98631034072));
#13345 = CARTESIAN_POINT('',(-25.29576933982,8.131398739824,
    1.131937080568));
#13346 = CARTESIAN_POINT('',(-25.66490991329,8.051337511195,
    1.283614655301));
#13347 = CARTESIAN_POINT('',(-26.02384947934,7.948929513723,
    1.440024629007));
#13348 = CARTESIAN_POINT('',(-26.37209188001,7.825061472662,1.6));
#13349 = PCURVE('',#5333,#13350);
#13350 = DEFINITIONAL_REPRESENTATION('',(#13351),#13360);
#13351 = B_SPLINE_CURVE_WITH_KNOTS('',7,(#13352,#13353,#13354,#13355,
    #13356,#13357,#13358,#13359),.UNSPECIFIED.,.F.,.F.,(8,8),(0.,1.),
  .PIECEWISE_BEZIER_KNOTS.);
#13352 = CARTESIAN_POINT('',(2.808964141608,5.011803082344));
#13353 = CARTESIAN_POINT('',(2.813267568954,5.041562392828));
#13354 = CARTESIAN_POINT('',(2.818411886312,5.070632248963));
#13355 = CARTESIAN_POINT('',(2.824271352953,5.098948728532));
#13356 = CARTESIAN_POINT('',(2.830744055914,5.126477188547));
#13357 = CARTESIAN_POINT('',(2.83775080922,5.153198073043));
#13358 = CARTESIAN_POINT('',(2.84523205968,5.179104389785));
#13359 = CARTESIAN_POINT('',(2.853150030551,5.204198588418));
#13360 = ( GEOMETRIC_REPRESENTATION_CONTEXT(2) 
PARAMETRIC_REPRESENTATION_CONTEXT() REPRESENTATION_CONTEXT('2D SPACE',''
  ) );
#13361 = PCURVE('',#13362,#13367);
#13362 = CYLINDRICAL_SURFACE('',#13363,6.695751497138);
#13363 = AXIS2_PLACEMENT_3D('',#13364,#13365,#13366);
#13364 = CARTESIAN_POINT('',(-24.12817008693,1.516503547274,0.));
#13365 = DIRECTION('',(-0.,-0.,-1.));
#13366 = DIRECTION('',(5.814482891048E-02,0.998308158271,-0.));
#13367 = DEFINITIONAL_REPRESENTATION('',(#13368),#13377);
#13368 = B_SPLINE_CURVE_WITH_KNOTS('',7,(#13369,#13370,#13371,#13372,
    #13373,#13374,#13375,#13376),.UNSPECIFIED.,.F.,.F.,(8,8),(0.,1.),
  .PIECEWISE_BEZIER_KNOTS.);
#13369 = CARTESIAN_POINT('',(0.,-0.600598998088));
#13370 = CARTESIAN_POINT('',(-5.956046769167E-02,-0.719099553285));
#13371 = CARTESIAN_POINT('',(-0.118183781368,-0.848182674858));
#13372 = CARTESIAN_POINT('',(-0.175923615391,-0.98631034072));
#13373 = CARTESIAN_POINT('',(-0.232858176735,-1.131937080568));
#13374 = CARTESIAN_POINT('',(-0.289082501812,-1.283614655301));
#13375 = CARTESIAN_POINT('',(-0.344715234608,-1.440024629007));
#13376 = CARTESIAN_POINT('',(-0.399916820262,-1.6));
#13377 = ( GEOMETRIC_REPRESENTATION_CONTEXT(2) 
PARAMETRIC_REPRESENTATION_CONTEXT() REPRESENTATION_CONTEXT('2D SPACE',''
  ) );
#13378 = ORIENTED_EDGE('',*,*,#13379,.F.);
#13379 = EDGE_CURVE('',#13135,#13337,#13380,.T.);
#13380 = SURFACE_CURVE('',#13381,(#13387,#13396),.PCURVE_S1.);
#13381 = B_SPLINE_CURVE_WITH_KNOTS('',4,(#13382,#13383,#13384,#13385,
    #13386),.UNSPECIFIED.,.F.,.F.,(5,5),(0.,1.),
  .PIECEWISE_BEZIER_KNOTS.);
#13382 = CARTESIAN_POINT('',(-22.87794463386,8.150785053636,
    0.373341058361));
#13383 = CARTESIAN_POINT('',(-23.11477065134,8.164578598399,
    0.428039076436));
#13384 = CARTESIAN_POINT('',(-23.35036551312,8.178300436508,
    0.488082200825));
#13385 = CARTESIAN_POINT('',(-23.58454186436,8.191939655786,
    0.553458259061));
#13386 = CARTESIAN_POINT('',(-23.8171105915,8.205485241623,
    0.624138849873));
#13387 = PCURVE('',#5333,#13388);
#13388 = DEFINITIONAL_REPRESENTATION('',(#13389),#13395);
#13389 = B_SPLINE_CURVE_WITH_KNOTS('',4,(#13390,#13391,#13392,#13393,
    #13394),.UNSPECIFIED.,.F.,.F.,(5,5),(0.,1.),
  .PIECEWISE_BEZIER_KNOTS.);
#13390 = CARTESIAN_POINT('',(2.799340724073,4.94812205133));
#13391 = CARTESIAN_POINT('',(2.802078351129,4.965469958185));
#13392 = CARTESIAN_POINT('',(2.804733309383,4.982842524983));
#13393 = CARTESIAN_POINT('',(2.80730873623,5.000239184384));
#13394 = CARTESIAN_POINT('',(2.809807571203,5.017659192849));
#13395 = ( GEOMETRIC_REPRESENTATION_CONTEXT(2) 
PARAMETRIC_REPRESENTATION_CONTEXT() REPRESENTATION_CONTEXT('2D SPACE',''
  ) );
#13396 = PCURVE('',#13397,#13402);
#13397 = PLANE('',#13398);
#13398 = AXIS2_PLACEMENT_3D('',#13399,#13400,#13401);
#13399 = CARTESIAN_POINT('',(-22.95620846366,8.155343402635,0.));
#13400 = DIRECTION('',(-5.814482891048E-02,-0.998308158271,0.));
#13401 = DIRECTION('',(-0.998308158271,5.814482891048E-02,0.));
#13402 = DEFINITIONAL_REPRESENTATION('',(#13403),#13409);
#13403 = B_SPLINE_CURVE_WITH_KNOTS('',4,(#13404,#13405,#13406,#13407,
    #13408),.UNSPECIFIED.,.F.,.F.,(5,5),(0.,1.),
  .PIECEWISE_BEZIER_KNOTS.);
#13404 = CARTESIAN_POINT('',(-7.839646421336E-02,-0.373341058361));
#13405 = CARTESIAN_POINT('',(0.158830904433,-0.428039076436));
#13406 = CARTESIAN_POINT('',(0.394825030922,-0.488082200825));
#13407 = CARTESIAN_POINT('',(0.62939824291,-0.553458259061));
#13408 = CARTESIAN_POINT('',(0.862361106347,-0.624138849873));
#13409 = ( GEOMETRIC_REPRESENTATION_CONTEXT(2) 
PARAMETRIC_REPRESENTATION_CONTEXT() REPRESENTATION_CONTEXT('2D SPACE',''
  ) );
#13410 = ADVANCED_FACE('',(#13411),#5577,.F.);
#13411 = FACE_BOUND('',#13412,.F.);
#13412 = EDGE_LOOP('',(#13413,#13414,#13415,#13416));
#13413 = ORIENTED_EDGE('',*,*,#11900,.F.);
#13414 = ORIENTED_EDGE('',*,*,#5561,.T.);
#13415 = ORIENTED_EDGE('',*,*,#12416,.F.);
#13416 = ORIENTED_EDGE('',*,*,#13417,.F.);
#13417 = EDGE_CURVE('',#11901,#12417,#13418,.T.);
#13418 = SURFACE_CURVE('',#13419,(#13423,#13430),.PCURVE_S1.);
#13419 = LINE('',#13420,#13421);
#13420 = CARTESIAN_POINT('',(-23.95833140542,-4.415369668564,0.));
#13421 = VECTOR('',#13422,1.);
#13422 = DIRECTION('',(0.,0.,1.));
#13423 = PCURVE('',#5577,#13424);
#13424 = DEFINITIONAL_REPRESENTATION('',(#13425),#13429);
#13425 = LINE('',#13426,#13427);
#13426 = CARTESIAN_POINT('',(0.232710566933,0.));
#13427 = VECTOR('',#13428,1.);
#13428 = DIRECTION('',(0.,-1.));
#13429 = ( GEOMETRIC_REPRESENTATION_CONTEXT(2) 
PARAMETRIC_REPRESENTATION_CONTEXT() REPRESENTATION_CONTEXT('2D SPACE',''
  ) );
#13430 = PCURVE('',#12163,#13431);
#13431 = DEFINITIONAL_REPRESENTATION('',(#13432),#13436);
#13432 = LINE('',#13433,#13434);
#13433 = CARTESIAN_POINT('',(0.,0.));
#13434 = VECTOR('',#13435,1.);
#13435 = DIRECTION('',(0.,-1.));
#13436 = ( GEOMETRIC_REPRESENTATION_CONTEXT(2) 
PARAMETRIC_REPRESENTATION_CONTEXT() REPRESENTATION_CONTEXT('2D SPACE',''
  ) );
#13437 = ADVANCED_FACE('',(#13438),#5443,.T.);
#13438 = FACE_BOUND('',#13439,.T.);
#13439 = EDGE_LOOP('',(#13440,#13441,#13463,#13464));
#13440 = ORIENTED_EDGE('',*,*,#5836,.F.);
#13441 = ORIENTED_EDGE('',*,*,#13442,.T.);
#13442 = EDGE_CURVE('',#5837,#5378,#13443,.T.);
#13443 = SURFACE_CURVE('',#13444,(#13449,#13456),.PCURVE_S1.);
#13444 = CIRCLE('',#13445,21.159010550645);
#13445 = AXIS2_PLACEMENT_3D('',#13446,#13447,#13448);
#13446 = CARTESIAN_POINT('',(0.,0.,7.199999109273));
#13447 = DIRECTION('',(0.,0.,1.));
#13448 = DIRECTION('',(1.,0.,-0.));
#13449 = PCURVE('',#5443,#13450);
#13450 = DEFINITIONAL_REPRESENTATION('',(#13451),#13455);
#13451 = LINE('',#13452,#13453);
#13452 = CARTESIAN_POINT('',(0.,1.568908760281));
#13453 = VECTOR('',#13454,1.);
#13454 = DIRECTION('',(1.,0.));
#13455 = ( GEOMETRIC_REPRESENTATION_CONTEXT(2) 
PARAMETRIC_REPRESENTATION_CONTEXT() REPRESENTATION_CONTEXT('2D SPACE',''
  ) );
#13456 = PCURVE('',#5401,#13457);
#13457 = DEFINITIONAL_REPRESENTATION('',(#13458),#13462);
#13458 = LINE('',#13459,#13460);
#13459 = CARTESIAN_POINT('',(0.,1.568908760277));
#13460 = VECTOR('',#13461,1.);
#13461 = DIRECTION('',(1.,0.));
#13462 = ( GEOMETRIC_REPRESENTATION_CONTEXT(2) 
PARAMETRIC_REPRESENTATION_CONTEXT() REPRESENTATION_CONTEXT('2D SPACE',''
  ) );
#13463 = ORIENTED_EDGE('',*,*,#5417,.T.);
#13464 = ORIENTED_EDGE('',*,*,#7104,.F.);
#13465 = ADVANCED_FACE('',(#13466),#5401,.T.);
#13466 = FACE_BOUND('',#13467,.T.);
#13467 = EDGE_LOOP('',(#13468,#13508,#13537,#13575,#13604,#13646,#13647,
    #13648,#13649,#13693));
#13468 = ORIENTED_EDGE('',*,*,#13469,.F.);
#13469 = EDGE_CURVE('',#13470,#13472,#13474,.T.);
#13470 = VERTEX_POINT('',#13471);
#13471 = CARTESIAN_POINT('',(-26.37209188001,7.825061472662,5.6));
#13472 = VERTEX_POINT('',#13473);
#13473 = CARTESIAN_POINT('',(-23.7388467617,8.200926892624,
    6.599401001912));
#13474 = SURFACE_CURVE('',#13475,(#13484,#13496),.PCURVE_S1.);
#13475 = B_SPLINE_CURVE_WITH_KNOTS('',7,(#13476,#13477,#13478,#13479,
    #13480,#13481,#13482,#13483),.UNSPECIFIED.,.F.,.F.,(8,8),(0.,1.),
  .PIECEWISE_BEZIER_KNOTS.);
#13476 = CARTESIAN_POINT('',(-26.37209188001,7.825061472662,5.6));
#13477 = CARTESIAN_POINT('',(-26.02384947924,7.948929513755,
    5.759975371035));
#13478 = CARTESIAN_POINT('',(-25.66490991345,8.051337511124,
    5.916385344619));
#13479 = CARTESIAN_POINT('',(-25.29576934012,8.131398739769,
    6.068062919311));
#13480 = CARTESIAN_POINT('',(-24.91723007026,8.187856613985,
    6.213689659241));
#13481 = CARTESIAN_POINT('',(-24.53044856411,8.219273801334,
    6.351817325222));
#13482 = CARTESIAN_POINT('',(-24.13697414201,8.224115171935,
    6.480900446831));
#13483 = CARTESIAN_POINT('',(-23.7388467617,8.200926892624,
    6.599401001912));
#13484 = PCURVE('',#5401,#13485);
#13485 = DEFINITIONAL_REPRESENTATION('',(#13486),#13495);
#13486 = B_SPLINE_CURVE_WITH_KNOTS('',7,(#13487,#13488,#13489,#13490,
    #13491,#13492,#13493,#13494),.UNSPECIFIED.,.F.,.F.,(8,8),(0.,1.),
  .PIECEWISE_BEZIER_KNOTS.);
#13487 = CARTESIAN_POINT('',(2.853150030551,1.078986718762));
#13488 = CARTESIAN_POINT('',(2.845232059678,1.104080917401));
#13489 = CARTESIAN_POINT('',(2.837750809224,1.129987234125));
#13490 = CARTESIAN_POINT('',(2.830744055919,1.15670811861));
#13491 = CARTESIAN_POINT('',(2.824271352954,1.184236578637));
#13492 = CARTESIAN_POINT('',(2.818411886308,1.21255305823));
#13493 = CARTESIAN_POINT('',(2.81326756895,1.241622914381));
#13494 = CARTESIAN_POINT('',(2.808964141608,1.271382224835));
#13495 = ( GEOMETRIC_REPRESENTATION_CONTEXT(2) 
PARAMETRIC_REPRESENTATION_CONTEXT() REPRESENTATION_CONTEXT('2D SPACE',''
  ) );
#13496 = PCURVE('',#13362,#13497);
#13497 = DEFINITIONAL_REPRESENTATION('',(#13498),#13507);
#13498 = B_SPLINE_CURVE_WITH_KNOTS('',7,(#13499,#13500,#13501,#13502,
    #13503,#13504,#13505,#13506),.UNSPECIFIED.,.F.,.F.,(8,8),(0.,1.),
  .PIECEWISE_BEZIER_KNOTS.);
#13499 = CARTESIAN_POINT('',(-0.399916820262,-5.6));
#13500 = CARTESIAN_POINT('',(-0.344715234593,-5.759975371035));
#13501 = CARTESIAN_POINT('',(-0.289082501839,-5.916385344619));
#13502 = CARTESIAN_POINT('',(-0.23285817678,-6.068062919311));
#13503 = CARTESIAN_POINT('',(-0.175923615411,-6.213689659241));
#13504 = CARTESIAN_POINT('',(-0.118183781341,-6.351817325222));
#13505 = CARTESIAN_POINT('',(-5.956046763305E-02,-6.480900446831));
#13506 = CARTESIAN_POINT('',(0.,-6.599401001912));
#13507 = ( GEOMETRIC_REPRESENTATION_CONTEXT(2) 
PARAMETRIC_REPRESENTATION_CONTEXT() REPRESENTATION_CONTEXT('2D SPACE',''
  ) );
#13508 = ORIENTED_EDGE('',*,*,#13509,.T.);
#13509 = EDGE_CURVE('',#13470,#13510,#13512,.T.);
#13510 = VERTEX_POINT('',#13511);
#13511 = CARTESIAN_POINT('',(-26.75143225535,6.409343918505,5.6));
#13512 = SURFACE_CURVE('',#13513,(#13519,#13528),.PCURVE_S1.);
#13513 = B_SPLINE_CURVE_WITH_KNOTS('',4,(#13514,#13515,#13516,#13517,
    #13518),.UNSPECIFIED.,.F.,.F.,(5,5),(0.,1.),
  .PIECEWISE_BEZIER_KNOTS.);
#13514 = CARTESIAN_POINT('',(-26.37209188001,7.825061472662,5.6));
#13515 = CARTESIAN_POINT('',(-26.4669204506,7.47115642918,5.605228922785
    ));
#13516 = CARTESIAN_POINT('',(-26.56176210744,7.117202547201,
    5.606961592341));
#13517 = CARTESIAN_POINT('',(-26.6566036857,6.76324895847,5.605228922733
    ));
#13518 = CARTESIAN_POINT('',(-26.75143225535,6.409343918505,5.6));
#13519 = PCURVE('',#5401,#13520);
#13520 = DEFINITIONAL_REPRESENTATION('',(#13521),#13527);
#13521 = B_SPLINE_CURVE_WITH_KNOTS('',4,(#13522,#13523,#13524,#13525,
    #13526),.UNSPECIFIED.,.F.,.F.,(5,5),(0.,1.),
  .PIECEWISE_BEZIER_KNOTS.);
#13522 = CARTESIAN_POINT('',(2.853150030551,1.078986718762));
#13523 = CARTESIAN_POINT('',(2.866464428831,1.079806942689));
#13524 = CARTESIAN_POINT('',(2.879793271831,1.080080408983));
#13525 = CARTESIAN_POINT('',(2.893122102882,1.079806942681));
#13526 = CARTESIAN_POINT('',(2.90643650103,1.078986718762));
#13527 = ( GEOMETRIC_REPRESENTATION_CONTEXT(2) 
PARAMETRIC_REPRESENTATION_CONTEXT() REPRESENTATION_CONTEXT('2D SPACE',''
  ) );
#13528 = PCURVE('',#13322,#13529);
#13529 = DEFINITIONAL_REPRESENTATION('',(#13530),#13536);
#13530 = B_SPLINE_CURVE_WITH_KNOTS('',4,(#13531,#13532,#13533,#13534,
    #13535),.UNSPECIFIED.,.F.,.F.,(5,5),(0.,1.),
  .PIECEWISE_BEZIER_KNOTS.);
#13531 = CARTESIAN_POINT('',(7.904787935331E-14,-5.6));
#13532 = CARTESIAN_POINT('',(0.366389461644,-5.605228922785));
#13533 = CARTESIAN_POINT('',(0.732829484621,-5.606961592341));
#13534 = CARTESIAN_POINT('',(1.099269204004,-5.605228922733));
#13535 = CARTESIAN_POINT('',(1.465658662007,-5.6));
#13536 = ( GEOMETRIC_REPRESENTATION_CONTEXT(2) 
PARAMETRIC_REPRESENTATION_CONTEXT() REPRESENTATION_CONTEXT('2D SPACE',''
  ) );
#13537 = ORIENTED_EDGE('',*,*,#13538,.T.);
#13538 = EDGE_CURVE('',#13510,#13539,#13541,.T.);
#13539 = VERTEX_POINT('',#13540);
#13540 = CARTESIAN_POINT('',(-24.65890779849,4.76721235726,
    6.599401001912));
#13541 = SURFACE_CURVE('',#13542,(#13551,#13563),.PCURVE_S1.);
#13542 = B_SPLINE_CURVE_WITH_KNOTS('',7,(#13543,#13544,#13545,#13546,
    #13547,#13548,#13549,#13550),.UNSPECIFIED.,.F.,.F.,(8,8),(0.,1.),
  .PIECEWISE_BEZIER_KNOTS.);
#13543 = CARTESIAN_POINT('',(-26.75143225535,6.409343918505,5.6));
#13544 = CARTESIAN_POINT('',(-26.51177951016,6.12794984782,
    5.759975371035));
#13545 = CARTESIAN_POINT('',(-26.25213272645,5.859792137654,
    5.916385344619));
#13546 = CARTESIAN_POINT('',(-25.9724782267,5.60588679312,6.068062919312
    ));
#13547 = CARTESIAN_POINT('',(-25.67288253978,5.36772320488,6.21368965924
    ));
#13548 = CARTESIAN_POINT('',(-25.35362852341,5.147124369441,
    6.351817325222));
#13549 = CARTESIAN_POINT('',(-25.01529036343,4.94619440846,
    6.480900446831));
#13550 = CARTESIAN_POINT('',(-24.65890779849,4.76721235726,
    6.599401001912));
#13551 = PCURVE('',#5401,#13552);
#13552 = DEFINITIONAL_REPRESENTATION('',(#13553),#13562);
#13553 = B_SPLINE_CURVE_WITH_KNOTS('',7,(#13554,#13555,#13556,#13557,
    #13558,#13559,#13560,#13561),.UNSPECIFIED.,.F.,.F.,(8,8),(0.,1.),
  .PIECEWISE_BEZIER_KNOTS.);
#13554 = CARTESIAN_POINT('',(2.90643650103,1.078986718762));
#13555 = CARTESIAN_POINT('',(2.914354471904,1.104080917401));
#13556 = CARTESIAN_POINT('',(2.921835722357,1.129987234125));
#13557 = CARTESIAN_POINT('',(2.928842475662,1.156708118611));
#13558 = CARTESIAN_POINT('',(2.935315178627,1.184236578637));
#13559 = CARTESIAN_POINT('',(2.941174645273,1.21255305823));
#13560 = CARTESIAN_POINT('',(2.946318962631,1.241622914381));
#13561 = CARTESIAN_POINT('',(2.950622389973,1.271382224835));
#13562 = ( GEOMETRIC_REPRESENTATION_CONTEXT(2) 
PARAMETRIC_REPRESENTATION_CONTEXT() REPRESENTATION_CONTEXT('2D SPACE',''
  ) );
#13563 = PCURVE('',#13285,#13564);
#13564 = DEFINITIONAL_REPRESENTATION('',(#13565),#13574);
#13565 = B_SPLINE_CURVE_WITH_KNOTS('',7,(#13566,#13567,#13568,#13569,
    #13570,#13571,#13572,#13573),.UNSPECIFIED.,.F.,.F.,(8,8),(0.,1.),
  .PIECEWISE_BEZIER_KNOTS.);
#13566 = CARTESIAN_POINT('',(0.,-5.6));
#13567 = CARTESIAN_POINT('',(-5.520158566828E-02,-5.759975371035));
#13568 = CARTESIAN_POINT('',(-0.110834318423,-5.916385344619));
#13569 = CARTESIAN_POINT('',(-0.167058643482,-6.068062919312));
#13570 = CARTESIAN_POINT('',(-0.22399320485,-6.21368965924));
#13571 = CARTESIAN_POINT('',(-0.281733038921,-6.351817325222));
#13572 = CARTESIAN_POINT('',(-0.340356352629,-6.480900446831));
#13573 = CARTESIAN_POINT('',(-0.399916820262,-6.599401001912));
#13574 = ( GEOMETRIC_REPRESENTATION_CONTEXT(2) 
PARAMETRIC_REPRESENTATION_CONTEXT() REPRESENTATION_CONTEXT('2D SPACE',''
  ) );
#13575 = ORIENTED_EDGE('',*,*,#13576,.T.);
#13576 = EDGE_CURVE('',#13539,#13577,#13579,.T.);
#13577 = VERTEX_POINT('',#13578);
#13578 = CARTESIAN_POINT('',(-23.95833140542,4.415369668565,
    6.808351985059));
#13579 = SURFACE_CURVE('',#13580,(#13586,#13595),.PCURVE_S1.);
#13580 = B_SPLINE_CURVE_WITH_KNOTS('',4,(#13581,#13582,#13583,#13584,
    #13585),.UNSPECIFIED.,.F.,.F.,(5,5),(0.,1.),
  .PIECEWISE_BEZIER_KNOTS.);
#13581 = CARTESIAN_POINT('',(-24.7289654378,4.80239662613,6.575861150127
    ));
#13582 = CARTESIAN_POINT('',(-24.52078221918,4.697843084071,
    6.646541740914));
#13583 = CARTESIAN_POINT('',(-24.31115994021,4.592566818738,
    6.711917799181));
#13584 = CARTESIAN_POINT('',(-24.10026788596,4.486652848288,
    6.771960923545));
#13585 = CARTESIAN_POINT('',(-23.88827376611,4.380185399695,
    6.826658941639));
#13586 = PCURVE('',#5401,#13587);
#13587 = DEFINITIONAL_REPRESENTATION('',(#13588),#13594);
#13588 = B_SPLINE_CURVE_WITH_KNOTS('',4,(#13589,#13590,#13591,#13592,
    #13593),.UNSPECIFIED.,.F.,.F.,(5,5),(0.,1.),
  .PIECEWISE_BEZIER_KNOTS.);
#13589 = CARTESIAN_POINT('',(2.949778960418,1.265526114236));
#13590 = CARTESIAN_POINT('',(2.952277795389,1.28294612269));
#13591 = CARTESIAN_POINT('',(2.954853222128,1.300342782355));
#13592 = CARTESIAN_POINT('',(2.957508180469,1.317715348962));
#13593 = CARTESIAN_POINT('',(2.960245807526,1.33506325582));
#13594 = ( GEOMETRIC_REPRESENTATION_CONTEXT(2) 
PARAMETRIC_REPRESENTATION_CONTEXT() REPRESENTATION_CONTEXT('2D SPACE',''
  ) );
#13595 = PCURVE('',#13245,#13596);
#13596 = DEFINITIONAL_REPRESENTATION('',(#13597),#13603);
#13597 = B_SPLINE_CURVE_WITH_KNOTS('',4,(#13598,#13599,#13600,#13601,
    #13602),.UNSPECIFIED.,.F.,.F.,(5,5),(0.,1.),
  .PIECEWISE_BEZIER_KNOTS.);
#13598 = CARTESIAN_POINT('',(-7.839646421336E-02,-6.575861150127));
#13599 = CARTESIAN_POINT('',(0.154566399069,-6.646541740914));
#13600 = CARTESIAN_POINT('',(0.389139611271,-6.711917799181));
#13601 = CARTESIAN_POINT('',(0.625133737648,-6.771960923545));
#13602 = CARTESIAN_POINT('',(0.862361106347,-6.826658941639));
#13603 = ( GEOMETRIC_REPRESENTATION_CONTEXT(2) 
PARAMETRIC_REPRESENTATION_CONTEXT() REPRESENTATION_CONTEXT('2D SPACE',''
  ) );
#13604 = ORIENTED_EDGE('',*,*,#13605,.T.);
#13605 = EDGE_CURVE('',#13577,#5350,#13606,.T.);
#13606 = SURFACE_CURVE('',#13607,(#13618,#13632),.PCURVE_S1.);
#13607 = B_SPLINE_CURVE_WITH_KNOTS('',5,(#13608,#13609,#13610,#13611,
    #13612,#13613,#13614,#13615,#13616,#13617),.UNSPECIFIED.,.F.,.F.,(6,
    4,6),(0.,0.323177195927,1.),.UNSPECIFIED.);
#13608 = CARTESIAN_POINT('',(-23.95833140542,4.415369668564,
    6.808351985059));
#13609 = CARTESIAN_POINT('',(-23.82273052799,4.347268348316,
    6.844233903111));
#13610 = CARTESIAN_POINT('',(-23.68748162915,4.276244961765,
    6.877991311031));
#13611 = CARTESIAN_POINT('',(-23.55274774752,4.202299286546,
    6.909601465397));
#13612 = CARTESIAN_POINT('',(-23.41869354368,4.125448009437,
    6.939057935753));
#13613 = CARTESIAN_POINT('',(-23.00651024242,3.87876203009,7.02357091873
    ));
#13614 = CARTESIAN_POINT('',(-22.73122380955,3.699190392121,
    7.071373368009));
#13615 = CARTESIAN_POINT('',(-22.46119830939,3.507348032187,
    7.109858873617));
#13616 = CARTESIAN_POINT('',(-22.1978081049,3.303813699306,
    7.139495530155));
#13617 = CARTESIAN_POINT('',(-21.94223390632,3.089361483543,
    7.161045598658));
#13618 = PCURVE('',#5401,#13619);
#13619 = DEFINITIONAL_REPRESENTATION('',(#13620),#13631);
#13620 = B_SPLINE_CURVE_WITH_KNOTS('',5,(#13621,#13622,#13623,#13624,
    #13625,#13626,#13627,#13628,#13629,#13630),.UNSPECIFIED.,.F.,.F.,(6,
    4,6),(0.,0.323177195927,1.),.UNSPECIFIED.);
#13621 = CARTESIAN_POINT('',(2.959343895202,1.329325564959));
#13622 = CARTESIAN_POINT('',(2.961084200152,1.340440477398));
#13623 = CARTESIAN_POINT('',(2.962971090969,1.351524309084));
#13624 = CARTESIAN_POINT('',(2.965010260086,1.362565990074));
#13625 = CARTESIAN_POINT('',(2.96720684946,1.373553795729));
#13626 = CARTESIAN_POINT('',(2.97450501635,1.407348107688));
#13627 = CARTESIAN_POINT('',(2.980155481118,1.429931982636));
#13628 = CARTESIAN_POINT('',(2.986557656207,1.452109416492));
#13629 = CARTESIAN_POINT('',(2.993741406237,1.47376625014));
#13630 = CARTESIAN_POINT('',(3.001716871555,1.494788207479));
#13631 = ( GEOMETRIC_REPRESENTATION_CONTEXT(2) 
PARAMETRIC_REPRESENTATION_CONTEXT() REPRESENTATION_CONTEXT('2D SPACE',''
  ) );
#13632 = PCURVE('',#5365,#13633);
#13633 = DEFINITIONAL_REPRESENTATION('',(#13634),#13645);
#13634 = B_SPLINE_CURVE_WITH_KNOTS('',5,(#13635,#13636,#13637,#13638,
    #13639,#13640,#13641,#13642,#13643,#13644),.UNSPECIFIED.,.F.,.F.,(6,
    4,6),(0.,0.323177195927,1.),.UNSPECIFIED.);
#13635 = CARTESIAN_POINT('',(0.,-6.808351985059));
#13636 = CARTESIAN_POINT('',(1.460050148031E-02,-6.844233903111));
#13637 = CARTESIAN_POINT('',(2.929691195785E-02,-6.877991311031));
#13638 = CARTESIAN_POINT('',(4.408174857335E-02,-6.909601465397));
#13639 = CARTESIAN_POINT('',(5.894706796809E-02,-6.939057935753));
#13640 = CARTESIAN_POINT('',(0.105167526912,-7.02357091873));
#13641 = CARTESIAN_POINT('',(0.136769081348,-7.071373368009));
#13642 = CARTESIAN_POINT('',(0.168606415506,-7.109858873617));
#13643 = CARTESIAN_POINT('',(0.200608918276,-7.139495530155));
#13644 = CARTESIAN_POINT('',(0.232710566933,-7.161045598658));
#13645 = ( GEOMETRIC_REPRESENTATION_CONTEXT(2) 
PARAMETRIC_REPRESENTATION_CONTEXT() REPRESENTATION_CONTEXT('2D SPACE',''
  ) );
#13646 = ORIENTED_EDGE('',*,*,#5377,.T.);
#13647 = ORIENTED_EDGE('',*,*,#13442,.F.);
#13648 = ORIENTED_EDGE('',*,*,#5874,.F.);
#13649 = ORIENTED_EDGE('',*,*,#13650,.F.);
#13650 = EDGE_CURVE('',#13651,#5875,#13653,.T.);
#13651 = VERTEX_POINT('',#13652);
#13652 = CARTESIAN_POINT('',(-22.95620846366,8.155343402635,
    6.808351985059));
#13653 = SURFACE_CURVE('',#13654,(#13665,#13679),.PCURVE_S1.);
#13654 = B_SPLINE_CURVE_WITH_KNOTS('',5,(#13655,#13656,#13657,#13658,
    #13659,#13660,#13661,#13662,#13663,#13664),.UNSPECIFIED.,.F.,.F.,(6,
    4,6),(0.,0.32317719608,1.),.UNSPECIFIED.);
#13655 = CARTESIAN_POINT('',(-22.95620846366,8.155343402635,
    6.808351985059));
#13656 = CARTESIAN_POINT('',(-22.80472399884,8.146520437285,
    6.844233903128));
#13657 = CARTESIAN_POINT('',(-22.65208332326,8.140404044878,
    6.877991311063));
#13658 = CARTESIAN_POINT('',(-22.49842752133,8.137075937304,
    6.909601465442));
#13659 = CARTESIAN_POINT('',(-22.3439075367,8.136603993678,
    6.939057935809));
#13660 = CARTESIAN_POINT('',(-21.86360333711,8.144148667934,
    7.023570918773));
#13661 = CARTESIAN_POINT('',(-21.53541247402,8.162019051786,
    7.071373368035));
#13662 = CARTESIAN_POINT('',(-21.20564235131,8.193146658929,
    7.109858873631));
#13663 = CARTESIAN_POINT('',(-20.87577257675,8.237717459494,
    7.139495530159));
#13664 = CARTESIAN_POINT('',(-20.54721272043,8.295651426942,
    7.161045598658));
#13665 = PCURVE('',#5401,#13666);
#13666 = DEFINITIONAL_REPRESENTATION('',(#13667),#13678);
#13667 = B_SPLINE_CURVE_WITH_KNOTS('',5,(#13668,#13669,#13670,#13671,
    #13672,#13673,#13674,#13675,#13676,#13677),.UNSPECIFIED.,.F.,.F.,(6,
    4,6),(0.,0.32317719608,1.),.UNSPECIFIED.);
#13668 = CARTESIAN_POINT('',(2.800242636379,1.329325564959));
#13669 = CARTESIAN_POINT('',(2.798502331428,1.340440477403));
#13670 = CARTESIAN_POINT('',(2.796615440611,1.351524309094));
#13671 = CARTESIAN_POINT('',(2.794576271493,1.36256599009));
#13672 = CARTESIAN_POINT('',(2.792379682117,1.37355379575));
#13673 = CARTESIAN_POINT('',(2.785081515226,1.407348107708));
#13674 = CARTESIAN_POINT('',(2.779431050459,1.429931982651));
#13675 = CARTESIAN_POINT('',(2.773028875371,1.452109416501));
#13676 = CARTESIAN_POINT('',(2.765845125342,1.473766250145));
#13677 = CARTESIAN_POINT('',(2.757869660026,1.494788207479));
#13678 = ( GEOMETRIC_REPRESENTATION_CONTEXT(2) 
PARAMETRIC_REPRESENTATION_CONTEXT() REPRESENTATION_CONTEXT('2D SPACE',''
  ) );
#13679 = PCURVE('',#5925,#13680);
#13680 = DEFINITIONAL_REPRESENTATION('',(#13681),#13692);
#13681 = B_SPLINE_CURVE_WITH_KNOTS('',5,(#13682,#13683,#13684,#13685,
    #13686,#13687,#13688,#13689,#13690,#13691),.UNSPECIFIED.,.F.,.F.,(6,
    4,6),(0.,0.32317719608,1.),.UNSPECIFIED.);
#13682 = CARTESIAN_POINT('',(0.232710566933,-6.808351985059));
#13683 = CARTESIAN_POINT('',(0.218110065445,-6.844233903128));
#13684 = CARTESIAN_POINT('',(0.203413654961,-6.877991311063));
#13685 = CARTESIAN_POINT('',(0.188628818338,-6.909601465442));
#13686 = CARTESIAN_POINT('',(0.173763498936,-6.939057935809));
#13687 = CARTESIAN_POINT('',(0.127543039993,-7.023570918773));
#13688 = CARTESIAN_POINT('',(9.59414855628E-02,-7.071373368035));
#13689 = CARTESIAN_POINT('',(6.410415141246E-02,-7.109858873631));
#13690 = CARTESIAN_POINT('',(3.21016486496E-02,-7.139495530159));
#13691 = CARTESIAN_POINT('',(0.,-7.161045598658));
#13692 = ( GEOMETRIC_REPRESENTATION_CONTEXT(2) 
PARAMETRIC_REPRESENTATION_CONTEXT() REPRESENTATION_CONTEXT('2D SPACE',''
  ) );
#13693 = ORIENTED_EDGE('',*,*,#13694,.F.);
#13694 = EDGE_CURVE('',#13472,#13651,#13695,.T.);
#13695 = SURFACE_CURVE('',#13696,(#13702,#13711),.PCURVE_S1.);
#13696 = B_SPLINE_CURVE_WITH_KNOTS('',4,(#13697,#13698,#13699,#13700,
    #13701),.UNSPECIFIED.,.F.,.F.,(5,5),(0.,1.),
  .PIECEWISE_BEZIER_KNOTS.);
#13697 = CARTESIAN_POINT('',(-23.8171105915,8.205485241623,
    6.575861150127));
#13698 = CARTESIAN_POINT('',(-23.58454186451,8.191939655795,
    6.646541740914));
#13699 = CARTESIAN_POINT('',(-23.35036551306,8.178300436504,
    6.711917799181));
#13700 = CARTESIAN_POINT('',(-23.11477065139,8.164578598402,
    6.771960923545));
#13701 = CARTESIAN_POINT('',(-22.87794463386,8.150785053636,
    6.826658941639));
#13702 = PCURVE('',#5401,#13703);
#13703 = DEFINITIONAL_REPRESENTATION('',(#13704),#13710);
#13704 = B_SPLINE_CURVE_WITH_KNOTS('',4,(#13705,#13706,#13707,#13708,
    #13709),.UNSPECIFIED.,.F.,.F.,(5,5),(0.,1.),
  .PIECEWISE_BEZIER_KNOTS.);
#13705 = CARTESIAN_POINT('',(2.809807571164,1.265526114236));
#13706 = CARTESIAN_POINT('',(2.807308736192,1.28294612269));
#13707 = CARTESIAN_POINT('',(2.804733309453,1.300342782355));
#13708 = CARTESIAN_POINT('',(2.802078351113,1.317715348962));
#13709 = CARTESIAN_POINT('',(2.799340724055,1.33506325582));
#13710 = ( GEOMETRIC_REPRESENTATION_CONTEXT(2) 
PARAMETRIC_REPRESENTATION_CONTEXT() REPRESENTATION_CONTEXT('2D SPACE',''
  ) );
#13711 = PCURVE('',#13397,#13712);
#13712 = DEFINITIONAL_REPRESENTATION('',(#13713),#13719);
#13713 = B_SPLINE_CURVE_WITH_KNOTS('',4,(#13714,#13715,#13716,#13717,
    #13718),.UNSPECIFIED.,.F.,.F.,(5,5),(0.,1.),
  .PIECEWISE_BEZIER_KNOTS.);
#13714 = CARTESIAN_POINT('',(0.862361106347,-6.575861150127));
#13715 = CARTESIAN_POINT('',(0.629398243065,-6.646541740914));
#13716 = CARTESIAN_POINT('',(0.394825030862,-6.711917799181));
#13717 = CARTESIAN_POINT('',(0.158830904485,-6.771960923545));
#13718 = CARTESIAN_POINT('',(-7.839646421336E-02,-6.826658941639));
#13719 = ( GEOMETRIC_REPRESENTATION_CONTEXT(2) 
PARAMETRIC_REPRESENTATION_CONTEXT() REPRESENTATION_CONTEXT('2D SPACE',''
  ) );
#13720 = ADVANCED_FACE('',(#13721),#5365,.F.);
#13721 = FACE_BOUND('',#13722,.F.);
#13722 = EDGE_LOOP('',(#13723,#13724,#13745,#13746));
#13723 = ORIENTED_EDGE('',*,*,#13181,.T.);
#13724 = ORIENTED_EDGE('',*,*,#13725,.T.);
#13725 = EDGE_CURVE('',#13182,#13577,#13726,.T.);
#13726 = SURFACE_CURVE('',#13727,(#13731,#13738),.PCURVE_S1.);
#13727 = LINE('',#13728,#13729);
#13728 = CARTESIAN_POINT('',(-23.95833140542,4.415369668565,0.));
#13729 = VECTOR('',#13730,1.);
#13730 = DIRECTION('',(0.,0.,1.));
#13731 = PCURVE('',#5365,#13732);
#13732 = DEFINITIONAL_REPRESENTATION('',(#13733),#13737);
#13733 = LINE('',#13734,#13735);
#13734 = CARTESIAN_POINT('',(0.,0.));
#13735 = VECTOR('',#13736,1.);
#13736 = DIRECTION('',(0.,-1.));
#13737 = ( GEOMETRIC_REPRESENTATION_CONTEXT(2) 
PARAMETRIC_REPRESENTATION_CONTEXT() REPRESENTATION_CONTEXT('2D SPACE',''
  ) );
#13738 = PCURVE('',#13245,#13739);
#13739 = DEFINITIONAL_REPRESENTATION('',(#13740),#13744);
#13740 = LINE('',#13741,#13742);
#13741 = CARTESIAN_POINT('',(0.783964642134,0.));
#13742 = VECTOR('',#13743,1.);
#13743 = DIRECTION('',(0.,-1.));
#13744 = ( GEOMETRIC_REPRESENTATION_CONTEXT(2) 
PARAMETRIC_REPRESENTATION_CONTEXT() REPRESENTATION_CONTEXT('2D SPACE',''
  ) );
#13745 = ORIENTED_EDGE('',*,*,#13605,.T.);
#13746 = ORIENTED_EDGE('',*,*,#5349,.F.);
#13747 = ADVANCED_FACE('',(#13748),#5925,.F.);
#13748 = FACE_BOUND('',#13749,.F.);
#13749 = EDGE_LOOP('',(#13750,#13751,#13752,#13753));
#13750 = ORIENTED_EDGE('',*,*,#13134,.F.);
#13751 = ORIENTED_EDGE('',*,*,#5909,.T.);
#13752 = ORIENTED_EDGE('',*,*,#13650,.F.);
#13753 = ORIENTED_EDGE('',*,*,#13754,.F.);
#13754 = EDGE_CURVE('',#13135,#13651,#13755,.T.);
#13755 = SURFACE_CURVE('',#13756,(#13760,#13767),.PCURVE_S1.);
#13756 = LINE('',#13757,#13758);
#13757 = CARTESIAN_POINT('',(-22.95620846366,8.155343402635,0.));
#13758 = VECTOR('',#13759,1.);
#13759 = DIRECTION('',(0.,0.,1.));
#13760 = PCURVE('',#5925,#13761);
#13761 = DEFINITIONAL_REPRESENTATION('',(#13762),#13766);
#13762 = LINE('',#13763,#13764);
#13763 = CARTESIAN_POINT('',(0.232710566933,0.));
#13764 = VECTOR('',#13765,1.);
#13765 = DIRECTION('',(0.,-1.));
#13766 = ( GEOMETRIC_REPRESENTATION_CONTEXT(2) 
PARAMETRIC_REPRESENTATION_CONTEXT() REPRESENTATION_CONTEXT('2D SPACE',''
  ) );
#13767 = PCURVE('',#13397,#13768);
#13768 = DEFINITIONAL_REPRESENTATION('',(#13769),#13773);
#13769 = LINE('',#13770,#13771);
#13770 = CARTESIAN_POINT('',(0.,0.));
#13771 = VECTOR('',#13772,1.);
#13772 = DIRECTION('',(0.,-1.));
#13773 = ( GEOMETRIC_REPRESENTATION_CONTEXT(2) 
PARAMETRIC_REPRESENTATION_CONTEXT() REPRESENTATION_CONTEXT('2D SPACE',''
  ) );
#13774 = ADVANCED_FACE('',(#13775),#5714,.F.);
#13775 = FACE_BOUND('',#13776,.F.);
#13776 = EDGE_LOOP('',(#13777,#13778,#13799,#13800));
#13777 = ORIENTED_EDGE('',*,*,#12564,.T.);
#13778 = ORIENTED_EDGE('',*,*,#13779,.T.);
#13779 = EDGE_CURVE('',#12565,#12975,#13780,.T.);
#13780 = SURFACE_CURVE('',#13781,(#13785,#13792),.PCURVE_S1.);
#13781 = LINE('',#13782,#13783);
#13782 = CARTESIAN_POINT('',(-18.5408387951,15.802988002788,0.));
#13783 = VECTOR('',#13784,1.);
#13784 = DIRECTION('',(0.,0.,1.));
#13785 = PCURVE('',#5714,#13786);
#13786 = DEFINITIONAL_REPRESENTATION('',(#13787),#13791);
#13787 = LINE('',#13788,#13789);
#13788 = CARTESIAN_POINT('',(0.,0.));
#13789 = VECTOR('',#13790,1.);
#13790 = DIRECTION('',(0.,-1.));
#13791 = ( GEOMETRIC_REPRESENTATION_CONTEXT(2) 
PARAMETRIC_REPRESENTATION_CONTEXT() REPRESENTATION_CONTEXT('2D SPACE',''
  ) );
#13792 = PCURVE('',#12628,#13793);
#13793 = DEFINITIONAL_REPRESENTATION('',(#13794),#13798);
#13794 = LINE('',#13795,#13796);
#13795 = CARTESIAN_POINT('',(0.783964642134,0.));
#13796 = VECTOR('',#13797,1.);
#13797 = DIRECTION('',(0.,-1.));
#13798 = ( GEOMETRIC_REPRESENTATION_CONTEXT(2) 
PARAMETRIC_REPRESENTATION_CONTEXT() REPRESENTATION_CONTEXT('2D SPACE',''
  ) );
#13799 = ORIENTED_EDGE('',*,*,#13003,.T.);
#13800 = ORIENTED_EDGE('',*,*,#5698,.F.);
#13801 = ADVANCED_FACE('',(#13802),#6058,.F.);
#13802 = FACE_BOUND('',#13803,.T.);
#13803 = EDGE_LOOP('',(#13804,#13825,#13826,#13827));
#13804 = ORIENTED_EDGE('',*,*,#13805,.F.);
#13805 = EDGE_CURVE('',#7245,#6042,#13806,.T.);
#13806 = SEAM_CURVE('',#13807,(#13811,#13818),.PCURVE_S1.);
#13807 = LINE('',#13808,#13809);
#13808 = CARTESIAN_POINT('',(2.5,0.,7.2));
#13809 = VECTOR('',#13810,1.);
#13810 = DIRECTION('',(0.,0.,-1.));
#13811 = PCURVE('',#6058,#13812);
#13812 = DEFINITIONAL_REPRESENTATION('',(#13813),#13817);
#13813 = LINE('',#13814,#13815);
#13814 = CARTESIAN_POINT('',(-0.,0.));
#13815 = VECTOR('',#13816,1.);
#13816 = DIRECTION('',(-0.,1.));
#13817 = ( GEOMETRIC_REPRESENTATION_CONTEXT(2) 
PARAMETRIC_REPRESENTATION_CONTEXT() REPRESENTATION_CONTEXT('2D SPACE',''
  ) );
#13818 = PCURVE('',#6058,#13819);
#13819 = DEFINITIONAL_REPRESENTATION('',(#13820),#13824);
#13820 = LINE('',#13821,#13822);
#13821 = CARTESIAN_POINT('',(-6.28318530718,0.));
#13822 = VECTOR('',#13823,1.);
#13823 = DIRECTION('',(-0.,1.));
#13824 = ( GEOMETRIC_REPRESENTATION_CONTEXT(2) 
PARAMETRIC_REPRESENTATION_CONTEXT() REPRESENTATION_CONTEXT('2D SPACE',''
  ) );
#13825 = ORIENTED_EDGE('',*,*,#7244,.T.);
#13826 = ORIENTED_EDGE('',*,*,#13805,.T.);
#13827 = ORIENTED_EDGE('',*,*,#6041,.F.);
#13828 = ADVANCED_FACE('',(#13829),#6359,.F.);
#13829 = FACE_BOUND('',#13830,.F.);
#13830 = EDGE_LOOP('',(#13831,#13832,#13833,#13834));
#13831 = ORIENTED_EDGE('',*,*,#6341,.F.);
#13832 = ORIENTED_EDGE('',*,*,#6702,.T.);
#13833 = ORIENTED_EDGE('',*,*,#6929,.F.);
#13834 = ORIENTED_EDGE('',*,*,#13835,.F.);
#13835 = EDGE_CURVE('',#6299,#6729,#13836,.T.);
#13836 = SURFACE_CURVE('',#13837,(#13841,#13848),.PCURVE_S1.);
#13837 = LINE('',#13838,#13839);
#13838 = CARTESIAN_POINT('',(23.738846761703,-8.200926892624,0.));
#13839 = VECTOR('',#13840,1.);
#13840 = DIRECTION('',(0.,0.,1.));
#13841 = PCURVE('',#6359,#13842);
#13842 = DEFINITIONAL_REPRESENTATION('',(#13843),#13847);
#13843 = LINE('',#13844,#13845);
#13844 = CARTESIAN_POINT('',(0.783964642134,0.));
#13845 = VECTOR('',#13846,1.);
#13846 = DIRECTION('',(0.,-1.));
#13847 = ( GEOMETRIC_REPRESENTATION_CONTEXT(2) 
PARAMETRIC_REPRESENTATION_CONTEXT() REPRESENTATION_CONTEXT('2D SPACE',''
  ) );
#13848 = PCURVE('',#6324,#13849);
#13849 = DEFINITIONAL_REPRESENTATION('',(#13850),#13854);
#13850 = LINE('',#13851,#13852);
#13851 = CARTESIAN_POINT('',(-0.,0.));
#13852 = VECTOR('',#13853,1.);
#13853 = DIRECTION('',(-0.,-1.));
#13854 = ( GEOMETRIC_REPRESENTATION_CONTEXT(2) 
PARAMETRIC_REPRESENTATION_CONTEXT() REPRESENTATION_CONTEXT('2D SPACE',''
  ) );
#13855 = ADVANCED_FACE('',(#13856),#6324,.T.);
#13856 = FACE_BOUND('',#13857,.F.);
#13857 = EDGE_LOOP('',(#13858,#13859,#13860,#13861));
#13858 = ORIENTED_EDGE('',*,*,#6298,.F.);
#13859 = ORIENTED_EDGE('',*,*,#13835,.T.);
#13860 = ORIENTED_EDGE('',*,*,#6726,.F.);
#13861 = ORIENTED_EDGE('',*,*,#13862,.F.);
#13862 = EDGE_CURVE('',#6265,#6727,#13863,.T.);
#13863 = SURFACE_CURVE('',#13864,(#13868,#13875),.PCURVE_S1.);
#13864 = LINE('',#13865,#13866);
#13865 = CARTESIAN_POINT('',(26.37209188001,-7.825061472662,0.));
#13866 = VECTOR('',#13867,1.);
#13867 = DIRECTION('',(0.,0.,1.));
#13868 = PCURVE('',#6324,#13869);
#13869 = DEFINITIONAL_REPRESENTATION('',(#13870),#13874);
#13870 = LINE('',#13871,#13872);
#13871 = CARTESIAN_POINT('',(-0.399916820262,0.));
#13872 = VECTOR('',#13873,1.);
#13873 = DIRECTION('',(-0.,-1.));
#13874 = ( GEOMETRIC_REPRESENTATION_CONTEXT(2) 
PARAMETRIC_REPRESENTATION_CONTEXT() REPRESENTATION_CONTEXT('2D SPACE',''
  ) );
#13875 = PCURVE('',#6284,#13876);
#13876 = DEFINITIONAL_REPRESENTATION('',(#13877),#13881);
#13877 = LINE('',#13878,#13879);
#13878 = CARTESIAN_POINT('',(0.,0.));
#13879 = VECTOR('',#13880,1.);
#13880 = DIRECTION('',(0.,-1.));
#13881 = ( GEOMETRIC_REPRESENTATION_CONTEXT(2) 
PARAMETRIC_REPRESENTATION_CONTEXT() REPRESENTATION_CONTEXT('2D SPACE',''
  ) );
#13882 = ADVANCED_FACE('',(#13883),#6284,.F.);
#13883 = FACE_BOUND('',#13884,.F.);
#13884 = EDGE_LOOP('',(#13885,#13886,#13887,#13908));
#13885 = ORIENTED_EDGE('',*,*,#13862,.T.);
#13886 = ORIENTED_EDGE('',*,*,#6766,.T.);
#13887 = ORIENTED_EDGE('',*,*,#13888,.F.);
#13888 = EDGE_CURVE('',#6222,#6767,#13889,.T.);
#13889 = SURFACE_CURVE('',#13890,(#13894,#13901),.PCURVE_S1.);
#13890 = LINE('',#13891,#13892);
#13891 = CARTESIAN_POINT('',(26.751432255357,-6.409343918505,0.));
#13892 = VECTOR('',#13893,1.);
#13893 = DIRECTION('',(0.,0.,1.));
#13894 = PCURVE('',#6284,#13895);
#13895 = DEFINITIONAL_REPRESENTATION('',(#13896),#13900);
#13896 = LINE('',#13897,#13898);
#13897 = CARTESIAN_POINT('',(1.465658662007,0.));
#13898 = VECTOR('',#13899,1.);
#13899 = DIRECTION('',(0.,-1.));
#13900 = ( GEOMETRIC_REPRESENTATION_CONTEXT(2) 
PARAMETRIC_REPRESENTATION_CONTEXT() REPRESENTATION_CONTEXT('2D SPACE',''
  ) );
#13901 = PCURVE('',#6247,#13902);
#13902 = DEFINITIONAL_REPRESENTATION('',(#13903),#13907);
#13903 = LINE('',#13904,#13905);
#13904 = CARTESIAN_POINT('',(-0.,0.));
#13905 = VECTOR('',#13906,1.);
#13906 = DIRECTION('',(-0.,-1.));
#13907 = ( GEOMETRIC_REPRESENTATION_CONTEXT(2) 
PARAMETRIC_REPRESENTATION_CONTEXT() REPRESENTATION_CONTEXT('2D SPACE',''
  ) );
#13908 = ORIENTED_EDGE('',*,*,#6264,.T.);
#13909 = ADVANCED_FACE('',(#13910),#6247,.T.);
#13910 = FACE_BOUND('',#13911,.F.);
#13911 = EDGE_LOOP('',(#13912,#13913,#13914,#13935));
#13912 = ORIENTED_EDGE('',*,*,#13888,.T.);
#13913 = ORIENTED_EDGE('',*,*,#6795,.T.);
#13914 = ORIENTED_EDGE('',*,*,#13915,.F.);
#13915 = EDGE_CURVE('',#6188,#6796,#13916,.T.);
#13916 = SURFACE_CURVE('',#13917,(#13921,#13928),.PCURVE_S1.);
#13917 = LINE('',#13918,#13919);
#13918 = CARTESIAN_POINT('',(24.658907798493,-4.76721235726,0.));
#13919 = VECTOR('',#13920,1.);
#13920 = DIRECTION('',(0.,0.,1.));
#13921 = PCURVE('',#6247,#13922);
#13922 = DEFINITIONAL_REPRESENTATION('',(#13923),#13927);
#13923 = LINE('',#13924,#13925);
#13924 = CARTESIAN_POINT('',(-0.399916820262,0.));
#13925 = VECTOR('',#13926,1.);
#13926 = DIRECTION('',(-0.,-1.));
#13927 = ( GEOMETRIC_REPRESENTATION_CONTEXT(2) 
PARAMETRIC_REPRESENTATION_CONTEXT() REPRESENTATION_CONTEXT('2D SPACE',''
  ) );
#13928 = PCURVE('',#6207,#13929);
#13929 = DEFINITIONAL_REPRESENTATION('',(#13930),#13934);
#13930 = LINE('',#13931,#13932);
#13931 = CARTESIAN_POINT('',(0.,0.));
#13932 = VECTOR('',#13933,1.);
#13933 = DIRECTION('',(0.,-1.));
#13934 = ( GEOMETRIC_REPRESENTATION_CONTEXT(2) 
PARAMETRIC_REPRESENTATION_CONTEXT() REPRESENTATION_CONTEXT('2D SPACE',''
  ) );
#13935 = ORIENTED_EDGE('',*,*,#6221,.T.);
#13936 = ADVANCED_FACE('',(#13937),#6207,.F.);
#13937 = FACE_BOUND('',#13938,.F.);
#13938 = EDGE_LOOP('',(#13939,#13940,#13941,#13942));
#13939 = ORIENTED_EDGE('',*,*,#6187,.T.);
#13940 = ORIENTED_EDGE('',*,*,#13915,.T.);
#13941 = ORIENTED_EDGE('',*,*,#6833,.T.);
#13942 = ORIENTED_EDGE('',*,*,#8172,.F.);
#13943 = ADVANCED_FACE('',(#13944),#6639,.F.);
#13944 = FACE_BOUND('',#13945,.F.);
#13945 = EDGE_LOOP('',(#13946,#13947,#13948,#13949));
#13946 = ORIENTED_EDGE('',*,*,#6621,.F.);
#13947 = ORIENTED_EDGE('',*,*,#8481,.T.);
#13948 = ORIENTED_EDGE('',*,*,#7524,.F.);
#13949 = ORIENTED_EDGE('',*,*,#13950,.F.);
#13950 = EDGE_CURVE('',#6579,#7302,#13951,.T.);
#13951 = SURFACE_CURVE('',#13952,(#13956,#13963),.PCURVE_S1.);
#13952 = LINE('',#13953,#13954);
#13953 = CARTESIAN_POINT('',(16.457980905869,-18.97163440444,0.));
#13954 = VECTOR('',#13955,1.);
#13955 = DIRECTION('',(0.,0.,1.));
#13956 = PCURVE('',#6639,#13957);
#13957 = DEFINITIONAL_REPRESENTATION('',(#13958),#13962);
#13958 = LINE('',#13959,#13960);
#13959 = CARTESIAN_POINT('',(0.783964642134,0.));
#13960 = VECTOR('',#13961,1.);
#13961 = DIRECTION('',(0.,-1.));
#13962 = ( GEOMETRIC_REPRESENTATION_CONTEXT(2) 
PARAMETRIC_REPRESENTATION_CONTEXT() REPRESENTATION_CONTEXT('2D SPACE',''
  ) );
#13963 = PCURVE('',#6604,#13964);
#13964 = DEFINITIONAL_REPRESENTATION('',(#13965),#13969);
#13965 = LINE('',#13966,#13967);
#13966 = CARTESIAN_POINT('',(-0.,0.));
#13967 = VECTOR('',#13968,1.);
#13968 = DIRECTION('',(-0.,-1.));
#13969 = ( GEOMETRIC_REPRESENTATION_CONTEXT(2) 
PARAMETRIC_REPRESENTATION_CONTEXT() REPRESENTATION_CONTEXT('2D SPACE',''
  ) );
#13970 = ADVANCED_FACE('',(#13971),#6604,.T.);
#13971 = FACE_BOUND('',#13972,.F.);
#13972 = EDGE_LOOP('',(#13973,#13974,#13975,#13976));
#13973 = ORIENTED_EDGE('',*,*,#6578,.F.);
#13974 = ORIENTED_EDGE('',*,*,#13950,.T.);
#13975 = ORIENTED_EDGE('',*,*,#7299,.F.);
#13976 = ORIENTED_EDGE('',*,*,#13977,.F.);
#13977 = EDGE_CURVE('',#6545,#7300,#13978,.T.);
#13978 = SURFACE_CURVE('',#13979,(#13983,#13990),.PCURVE_S1.);
#13979 = LINE('',#13980,#13981);
#13980 = CARTESIAN_POINT('',(18.926370782695,-19.9627479615,0.));
#13981 = VECTOR('',#13982,1.);
#13982 = DIRECTION('',(0.,0.,1.));
#13983 = PCURVE('',#6604,#13984);
#13984 = DEFINITIONAL_REPRESENTATION('',(#13985),#13989);
#13985 = LINE('',#13986,#13987);
#13986 = CARTESIAN_POINT('',(-0.399916820262,0.));
#13987 = VECTOR('',#13988,1.);
#13988 = DIRECTION('',(-0.,-1.));
#13989 = ( GEOMETRIC_REPRESENTATION_CONTEXT(2) 
PARAMETRIC_REPRESENTATION_CONTEXT() REPRESENTATION_CONTEXT('2D SPACE',''
  ) );
#13990 = PCURVE('',#6564,#13991);
#13991 = DEFINITIONAL_REPRESENTATION('',(#13992),#13996);
#13992 = LINE('',#13993,#13994);
#13993 = CARTESIAN_POINT('',(0.,0.));
#13994 = VECTOR('',#13995,1.);
#13995 = DIRECTION('',(0.,-1.));
#13996 = ( GEOMETRIC_REPRESENTATION_CONTEXT(2) 
PARAMETRIC_REPRESENTATION_CONTEXT() REPRESENTATION_CONTEXT('2D SPACE',''
  ) );
#13997 = ADVANCED_FACE('',(#13998),#6564,.F.);
#13998 = FACE_BOUND('',#13999,.F.);
#13999 = EDGE_LOOP('',(#14000,#14001,#14002,#14003));
#14000 = ORIENTED_EDGE('',*,*,#6544,.T.);
#14001 = ORIENTED_EDGE('',*,*,#13977,.T.);
#14002 = ORIENTED_EDGE('',*,*,#7339,.T.);
#14003 = ORIENTED_EDGE('',*,*,#14004,.F.);
#14004 = EDGE_CURVE('',#6502,#7340,#14005,.T.);
#14005 = SURFACE_CURVE('',#14006,(#14010,#14017),.PCURVE_S1.);
#14006 = LINE('',#14007,#14008);
#14007 = CARTESIAN_POINT('',(19.962747961505,-18.92637078269,0.));
#14008 = VECTOR('',#14009,1.);
#14009 = DIRECTION('',(0.,0.,1.));
#14010 = PCURVE('',#6564,#14011);
#14011 = DEFINITIONAL_REPRESENTATION('',(#14012),#14016);
#14012 = LINE('',#14013,#14014);
#14013 = CARTESIAN_POINT('',(1.465658662007,0.));
#14014 = VECTOR('',#14015,1.);
#14015 = DIRECTION('',(0.,-1.));
#14016 = ( GEOMETRIC_REPRESENTATION_CONTEXT(2) 
PARAMETRIC_REPRESENTATION_CONTEXT() REPRESENTATION_CONTEXT('2D SPACE',''
  ) );
#14017 = PCURVE('',#6527,#14018);
#14018 = DEFINITIONAL_REPRESENTATION('',(#14019),#14023);
#14019 = LINE('',#14020,#14021);
#14020 = CARTESIAN_POINT('',(-0.,0.));
#14021 = VECTOR('',#14022,1.);
#14022 = DIRECTION('',(-0.,-1.));
#14023 = ( GEOMETRIC_REPRESENTATION_CONTEXT(2) 
PARAMETRIC_REPRESENTATION_CONTEXT() REPRESENTATION_CONTEXT('2D SPACE',''
  ) );
#14024 = ADVANCED_FACE('',(#14025),#6527,.T.);
#14025 = FACE_BOUND('',#14026,.F.);
#14026 = EDGE_LOOP('',(#14027,#14028,#14029,#14030));
#14027 = ORIENTED_EDGE('',*,*,#6501,.T.);
#14028 = ORIENTED_EDGE('',*,*,#14004,.T.);
#14029 = ORIENTED_EDGE('',*,*,#7368,.T.);
#14030 = ORIENTED_EDGE('',*,*,#14031,.F.);
#14031 = EDGE_CURVE('',#6468,#7369,#14032,.T.);
#14032 = SURFACE_CURVE('',#14033,(#14037,#14044),.PCURVE_S1.);
#14033 = LINE('',#14034,#14035);
#14034 = CARTESIAN_POINT('',(18.971634404443,-16.45798090586,0.));
#14035 = VECTOR('',#14036,1.);
#14036 = DIRECTION('',(0.,0.,1.));
#14037 = PCURVE('',#6527,#14038);
#14038 = DEFINITIONAL_REPRESENTATION('',(#14039),#14043);
#14039 = LINE('',#14040,#14041);
#14040 = CARTESIAN_POINT('',(-0.399916820262,0.));
#14041 = VECTOR('',#14042,1.);
#14042 = DIRECTION('',(-0.,-1.));
#14043 = ( GEOMETRIC_REPRESENTATION_CONTEXT(2) 
PARAMETRIC_REPRESENTATION_CONTEXT() REPRESENTATION_CONTEXT('2D SPACE',''
  ) );
#14044 = PCURVE('',#6487,#14045);
#14045 = DEFINITIONAL_REPRESENTATION('',(#14046),#14050);
#14046 = LINE('',#14047,#14048);
#14047 = CARTESIAN_POINT('',(0.,0.));
#14048 = VECTOR('',#14049,1.);
#14049 = DIRECTION('',(0.,-1.));
#14050 = ( GEOMETRIC_REPRESENTATION_CONTEXT(2) 
PARAMETRIC_REPRESENTATION_CONTEXT() REPRESENTATION_CONTEXT('2D SPACE',''
  ) );
#14051 = ADVANCED_FACE('',(#14052),#6487,.F.);
#14052 = FACE_BOUND('',#14053,.F.);
#14053 = EDGE_LOOP('',(#14054,#14055,#14056,#14057));
#14054 = ORIENTED_EDGE('',*,*,#6467,.T.);
#14055 = ORIENTED_EDGE('',*,*,#14031,.T.);
#14056 = ORIENTED_EDGE('',*,*,#7406,.T.);
#14057 = ORIENTED_EDGE('',*,*,#7555,.F.);
#14058 = ADVANCED_FACE('',(#14059),#7844,.F.);
#14059 = FACE_BOUND('',#14060,.F.);
#14060 = EDGE_LOOP('',(#14061,#14062,#14063,#14064));
#14061 = ORIENTED_EDGE('',*,*,#7826,.F.);
#14062 = ORIENTED_EDGE('',*,*,#7907,.T.);
#14063 = ORIENTED_EDGE('',*,*,#8134,.F.);
#14064 = ORIENTED_EDGE('',*,*,#14065,.F.);
#14065 = EDGE_CURVE('',#7784,#7934,#14066,.T.);
#14066 = SURFACE_CURVE('',#14067,(#14071,#14078),.PCURVE_S1.);
#14067 = LINE('',#14068,#14069);
#14068 = CARTESIAN_POINT('',(24.658907798493,4.76721235726,0.));
#14069 = VECTOR('',#14070,1.);
#14070 = DIRECTION('',(0.,0.,1.));
#14071 = PCURVE('',#7844,#14072);
#14072 = DEFINITIONAL_REPRESENTATION('',(#14073),#14077);
#14073 = LINE('',#14074,#14075);
#14074 = CARTESIAN_POINT('',(0.783964642134,0.));
#14075 = VECTOR('',#14076,1.);
#14076 = DIRECTION('',(0.,-1.));
#14077 = ( GEOMETRIC_REPRESENTATION_CONTEXT(2) 
PARAMETRIC_REPRESENTATION_CONTEXT() REPRESENTATION_CONTEXT('2D SPACE',''
  ) );
#14078 = PCURVE('',#7809,#14079);
#14079 = DEFINITIONAL_REPRESENTATION('',(#14080),#14084);
#14080 = LINE('',#14081,#14082);
#14081 = CARTESIAN_POINT('',(-0.,0.));
#14082 = VECTOR('',#14083,1.);
#14083 = DIRECTION('',(-0.,-1.));
#14084 = ( GEOMETRIC_REPRESENTATION_CONTEXT(2) 
PARAMETRIC_REPRESENTATION_CONTEXT() REPRESENTATION_CONTEXT('2D SPACE',''
  ) );
#14085 = ADVANCED_FACE('',(#14086),#7809,.T.);
#14086 = FACE_BOUND('',#14087,.F.);
#14087 = EDGE_LOOP('',(#14088,#14089,#14090,#14091));
#14088 = ORIENTED_EDGE('',*,*,#7783,.F.);
#14089 = ORIENTED_EDGE('',*,*,#14065,.T.);
#14090 = ORIENTED_EDGE('',*,*,#7931,.F.);
#14091 = ORIENTED_EDGE('',*,*,#14092,.F.);
#14092 = EDGE_CURVE('',#7750,#7932,#14093,.T.);
#14093 = SURFACE_CURVE('',#14094,(#14098,#14105),.PCURVE_S1.);
#14094 = LINE('',#14095,#14096);
#14095 = CARTESIAN_POINT('',(26.751432255357,6.409343918505,0.));
#14096 = VECTOR('',#14097,1.);
#14097 = DIRECTION('',(0.,0.,1.));
#14098 = PCURVE('',#7809,#14099);
#14099 = DEFINITIONAL_REPRESENTATION('',(#14100),#14104);
#14100 = LINE('',#14101,#14102);
#14101 = CARTESIAN_POINT('',(-0.399916820262,0.));
#14102 = VECTOR('',#14103,1.);
#14103 = DIRECTION('',(-0.,-1.));
#14104 = ( GEOMETRIC_REPRESENTATION_CONTEXT(2) 
PARAMETRIC_REPRESENTATION_CONTEXT() REPRESENTATION_CONTEXT('2D SPACE',''
  ) );
#14105 = PCURVE('',#7769,#14106);
#14106 = DEFINITIONAL_REPRESENTATION('',(#14107),#14111);
#14107 = LINE('',#14108,#14109);
#14108 = CARTESIAN_POINT('',(0.,0.));
#14109 = VECTOR('',#14110,1.);
#14110 = DIRECTION('',(0.,-1.));
#14111 = ( GEOMETRIC_REPRESENTATION_CONTEXT(2) 
PARAMETRIC_REPRESENTATION_CONTEXT() REPRESENTATION_CONTEXT('2D SPACE',''
  ) );
#14112 = ADVANCED_FACE('',(#14113),#7769,.F.);
#14113 = FACE_BOUND('',#14114,.F.);
#14114 = EDGE_LOOP('',(#14115,#14116,#14117,#14118));
#14115 = ORIENTED_EDGE('',*,*,#7749,.T.);
#14116 = ORIENTED_EDGE('',*,*,#14092,.T.);
#14117 = ORIENTED_EDGE('',*,*,#7971,.T.);
#14118 = ORIENTED_EDGE('',*,*,#14119,.F.);
#14119 = EDGE_CURVE('',#7707,#7972,#14120,.T.);
#14120 = SURFACE_CURVE('',#14121,(#14125,#14132),.PCURVE_S1.);
#14121 = LINE('',#14122,#14123);
#14122 = CARTESIAN_POINT('',(26.37209188001,7.825061472662,0.));
#14123 = VECTOR('',#14124,1.);
#14124 = DIRECTION('',(0.,0.,1.));
#14125 = PCURVE('',#7769,#14126);
#14126 = DEFINITIONAL_REPRESENTATION('',(#14127),#14131);
#14127 = LINE('',#14128,#14129);
#14128 = CARTESIAN_POINT('',(1.465658662007,0.));
#14129 = VECTOR('',#14130,1.);
#14130 = DIRECTION('',(0.,-1.));
#14131 = ( GEOMETRIC_REPRESENTATION_CONTEXT(2) 
PARAMETRIC_REPRESENTATION_CONTEXT() REPRESENTATION_CONTEXT('2D SPACE',''
  ) );
#14132 = PCURVE('',#7732,#14133);
#14133 = DEFINITIONAL_REPRESENTATION('',(#14134),#14138);
#14134 = LINE('',#14135,#14136);
#14135 = CARTESIAN_POINT('',(-0.,0.));
#14136 = VECTOR('',#14137,1.);
#14137 = DIRECTION('',(-0.,-1.));
#14138 = ( GEOMETRIC_REPRESENTATION_CONTEXT(2) 
PARAMETRIC_REPRESENTATION_CONTEXT() REPRESENTATION_CONTEXT('2D SPACE',''
  ) );
#14139 = ADVANCED_FACE('',(#14140),#7732,.T.);
#14140 = FACE_BOUND('',#14141,.F.);
#14141 = EDGE_LOOP('',(#14142,#14143,#14144,#14145));
#14142 = ORIENTED_EDGE('',*,*,#7706,.T.);
#14143 = ORIENTED_EDGE('',*,*,#14119,.T.);
#14144 = ORIENTED_EDGE('',*,*,#8000,.T.);
#14145 = ORIENTED_EDGE('',*,*,#14146,.F.);
#14146 = EDGE_CURVE('',#7673,#8001,#14147,.T.);
#14147 = SURFACE_CURVE('',#14148,(#14152,#14159),.PCURVE_S1.);
#14148 = LINE('',#14149,#14150);
#14149 = CARTESIAN_POINT('',(23.738846761703,8.200926892624,0.));
#14150 = VECTOR('',#14151,1.);
#14151 = DIRECTION('',(0.,0.,1.));
#14152 = PCURVE('',#7732,#14153);
#14153 = DEFINITIONAL_REPRESENTATION('',(#14154),#14158);
#14154 = LINE('',#14155,#14156);
#14155 = CARTESIAN_POINT('',(-0.399916820262,0.));
#14156 = VECTOR('',#14157,1.);
#14157 = DIRECTION('',(-0.,-1.));
#14158 = ( GEOMETRIC_REPRESENTATION_CONTEXT(2) 
PARAMETRIC_REPRESENTATION_CONTEXT() REPRESENTATION_CONTEXT('2D SPACE',''
  ) );
#14159 = PCURVE('',#7692,#14160);
#14160 = DEFINITIONAL_REPRESENTATION('',(#14161),#14165);
#14161 = LINE('',#14162,#14163);
#14162 = CARTESIAN_POINT('',(0.,0.));
#14163 = VECTOR('',#14164,1.);
#14164 = DIRECTION('',(0.,-1.));
#14165 = ( GEOMETRIC_REPRESENTATION_CONTEXT(2) 
PARAMETRIC_REPRESENTATION_CONTEXT() REPRESENTATION_CONTEXT('2D SPACE',''
  ) );
#14166 = ADVANCED_FACE('',(#14167),#7692,.F.);
#14167 = FACE_BOUND('',#14168,.F.);
#14168 = EDGE_LOOP('',(#14169,#14170,#14171,#14172));
#14169 = ORIENTED_EDGE('',*,*,#7672,.T.);
#14170 = ORIENTED_EDGE('',*,*,#14146,.T.);
#14171 = ORIENTED_EDGE('',*,*,#8038,.T.);
#14172 = ORIENTED_EDGE('',*,*,#9406,.F.);
#14173 = ADVANCED_FACE('',(#14174),#8461,.F.);
#14174 = FACE_BOUND('',#14175,.F.);
#14175 = EDGE_LOOP('',(#14176,#14177,#14178,#14179));
#14176 = ORIENTED_EDGE('',*,*,#8443,.F.);
#14177 = ORIENTED_EDGE('',*,*,#9715,.T.);
#14178 = ORIENTED_EDGE('',*,*,#8758,.F.);
#14179 = ORIENTED_EDGE('',*,*,#14180,.F.);
#14180 = EDGE_CURVE('',#8401,#8536,#14181,.T.);
#14181 = SURFACE_CURVE('',#14182,(#14186,#14193),.PCURVE_S1.);
#14182 = LINE('',#14183,#14184);
#14183 = CARTESIAN_POINT('',(4.76721235726,-24.65890779849,0.));
#14184 = VECTOR('',#14185,1.);
#14185 = DIRECTION('',(0.,0.,1.));
#14186 = PCURVE('',#8461,#14187);
#14187 = DEFINITIONAL_REPRESENTATION('',(#14188),#14192);
#14188 = LINE('',#14189,#14190);
#14189 = CARTESIAN_POINT('',(0.783964642134,0.));
#14190 = VECTOR('',#14191,1.);
#14191 = DIRECTION('',(0.,-1.));
#14192 = ( GEOMETRIC_REPRESENTATION_CONTEXT(2) 
PARAMETRIC_REPRESENTATION_CONTEXT() REPRESENTATION_CONTEXT('2D SPACE',''
  ) );
#14193 = PCURVE('',#8426,#14194);
#14194 = DEFINITIONAL_REPRESENTATION('',(#14195),#14199);
#14195 = LINE('',#14196,#14197);
#14196 = CARTESIAN_POINT('',(-0.,0.));
#14197 = VECTOR('',#14198,1.);
#14198 = DIRECTION('',(-0.,-1.));
#14199 = ( GEOMETRIC_REPRESENTATION_CONTEXT(2) 
PARAMETRIC_REPRESENTATION_CONTEXT() REPRESENTATION_CONTEXT('2D SPACE',''
  ) );
#14200 = ADVANCED_FACE('',(#14201),#8426,.T.);
#14201 = FACE_BOUND('',#14202,.F.);
#14202 = EDGE_LOOP('',(#14203,#14204,#14205,#14206));
#14203 = ORIENTED_EDGE('',*,*,#8400,.F.);
#14204 = ORIENTED_EDGE('',*,*,#14180,.T.);
#14205 = ORIENTED_EDGE('',*,*,#8533,.F.);
#14206 = ORIENTED_EDGE('',*,*,#14207,.F.);
#14207 = EDGE_CURVE('',#8367,#8534,#14208,.T.);
#14208 = SURFACE_CURVE('',#14209,(#14213,#14220),.PCURVE_S1.);
#14209 = LINE('',#14210,#14211);
#14210 = CARTESIAN_POINT('',(6.409343918505,-26.75143225535,0.));
#14211 = VECTOR('',#14212,1.);
#14212 = DIRECTION('',(0.,0.,1.));
#14213 = PCURVE('',#8426,#14214);
#14214 = DEFINITIONAL_REPRESENTATION('',(#14215),#14219);
#14215 = LINE('',#14216,#14217);
#14216 = CARTESIAN_POINT('',(-0.399916820262,0.));
#14217 = VECTOR('',#14218,1.);
#14218 = DIRECTION('',(-0.,-1.));
#14219 = ( GEOMETRIC_REPRESENTATION_CONTEXT(2) 
PARAMETRIC_REPRESENTATION_CONTEXT() REPRESENTATION_CONTEXT('2D SPACE',''
  ) );
#14220 = PCURVE('',#8386,#14221);
#14221 = DEFINITIONAL_REPRESENTATION('',(#14222),#14226);
#14222 = LINE('',#14223,#14224);
#14223 = CARTESIAN_POINT('',(0.,0.));
#14224 = VECTOR('',#14225,1.);
#14225 = DIRECTION('',(0.,-1.));
#14226 = ( GEOMETRIC_REPRESENTATION_CONTEXT(2) 
PARAMETRIC_REPRESENTATION_CONTEXT() REPRESENTATION_CONTEXT('2D SPACE',''
  ) );
#14227 = ADVANCED_FACE('',(#14228),#8386,.F.);
#14228 = FACE_BOUND('',#14229,.F.);
#14229 = EDGE_LOOP('',(#14230,#14231,#14232,#14233));
#14230 = ORIENTED_EDGE('',*,*,#8366,.T.);
#14231 = ORIENTED_EDGE('',*,*,#14207,.T.);
#14232 = ORIENTED_EDGE('',*,*,#8573,.T.);
#14233 = ORIENTED_EDGE('',*,*,#14234,.F.);
#14234 = EDGE_CURVE('',#8324,#8574,#14235,.T.);
#14235 = SURFACE_CURVE('',#14236,(#14240,#14247),.PCURVE_S1.);
#14236 = LINE('',#14237,#14238);
#14237 = CARTESIAN_POINT('',(7.825061472662,-26.37209188001,0.));
#14238 = VECTOR('',#14239,1.);
#14239 = DIRECTION('',(0.,0.,1.));
#14240 = PCURVE('',#8386,#14241);
#14241 = DEFINITIONAL_REPRESENTATION('',(#14242),#14246);
#14242 = LINE('',#14243,#14244);
#14243 = CARTESIAN_POINT('',(1.465658662007,0.));
#14244 = VECTOR('',#14245,1.);
#14245 = DIRECTION('',(0.,-1.));
#14246 = ( GEOMETRIC_REPRESENTATION_CONTEXT(2) 
PARAMETRIC_REPRESENTATION_CONTEXT() REPRESENTATION_CONTEXT('2D SPACE',''
  ) );
#14247 = PCURVE('',#8349,#14248);
#14248 = DEFINITIONAL_REPRESENTATION('',(#14249),#14253);
#14249 = LINE('',#14250,#14251);
#14250 = CARTESIAN_POINT('',(-0.,0.));
#14251 = VECTOR('',#14252,1.);
#14252 = DIRECTION('',(-0.,-1.));
#14253 = ( GEOMETRIC_REPRESENTATION_CONTEXT(2) 
PARAMETRIC_REPRESENTATION_CONTEXT() REPRESENTATION_CONTEXT('2D SPACE',''
  ) );
#14254 = ADVANCED_FACE('',(#14255),#8349,.T.);
#14255 = FACE_BOUND('',#14256,.F.);
#14256 = EDGE_LOOP('',(#14257,#14258,#14259,#14260));
#14257 = ORIENTED_EDGE('',*,*,#8323,.T.);
#14258 = ORIENTED_EDGE('',*,*,#14234,.T.);
#14259 = ORIENTED_EDGE('',*,*,#8602,.T.);
#14260 = ORIENTED_EDGE('',*,*,#14261,.F.);
#14261 = EDGE_CURVE('',#8290,#8603,#14262,.T.);
#14262 = SURFACE_CURVE('',#14263,(#14267,#14274),.PCURVE_S1.);
#14263 = LINE('',#14264,#14265);
#14264 = CARTESIAN_POINT('',(8.200926892624,-23.7388467617,0.));
#14265 = VECTOR('',#14266,1.);
#14266 = DIRECTION('',(0.,0.,1.));
#14267 = PCURVE('',#8349,#14268);
#14268 = DEFINITIONAL_REPRESENTATION('',(#14269),#14273);
#14269 = LINE('',#14270,#14271);
#14270 = CARTESIAN_POINT('',(-0.399916820262,0.));
#14271 = VECTOR('',#14272,1.);
#14272 = DIRECTION('',(-0.,-1.));
#14273 = ( GEOMETRIC_REPRESENTATION_CONTEXT(2) 
PARAMETRIC_REPRESENTATION_CONTEXT() REPRESENTATION_CONTEXT('2D SPACE',''
  ) );
#14274 = PCURVE('',#8309,#14275);
#14275 = DEFINITIONAL_REPRESENTATION('',(#14276),#14280);
#14276 = LINE('',#14277,#14278);
#14277 = CARTESIAN_POINT('',(0.,0.));
#14278 = VECTOR('',#14279,1.);
#14279 = DIRECTION('',(0.,-1.));
#14280 = ( GEOMETRIC_REPRESENTATION_CONTEXT(2) 
PARAMETRIC_REPRESENTATION_CONTEXT() REPRESENTATION_CONTEXT('2D SPACE',''
  ) );
#14281 = ADVANCED_FACE('',(#14282),#8309,.F.);
#14282 = FACE_BOUND('',#14283,.F.);
#14283 = EDGE_LOOP('',(#14284,#14285,#14286,#14287));
#14284 = ORIENTED_EDGE('',*,*,#8289,.T.);
#14285 = ORIENTED_EDGE('',*,*,#14261,.T.);
#14286 = ORIENTED_EDGE('',*,*,#8640,.T.);
#14287 = ORIENTED_EDGE('',*,*,#8789,.F.);
#14288 = ADVANCED_FACE('',(#14289),#9078,.F.);
#14289 = FACE_BOUND('',#14290,.F.);
#14290 = EDGE_LOOP('',(#14291,#14292,#14293,#14294));
#14291 = ORIENTED_EDGE('',*,*,#9060,.F.);
#14292 = ORIENTED_EDGE('',*,*,#9141,.T.);
#14293 = ORIENTED_EDGE('',*,*,#9368,.F.);
#14294 = ORIENTED_EDGE('',*,*,#14295,.F.);
#14295 = EDGE_CURVE('',#9018,#9168,#14296,.T.);
#14296 = SURFACE_CURVE('',#14297,(#14301,#14308),.PCURVE_S1.);
#14297 = LINE('',#14298,#14299);
#14298 = CARTESIAN_POINT('',(18.971634404443,16.457980905869,0.));
#14299 = VECTOR('',#14300,1.);
#14300 = DIRECTION('',(0.,0.,1.));
#14301 = PCURVE('',#9078,#14302);
#14302 = DEFINITIONAL_REPRESENTATION('',(#14303),#14307);
#14303 = LINE('',#14304,#14305);
#14304 = CARTESIAN_POINT('',(0.783964642134,0.));
#14305 = VECTOR('',#14306,1.);
#14306 = DIRECTION('',(0.,-1.));
#14307 = ( GEOMETRIC_REPRESENTATION_CONTEXT(2) 
PARAMETRIC_REPRESENTATION_CONTEXT() REPRESENTATION_CONTEXT('2D SPACE',''
  ) );
#14308 = PCURVE('',#9043,#14309);
#14309 = DEFINITIONAL_REPRESENTATION('',(#14310),#14314);
#14310 = LINE('',#14311,#14312);
#14311 = CARTESIAN_POINT('',(-0.,0.));
#14312 = VECTOR('',#14313,1.);
#14313 = DIRECTION('',(-0.,-1.));
#14314 = ( GEOMETRIC_REPRESENTATION_CONTEXT(2) 
PARAMETRIC_REPRESENTATION_CONTEXT() REPRESENTATION_CONTEXT('2D SPACE',''
  ) );
#14315 = ADVANCED_FACE('',(#14316),#9043,.T.);
#14316 = FACE_BOUND('',#14317,.F.);
#14317 = EDGE_LOOP('',(#14318,#14319,#14320,#14321));
#14318 = ORIENTED_EDGE('',*,*,#9017,.F.);
#14319 = ORIENTED_EDGE('',*,*,#14295,.T.);
#14320 = ORIENTED_EDGE('',*,*,#9165,.F.);
#14321 = ORIENTED_EDGE('',*,*,#14322,.F.);
#14322 = EDGE_CURVE('',#8984,#9166,#14323,.T.);
#14323 = SURFACE_CURVE('',#14324,(#14328,#14335),.PCURVE_S1.);
#14324 = LINE('',#14325,#14326);
#14325 = CARTESIAN_POINT('',(19.962747961505,18.926370782695,0.));
#14326 = VECTOR('',#14327,1.);
#14327 = DIRECTION('',(0.,0.,1.));
#14328 = PCURVE('',#9043,#14329);
#14329 = DEFINITIONAL_REPRESENTATION('',(#14330),#14334);
#14330 = LINE('',#14331,#14332);
#14331 = CARTESIAN_POINT('',(-0.399916820262,0.));
#14332 = VECTOR('',#14333,1.);
#14333 = DIRECTION('',(-0.,-1.));
#14334 = ( GEOMETRIC_REPRESENTATION_CONTEXT(2) 
PARAMETRIC_REPRESENTATION_CONTEXT() REPRESENTATION_CONTEXT('2D SPACE',''
  ) );
#14335 = PCURVE('',#9003,#14336);
#14336 = DEFINITIONAL_REPRESENTATION('',(#14337),#14341);
#14337 = LINE('',#14338,#14339);
#14338 = CARTESIAN_POINT('',(0.,0.));
#14339 = VECTOR('',#14340,1.);
#14340 = DIRECTION('',(0.,-1.));
#14341 = ( GEOMETRIC_REPRESENTATION_CONTEXT(2) 
PARAMETRIC_REPRESENTATION_CONTEXT() REPRESENTATION_CONTEXT('2D SPACE',''
  ) );
#14342 = ADVANCED_FACE('',(#14343),#9003,.F.);
#14343 = FACE_BOUND('',#14344,.F.);
#14344 = EDGE_LOOP('',(#14345,#14346,#14347,#14368));
#14345 = ORIENTED_EDGE('',*,*,#14322,.T.);
#14346 = ORIENTED_EDGE('',*,*,#9205,.T.);
#14347 = ORIENTED_EDGE('',*,*,#14348,.F.);
#14348 = EDGE_CURVE('',#8941,#9206,#14349,.T.);
#14349 = SURFACE_CURVE('',#14350,(#14354,#14361),.PCURVE_S1.);
#14350 = LINE('',#14351,#14352);
#14351 = CARTESIAN_POINT('',(18.926370782695,19.962747961505,0.));
#14352 = VECTOR('',#14353,1.);
#14353 = DIRECTION('',(0.,0.,1.));
#14354 = PCURVE('',#9003,#14355);
#14355 = DEFINITIONAL_REPRESENTATION('',(#14356),#14360);
#14356 = LINE('',#14357,#14358);
#14357 = CARTESIAN_POINT('',(1.465658662007,0.));
#14358 = VECTOR('',#14359,1.);
#14359 = DIRECTION('',(0.,-1.));
#14360 = ( GEOMETRIC_REPRESENTATION_CONTEXT(2) 
PARAMETRIC_REPRESENTATION_CONTEXT() REPRESENTATION_CONTEXT('2D SPACE',''
  ) );
#14361 = PCURVE('',#8966,#14362);
#14362 = DEFINITIONAL_REPRESENTATION('',(#14363),#14367);
#14363 = LINE('',#14364,#14365);
#14364 = CARTESIAN_POINT('',(-0.,0.));
#14365 = VECTOR('',#14366,1.);
#14366 = DIRECTION('',(-0.,-1.));
#14367 = ( GEOMETRIC_REPRESENTATION_CONTEXT(2) 
PARAMETRIC_REPRESENTATION_CONTEXT() REPRESENTATION_CONTEXT('2D SPACE',''
  ) );
#14368 = ORIENTED_EDGE('',*,*,#8983,.T.);
#14369 = ADVANCED_FACE('',(#14370),#8966,.T.);
#14370 = FACE_BOUND('',#14371,.F.);
#14371 = EDGE_LOOP('',(#14372,#14373,#14374,#14395));
#14372 = ORIENTED_EDGE('',*,*,#14348,.T.);
#14373 = ORIENTED_EDGE('',*,*,#9234,.T.);
#14374 = ORIENTED_EDGE('',*,*,#14375,.F.);
#14375 = EDGE_CURVE('',#8907,#9235,#14376,.T.);
#14376 = SURFACE_CURVE('',#14377,(#14381,#14388),.PCURVE_S1.);
#14377 = LINE('',#14378,#14379);
#14378 = CARTESIAN_POINT('',(16.457980905869,18.971634404443,0.));
#14379 = VECTOR('',#14380,1.);
#14380 = DIRECTION('',(0.,0.,1.));
#14381 = PCURVE('',#8966,#14382);
#14382 = DEFINITIONAL_REPRESENTATION('',(#14383),#14387);
#14383 = LINE('',#14384,#14385);
#14384 = CARTESIAN_POINT('',(-0.399916820262,0.));
#14385 = VECTOR('',#14386,1.);
#14386 = DIRECTION('',(-0.,-1.));
#14387 = ( GEOMETRIC_REPRESENTATION_CONTEXT(2) 
PARAMETRIC_REPRESENTATION_CONTEXT() REPRESENTATION_CONTEXT('2D SPACE',''
  ) );
#14388 = PCURVE('',#8926,#14389);
#14389 = DEFINITIONAL_REPRESENTATION('',(#14390),#14394);
#14390 = LINE('',#14391,#14392);
#14391 = CARTESIAN_POINT('',(0.,0.));
#14392 = VECTOR('',#14393,1.);
#14393 = DIRECTION('',(0.,-1.));
#14394 = ( GEOMETRIC_REPRESENTATION_CONTEXT(2) 
PARAMETRIC_REPRESENTATION_CONTEXT() REPRESENTATION_CONTEXT('2D SPACE',''
  ) );
#14395 = ORIENTED_EDGE('',*,*,#8940,.T.);
#14396 = ADVANCED_FACE('',(#14397),#8926,.F.);
#14397 = FACE_BOUND('',#14398,.F.);
#14398 = EDGE_LOOP('',(#14399,#14400,#14401,#14402));
#14399 = ORIENTED_EDGE('',*,*,#8906,.T.);
#14400 = ORIENTED_EDGE('',*,*,#14375,.T.);
#14401 = ORIENTED_EDGE('',*,*,#9272,.T.);
#14402 = ORIENTED_EDGE('',*,*,#10640,.F.);
#14403 = ADVANCED_FACE('',(#14404),#9695,.F.);
#14404 = FACE_BOUND('',#14405,.F.);
#14405 = EDGE_LOOP('',(#14406,#14407,#14408,#14409));
#14406 = ORIENTED_EDGE('',*,*,#9677,.F.);
#14407 = ORIENTED_EDGE('',*,*,#10949,.T.);
#14408 = ORIENTED_EDGE('',*,*,#9992,.F.);
#14409 = ORIENTED_EDGE('',*,*,#14410,.F.);
#14410 = EDGE_CURVE('',#9635,#9770,#14411,.T.);
#14411 = SURFACE_CURVE('',#14412,(#14416,#14423),.PCURVE_S1.);
#14412 = LINE('',#14413,#14414);
#14413 = CARTESIAN_POINT('',(-8.200926892624,-23.7388467617,0.));
#14414 = VECTOR('',#14415,1.);
#14415 = DIRECTION('',(0.,0.,1.));
#14416 = PCURVE('',#9695,#14417);
#14417 = DEFINITIONAL_REPRESENTATION('',(#14418),#14422);
#14418 = LINE('',#14419,#14420);
#14419 = CARTESIAN_POINT('',(0.783964642134,0.));
#14420 = VECTOR('',#14421,1.);
#14421 = DIRECTION('',(0.,-1.));
#14422 = ( GEOMETRIC_REPRESENTATION_CONTEXT(2) 
PARAMETRIC_REPRESENTATION_CONTEXT() REPRESENTATION_CONTEXT('2D SPACE',''
  ) );
#14423 = PCURVE('',#9660,#14424);
#14424 = DEFINITIONAL_REPRESENTATION('',(#14425),#14429);
#14425 = LINE('',#14426,#14427);
#14426 = CARTESIAN_POINT('',(-0.,0.));
#14427 = VECTOR('',#14428,1.);
#14428 = DIRECTION('',(-0.,-1.));
#14429 = ( GEOMETRIC_REPRESENTATION_CONTEXT(2) 
PARAMETRIC_REPRESENTATION_CONTEXT() REPRESENTATION_CONTEXT('2D SPACE',''
  ) );
#14430 = ADVANCED_FACE('',(#14431),#9660,.T.);
#14431 = FACE_BOUND('',#14432,.F.);
#14432 = EDGE_LOOP('',(#14433,#14434,#14435,#14436));
#14433 = ORIENTED_EDGE('',*,*,#9634,.F.);
#14434 = ORIENTED_EDGE('',*,*,#14410,.T.);
#14435 = ORIENTED_EDGE('',*,*,#9767,.F.);
#14436 = ORIENTED_EDGE('',*,*,#14437,.F.);
#14437 = EDGE_CURVE('',#9601,#9768,#14438,.T.);
#14438 = SURFACE_CURVE('',#14439,(#14443,#14450),.PCURVE_S1.);
#14439 = LINE('',#14440,#14441);
#14440 = CARTESIAN_POINT('',(-7.825061472662,-26.37209188001,0.));
#14441 = VECTOR('',#14442,1.);
#14442 = DIRECTION('',(0.,0.,1.));
#14443 = PCURVE('',#9660,#14444);
#14444 = DEFINITIONAL_REPRESENTATION('',(#14445),#14449);
#14445 = LINE('',#14446,#14447);
#14446 = CARTESIAN_POINT('',(-0.399916820262,0.));
#14447 = VECTOR('',#14448,1.);
#14448 = DIRECTION('',(-0.,-1.));
#14449 = ( GEOMETRIC_REPRESENTATION_CONTEXT(2) 
PARAMETRIC_REPRESENTATION_CONTEXT() REPRESENTATION_CONTEXT('2D SPACE',''
  ) );
#14450 = PCURVE('',#9620,#14451);
#14451 = DEFINITIONAL_REPRESENTATION('',(#14452),#14456);
#14452 = LINE('',#14453,#14454);
#14453 = CARTESIAN_POINT('',(0.,0.));
#14454 = VECTOR('',#14455,1.);
#14455 = DIRECTION('',(0.,-1.));
#14456 = ( GEOMETRIC_REPRESENTATION_CONTEXT(2) 
PARAMETRIC_REPRESENTATION_CONTEXT() REPRESENTATION_CONTEXT('2D SPACE',''
  ) );
#14457 = ADVANCED_FACE('',(#14458),#9620,.F.);
#14458 = FACE_BOUND('',#14459,.F.);
#14459 = EDGE_LOOP('',(#14460,#14461,#14462,#14463));
#14460 = ORIENTED_EDGE('',*,*,#9600,.T.);
#14461 = ORIENTED_EDGE('',*,*,#14437,.T.);
#14462 = ORIENTED_EDGE('',*,*,#9807,.T.);
#14463 = ORIENTED_EDGE('',*,*,#14464,.F.);
#14464 = EDGE_CURVE('',#9558,#9808,#14465,.T.);
#14465 = SURFACE_CURVE('',#14466,(#14470,#14477),.PCURVE_S1.);
#14466 = LINE('',#14467,#14468);
#14467 = CARTESIAN_POINT('',(-6.409343918505,-26.75143225535,0.));
#14468 = VECTOR('',#14469,1.);
#14469 = DIRECTION('',(0.,0.,1.));
#14470 = PCURVE('',#9620,#14471);
#14471 = DEFINITIONAL_REPRESENTATION('',(#14472),#14476);
#14472 = LINE('',#14473,#14474);
#14473 = CARTESIAN_POINT('',(1.465658662007,0.));
#14474 = VECTOR('',#14475,1.);
#14475 = DIRECTION('',(0.,-1.));
#14476 = ( GEOMETRIC_REPRESENTATION_CONTEXT(2) 
PARAMETRIC_REPRESENTATION_CONTEXT() REPRESENTATION_CONTEXT('2D SPACE',''
  ) );
#14477 = PCURVE('',#9583,#14478);
#14478 = DEFINITIONAL_REPRESENTATION('',(#14479),#14483);
#14479 = LINE('',#14480,#14481);
#14480 = CARTESIAN_POINT('',(-0.,0.));
#14481 = VECTOR('',#14482,1.);
#14482 = DIRECTION('',(-0.,-1.));
#14483 = ( GEOMETRIC_REPRESENTATION_CONTEXT(2) 
PARAMETRIC_REPRESENTATION_CONTEXT() REPRESENTATION_CONTEXT('2D SPACE',''
  ) );
#14484 = ADVANCED_FACE('',(#14485),#9583,.T.);
#14485 = FACE_BOUND('',#14486,.F.);
#14486 = EDGE_LOOP('',(#14487,#14488,#14489,#14490));
#14487 = ORIENTED_EDGE('',*,*,#9557,.T.);
#14488 = ORIENTED_EDGE('',*,*,#14464,.T.);
#14489 = ORIENTED_EDGE('',*,*,#9836,.T.);
#14490 = ORIENTED_EDGE('',*,*,#14491,.F.);
#14491 = EDGE_CURVE('',#9524,#9837,#14492,.T.);
#14492 = SURFACE_CURVE('',#14493,(#14497,#14504),.PCURVE_S1.);
#14493 = LINE('',#14494,#14495);
#14494 = CARTESIAN_POINT('',(-4.76721235726,-24.65890779849,0.));
#14495 = VECTOR('',#14496,1.);
#14496 = DIRECTION('',(0.,0.,1.));
#14497 = PCURVE('',#9583,#14498);
#14498 = DEFINITIONAL_REPRESENTATION('',(#14499),#14503);
#14499 = LINE('',#14500,#14501);
#14500 = CARTESIAN_POINT('',(-0.399916820262,0.));
#14501 = VECTOR('',#14502,1.);
#14502 = DIRECTION('',(-0.,-1.));
#14503 = ( GEOMETRIC_REPRESENTATION_CONTEXT(2) 
PARAMETRIC_REPRESENTATION_CONTEXT() REPRESENTATION_CONTEXT('2D SPACE',''
  ) );
#14504 = PCURVE('',#9543,#14505);
#14505 = DEFINITIONAL_REPRESENTATION('',(#14506),#14510);
#14506 = LINE('',#14507,#14508);
#14507 = CARTESIAN_POINT('',(0.,0.));
#14508 = VECTOR('',#14509,1.);
#14509 = DIRECTION('',(0.,-1.));
#14510 = ( GEOMETRIC_REPRESENTATION_CONTEXT(2) 
PARAMETRIC_REPRESENTATION_CONTEXT() REPRESENTATION_CONTEXT('2D SPACE',''
  ) );
#14511 = ADVANCED_FACE('',(#14512),#9543,.F.);
#14512 = FACE_BOUND('',#14513,.F.);
#14513 = EDGE_LOOP('',(#14514,#14515,#14516,#14517));
#14514 = ORIENTED_EDGE('',*,*,#9523,.T.);
#14515 = ORIENTED_EDGE('',*,*,#14491,.T.);
#14516 = ORIENTED_EDGE('',*,*,#9874,.T.);
#14517 = ORIENTED_EDGE('',*,*,#10023,.F.);
#14518 = ADVANCED_FACE('',(#14519),#10312,.F.);
#14519 = FACE_BOUND('',#14520,.F.);
#14520 = EDGE_LOOP('',(#14521,#14522,#14523,#14524));
#14521 = ORIENTED_EDGE('',*,*,#10294,.F.);
#14522 = ORIENTED_EDGE('',*,*,#10375,.T.);
#14523 = ORIENTED_EDGE('',*,*,#10602,.F.);
#14524 = ORIENTED_EDGE('',*,*,#14525,.F.);
#14525 = EDGE_CURVE('',#10252,#10402,#14526,.T.);
#14526 = SURFACE_CURVE('',#14527,(#14531,#14538),.PCURVE_S1.);
#14527 = LINE('',#14528,#14529);
#14528 = CARTESIAN_POINT('',(8.200926892624,23.738846761703,0.));
#14529 = VECTOR('',#14530,1.);
#14530 = DIRECTION('',(0.,0.,1.));
#14531 = PCURVE('',#10312,#14532);
#14532 = DEFINITIONAL_REPRESENTATION('',(#14533),#14537);
#14533 = LINE('',#14534,#14535);
#14534 = CARTESIAN_POINT('',(0.783964642134,0.));
#14535 = VECTOR('',#14536,1.);
#14536 = DIRECTION('',(0.,-1.));
#14537 = ( GEOMETRIC_REPRESENTATION_CONTEXT(2) 
PARAMETRIC_REPRESENTATION_CONTEXT() REPRESENTATION_CONTEXT('2D SPACE',''
  ) );
#14538 = PCURVE('',#10277,#14539);
#14539 = DEFINITIONAL_REPRESENTATION('',(#14540),#14544);
#14540 = LINE('',#14541,#14542);
#14541 = CARTESIAN_POINT('',(-0.,0.));
#14542 = VECTOR('',#14543,1.);
#14543 = DIRECTION('',(-0.,-1.));
#14544 = ( GEOMETRIC_REPRESENTATION_CONTEXT(2) 
PARAMETRIC_REPRESENTATION_CONTEXT() REPRESENTATION_CONTEXT('2D SPACE',''
  ) );
#14545 = ADVANCED_FACE('',(#14546),#10277,.T.);
#14546 = FACE_BOUND('',#14547,.F.);
#14547 = EDGE_LOOP('',(#14548,#14549,#14550,#14551));
#14548 = ORIENTED_EDGE('',*,*,#10251,.F.);
#14549 = ORIENTED_EDGE('',*,*,#14525,.T.);
#14550 = ORIENTED_EDGE('',*,*,#10399,.F.);
#14551 = ORIENTED_EDGE('',*,*,#14552,.F.);
#14552 = EDGE_CURVE('',#10218,#10400,#14553,.T.);
#14553 = SURFACE_CURVE('',#14554,(#14558,#14565),.PCURVE_S1.);
#14554 = LINE('',#14555,#14556);
#14555 = CARTESIAN_POINT('',(7.825061472662,26.37209188001,0.));
#14556 = VECTOR('',#14557,1.);
#14557 = DIRECTION('',(0.,0.,1.));
#14558 = PCURVE('',#10277,#14559);
#14559 = DEFINITIONAL_REPRESENTATION('',(#14560),#14564);
#14560 = LINE('',#14561,#14562);
#14561 = CARTESIAN_POINT('',(-0.399916820262,0.));
#14562 = VECTOR('',#14563,1.);
#14563 = DIRECTION('',(-0.,-1.));
#14564 = ( GEOMETRIC_REPRESENTATION_CONTEXT(2) 
PARAMETRIC_REPRESENTATION_CONTEXT() REPRESENTATION_CONTEXT('2D SPACE',''
  ) );
#14565 = PCURVE('',#10237,#14566);
#14566 = DEFINITIONAL_REPRESENTATION('',(#14567),#14571);
#14567 = LINE('',#14568,#14569);
#14568 = CARTESIAN_POINT('',(-8.57914473941E-16,0.));
#14569 = VECTOR('',#14570,1.);
#14570 = DIRECTION('',(0.,-1.));
#14571 = ( GEOMETRIC_REPRESENTATION_CONTEXT(2) 
PARAMETRIC_REPRESENTATION_CONTEXT() REPRESENTATION_CONTEXT('2D SPACE',''
  ) );
#14572 = ADVANCED_FACE('',(#14573),#10237,.F.);
#14573 = FACE_BOUND('',#14574,.F.);
#14574 = EDGE_LOOP('',(#14575,#14576,#14577,#14598));
#14575 = ORIENTED_EDGE('',*,*,#14552,.T.);
#14576 = ORIENTED_EDGE('',*,*,#10439,.T.);
#14577 = ORIENTED_EDGE('',*,*,#14578,.F.);
#14578 = EDGE_CURVE('',#10175,#10440,#14579,.T.);
#14579 = SURFACE_CURVE('',#14580,(#14584,#14591),.PCURVE_S1.);
#14580 = LINE('',#14581,#14582);
#14581 = CARTESIAN_POINT('',(6.409343918505,26.751432255357,0.));
#14582 = VECTOR('',#14583,1.);
#14583 = DIRECTION('',(0.,0.,1.));
#14584 = PCURVE('',#10237,#14585);
#14585 = DEFINITIONAL_REPRESENTATION('',(#14586),#14590);
#14586 = LINE('',#14587,#14588);
#14587 = CARTESIAN_POINT('',(1.465658662007,0.));
#14588 = VECTOR('',#14589,1.);
#14589 = DIRECTION('',(0.,-1.));
#14590 = ( GEOMETRIC_REPRESENTATION_CONTEXT(2) 
PARAMETRIC_REPRESENTATION_CONTEXT() REPRESENTATION_CONTEXT('2D SPACE',''
  ) );
#14591 = PCURVE('',#10200,#14592);
#14592 = DEFINITIONAL_REPRESENTATION('',(#14593),#14597);
#14593 = LINE('',#14594,#14595);
#14594 = CARTESIAN_POINT('',(-0.,0.));
#14595 = VECTOR('',#14596,1.);
#14596 = DIRECTION('',(-0.,-1.));
#14597 = ( GEOMETRIC_REPRESENTATION_CONTEXT(2) 
PARAMETRIC_REPRESENTATION_CONTEXT() REPRESENTATION_CONTEXT('2D SPACE',''
  ) );
#14598 = ORIENTED_EDGE('',*,*,#10217,.T.);
#14599 = ADVANCED_FACE('',(#14600),#10200,.T.);
#14600 = FACE_BOUND('',#14601,.F.);
#14601 = EDGE_LOOP('',(#14602,#14603,#14604,#14625));
#14602 = ORIENTED_EDGE('',*,*,#14578,.T.);
#14603 = ORIENTED_EDGE('',*,*,#10468,.T.);
#14604 = ORIENTED_EDGE('',*,*,#14605,.F.);
#14605 = EDGE_CURVE('',#10141,#10469,#14606,.T.);
#14606 = SURFACE_CURVE('',#14607,(#14611,#14618),.PCURVE_S1.);
#14607 = LINE('',#14608,#14609);
#14608 = CARTESIAN_POINT('',(4.76721235726,24.658907798493,0.));
#14609 = VECTOR('',#14610,1.);
#14610 = DIRECTION('',(0.,0.,1.));
#14611 = PCURVE('',#10200,#14612);
#14612 = DEFINITIONAL_REPRESENTATION('',(#14613),#14617);
#14613 = LINE('',#14614,#14615);
#14614 = CARTESIAN_POINT('',(-0.399916820262,0.));
#14615 = VECTOR('',#14616,1.);
#14616 = DIRECTION('',(-0.,-1.));
#14617 = ( GEOMETRIC_REPRESENTATION_CONTEXT(2) 
PARAMETRIC_REPRESENTATION_CONTEXT() REPRESENTATION_CONTEXT('2D SPACE',''
  ) );
#14618 = PCURVE('',#10160,#14619);
#14619 = DEFINITIONAL_REPRESENTATION('',(#14620),#14624);
#14620 = LINE('',#14621,#14622);
#14621 = CARTESIAN_POINT('',(0.,0.));
#14622 = VECTOR('',#14623,1.);
#14623 = DIRECTION('',(0.,-1.));
#14624 = ( GEOMETRIC_REPRESENTATION_CONTEXT(2) 
PARAMETRIC_REPRESENTATION_CONTEXT() REPRESENTATION_CONTEXT('2D SPACE',''
  ) );
#14625 = ORIENTED_EDGE('',*,*,#10174,.T.);
#14626 = ADVANCED_FACE('',(#14627),#10160,.F.);
#14627 = FACE_BOUND('',#14628,.F.);
#14628 = EDGE_LOOP('',(#14629,#14630,#14631,#14632));
#14629 = ORIENTED_EDGE('',*,*,#10140,.T.);
#14630 = ORIENTED_EDGE('',*,*,#14605,.T.);
#14631 = ORIENTED_EDGE('',*,*,#10506,.T.);
#14632 = ORIENTED_EDGE('',*,*,#11874,.F.);
#14633 = ADVANCED_FACE('',(#14634),#10929,.F.);
#14634 = FACE_BOUND('',#14635,.F.);
#14635 = EDGE_LOOP('',(#14636,#14637,#14638,#14639));
#14636 = ORIENTED_EDGE('',*,*,#10911,.F.);
#14637 = ORIENTED_EDGE('',*,*,#12183,.T.);
#14638 = ORIENTED_EDGE('',*,*,#11226,.F.);
#14639 = ORIENTED_EDGE('',*,*,#14640,.F.);
#14640 = EDGE_CURVE('',#10869,#11004,#14641,.T.);
#14641 = SURFACE_CURVE('',#14642,(#14646,#14653),.PCURVE_S1.);
#14642 = LINE('',#14643,#14644);
#14643 = CARTESIAN_POINT('',(-18.97163440444,-16.45798090586,0.));
#14644 = VECTOR('',#14645,1.);
#14645 = DIRECTION('',(0.,0.,1.));
#14646 = PCURVE('',#10929,#14647);
#14647 = DEFINITIONAL_REPRESENTATION('',(#14648),#14652);
#14648 = LINE('',#14649,#14650);
#14649 = CARTESIAN_POINT('',(0.783964642134,0.));
#14650 = VECTOR('',#14651,1.);
#14651 = DIRECTION('',(0.,-1.));
#14652 = ( GEOMETRIC_REPRESENTATION_CONTEXT(2) 
PARAMETRIC_REPRESENTATION_CONTEXT() REPRESENTATION_CONTEXT('2D SPACE',''
  ) );
#14653 = PCURVE('',#10894,#14654);
#14654 = DEFINITIONAL_REPRESENTATION('',(#14655),#14659);
#14655 = LINE('',#14656,#14657);
#14656 = CARTESIAN_POINT('',(-0.,0.));
#14657 = VECTOR('',#14658,1.);
#14658 = DIRECTION('',(-0.,-1.));
#14659 = ( GEOMETRIC_REPRESENTATION_CONTEXT(2) 
PARAMETRIC_REPRESENTATION_CONTEXT() REPRESENTATION_CONTEXT('2D SPACE',''
  ) );
#14660 = ADVANCED_FACE('',(#14661),#10894,.T.);
#14661 = FACE_BOUND('',#14662,.F.);
#14662 = EDGE_LOOP('',(#14663,#14664,#14665,#14666));
#14663 = ORIENTED_EDGE('',*,*,#10868,.F.);
#14664 = ORIENTED_EDGE('',*,*,#14640,.T.);
#14665 = ORIENTED_EDGE('',*,*,#11001,.F.);
#14666 = ORIENTED_EDGE('',*,*,#14667,.F.);
#14667 = EDGE_CURVE('',#10835,#11002,#14668,.T.);
#14668 = SURFACE_CURVE('',#14669,(#14673,#14680),.PCURVE_S1.);
#14669 = LINE('',#14670,#14671);
#14670 = CARTESIAN_POINT('',(-19.9627479615,-18.92637078269,0.));
#14671 = VECTOR('',#14672,1.);
#14672 = DIRECTION('',(0.,0.,1.));
#14673 = PCURVE('',#10894,#14674);
#14674 = DEFINITIONAL_REPRESENTATION('',(#14675),#14679);
#14675 = LINE('',#14676,#14677);
#14676 = CARTESIAN_POINT('',(-0.399916820262,0.));
#14677 = VECTOR('',#14678,1.);
#14678 = DIRECTION('',(-0.,-1.));
#14679 = ( GEOMETRIC_REPRESENTATION_CONTEXT(2) 
PARAMETRIC_REPRESENTATION_CONTEXT() REPRESENTATION_CONTEXT('2D SPACE',''
  ) );
#14680 = PCURVE('',#10854,#14681);
#14681 = DEFINITIONAL_REPRESENTATION('',(#14682),#14686);
#14682 = LINE('',#14683,#14684);
#14683 = CARTESIAN_POINT('',(0.,0.));
#14684 = VECTOR('',#14685,1.);
#14685 = DIRECTION('',(0.,-1.));
#14686 = ( GEOMETRIC_REPRESENTATION_CONTEXT(2) 
PARAMETRIC_REPRESENTATION_CONTEXT() REPRESENTATION_CONTEXT('2D SPACE',''
  ) );
#14687 = ADVANCED_FACE('',(#14688),#10854,.F.);
#14688 = FACE_BOUND('',#14689,.F.);
#14689 = EDGE_LOOP('',(#14690,#14691,#14692,#14713));
#14690 = ORIENTED_EDGE('',*,*,#14667,.T.);
#14691 = ORIENTED_EDGE('',*,*,#11041,.T.);
#14692 = ORIENTED_EDGE('',*,*,#14693,.F.);
#14693 = EDGE_CURVE('',#10792,#11042,#14694,.T.);
#14694 = SURFACE_CURVE('',#14695,(#14699,#14706),.PCURVE_S1.);
#14695 = LINE('',#14696,#14697);
#14696 = CARTESIAN_POINT('',(-18.92637078269,-19.9627479615,0.));
#14697 = VECTOR('',#14698,1.);
#14698 = DIRECTION('',(0.,0.,1.));
#14699 = PCURVE('',#10854,#14700);
#14700 = DEFINITIONAL_REPRESENTATION('',(#14701),#14705);
#14701 = LINE('',#14702,#14703);
#14702 = CARTESIAN_POINT('',(1.465658662007,0.));
#14703 = VECTOR('',#14704,1.);
#14704 = DIRECTION('',(0.,-1.));
#14705 = ( GEOMETRIC_REPRESENTATION_CONTEXT(2) 
PARAMETRIC_REPRESENTATION_CONTEXT() REPRESENTATION_CONTEXT('2D SPACE',''
  ) );
#14706 = PCURVE('',#10817,#14707);
#14707 = DEFINITIONAL_REPRESENTATION('',(#14708),#14712);
#14708 = LINE('',#14709,#14710);
#14709 = CARTESIAN_POINT('',(-0.,0.));
#14710 = VECTOR('',#14711,1.);
#14711 = DIRECTION('',(-0.,-1.));
#14712 = ( GEOMETRIC_REPRESENTATION_CONTEXT(2) 
PARAMETRIC_REPRESENTATION_CONTEXT() REPRESENTATION_CONTEXT('2D SPACE',''
  ) );
#14713 = ORIENTED_EDGE('',*,*,#10834,.T.);
#14714 = ADVANCED_FACE('',(#14715),#10817,.T.);
#14715 = FACE_BOUND('',#14716,.F.);
#14716 = EDGE_LOOP('',(#14717,#14718,#14719,#14740));
#14717 = ORIENTED_EDGE('',*,*,#14693,.T.);
#14718 = ORIENTED_EDGE('',*,*,#11070,.T.);
#14719 = ORIENTED_EDGE('',*,*,#14720,.F.);
#14720 = EDGE_CURVE('',#10758,#11071,#14721,.T.);
#14721 = SURFACE_CURVE('',#14722,(#14726,#14733),.PCURVE_S1.);
#14722 = LINE('',#14723,#14724);
#14723 = CARTESIAN_POINT('',(-16.45798090586,-18.97163440444,0.));
#14724 = VECTOR('',#14725,1.);
#14725 = DIRECTION('',(0.,0.,1.));
#14726 = PCURVE('',#10817,#14727);
#14727 = DEFINITIONAL_REPRESENTATION('',(#14728),#14732);
#14728 = LINE('',#14729,#14730);
#14729 = CARTESIAN_POINT('',(-0.399916820262,0.));
#14730 = VECTOR('',#14731,1.);
#14731 = DIRECTION('',(-0.,-1.));
#14732 = ( GEOMETRIC_REPRESENTATION_CONTEXT(2) 
PARAMETRIC_REPRESENTATION_CONTEXT() REPRESENTATION_CONTEXT('2D SPACE',''
  ) );
#14733 = PCURVE('',#10777,#14734);
#14734 = DEFINITIONAL_REPRESENTATION('',(#14735),#14739);
#14735 = LINE('',#14736,#14737);
#14736 = CARTESIAN_POINT('',(0.,0.));
#14737 = VECTOR('',#14738,1.);
#14738 = DIRECTION('',(0.,-1.));
#14739 = ( GEOMETRIC_REPRESENTATION_CONTEXT(2) 
PARAMETRIC_REPRESENTATION_CONTEXT() REPRESENTATION_CONTEXT('2D SPACE',''
  ) );
#14740 = ORIENTED_EDGE('',*,*,#10791,.T.);
#14741 = ADVANCED_FACE('',(#14742),#10777,.F.);
#14742 = FACE_BOUND('',#14743,.F.);
#14743 = EDGE_LOOP('',(#14744,#14745,#14746,#14747));
#14744 = ORIENTED_EDGE('',*,*,#10757,.T.);
#14745 = ORIENTED_EDGE('',*,*,#14720,.T.);
#14746 = ORIENTED_EDGE('',*,*,#11108,.T.);
#14747 = ORIENTED_EDGE('',*,*,#11257,.F.);
#14748 = ADVANCED_FACE('',(#14749),#11546,.F.);
#14749 = FACE_BOUND('',#14750,.F.);
#14750 = EDGE_LOOP('',(#14751,#14752,#14753,#14754));
#14751 = ORIENTED_EDGE('',*,*,#11528,.F.);
#14752 = ORIENTED_EDGE('',*,*,#11609,.T.);
#14753 = ORIENTED_EDGE('',*,*,#11836,.F.);
#14754 = ORIENTED_EDGE('',*,*,#14755,.F.);
#14755 = EDGE_CURVE('',#11486,#11636,#14756,.T.);
#14756 = SURFACE_CURVE('',#14757,(#14761,#14768),.PCURVE_S1.);
#14757 = LINE('',#14758,#14759);
#14758 = CARTESIAN_POINT('',(-4.76721235726,24.658907798493,0.));
#14759 = VECTOR('',#14760,1.);
#14760 = DIRECTION('',(0.,0.,1.));
#14761 = PCURVE('',#11546,#14762);
#14762 = DEFINITIONAL_REPRESENTATION('',(#14763),#14767);
#14763 = LINE('',#14764,#14765);
#14764 = CARTESIAN_POINT('',(0.783964642134,0.));
#14765 = VECTOR('',#14766,1.);
#14766 = DIRECTION('',(0.,-1.));
#14767 = ( GEOMETRIC_REPRESENTATION_CONTEXT(2) 
PARAMETRIC_REPRESENTATION_CONTEXT() REPRESENTATION_CONTEXT('2D SPACE',''
  ) );
#14768 = PCURVE('',#11511,#14769);
#14769 = DEFINITIONAL_REPRESENTATION('',(#14770),#14774);
#14770 = LINE('',#14771,#14772);
#14771 = CARTESIAN_POINT('',(-0.,0.));
#14772 = VECTOR('',#14773,1.);
#14773 = DIRECTION('',(-0.,-1.));
#14774 = ( GEOMETRIC_REPRESENTATION_CONTEXT(2) 
PARAMETRIC_REPRESENTATION_CONTEXT() REPRESENTATION_CONTEXT('2D SPACE',''
  ) );
#14775 = ADVANCED_FACE('',(#14776),#11511,.T.);
#14776 = FACE_BOUND('',#14777,.F.);
#14777 = EDGE_LOOP('',(#14778,#14779,#14780,#14781));
#14778 = ORIENTED_EDGE('',*,*,#11485,.F.);
#14779 = ORIENTED_EDGE('',*,*,#14755,.T.);
#14780 = ORIENTED_EDGE('',*,*,#11633,.F.);
#14781 = ORIENTED_EDGE('',*,*,#14782,.F.);
#14782 = EDGE_CURVE('',#11452,#11634,#14783,.T.);
#14783 = SURFACE_CURVE('',#14784,(#14788,#14795),.PCURVE_S1.);
#14784 = LINE('',#14785,#14786);
#14785 = CARTESIAN_POINT('',(-6.409343918505,26.751432255357,0.));
#14786 = VECTOR('',#14787,1.);
#14787 = DIRECTION('',(0.,0.,1.));
#14788 = PCURVE('',#11511,#14789);
#14789 = DEFINITIONAL_REPRESENTATION('',(#14790),#14794);
#14790 = LINE('',#14791,#14792);
#14791 = CARTESIAN_POINT('',(-0.399916820262,0.));
#14792 = VECTOR('',#14793,1.);
#14793 = DIRECTION('',(-0.,-1.));
#14794 = ( GEOMETRIC_REPRESENTATION_CONTEXT(2) 
PARAMETRIC_REPRESENTATION_CONTEXT() REPRESENTATION_CONTEXT('2D SPACE',''
  ) );
#14795 = PCURVE('',#11471,#14796);
#14796 = DEFINITIONAL_REPRESENTATION('',(#14797),#14801);
#14797 = LINE('',#14798,#14799);
#14798 = CARTESIAN_POINT('',(0.,0.));
#14799 = VECTOR('',#14800,1.);
#14800 = DIRECTION('',(0.,-1.));
#14801 = ( GEOMETRIC_REPRESENTATION_CONTEXT(2) 
PARAMETRIC_REPRESENTATION_CONTEXT() REPRESENTATION_CONTEXT('2D SPACE',''
  ) );
#14802 = ADVANCED_FACE('',(#14803),#11471,.F.);
#14803 = FACE_BOUND('',#14804,.F.);
#14804 = EDGE_LOOP('',(#14805,#14806,#14807,#14828));
#14805 = ORIENTED_EDGE('',*,*,#14782,.T.);
#14806 = ORIENTED_EDGE('',*,*,#11673,.T.);
#14807 = ORIENTED_EDGE('',*,*,#14808,.F.);
#14808 = EDGE_CURVE('',#11409,#11674,#14809,.T.);
#14809 = SURFACE_CURVE('',#14810,(#14814,#14821),.PCURVE_S1.);
#14810 = LINE('',#14811,#14812);
#14811 = CARTESIAN_POINT('',(-7.825061472662,26.37209188001,0.));
#14812 = VECTOR('',#14813,1.);
#14813 = DIRECTION('',(0.,0.,1.));
#14814 = PCURVE('',#11471,#14815);
#14815 = DEFINITIONAL_REPRESENTATION('',(#14816),#14820);
#14816 = LINE('',#14817,#14818);
#14817 = CARTESIAN_POINT('',(1.465658662007,0.));
#14818 = VECTOR('',#14819,1.);
#14819 = DIRECTION('',(0.,-1.));
#14820 = ( GEOMETRIC_REPRESENTATION_CONTEXT(2) 
PARAMETRIC_REPRESENTATION_CONTEXT() REPRESENTATION_CONTEXT('2D SPACE',''
  ) );
#14821 = PCURVE('',#11434,#14822);
#14822 = DEFINITIONAL_REPRESENTATION('',(#14823),#14827);
#14823 = LINE('',#14824,#14825);
#14824 = CARTESIAN_POINT('',(-0.,0.));
#14825 = VECTOR('',#14826,1.);
#14826 = DIRECTION('',(-0.,-1.));
#14827 = ( GEOMETRIC_REPRESENTATION_CONTEXT(2) 
PARAMETRIC_REPRESENTATION_CONTEXT() REPRESENTATION_CONTEXT('2D SPACE',''
  ) );
#14828 = ORIENTED_EDGE('',*,*,#11451,.T.);
#14829 = ADVANCED_FACE('',(#14830),#11434,.T.);
#14830 = FACE_BOUND('',#14831,.F.);
#14831 = EDGE_LOOP('',(#14832,#14833,#14834,#14855));
#14832 = ORIENTED_EDGE('',*,*,#14808,.T.);
#14833 = ORIENTED_EDGE('',*,*,#11702,.T.);
#14834 = ORIENTED_EDGE('',*,*,#14835,.F.);
#14835 = EDGE_CURVE('',#11375,#11703,#14836,.T.);
#14836 = SURFACE_CURVE('',#14837,(#14841,#14848),.PCURVE_S1.);
#14837 = LINE('',#14838,#14839);
#14838 = CARTESIAN_POINT('',(-8.200926892624,23.738846761703,0.));
#14839 = VECTOR('',#14840,1.);
#14840 = DIRECTION('',(0.,0.,1.));
#14841 = PCURVE('',#11434,#14842);
#14842 = DEFINITIONAL_REPRESENTATION('',(#14843),#14847);
#14843 = LINE('',#14844,#14845);
#14844 = CARTESIAN_POINT('',(-0.399916820262,0.));
#14845 = VECTOR('',#14846,1.);
#14846 = DIRECTION('',(-0.,-1.));
#14847 = ( GEOMETRIC_REPRESENTATION_CONTEXT(2) 
PARAMETRIC_REPRESENTATION_CONTEXT() REPRESENTATION_CONTEXT('2D SPACE',''
  ) );
#14848 = PCURVE('',#11394,#14849);
#14849 = DEFINITIONAL_REPRESENTATION('',(#14850),#14854);
#14850 = LINE('',#14851,#14852);
#14851 = CARTESIAN_POINT('',(0.,0.));
#14852 = VECTOR('',#14853,1.);
#14853 = DIRECTION('',(0.,-1.));
#14854 = ( GEOMETRIC_REPRESENTATION_CONTEXT(2) 
PARAMETRIC_REPRESENTATION_CONTEXT() REPRESENTATION_CONTEXT('2D SPACE',''
  ) );
#14855 = ORIENTED_EDGE('',*,*,#11408,.T.);
#14856 = ADVANCED_FACE('',(#14857),#11394,.F.);
#14857 = FACE_BOUND('',#14858,.F.);
#14858 = EDGE_LOOP('',(#14859,#14860,#14861,#14862));
#14859 = ORIENTED_EDGE('',*,*,#11374,.T.);
#14860 = ORIENTED_EDGE('',*,*,#14835,.T.);
#14861 = ORIENTED_EDGE('',*,*,#11740,.T.);
#14862 = ORIENTED_EDGE('',*,*,#13108,.F.);
#14863 = ADVANCED_FACE('',(#14864),#12163,.F.);
#14864 = FACE_BOUND('',#14865,.F.);
#14865 = EDGE_LOOP('',(#14866,#14867,#14868,#14869));
#14866 = ORIENTED_EDGE('',*,*,#12145,.F.);
#14867 = ORIENTED_EDGE('',*,*,#13417,.T.);
#14868 = ORIENTED_EDGE('',*,*,#12460,.F.);
#14869 = ORIENTED_EDGE('',*,*,#14870,.F.);
#14870 = EDGE_CURVE('',#12103,#12238,#14871,.T.);
#14871 = SURFACE_CURVE('',#14872,(#14876,#14883),.PCURVE_S1.);
#14872 = LINE('',#14873,#14874);
#14873 = CARTESIAN_POINT('',(-24.65890779849,-4.76721235726,0.));
#14874 = VECTOR('',#14875,1.);
#14875 = DIRECTION('',(0.,0.,1.));
#14876 = PCURVE('',#12163,#14877);
#14877 = DEFINITIONAL_REPRESENTATION('',(#14878),#14882);
#14878 = LINE('',#14879,#14880);
#14879 = CARTESIAN_POINT('',(0.783964642134,0.));
#14880 = VECTOR('',#14881,1.);
#14881 = DIRECTION('',(0.,-1.));
#14882 = ( GEOMETRIC_REPRESENTATION_CONTEXT(2) 
PARAMETRIC_REPRESENTATION_CONTEXT() REPRESENTATION_CONTEXT('2D SPACE',''
  ) );
#14883 = PCURVE('',#12128,#14884);
#14884 = DEFINITIONAL_REPRESENTATION('',(#14885),#14889);
#14885 = LINE('',#14886,#14887);
#14886 = CARTESIAN_POINT('',(-0.,0.));
#14887 = VECTOR('',#14888,1.);
#14888 = DIRECTION('',(-0.,-1.));
#14889 = ( GEOMETRIC_REPRESENTATION_CONTEXT(2) 
PARAMETRIC_REPRESENTATION_CONTEXT() REPRESENTATION_CONTEXT('2D SPACE',''
  ) );
#14890 = ADVANCED_FACE('',(#14891),#12128,.T.);
#14891 = FACE_BOUND('',#14892,.F.);
#14892 = EDGE_LOOP('',(#14893,#14894,#14895,#14896));
#14893 = ORIENTED_EDGE('',*,*,#12102,.F.);
#14894 = ORIENTED_EDGE('',*,*,#14870,.T.);
#14895 = ORIENTED_EDGE('',*,*,#12235,.F.);
#14896 = ORIENTED_EDGE('',*,*,#14897,.F.);
#14897 = EDGE_CURVE('',#12069,#12236,#14898,.T.);
#14898 = SURFACE_CURVE('',#14899,(#14903,#14910),.PCURVE_S1.);
#14899 = LINE('',#14900,#14901);
#14900 = CARTESIAN_POINT('',(-26.75143225535,-6.409343918505,0.));
#14901 = VECTOR('',#14902,1.);
#14902 = DIRECTION('',(0.,0.,1.));
#14903 = PCURVE('',#12128,#14904);
#14904 = DEFINITIONAL_REPRESENTATION('',(#14905),#14909);
#14905 = LINE('',#14906,#14907);
#14906 = CARTESIAN_POINT('',(-0.399916820262,0.));
#14907 = VECTOR('',#14908,1.);
#14908 = DIRECTION('',(-0.,-1.));
#14909 = ( GEOMETRIC_REPRESENTATION_CONTEXT(2) 
PARAMETRIC_REPRESENTATION_CONTEXT() REPRESENTATION_CONTEXT('2D SPACE',''
  ) );
#14910 = PCURVE('',#12088,#14911);
#14911 = DEFINITIONAL_REPRESENTATION('',(#14912),#14916);
#14912 = LINE('',#14913,#14914);
#14913 = CARTESIAN_POINT('',(0.,0.));
#14914 = VECTOR('',#14915,1.);
#14915 = DIRECTION('',(0.,-1.));
#14916 = ( GEOMETRIC_REPRESENTATION_CONTEXT(2) 
PARAMETRIC_REPRESENTATION_CONTEXT() REPRESENTATION_CONTEXT('2D SPACE',''
  ) );
#14917 = ADVANCED_FACE('',(#14918),#12088,.F.);
#14918 = FACE_BOUND('',#14919,.F.);
#14919 = EDGE_LOOP('',(#14920,#14921,#14922,#14943));
#14920 = ORIENTED_EDGE('',*,*,#14897,.T.);
#14921 = ORIENTED_EDGE('',*,*,#12275,.T.);
#14922 = ORIENTED_EDGE('',*,*,#14923,.F.);
#14923 = EDGE_CURVE('',#12026,#12276,#14924,.T.);
#14924 = SURFACE_CURVE('',#14925,(#14929,#14936),.PCURVE_S1.);
#14925 = LINE('',#14926,#14927);
#14926 = CARTESIAN_POINT('',(-26.37209188001,-7.825061472662,0.));
#14927 = VECTOR('',#14928,1.);
#14928 = DIRECTION('',(0.,0.,1.));
#14929 = PCURVE('',#12088,#14930);
#14930 = DEFINITIONAL_REPRESENTATION('',(#14931),#14935);
#14931 = LINE('',#14932,#14933);
#14932 = CARTESIAN_POINT('',(1.465658662007,0.));
#14933 = VECTOR('',#14934,1.);
#14934 = DIRECTION('',(0.,-1.));
#14935 = ( GEOMETRIC_REPRESENTATION_CONTEXT(2) 
PARAMETRIC_REPRESENTATION_CONTEXT() REPRESENTATION_CONTEXT('2D SPACE',''
  ) );
#14936 = PCURVE('',#12051,#14937);
#14937 = DEFINITIONAL_REPRESENTATION('',(#14938),#14942);
#14938 = LINE('',#14939,#14940);
#14939 = CARTESIAN_POINT('',(-0.,0.));
#14940 = VECTOR('',#14941,1.);
#14941 = DIRECTION('',(-0.,-1.));
#14942 = ( GEOMETRIC_REPRESENTATION_CONTEXT(2) 
PARAMETRIC_REPRESENTATION_CONTEXT() REPRESENTATION_CONTEXT('2D SPACE',''
  ) );
#14943 = ORIENTED_EDGE('',*,*,#12068,.T.);
#14944 = ADVANCED_FACE('',(#14945),#12051,.T.);
#14945 = FACE_BOUND('',#14946,.F.);
#14946 = EDGE_LOOP('',(#14947,#14948,#14949,#14970));
#14947 = ORIENTED_EDGE('',*,*,#14923,.T.);
#14948 = ORIENTED_EDGE('',*,*,#12304,.T.);
#14949 = ORIENTED_EDGE('',*,*,#14950,.F.);
#14950 = EDGE_CURVE('',#11992,#12305,#14951,.T.);
#14951 = SURFACE_CURVE('',#14952,(#14956,#14963),.PCURVE_S1.);
#14952 = LINE('',#14953,#14954);
#14953 = CARTESIAN_POINT('',(-23.7388467617,-8.200926892624,0.));
#14954 = VECTOR('',#14955,1.);
#14955 = DIRECTION('',(0.,0.,1.));
#14956 = PCURVE('',#12051,#14957);
#14957 = DEFINITIONAL_REPRESENTATION('',(#14958),#14962);
#14958 = LINE('',#14959,#14960);
#14959 = CARTESIAN_POINT('',(-0.399916820262,0.));
#14960 = VECTOR('',#14961,1.);
#14961 = DIRECTION('',(-0.,-1.));
#14962 = ( GEOMETRIC_REPRESENTATION_CONTEXT(2) 
PARAMETRIC_REPRESENTATION_CONTEXT() REPRESENTATION_CONTEXT('2D SPACE',''
  ) );
#14963 = PCURVE('',#12011,#14964);
#14964 = DEFINITIONAL_REPRESENTATION('',(#14965),#14969);
#14965 = LINE('',#14966,#14967);
#14966 = CARTESIAN_POINT('',(0.,0.));
#14967 = VECTOR('',#14968,1.);
#14968 = DIRECTION('',(0.,-1.));
#14969 = ( GEOMETRIC_REPRESENTATION_CONTEXT(2) 
PARAMETRIC_REPRESENTATION_CONTEXT() REPRESENTATION_CONTEXT('2D SPACE',''
  ) );
#14970 = ORIENTED_EDGE('',*,*,#12025,.T.);
#14971 = ADVANCED_FACE('',(#14972),#12011,.F.);
#14972 = FACE_BOUND('',#14973,.F.);
#14973 = EDGE_LOOP('',(#14974,#14975,#14976,#14977));
#14974 = ORIENTED_EDGE('',*,*,#11991,.T.);
#14975 = ORIENTED_EDGE('',*,*,#14950,.T.);
#14976 = ORIENTED_EDGE('',*,*,#12342,.T.);
#14977 = ORIENTED_EDGE('',*,*,#12491,.F.);
#14978 = ADVANCED_FACE('',(#14979),#12780,.F.);
#14979 = FACE_BOUND('',#14980,.F.);
#14980 = EDGE_LOOP('',(#14981,#14982,#14983,#14984));
#14981 = ORIENTED_EDGE('',*,*,#12762,.F.);
#14982 = ORIENTED_EDGE('',*,*,#12843,.T.);
#14983 = ORIENTED_EDGE('',*,*,#13070,.F.);
#14984 = ORIENTED_EDGE('',*,*,#14985,.F.);
#14985 = EDGE_CURVE('',#12720,#12870,#14986,.T.);
#14986 = SURFACE_CURVE('',#14987,(#14991,#14998),.PCURVE_S1.);
#14987 = LINE('',#14988,#14989);
#14988 = CARTESIAN_POINT('',(-16.45798090586,18.971634404443,0.));
#14989 = VECTOR('',#14990,1.);
#14990 = DIRECTION('',(0.,0.,1.));
#14991 = PCURVE('',#12780,#14992);
#14992 = DEFINITIONAL_REPRESENTATION('',(#14993),#14997);
#14993 = LINE('',#14994,#14995);
#14994 = CARTESIAN_POINT('',(0.783964642134,0.));
#14995 = VECTOR('',#14996,1.);
#14996 = DIRECTION('',(0.,-1.));
#14997 = ( GEOMETRIC_REPRESENTATION_CONTEXT(2) 
PARAMETRIC_REPRESENTATION_CONTEXT() REPRESENTATION_CONTEXT('2D SPACE',''
  ) );
#14998 = PCURVE('',#12745,#14999);
#14999 = DEFINITIONAL_REPRESENTATION('',(#15000),#15004);
#15000 = LINE('',#15001,#15002);
#15001 = CARTESIAN_POINT('',(-0.,0.));
#15002 = VECTOR('',#15003,1.);
#15003 = DIRECTION('',(-0.,-1.));
#15004 = ( GEOMETRIC_REPRESENTATION_CONTEXT(2) 
PARAMETRIC_REPRESENTATION_CONTEXT() REPRESENTATION_CONTEXT('2D SPACE',''
  ) );
#15005 = ADVANCED_FACE('',(#15006),#12745,.T.);
#15006 = FACE_BOUND('',#15007,.F.);
#15007 = EDGE_LOOP('',(#15008,#15009,#15010,#15011));
#15008 = ORIENTED_EDGE('',*,*,#12719,.F.);
#15009 = ORIENTED_EDGE('',*,*,#14985,.T.);
#15010 = ORIENTED_EDGE('',*,*,#12867,.F.);
#15011 = ORIENTED_EDGE('',*,*,#15012,.F.);
#15012 = EDGE_CURVE('',#12686,#12868,#15013,.T.);
#15013 = SURFACE_CURVE('',#15014,(#15018,#15025),.PCURVE_S1.);
#15014 = LINE('',#15015,#15016);
#15015 = CARTESIAN_POINT('',(-18.92637078269,19.962747961505,0.));
#15016 = VECTOR('',#15017,1.);
#15017 = DIRECTION('',(0.,0.,1.));
#15018 = PCURVE('',#12745,#15019);
#15019 = DEFINITIONAL_REPRESENTATION('',(#15020),#15024);
#15020 = LINE('',#15021,#15022);
#15021 = CARTESIAN_POINT('',(-0.399916820262,0.));
#15022 = VECTOR('',#15023,1.);
#15023 = DIRECTION('',(-0.,-1.));
#15024 = ( GEOMETRIC_REPRESENTATION_CONTEXT(2) 
PARAMETRIC_REPRESENTATION_CONTEXT() REPRESENTATION_CONTEXT('2D SPACE',''
  ) );
#15025 = PCURVE('',#12705,#15026);
#15026 = DEFINITIONAL_REPRESENTATION('',(#15027),#15031);
#15027 = LINE('',#15028,#15029);
#15028 = CARTESIAN_POINT('',(0.,0.));
#15029 = VECTOR('',#15030,1.);
#15030 = DIRECTION('',(0.,-1.));
#15031 = ( GEOMETRIC_REPRESENTATION_CONTEXT(2) 
PARAMETRIC_REPRESENTATION_CONTEXT() REPRESENTATION_CONTEXT('2D SPACE',''
  ) );
#15032 = ADVANCED_FACE('',(#15033),#12705,.F.);
#15033 = FACE_BOUND('',#15034,.F.);
#15034 = EDGE_LOOP('',(#15035,#15036,#15037,#15038));
#15035 = ORIENTED_EDGE('',*,*,#12685,.T.);
#15036 = ORIENTED_EDGE('',*,*,#15012,.T.);
#15037 = ORIENTED_EDGE('',*,*,#12907,.T.);
#15038 = ORIENTED_EDGE('',*,*,#15039,.F.);
#15039 = EDGE_CURVE('',#12643,#12908,#15040,.T.);
#15040 = SURFACE_CURVE('',#15041,(#15045,#15052),.PCURVE_S1.);
#15041 = LINE('',#15042,#15043);
#15042 = CARTESIAN_POINT('',(-19.9627479615,18.926370782695,0.));
#15043 = VECTOR('',#15044,1.);
#15044 = DIRECTION('',(0.,0.,1.));
#15045 = PCURVE('',#12705,#15046);
#15046 = DEFINITIONAL_REPRESENTATION('',(#15047),#15051);
#15047 = LINE('',#15048,#15049);
#15048 = CARTESIAN_POINT('',(1.465658662007,0.));
#15049 = VECTOR('',#15050,1.);
#15050 = DIRECTION('',(0.,-1.));
#15051 = ( GEOMETRIC_REPRESENTATION_CONTEXT(2) 
PARAMETRIC_REPRESENTATION_CONTEXT() REPRESENTATION_CONTEXT('2D SPACE',''
  ) );
#15052 = PCURVE('',#12668,#15053);
#15053 = DEFINITIONAL_REPRESENTATION('',(#15054),#15058);
#15054 = LINE('',#15055,#15056);
#15055 = CARTESIAN_POINT('',(-0.,0.));
#15056 = VECTOR('',#15057,1.);
#15057 = DIRECTION('',(-0.,-1.));
#15058 = ( GEOMETRIC_REPRESENTATION_CONTEXT(2) 
PARAMETRIC_REPRESENTATION_CONTEXT() REPRESENTATION_CONTEXT('2D SPACE',''
  ) );
#15059 = ADVANCED_FACE('',(#15060),#12668,.T.);
#15060 = FACE_BOUND('',#15061,.F.);
#15061 = EDGE_LOOP('',(#15062,#15063,#15064,#15065));
#15062 = ORIENTED_EDGE('',*,*,#12642,.T.);
#15063 = ORIENTED_EDGE('',*,*,#15039,.T.);
#15064 = ORIENTED_EDGE('',*,*,#12936,.T.);
#15065 = ORIENTED_EDGE('',*,*,#15066,.F.);
#15066 = EDGE_CURVE('',#12609,#12937,#15067,.T.);
#15067 = SURFACE_CURVE('',#15068,(#15072,#15079),.PCURVE_S1.);
#15068 = LINE('',#15069,#15070);
#15069 = CARTESIAN_POINT('',(-18.97163440444,16.457980905869,0.));
#15070 = VECTOR('',#15071,1.);
#15071 = DIRECTION('',(0.,0.,1.));
#15072 = PCURVE('',#12668,#15073);
#15073 = DEFINITIONAL_REPRESENTATION('',(#15074),#15078);
#15074 = LINE('',#15075,#15076);
#15075 = CARTESIAN_POINT('',(-0.399916820262,0.));
#15076 = VECTOR('',#15077,1.);
#15077 = DIRECTION('',(-0.,-1.));
#15078 = ( GEOMETRIC_REPRESENTATION_CONTEXT(2) 
PARAMETRIC_REPRESENTATION_CONTEXT() REPRESENTATION_CONTEXT('2D SPACE',''
  ) );
#15079 = PCURVE('',#12628,#15080);
#15080 = DEFINITIONAL_REPRESENTATION('',(#15081),#15085);
#15081 = LINE('',#15082,#15083);
#15082 = CARTESIAN_POINT('',(0.,0.));
#15083 = VECTOR('',#15084,1.);
#15084 = DIRECTION('',(0.,-1.));
#15085 = ( GEOMETRIC_REPRESENTATION_CONTEXT(2) 
PARAMETRIC_REPRESENTATION_CONTEXT() REPRESENTATION_CONTEXT('2D SPACE',''
  ) );
#15086 = ADVANCED_FACE('',(#15087),#12628,.F.);
#15087 = FACE_BOUND('',#15088,.F.);
#15088 = EDGE_LOOP('',(#15089,#15090,#15091,#15092));
#15089 = ORIENTED_EDGE('',*,*,#12608,.T.);
#15090 = ORIENTED_EDGE('',*,*,#15066,.T.);
#15091 = ORIENTED_EDGE('',*,*,#12974,.T.);
#15092 = ORIENTED_EDGE('',*,*,#13779,.F.);
#15093 = ADVANCED_FACE('',(#15094),#13397,.F.);
#15094 = FACE_BOUND('',#15095,.F.);
#15095 = EDGE_LOOP('',(#15096,#15097,#15098,#15099));
#15096 = ORIENTED_EDGE('',*,*,#13379,.F.);
#15097 = ORIENTED_EDGE('',*,*,#13754,.T.);
#15098 = ORIENTED_EDGE('',*,*,#13694,.F.);
#15099 = ORIENTED_EDGE('',*,*,#15100,.F.);
#15100 = EDGE_CURVE('',#13337,#13472,#15101,.T.);
#15101 = SURFACE_CURVE('',#15102,(#15106,#15113),.PCURVE_S1.);
#15102 = LINE('',#15103,#15104);
#15103 = CARTESIAN_POINT('',(-23.7388467617,8.200926892624,0.));
#15104 = VECTOR('',#15105,1.);
#15105 = DIRECTION('',(0.,0.,1.));
#15106 = PCURVE('',#13397,#15107);
#15107 = DEFINITIONAL_REPRESENTATION('',(#15108),#15112);
#15108 = LINE('',#15109,#15110);
#15109 = CARTESIAN_POINT('',(0.783964642134,0.));
#15110 = VECTOR('',#15111,1.);
#15111 = DIRECTION('',(0.,-1.));
#15112 = ( GEOMETRIC_REPRESENTATION_CONTEXT(2) 
PARAMETRIC_REPRESENTATION_CONTEXT() REPRESENTATION_CONTEXT('2D SPACE',''
  ) );
#15113 = PCURVE('',#13362,#15114);
#15114 = DEFINITIONAL_REPRESENTATION('',(#15115),#15119);
#15115 = LINE('',#15116,#15117);
#15116 = CARTESIAN_POINT('',(-0.,0.));
#15117 = VECTOR('',#15118,1.);
#15118 = DIRECTION('',(-0.,-1.));
#15119 = ( GEOMETRIC_REPRESENTATION_CONTEXT(2) 
PARAMETRIC_REPRESENTATION_CONTEXT() REPRESENTATION_CONTEXT('2D SPACE',''
  ) );
#15120 = ADVANCED_FACE('',(#15121),#13362,.T.);
#15121 = FACE_BOUND('',#15122,.F.);
#15122 = EDGE_LOOP('',(#15123,#15124,#15125,#15126));
#15123 = ORIENTED_EDGE('',*,*,#13336,.F.);
#15124 = ORIENTED_EDGE('',*,*,#15100,.T.);
#15125 = ORIENTED_EDGE('',*,*,#13469,.F.);
#15126 = ORIENTED_EDGE('',*,*,#15127,.F.);
#15127 = EDGE_CURVE('',#13303,#13470,#15128,.T.);
#15128 = SURFACE_CURVE('',#15129,(#15133,#15140),.PCURVE_S1.);
#15129 = LINE('',#15130,#15131);
#15130 = CARTESIAN_POINT('',(-26.37209188001,7.825061472662,0.));
#15131 = VECTOR('',#15132,1.);
#15132 = DIRECTION('',(0.,0.,1.));
#15133 = PCURVE('',#13362,#15134);
#15134 = DEFINITIONAL_REPRESENTATION('',(#15135),#15139);
#15135 = LINE('',#15136,#15137);
#15136 = CARTESIAN_POINT('',(-0.399916820262,0.));
#15137 = VECTOR('',#15138,1.);
#15138 = DIRECTION('',(-0.,-1.));
#15139 = ( GEOMETRIC_REPRESENTATION_CONTEXT(2) 
PARAMETRIC_REPRESENTATION_CONTEXT() REPRESENTATION_CONTEXT('2D SPACE',''
  ) );
#15140 = PCURVE('',#13322,#15141);
#15141 = DEFINITIONAL_REPRESENTATION('',(#15142),#15146);
#15142 = LINE('',#15143,#15144);
#15143 = CARTESIAN_POINT('',(0.,0.));
#15144 = VECTOR('',#15145,1.);
#15145 = DIRECTION('',(0.,-1.));
#15146 = ( GEOMETRIC_REPRESENTATION_CONTEXT(2) 
PARAMETRIC_REPRESENTATION_CONTEXT() REPRESENTATION_CONTEXT('2D SPACE',''
  ) );
#15147 = ADVANCED_FACE('',(#15148),#13322,.F.);
#15148 = FACE_BOUND('',#15149,.F.);
#15149 = EDGE_LOOP('',(#15150,#15151,#15152,#15153));
#15150 = ORIENTED_EDGE('',*,*,#13302,.T.);
#15151 = ORIENTED_EDGE('',*,*,#15127,.T.);
#15152 = ORIENTED_EDGE('',*,*,#13509,.T.);
#15153 = ORIENTED_EDGE('',*,*,#15154,.F.);
#15154 = EDGE_CURVE('',#13260,#13510,#15155,.T.);
#15155 = SURFACE_CURVE('',#15156,(#15160,#15167),.PCURVE_S1.);
#15156 = LINE('',#15157,#15158);
#15157 = CARTESIAN_POINT('',(-26.75143225535,6.409343918505,0.));
#15158 = VECTOR('',#15159,1.);
#15159 = DIRECTION('',(0.,0.,1.));
#15160 = PCURVE('',#13322,#15161);
#15161 = DEFINITIONAL_REPRESENTATION('',(#15162),#15166);
#15162 = LINE('',#15163,#15164);
#15163 = CARTESIAN_POINT('',(1.465658662007,0.));
#15164 = VECTOR('',#15165,1.);
#15165 = DIRECTION('',(0.,-1.));
#15166 = ( GEOMETRIC_REPRESENTATION_CONTEXT(2) 
PARAMETRIC_REPRESENTATION_CONTEXT() REPRESENTATION_CONTEXT('2D SPACE',''
  ) );
#15167 = PCURVE('',#13285,#15168);
#15168 = DEFINITIONAL_REPRESENTATION('',(#15169),#15173);
#15169 = LINE('',#15170,#15171);
#15170 = CARTESIAN_POINT('',(-0.,0.));
#15171 = VECTOR('',#15172,1.);
#15172 = DIRECTION('',(-0.,-1.));
#15173 = ( GEOMETRIC_REPRESENTATION_CONTEXT(2) 
PARAMETRIC_REPRESENTATION_CONTEXT() REPRESENTATION_CONTEXT('2D SPACE',''
  ) );
#15174 = ADVANCED_FACE('',(#15175),#13285,.T.);
#15175 = FACE_BOUND('',#15176,.F.);
#15176 = EDGE_LOOP('',(#15177,#15178,#15179,#15180));
#15177 = ORIENTED_EDGE('',*,*,#13259,.T.);
#15178 = ORIENTED_EDGE('',*,*,#15154,.T.);
#15179 = ORIENTED_EDGE('',*,*,#13538,.T.);
#15180 = ORIENTED_EDGE('',*,*,#15181,.F.);
#15181 = EDGE_CURVE('',#13226,#13539,#15182,.T.);
#15182 = SURFACE_CURVE('',#15183,(#15187,#15194),.PCURVE_S1.);
#15183 = LINE('',#15184,#15185);
#15184 = CARTESIAN_POINT('',(-24.65890779849,4.76721235726,0.));
#15185 = VECTOR('',#15186,1.);
#15186 = DIRECTION('',(0.,0.,1.));
#15187 = PCURVE('',#13285,#15188);
#15188 = DEFINITIONAL_REPRESENTATION('',(#15189),#15193);
#15189 = LINE('',#15190,#15191);
#15190 = CARTESIAN_POINT('',(-0.399916820262,0.));
#15191 = VECTOR('',#15192,1.);
#15192 = DIRECTION('',(-0.,-1.));
#15193 = ( GEOMETRIC_REPRESENTATION_CONTEXT(2) 
PARAMETRIC_REPRESENTATION_CONTEXT() REPRESENTATION_CONTEXT('2D SPACE',''
  ) );
#15194 = PCURVE('',#13245,#15195);
#15195 = DEFINITIONAL_REPRESENTATION('',(#15196),#15200);
#15196 = LINE('',#15197,#15198);
#15197 = CARTESIAN_POINT('',(0.,0.));
#15198 = VECTOR('',#15199,1.);
#15199 = DIRECTION('',(0.,-1.));
#15200 = ( GEOMETRIC_REPRESENTATION_CONTEXT(2) 
PARAMETRIC_REPRESENTATION_CONTEXT() REPRESENTATION_CONTEXT('2D SPACE',''
  ) );
#15201 = ADVANCED_FACE('',(#15202),#13245,.F.);
#15202 = FACE_BOUND('',#15203,.F.);
#15203 = EDGE_LOOP('',(#15204,#15205,#15206,#15207));
#15204 = ORIENTED_EDGE('',*,*,#13225,.T.);
#15205 = ORIENTED_EDGE('',*,*,#15181,.T.);
#15206 = ORIENTED_EDGE('',*,*,#13576,.T.);
#15207 = ORIENTED_EDGE('',*,*,#13725,.F.);
#15208 = ( GEOMETRIC_REPRESENTATION_CONTEXT(3) 
GLOBAL_UNCERTAINTY_ASSIGNED_CONTEXT((#15212)) 
GLOBAL_UNIT_ASSIGNED_CONTEXT((#15209,#15210,#15211)) 
REPRESENTATION_CONTEXT('Context #1',
  '3D Context with UNIT and UNCERTAINTY') );
#15209 = ( LENGTH_UNIT() NAMED_UNIT(*) SI_UNIT(.MILLI.,.METRE.) );
#15210 = ( NAMED_UNIT(*) PLANE_ANGLE_UNIT() SI_UNIT($,.RADIAN.) );
#15211 = ( NAMED_UNIT(*) SI_UNIT($,.STERADIAN.) SOLID_ANGLE_UNIT() );
#15212 = UNCERTAINTY_MEASURE_WITH_UNIT(LENGTH_MEASURE(5.E-07),#15209,
  'distance_accuracy_value','confusion accuracy');
#15213 = PRODUCT_RELATED_PRODUCT_CATEGORY('part',$,(#7));
ENDSEC;
END-ISO-10303-21;
