solid exported
	facet normal 0.7196940548786467 0.6942913418532105 0
		outer loop
			vertex 15.459141731262207 -2.5710954666137695 0.023111635819077492
			vertex 15.885119438171387 -3.0126588344573975 7.138556480407715
			vertex 15.885119438171387 -3.0126588344573975 0.06144355982542038
		endloop
	endfacet
	facet normal 0.7196940548786466 0.6942913418532105 0
		outer loop
			vertex 15.459141731262207 -2.5710954666137695 0.023111635819077492
			vertex 15.459141731262207 -2.5710954666137695 7.176888465881348
			vertex 15.885119438171387 -3.0126588344573975 7.138556480407715
		endloop
	endfacet
	facet normal 0.8168152725315942 0.5768993071231212 0
		outer loop
			vertex 15.104148864746094 -2.0684711933135986 0.004875252489000559
			vertex 15.104148864746094 -2.0684711933135986 7.195124626159668
			vertex 15.459141731262207 -2.5710954666137695 7.176888465881348
		endloop
	endfacet
	facet normal 0.8951039052947706 0.4458575991570071 0
		outer loop
			vertex 15.104148864746094 -2.0684711933135986 0.004875252489000559
			vertex 14.829559326171875 -1.5172051191329956 7.1999993324279785
			vertex 15.104148864746094 -2.0684711933135986 7.195124626159668
		endloop
	endfacet
	facet normal 0.8168152725315942 0.5768993071231213 0
		outer loop
			vertex 15.104148864746094 -2.0684711933135986 0.004875252489000559
			vertex 15.459141731262207 -2.5710954666137695 7.176888465881348
			vertex 15.459141731262207 -2.5710954666137695 0.023111635819077492
		endloop
	endfacet
	facet normal 0.8951039052947706 0.4458575991570071 0
		outer loop
			vertex 14.829559326171875 -1.5172051191329956 8.907265964808175e-7
			vertex 14.829559326171875 -1.5172051191329956 7.1999993324279785
			vertex 15.104148864746094 -2.0684711933135986 0.004875252489000559
		endloop
	endfacet
	facet normal 0.9265554908830735 0.3761581081333044 0
		outer loop
			vertex 14.828801155090332 -1.515337586402893 0
			vertex 14.828801155090332 -1.515337586402893 7.199999809265137
			vertex 14.829559326171875 -1.5172051191329956 7.1999993324279785
		endloop
	endfacet
	facet normal 0.9585575741647242 0.2848988891017992 0
		outer loop
			vertex 14.828801155090332 -1.515337586402893 0
			vertex 14.6078519821167 -0.7719422578811646 7.199999809265137
			vertex 14.828801155090332 -1.515337586402893 7.199999809265137
		endloop
	endfacet
	facet normal 0.9265554908830737 0.37615810813330447 0
		outer loop
			vertex 14.828801155090332 -1.515337586402893 0
			vertex 14.829559326171875 -1.5172051191329956 7.1999993324279785
			vertex 14.829559326171875 -1.5172051191329956 8.907265964808175e-7
		endloop
	endfacet
	facet normal 0.9953667301940926 0.0961512996413492 0
		outer loop
			vertex 14.6078519821167 -0.7719422578811646 0
			vertex 14.533283233642578 1.3322676295501878e-15 7.199999809265137
			vertex 14.6078519821167 -0.7719422578811646 7.199999809265137
		endloop
	endfacet
	facet normal 0.9585575741647242 0.2848988891017992 0
		outer loop
			vertex 14.6078519821167 -0.7719422578811646 0
			vertex 14.6078519821167 -0.7719422578811646 7.199999809265137
			vertex 14.828801155090332 -1.515337586402893 0
		endloop
	endfacet
	facet normal 0.9953667301940926 0.09615129964134943 -2.372208656385595e-17
		outer loop
			vertex 14.533283233642578 -4.440892098500626e-16 0
			vertex 14.533283233642578 1.3322676295501878e-15 7.199999809265137
			vertex 14.6078519821167 -0.7719422578811646 0
		endloop
	endfacet
	facet normal 0.9953667301940926 -0.09615129964134955 0
		outer loop
			vertex 14.6078519821167 0.7719422578811646 0
			vertex 14.6078519821167 0.7719422578811646 7.199999809265137
			vertex 14.533283233642578 1.3322676295501878e-15 7.199999809265137
		endloop
	endfacet
	facet normal 0.9953667301940927 -0.09615129964134936 2.3722086563855932e-17
		outer loop
			vertex 14.6078519821167 0.7719422578811646 0
			vertex 14.533283233642578 1.3322676295501878e-15 7.199999809265137
			vertex 14.533283233642578 -4.440892098500626e-16 0
		endloop
	endfacet
	facet normal 0.9585575741647242 -0.2848988891017992 0
		outer loop
			vertex 14.828801155090332 1.515337586402893 0
			vertex 14.828801155090332 1.515337586402893 7.199999809265137
			vertex 14.6078519821167 0.7719422578811646 7.199999809265137
		endloop
	endfacet
	facet normal 0.9585575741647242 -0.2848988891017992 0
		outer loop
			vertex 14.828801155090332 1.515337586402893 0
			vertex 14.6078519821167 0.7719422578811646 7.199999809265137
			vertex 14.6078519821167 0.7719422578811646 0
		endloop
	endfacet
	facet normal 0.9265554908830737 -0.37615810813330447 0
		outer loop
			vertex 14.829559326171875 1.5172051191329956 8.907265964808175e-7
			vertex 14.829559326171875 1.5172051191329956 7.1999993324279785
			vertex 14.828801155090332 1.515337586402893 7.199999809265137
		endloop
	endfacet
	facet normal 0.9265554908830735 -0.3761581081333044 0
		outer loop
			vertex 14.829559326171875 1.5172051191329956 8.907265964808175e-7
			vertex 14.828801155090332 1.515337586402893 7.199999809265137
			vertex 14.828801155090332 1.515337586402893 0
		endloop
	endfacet
	facet normal 0.8168152725315942 -0.5768993071231212 0
		outer loop
			vertex 15.104148864746094 2.0684711933135986 0.004875252489000559
			vertex 15.459141731262207 2.5710954666137695 7.176888465881348
			vertex 15.104148864746094 2.0684711933135986 7.195124626159668
		endloop
	endfacet
	facet normal 0.8951039052947706 -0.4458575991570071 0
		outer loop
			vertex 15.104148864746094 2.0684711933135986 0.004875252489000559
			vertex 15.104148864746094 2.0684711933135986 7.195124626159668
			vertex 14.829559326171875 1.5172051191329956 7.1999993324279785
		endloop
	endfacet
	facet normal 0.8951039052947706 -0.4458575991570071 0
		outer loop
			vertex 15.104148864746094 2.0684711933135986 0.004875252489000559
			vertex 14.829559326171875 1.5172051191329956 7.1999993324279785
			vertex 14.829559326171875 1.5172051191329956 8.907265964808175e-7
		endloop
	endfacet
	facet normal 0.7196940548786466 -0.6942913418532105 0
		outer loop
			vertex 15.459141731262207 2.5710954666137695 0.023111635819077492
			vertex 15.885119438171387 3.0126588344573975 7.138556480407715
			vertex 15.459141731262207 2.5710954666137695 7.176888465881348
		endloop
	endfacet
	facet normal 0.8168152725315942 -0.5768993071231213 0
		outer loop
			vertex 15.459141731262207 2.5710954666137695 0.023111635819077492
			vertex 15.459141731262207 2.5710954666137695 7.176888465881348
			vertex 15.104148864746094 2.0684711933135986 0.004875252489000559
		endloop
	endfacet
	facet normal 0.7196940548786467 -0.6942913418532105 0
		outer loop
			vertex 15.885119438171387 3.0126588344573975 0.06144355982542038
			vertex 15.885119438171387 3.0126588344573975 7.138556480407715
			vertex 15.459141731262207 2.5710954666137695 0.023111635819077492
		endloop
	endfacet
	facet normal 0.011741688250761152 -0.007146564712068171 -0.9999055252221773
		outer loop
			vertex 13.101114273071289 -7.1118597984313965 8.907265964808175e-7
			vertex 12.900036811828613 -8.124218940734863 0.004875252489000559
			vertex 12.335342407226562 -8.370010375976562 8.907265964808175e-7
		endloop
	endfacet
	facet normal 0.03365959909207679 -0.011497366510589562 -0.9993672207713649
		outer loop
			vertex 13.495058059692383 -7.967371463775635 0.023111635819077492
			vertex 12.900036811828613 -8.124218940734863 0.004875252489000559
			vertex 13.101114273071289 -7.1118597984313965 8.907265964808175e-7
		endloop
	endfacet
	facet normal 0.0331751309149345 -0.012828486874315106 -0.9993672201014462
		outer loop
			vertex 15.104148864746094 -2.0684711933135986 0.004875252489000559
			vertex 15.459141731262207 -2.5710954666137695 0.023111635819077492
			vertex 14.607451438903809 -2.9732329845428467 8.907265964808175e-7
		endloop
	endfacet
	facet normal 0.0135883741473129 -0.002072820956910831 -0.9999055252879211
		outer loop
			vertex 14.829559326171875 -1.5172051191329956 8.907265964808175e-7
			vertex 15.104148864746094 -2.0684711933135986 0.004875252489000559
			vertex 14.607451438903809 -2.9732329845428467 8.907265964808175e-7
		endloop
	endfacet
	facet normal 0.06668946665677929 -0.038362379459783026 -0.9970360288772006
		outer loop
			vertex 13.6718111038208 -7.660102367401123 0.023111628368496895
			vertex 14.105207443237305 -7.902927398681641 0.06144355982542038
			vertex 13.495058059692383 -7.967371463775635 0.023111635819077492
		endloop
	endfacet
	facet normal 0.02607056372446586 -0.014996818756015665 -0.9995476082379907
		outer loop
			vertex 13.6718111038208 -7.660102367401123 0.023111628368496895
			vertex 13.495058059692383 -7.967371463775635 0.023111635819077492
			vertex 13.101114273071289 -7.1118597984313965 8.907265964808175e-7
		endloop
	endfacet
	facet normal 0.11247006413761351 -0.019357684568440583 -0.9934665393061962
		outer loop
			vertex 13.871826171875 -7.2916412353515625 0.023111628368496895
			vertex 15.06613540649414 -7.9194231033325195 0.1705513596534729
			vertex 14.105207443237305 -7.902927398681641 0.06144355982542038
		endloop
	endfacet
	facet normal 0.026603746599489612 -0.014441550882164294 -0.9995417361346088
		outer loop
			vertex 13.871826171875 -7.2916412353515625 0.023111628368496895
			vertex 13.6718111038208 -7.660102367401123 0.023111628368496895
			vertex 13.101114273071289 -7.1118597984313965 8.907265964808175e-7
		endloop
	endfacet
	facet normal 0.06761774832528472 -0.0367055500745039 -0.9970358783439776
		outer loop
			vertex 13.871826171875 -7.2916412353515625 0.023111628368496895
			vertex 14.105207443237305 -7.902927398681641 0.06144355982542038
			vertex 13.6718111038208 -7.660102367401123 0.023111628368496895
		endloop
	endfacet
	facet normal 0.026780398282613603 -0.01368501793369808 -0.999547662971596
		outer loop
			vertex 14.036348342895508 -6.9696855545043945 0.023111628368496895
			vertex 13.871826171875 -7.2916412353515625 0.023111628368496895
			vertex 13.101114273071289 -7.1118597984313965 8.907265964808175e-7
		endloop
	endfacet
	facet normal 0.02664466551027093 -0.012802226742184957 -0.9995629869049212
		outer loop
			vertex 14.210413932800293 -6.607550621032715 0.023111628368496895
			vertex 13.101114273071289 -7.1118597984313965 8.907265964808175e-7
			vertex 13.738988876342773 -5.7842817306518555 8.907265964808175e-7
		endloop
	endfacet
	facet normal 0.026647530212411875 -0.012808535264637207 -0.9995628297200498
		outer loop
			vertex 14.210413932800293 -6.607550621032715 0.023111628368496895
			vertex 14.036348342895508 -6.9696855545043945 0.023111628368496895
			vertex 13.101114273071289 -7.1118597984313965 8.907265964808175e-7
		endloop
	endfacet
	facet normal 0.027381131228387715 -0.012380097984989197 -0.9995484014426396
		outer loop
			vertex 14.34740924835205 -6.3045573234558105 0.023111628368496895
			vertex 14.210413932800293 -6.607550621032715 0.023111628368496895
			vertex 13.738988876342773 -5.7842817306518555 8.907265964808175e-7
		endloop
	endfacet
	facet normal 0.027756795987131756 -0.011940565600417744 -0.9995433873372735
		outer loop
			vertex 14.443608283996582 -6.080935001373291 0.023111628368496895
			vertex 14.34740924835205 -6.3045573234558105 0.023111628368496895
			vertex 13.738988876342773 -5.7842817306518555 8.907265964808175e-7
		endloop
	endfacet
	facet normal 0.15892266624315982 -0.08121088200267311 -0.9839453129104856
		outer loop
			vertex 15.24482250213623 -7.5697479248046875 0.1705513596534729
			vertex 15.655752182006836 -7.973766803741455 0.2702690660953522
			vertex 15.06613540649414 -7.9194231033325195 0.1705513596534729
		endloop
	endfacet
	facet normal 0.09673687393156843 -0.04943339449228629 -0.9940816449019255
		outer loop
			vertex 15.24482250213623 -7.5697479248046875 0.1705513596534729
			vertex 15.06613540649414 -7.9194231033325195 0.1705513596534729
			vertex 13.871826171875 -7.2916412353515625 0.023111628368496895
		endloop
	endfacet
	facet normal 0.09673687489342575 -0.04943338981727943 -0.9940816450408019
		outer loop
			vertex 15.24482250213623 -7.5697479248046875 0.1705513596534729
			vertex 13.871826171875 -7.2916412353515625 0.023111628368496895
			vertex 14.036348342895508 -6.9696855545043945 0.023111628368496895
		endloop
	endfacet
	facet normal 0.0979134989878014 -0.047063592560826754 -0.9940814679749516
		outer loop
			vertex 15.43387508392334 -7.1764349937438965 0.1705513596534729
			vertex 14.036348342895508 -6.9696855545043945 0.023111628368496895
			vertex 14.210413932800293 -6.607550621032715 0.023111628368496895
		endloop
	endfacet
	facet normal 0.09791347020302679 -0.04706378273323631 -0.9940814618066468
		outer loop
			vertex 15.43387508392334 -7.1764349937438965 0.1705513596534729
			vertex 15.24482250213623 -7.5697479248046875 0.1705513596534729
			vertex 14.036348342895508 -6.9696855545043945 0.023111628368496895
		endloop
	endfacet
	facet normal 0.16210057087394736 -0.07791640958824066 -0.9836932642034396
		outer loop
			vertex 15.43387508392334 -7.1764349937438965 0.1705513596534729
			vertex 15.655752182006836 -7.973766803741455 0.2702690660953522
			vertex 15.24482250213623 -7.5697479248046875 0.1705513596534729
		endloop
	endfacet
	facet normal 0.09898667093408496 -0.0447558092158493 -0.9940817655096696
		outer loop
			vertex 15.582664489746094 -6.847354888916016 0.1705513596534729
			vertex 14.210413932800293 -6.607550621032715 0.023111628368496895
			vertex 14.34740924835205 -6.3045573234558105 0.023111628368496895
		endloop
	endfacet
	facet normal 0.09898671013644433 -0.04475558859218796 -0.9940817715390071
		outer loop
			vertex 15.582664489746094 -6.847354888916016 0.1705513596534729
			vertex 15.43387508392334 -7.1764349937438965 0.1705513596534729
			vertex 14.210413932800293 -6.607550621032715 0.023111628368496895
		endloop
	endfacet
	facet normal 0.09978980393544193 -0.04292818667727585 -0.9940820719735003
		outer loop
			vertex 15.687146186828613 -6.6044793128967285 0.1705513596534729
			vertex 15.582664489746094 -6.847354888916016 0.1705513596534729
			vertex 14.34740924835205 -6.3045573234558105 0.023111628368496895
		endloop
	endfacet
	facet normal 0.0997898204141001 -0.042928113801783074 -0.9940820734663427
		outer loop
			vertex 15.687146186828613 -6.6044793128967285 0.1705513596534729
			vertex 14.34740924835205 -6.3045573234558105 0.023111628368496895
			vertex 14.443608283996582 -6.080935001373291 0.023111628368496895
		endloop
	endfacet
	facet normal 0.02819690878858227 -0.010262835620826954 -0.9995497028861489
		outer loop
			vertex 14.931539535522461 -4.758647918701172 0.023111628368496895
			vertex 13.738988876342773 -5.7842817306518555 8.907265964808175e-7
			vertex 14.242740631103516 -4.400235176086426 8.907265964808175e-7
		endloop
	endfacet
	facet normal 0.028375578549677892 -0.01047074552565101 -0.9995424903575176
		outer loop
			vertex 14.931539535522461 -4.758647918701172 0.023111628368496895
			vertex 14.443608283996582 -6.080935001373291 0.023111628368496895
			vertex 13.738988876342773 -5.7842817306518555 8.907265964808175e-7
		endloop
	endfacet
	facet normal 0.1969013118367398 -0.0946442421870443 -0.9758444244949147
		outer loop
			vertex 16.433324813842773 -7.641158103942871 0.39490529894828796
			vertex 16.23202896118164 -8.059941291809082 0.39490529894828796
			vertex 15.655752182006836 -7.973766803741455 0.2702690660953522
		endloop
	endfacet
	facet normal 0.2356339407752041 -0.11326179368833873 -0.9652193595474802
		outer loop
			vertex 16.433324813842773 -7.641158103942871 0.39490529894828796
			vertex 16.835769653320312 -8.167604446411133 0.554926872253418
			vertex 16.23202896118164 -8.059941291809082 0.39490529894828796
		endloop
	endfacet
	facet normal 0.18718484475806413 -0.07044860015530452 -0.979795299350358
		outer loop
			vertex 16.433324813842773 -7.641158103942871 0.39490529894828796
			vertex 15.655752182006836 -7.973766803741455 0.2702690660953522
			vertex 15.43387508392334 -7.1764349937438965 0.1705513596534729
		endloop
	endfacet
	facet normal 0.028939468155590727 -0.008835293237116364 -0.9995421175599785
		outer loop
			vertex 15.043244361877441 -4.392765522003174 0.023111628368496895
			vertex 14.931539535522461 -4.758647918701172 0.023111628368496895
			vertex 14.242740631103516 -4.400235176086426 8.907265964808175e-7
		endloop
	endfacet
	facet normal 0.1817551745895598 -0.082178302594549 -0.9799039662602643
		outer loop
			vertex 16.59174919128418 -7.290768146514893 0.39490529894828796
			vertex 15.43387508392334 -7.1764349937438965 0.1705513596534729
			vertex 15.582664489746094 -6.847354888916016 0.1705513596534729
		endloop
	endfacet
	facet normal 0.24095573629664666 -0.10894508162831205 -0.9644020439291601
		outer loop
			vertex 16.59174919128418 -7.290768146514893 0.39490529894828796
			vertex 16.835769653320312 -8.167604446411133 0.554926872253418
			vertex 16.433324813842773 -7.641158103942871 0.39490529894828796
		endloop
	endfacet
	facet normal 0.181755175062114 -0.08217829833746824 -0.9799039665296282
		outer loop
			vertex 16.59174919128418 -7.290768146514893 0.39490529894828796
			vertex 16.433324813842773 -7.641158103942871 0.39490529894828796
			vertex 15.43387508392334 -7.1764349937438965 0.1705513596534729
		endloop
	endfacet
	facet normal 0.028932943156425348 -0.008116585259397 -0.9995484009511667
		outer loop
			vertex 15.133060455322266 -4.072600841522217 0.023111628368496895
			vertex 15.043244361877441 -4.392765522003174 0.023111628368496895
			vertex 14.242740631103516 -4.400235176086426 8.907265964808175e-7
		endloop
	endfacet
	facet normal 0.1832297328954551 -0.07882313495529715 -0.9799049843627081
		outer loop
			vertex 16.7029972076416 -7.032164573669434 0.39490529894828796
			vertex 16.59174919128418 -7.290768146514893 0.39490529894828796
			vertex 15.582664489746094 -6.847354888916016 0.1705513596534729
		endloop
	endfacet
	facet normal 0.1832297735737067 -0.0788229018858051 -0.9799049955043749
		outer loop
			vertex 16.7029972076416 -7.032164573669434 0.39490529894828796
			vertex 15.582664489746094 -6.847354888916016 0.1705513596534729
			vertex 15.687146186828613 -6.6044793128967285 0.1705513596534729
		endloop
	endfacet
	facet normal 0.028598209751266392 -0.007309082103612213 -0.9995642649263855
		outer loop
			vertex 15.197978973388672 -3.8232216835021973 0.023111628368496895
			vertex 14.242740631103516 -4.400235176086426 8.907265964808175e-7
			vertex 14.607451438903809 -2.9732329845428467 8.907265964808175e-7
		endloop
	endfacet
	facet normal 0.02869530234039868 -0.007469976714159151 -0.999560292864559
		outer loop
			vertex 15.197978973388672 -3.8232216835021973 0.023111628368496895
			vertex 15.133060455322266 -4.072600841522217 0.023111628368496895
			vertex 14.242740631103516 -4.400235176086426 8.907265964808175e-7
		endloop
	endfacet
	facet normal 0.10201333100805997 -0.037643518801183475 -0.9940705436682575
		outer loop
			vertex 16.217086791992188 -5.168348789215088 0.1705513596534729
			vertex 15.687146186828613 -6.6044793128967285 0.1705513596534729
			vertex 14.443608283996582 -6.080935001373291 0.023111628368496895
		endloop
	endfacet
	facet normal 0.10201330912390456 -0.03764347564564819 -0.9940705475482645
		outer loop
			vertex 16.217086791992188 -5.168348789215088 0.1705513596534729
			vertex 14.443608283996582 -6.080935001373291 0.023111628368496895
			vertex 14.931539535522461 -4.758647918701172 0.023111628368496895
		endloop
	endfacet
	facet normal 0.029034805408303686 -0.0070054752395781895 -0.9995538521718424
		outer loop
			vertex 15.269251823425293 -3.527825117111206 0.023111628368496895
			vertex 15.197978973388672 -3.8232216835021973 0.023111628368496895
			vertex 14.607451438903809 -2.9732329845428467 8.907265964808175e-7
		endloop
	endfacet
	facet normal 0.10390184980637625 -0.031721499026263554 -0.9940815620995795
		outer loop
			vertex 16.338409423828125 -4.770965576171875 0.1705513596534729
			vertex 14.931539535522461 -4.758647918701172 0.023111628368496895
			vertex 15.043244361877441 -4.392765522003174 0.023111628368496895
		endloop
	endfacet
	facet normal 0.10390184816594247 -0.031721636089190645 -0.9940815578973018
		outer loop
			vertex 16.338409423828125 -4.770965576171875 0.1705513596534729
			vertex 16.217086791992188 -5.168348789215088 0.1705513596534729
			vertex 14.931539535522461 -4.758647918701172 0.023111628368496895
		endloop
	endfacet
	facet normal 0.0295290519091923 -0.006415247662512048 -0.9995433355741876
		outer loop
			vertex 15.356610298156738 -3.125718593597412 0.023111628368496895
			vertex 15.269251823425293 -3.527825117111206 0.023111628368496895
			vertex 14.607451438903809 -2.9732329845428467 8.907265964808175e-7
		endloop
	endfacet
	facet normal 0.07529311635726918 -0.013919188217709197 -0.997064292224213
		outer loop
			vertex 15.356610298156738 -3.125718593597412 0.023111628368496895
			vertex 15.459141731262207 -2.5710954666137695 0.023111635819077492
			vertex 15.885119438171387 -3.0126588344573975 0.06144355982542038
		endloop
	endfacet
	facet normal 0.029716642385067837 -0.00549360878659486 -0.9995432664111434
		outer loop
			vertex 15.356610298156738 -3.125718593597412 0.023111628368496895
			vertex 14.607451438903809 -2.9732329845428467 8.907265964808175e-7
			vertex 15.459141731262207 -2.5710954666137695 0.023111635819077492
		endloop
	endfacet
	facet normal 0.07583408558834205 -0.016475112096569065 -0.9969843339513343
		outer loop
			vertex 15.356610298156738 -3.125718593597412 0.023111628368496895
			vertex 15.885119438171387 -3.0126588344573975 0.06144355982542038
			vertex 15.269251823425293 -3.527825117111206 0.023111628368496895
		endloop
	endfacet
	facet normal 0.28743383565455555 -0.1299601118064052 -0.9489426534096655
		outer loop
			vertex 17.954416275024414 -7.889553546905518 0.8556841015815735
			vertex 17.78297996520996 -8.268720626831055 0.8556841015815735
			vertex 16.835769653320312 -8.167604446411133 0.554926872253418
		endloop
	endfacet
	facet normal 0.3485074837424942 -0.15757390374519625 -0.9239659077227769
		outer loop
			vertex 17.954416275024414 -7.889553546905518 0.8556841015815735
			vertex 18.742130279541016 -8.23569107055664 1.2118297815322876
			vertex 17.78297996520996 -8.268720626831055 0.8556841015815735
		endloop
	endfacet
	facet normal 0.2806587583906536 -0.09617579246684473 -0.9549768993446863
		outer loop
			vertex 17.954416275024414 -7.889553546905518 0.8556841015815735
			vertex 16.835769653320312 -8.167604446411133 0.554926872253418
			vertex 16.59174919128418 -7.290768146514893 0.39490529894828796
		endloop
	endfacet
	facet normal 0.10459666886155969 -0.029342139372399857 -0.994081775167474
		outer loop
			vertex 16.435956954956055 -4.4232354164123535 0.1705513596534729
			vertex 16.338409423828125 -4.770965576171875 0.1705513596534729
			vertex 15.043244361877441 -4.392765522003174 0.023111628368496895
		endloop
	endfacet
	facet normal 0.10459665754748937 -0.029342596922899353 -0.9940817628523891
		outer loop
			vertex 16.435956954956055 -4.4232354164123535 0.1705513596534729
			vertex 15.043244361877441 -4.392765522003174 0.023111628368496895
			vertex 15.133060455322266 -4.072600841522217 0.023111628368496895
		endloop
	endfacet
	facet normal 0.2716657529299682 -0.11686654974366088 -0.9552695578924338
		outer loop
			vertex 18.074800491333008 -7.609710693359375 0.8556841015815735
			vertex 17.954416275024414 -7.889553546905518 0.8556841015815735
			vertex 16.59174919128418 -7.290768146514893 0.39490529894828796
		endloop
	endfacet
	facet normal 0.27166561494193314 -0.11686714318084855 -0.9552695245337666
		outer loop
			vertex 18.074800491333008 -7.609710693359375 0.8556841015815735
			vertex 16.59174919128418 -7.290768146514893 0.39490529894828796
			vertex 16.7029972076416 -7.032164573669434 0.39490529894828796
		endloop
	endfacet
	facet normal 0.17494399733184277 -0.04554230096400069 -0.9835245277167524
		outer loop
			vertex 16.506465911865234 -4.152385711669922 0.1705513596534729
			vertex 17.118440628051758 -3.955063819885254 0.2702690660953522
			vertex 16.435956954956055 -4.4232354164123535 0.1705513596534729
		endloop
	endfacet
	facet normal 0.10512822213701699 -0.02736750734746639 -0.9940820270238753
		outer loop
			vertex 16.506465911865234 -4.152385711669922 0.1705513596534729
			vertex 16.435956954956055 -4.4232354164123535 0.1705513596534729
			vertex 15.133060455322266 -4.072600841522217 0.023111628368496895
		endloop
	endfacet
	facet normal 0.10512825015043228 -0.027367043264027054 -0.9940820368376511
		outer loop
			vertex 16.506465911865234 -4.152385711669922 0.1705513596534729
			vertex 15.133060455322266 -4.072600841522217 0.023111628368496895
			vertex 15.197978973388672 -3.8232216835021973 0.023111628368496895
		endloop
	endfacet
	facet normal 0.18730758521903462 -0.06911759998543641 -0.9798666367887353
		outer loop
			vertex 17.267253875732422 -5.503034591674805 0.39490529894828796
			vertex 15.687146186828613 -6.6044793128967285 0.1705513596534729
			vertex 16.217086791992188 -5.168348789215088 0.1705513596534729
		endloop
	endfacet
	facet normal 0.187307445551402 -0.06911739118317024 -0.9798666782154812
		outer loop
			vertex 17.267253875732422 -5.503034591674805 0.39490529894828796
			vertex 16.7029972076416 -7.032164573669434 0.39490529894828796
			vertex 15.687146186828613 -6.6044793128967285 0.1705513596534729
		endloop
	endfacet
	facet normal 0.10560310195036718 -0.025479761463266862 -0.994081871182769
		outer loop
			vertex 16.583873748779297 -3.831556797027588 0.1705513596534729
			vertex 15.197978973388672 -3.8232216835021973 0.023111628368496895
			vertex 15.269251823425293 -3.527825117111206 0.023111628368496895
		endloop
	endfacet
	facet normal 0.12266703446091054 -0.02751023633047096 -0.9920665227461349
		outer loop
			vertex 16.583873748779297 -3.831556797027588 0.1705513596534729
			vertex 15.885119438171387 -3.0126588344573975 0.06144355982542038
			vertex 16.6318359375 -3.6176953315734863 0.1705513596534729
		endloop
	endfacet
	facet normal 0.1744911251734796 -0.03913269862753461 -0.9838808256764738
		outer loop
			vertex 16.583873748779297 -3.831556797027588 0.1705513596534729
			vertex 16.6318359375 -3.6176953315734863 0.1705513596534729
			vertex 17.118440628051758 -3.955063819885254 0.2702690660953522
		endloop
	endfacet
	facet normal 0.1738415521241104 -0.041943534081746996 -0.9838800001543958
		outer loop
			vertex 16.583873748779297 -3.831556797027588 0.1705513596534729
			vertex 17.118440628051758 -3.955063819885254 0.2702690660953522
			vertex 16.506465911865234 -4.152385711669922 0.1705513596534729
		endloop
	endfacet
	facet normal 0.1056031056207218 -0.02547933681919051 -0.9940818816770142
		outer loop
			vertex 16.583873748779297 -3.831556797027588 0.1705513596534729
			vertex 16.506465911865234 -4.152385711669922 0.1705513596534729
			vertex 15.197978973388672 -3.8232216835021973 0.023111628368496895
		endloop
	endfacet
	facet normal 0.10072572283508258 -0.04646721801884196 -0.9938285196194259
		outer loop
			vertex 16.583873748779297 -3.831556797027588 0.1705513596534729
			vertex 15.269251823425293 -3.527825117111206 0.023111628368496895
			vertex 15.885119438171387 -3.0126588344573975 0.06144355982542038
		endloop
	endfacet
	facet normal 0.1920561672852837 -0.0538768479832992 -0.9799039309335745
		outer loop
			vertex 17.396432876586914 -5.079917907714844 0.39490529894828796
			vertex 16.338409423828125 -4.770965576171875 0.1705513596534729
			vertex 16.435956954956055 -4.4232354164123535 0.1705513596534729
		endloop
	endfacet
	facet normal 0.19078020011415936 -0.058245861172185054 -0.9799032273141629
		outer loop
			vertex 17.396432876586914 -5.079917907714844 0.39490529894828796
			vertex 17.267253875732422 -5.503034591674805 0.39490529894828796
			vertex 16.217086791992188 -5.168348789215088 0.1705513596534729
		endloop
	endfacet
	facet normal 0.19078020460522663 -0.05824593431526701 -0.9799032220921257
		outer loop
			vertex 17.396432876586914 -5.079917907714844 0.39490529894828796
			vertex 16.217086791992188 -5.168348789215088 0.1705513596534729
			vertex 16.338409423828125 -4.770965576171875 0.1705513596534729
		endloop
	endfacet
	facet normal 0.18867541764747234 -0.06635378057249934 -0.9797952656444553
		outer loop
			vertex 17.50029754638672 -4.709670066833496 0.39490529894828796
			vertex 16.435956954956055 -4.4232354164123535 0.1705513596534729
			vertex 17.118440628051758 -3.955063819885254 0.2702690660953522
		endloop
	endfacet
	facet normal 0.25461068721432656 -0.07142527797614397 -0.9644023162675829
		outer loop
			vertex 17.50029754638672 -4.709670066833496 0.39490529894828796
			vertex 18.146982192993164 -4.5650763511657715 0.554926872253418
			vertex 17.396432876586914 -5.079917907714844 0.39490529894828796
		endloop
	endfacet
	facet normal 0.19205607064390418 -0.05387699307845444 -0.9799039418971883
		outer loop
			vertex 17.50029754638672 -4.709670066833496 0.39490529894828796
			vertex 17.396432876586914 -5.079917907714844 0.39490529894828796
			vertex 16.435956954956055 -4.4232354164123535 0.1705513596534729
		endloop
	endfacet
	facet normal 0.3513364531573059 -0.1511395792045572 -0.9239694390404446
		outer loop
			vertex 18.867795944213867 -7.9435715675354 1.2118299007415771
			vertex 18.742130279541016 -8.23569107055664 1.2118297815322876
			vertex 17.954416275024414 -7.889553546905518 0.8556841015815735
		endloop
	endfacet
	facet normal 0.4082761035336551 -0.17563422024860065 -0.8958031279031361
		outer loop
			vertex 18.867795944213867 -7.9435715675354 1.2118299007415771
			vertex 19.6634578704834 -8.073809623718262 1.600000023841858
			vertex 18.742130279541016 -8.23569107055664 1.2118297815322876
		endloop
	endfacet
	facet normal 0.3513364412920208 -0.15113969004256242 -0.9239694254216948
		outer loop
			vertex 18.867795944213867 -7.9435715675354 1.2118299007415771
			vertex 17.954416275024414 -7.889553546905518 0.8556841015815735
			vertex 18.074800491333008 -7.609710693359375 0.8556841015815735
		endloop
	endfacet
	facet normal 0.21263007839650083 -0.05244991816917513 -0.9757240674725335
		outer loop
			vertex 17.57537269592285 -4.421281337738037 0.39490529894828796
			vertex 17.118440628051758 -3.955063819885254 0.2702690660953522
			vertex 17.615285873413086 -4.259474754333496 0.39490529894828796
		endloop
	endfacet
	facet normal 0.25438387839891974 -0.0627494177032684 -0.9650654656491572
		outer loop
			vertex 17.57537269592285 -4.421281337738037 0.39490529894828796
			vertex 17.615285873413086 -4.259474754333496 0.39490529894828796
			vertex 18.146982192993164 -4.5650763511657715 0.554926872253418
		endloop
	endfacet
	facet normal 0.2535634099277722 -0.06600920561953748 -0.9650639263381874
		outer loop
			vertex 17.57537269592285 -4.421281337738037 0.39490529894828796
			vertex 18.146982192993164 -4.5650763511657715 0.554926872253418
			vertex 17.50029754638672 -4.709670066833496 0.39490529894828796
		endloop
	endfacet
	facet normal 0.21036777555042227 -0.054764249131954934 -0.9760872276733165
		outer loop
			vertex 17.57537269592285 -4.421281337738037 0.39490529894828796
			vertex 17.50029754638672 -4.709670066833496 0.39490529894828796
			vertex 17.118440628051758 -3.955063819885254 0.2702690660953522
		endloop
	endfacet
	facet normal 0.2776984470596821 -0.10247228911286557 -0.955187417455135
		outer loop
			vertex 18.685400009155273 -5.9549946784973145 0.8556841015815735
			vertex 18.074800491333008 -7.609710693359375 0.8556841015815735
			vertex 16.7029972076416 -7.032164573669434 0.39490529894828796
		endloop
	endfacet
	facet normal 0.2776983506677536 -0.10247209061829333 -0.9551874667732642
		outer loop
			vertex 18.685400009155273 -5.9549946784973145 0.8556841015815735
			vertex 16.7029972076416 -7.032164573669434 0.39490529894828796
			vertex 17.267253875732422 -5.503034591674805 0.39490529894828796
		endloop
	endfacet
	facet normal 0.3591174437988365 -0.13251635691905317 -0.9238366071488462
		outer loop
			vertex 18.685400009155273 -5.9549946784973145 0.8556841015815735
			vertex 18.867795944213867 -7.9435715675354 1.2118299007415771
			vertex 18.074800491333008 -7.609710693359375 0.8556841015815735
		endloop
	endfacet
	facet normal 0.2768177718968484 -0.10672892381107016 -0.9549768887173109
		outer loop
			vertex 18.82518768310547 -5.497128009796143 0.8556841015815735
			vertex 17.396432876586914 -5.079917907714844 0.39490529894828796
			vertex 18.146982192993164 -4.5650763511657715 0.554926872253418
		endloop
	endfacet
	facet normal 0.3037237225972194 -0.08520372954396889 -0.9489426878392001
		outer loop
			vertex 18.82518768310547 -5.497128009796143 0.8556841015815735
			vertex 18.146982192993164 -4.5650763511657715 0.554926872253418
			vertex 18.937583923339844 -5.096471786499023 0.8556841015815735
		endloop
	endfacet
	facet normal 0.36825903428667994 -0.10330784467927727 -0.9239657855645762
		outer loop
			vertex 18.82518768310547 -5.497128009796143 0.8556841015815735
			vertex 18.937583923339844 -5.096471786499023 0.8556841015815735
			vertex 19.651103973388672 -5.738303184509277 1.2118297815322876
		endloop
	endfacet
	facet normal 0.2828594687746709 -0.08635798337368826 -0.9552658371532716
		outer loop
			vertex 18.82518768310547 -5.497128009796143 0.8556841015815735
			vertex 17.267253875732422 -5.503034591674805 0.39490529894828796
			vertex 17.396432876586914 -5.079917907714844 0.39490529894828796
		endloop
	endfacet
	facet normal 0.28285947678559553 -0.08635760368141965 -0.9552658691060736
		outer loop
			vertex 18.82518768310547 -5.497128009796143 0.8556841015815735
			vertex 18.685400009155273 -5.9549946784973145 0.8556841015815735
			vertex 17.267253875732422 -5.503034591674805 0.39490529894828796
		endloop
	endfacet
	facet normal 0.42409443312986334 -0.1294764134142624 -0.8963145486700744
		outer loop
			vertex 19.505184173583984 -6.2162580490112305 1.2118299007415771
			vertex 19.651103973388672 -5.738303184509277 1.2118297815322876
			vertex 20.25282859802246 -6.454530715942383 1.600000023841858
		endloop
	endfacet
	facet normal 0.4169275739877334 -0.15174958830888263 -0.8961827160221223
		outer loop
			vertex 19.505184173583984 -6.2162580490112305 1.2118299007415771
			vertex 20.25282859802246 -6.454530715942383 1.600000023841858
			vertex 19.6634578704834 -8.073809623718262 1.600000023841858
		endloop
	endfacet
	facet normal 0.41307385386257534 -0.15242653374096968 -0.8978508467818209
		outer loop
			vertex 19.505184173583984 -6.2162580490112305 1.2118299007415771
			vertex 19.6634578704834 -8.073809623718262 1.600000023841858
			vertex 18.867795944213867 -7.9435715675354 1.2118299007415771
		endloop
	endfacet
	facet normal 0.3591175132008816 -0.13251634600213238 -0.9238365817365418
		outer loop
			vertex 19.505184173583984 -6.2162580490112305 1.2118299007415771
			vertex 18.867795944213867 -7.9435715675354 1.2118299007415771
			vertex 18.685400009155273 -5.9549946784973145 0.8556841015815735
		endloop
	endfacet
	facet normal 0.36581208424871253 -0.11168321228766817 -0.9239634078851394
		outer loop
			vertex 19.505184173583984 -6.2162580490112305 1.2118299007415771
			vertex 18.685400009155273 -5.9549946784973145 0.8556841015815735
			vertex 18.82518768310547 -5.497128009796143 0.8556841015815735
		endloop
	endfacet
	facet normal 0.3658123844349016 -0.11168288893440066 -0.9239633281214782
		outer loop
			vertex 19.505184173583984 -6.2162580490112305 1.2118299007415771
			vertex 18.82518768310547 -5.497128009796143 0.8556841015815735
			vertex 19.651103973388672 -5.738303184509277 1.2118297815322876
		endloop
	endfacet
	facet normal 0.000737801109093411 -0.00044915903799706125 -0.9999996269527714
		outer loop
			vertex 13.099775314331055 -7.112348556518555 0
			vertex 12.335342407226562 -8.370010375976562 8.907265964808175e-7
			vertex 12.333560943603516 -8.370953559875488 0
		endloop
	endfacet
	facet normal 0.0008552530693571706 -0.0005205487724441781 -0.9999994987854558
		outer loop
			vertex 13.101114273071289 -7.1118597984313965 8.907265964808175e-7
			vertex 12.335342407226562 -8.370010375976562 8.907265964808175e-7
			vertex 13.099775314331055 -7.112348556518555 0
		endloop
	endfacet
	facet normal 0.0008067502521474669 -0.00038767452978083017 -0.9999995994311648
		outer loop
			vertex 13.737980842590332 -5.784243583679199 0
			vertex 13.101114273071289 -7.1118597984313965 8.907265964808175e-7
			vertex 13.099775314331055 -7.112348556518555 0
		endloop
	endfacet
	facet normal 0.0008678474622082962 -0.0004169832788682444 -0.9999995364827564
		outer loop
			vertex 13.738988876342773 -5.7842817306518555 8.907265964808175e-7
			vertex 13.101114273071289 -7.1118597984313965 8.907265964808175e-7
			vertex 13.737980842590332 -5.784243583679199 0
		endloop
	endfacet
	facet normal 0.0008716218922707775 -0.00031724474278060905 -0.9999995698154326
		outer loop
			vertex 14.241944313049316 -4.399616718292236 0
			vertex 13.738988876342773 -5.7842817306518555 8.907265964808175e-7
			vertex 13.737980842590332 -5.784243583679199 0
		endloop
	endfacet
	facet normal 0.0008720484309765664 -0.00031739967553239554 -0.9999995693943973
		outer loop
			vertex 14.242740631103516 -4.400235176086426 8.907265964808175e-7
			vertex 13.738988876342773 -5.7842817306518555 8.907265964808175e-7
			vertex 14.241944313049316 -4.399616718292236 0
		endloop
	endfacet
	facet normal 0.0009333010907460265 -0.00023853151504882105 -0.9999995360257876
		outer loop
			vertex 14.607451438903809 -2.9732329845428467 8.907265964808175e-7
			vertex 14.242740631103516 -4.400235176086426 8.907265964808175e-7
			vertex 14.241944313049316 -4.399616718292236 0
		endloop
	endfacet
	facet normal 0.0008664372441610327 -0.00022139782804180547 -0.999999600134672
		outer loop
			vertex 14.606739044189453 -2.9719977378845215 0
			vertex 14.607451438903809 -2.9732329845428467 8.907265964808175e-7
			vertex 14.241944313049316 -4.399616718292236 0
		endloop
	endfacet
	facet normal 0.0009887906304566483 -0.00015083378766200066 -0.9999994997710037
		outer loop
			vertex 14.829559326171875 -1.5172051191329956 8.907265964808175e-7
			vertex 14.607451438903809 -2.9732329845428467 8.907265964808175e-7
			vertex 14.606739044189453 -2.9719977378845215 0
		endloop
	endfacet
	facet normal 0.000854111281211967 -0.00013020590551424558 -0.9999996267701011
		outer loop
			vertex 14.828801155090332 -1.515337586402893 0
			vertex 14.829559326171875 -1.5172051191329956 8.907265964808175e-7
			vertex 14.606739044189453 -2.9719977378845215 0
		endloop
	endfacet
	facet normal 0 0 -1
		outer loop
			vertex -7.972447395324707 -12.264800071716309 0
			vertex -8.72672176361084 -12.084449768066406 0
			vertex -9.877195358276367 -11.163808822631836 0
		endloop
	endfacet
	facet normal 0 0 -1
		outer loop
			vertex -13.462870597839355 -5.7215681076049805 0
			vertex -12.709362030029297 -7.788563251495361 0
			vertex -13.416239738464355 -6.495700359344482 0
		endloop
	endfacet
	facet normal 0 0 -1
		outer loop
			vertex -4.729544162750244 -14.1358060836792 0
			vertex -6.10207986831665 -13.599787712097168 0
			vertex -6.635404586791992 -13.036742210388184 0
		endloop
	endfacet
	facet normal 0 0 -1
		outer loop
			vertex -14.742328643798828 -2.2030346393585205 0
			vertex -13.990910530090332 -4.270791053771973 0
			vertex -14.452791213989258 -3.6477973461151123 0
		endloop
	endfacet
	facet normal 0 0 -1
		outer loop
			vertex 1.7764121294021606 -14.51997184753418 0
			vertex 1.082678198814392 -14.866654396057129 0
			vertex -0.390412837266922 -14.900912284851074 0
		endloop
	endfacet
	facet normal 0 0 -1
		outer loop
			vertex -13.990910530090332 4.270791053771973 0
			vertex -14.742328643798828 2.2030346393585205 0
			vertex -14.452791213989258 3.6477973461151123 0
		endloop
	endfacet
	facet normal 0 0 -1
		outer loop
			vertex 5.463280200958252 -13.86874771118164 0
			vertex 4.067310810089111 -14.340383529663086 0
			vertex 3.296841621398926 -14.251879692077637 0
		endloop
	endfacet
	facet normal 0 0 -1
		outer loop
			vertex -12.709362030029297 7.788563251495361 0
			vertex -13.462870597839355 5.7215681076049805 0
			vertex -13.416239738464355 6.495700359344482 0
		endloop
	endfacet
	facet normal 0 0 -1
		outer loop
			vertex -1.87127685546875 -1.657806634902954 0
			vertex -7.972447395324707 -12.264800071716309 0
			vertex -9.877195358276367 -11.163808822631836 0
		endloop
	endfacet
	facet normal 0 0 -1
		outer loop
			vertex -1.87127685546875 -1.657806634902954 0
			vertex -10.931151390075684 -10.134077072143555 0
			vertex -11.878292083740234 -9.005318641662598 0
		endloop
	endfacet
	facet normal 0 0 -1
		outer loop
			vertex -1.87127685546875 -1.657806634902954 0
			vertex -9.877195358276367 -11.163808822631836 0
			vertex -10.931151390075684 -10.134077072143555 0
		endloop
	endfacet
	facet normal 0 0 -1
		outer loop
			vertex -1.4201618432998657 -2.057459592819214 0
			vertex -7.266641616821289 -12.58619213104248 0
			vertex -7.972447395324707 -12.264800071716309 0
		endloop
	endfacet
	facet normal 0 0 -1
		outer loop
			vertex -1.4201618432998657 -2.057459592819214 0
			vertex -7.972447395324707 -12.264800071716309 0
			vertex -1.87127685546875 -1.657806634902954 0
		endloop
	endfacet
	facet normal 0 0 -1
		outer loop
			vertex -2.213639974594116 -1.161807894706726 0
			vertex -12.709362030029297 -7.788563251495361 0
			vertex -13.462870597839355 -5.7215681076049805 0
		endloop
	endfacet
	facet normal 0 0 -1
		outer loop
			vertex -2.213639974594116 -1.161807894706726 0
			vertex -13.462870597839355 -5.7215681076049805 0
			vertex -13.656818389892578 -4.970675468444824 0
		endloop
	endfacet
	facet normal 0 0 -1
		outer loop
			vertex -2.213639974594116 -1.161807894706726 0
			vertex -1.87127685546875 -1.657806634902954 0
			vertex -11.878292083740234 -9.005318641662598 0
		endloop
	endfacet
	facet normal 0 0 -1
		outer loop
			vertex -2.213639974594116 -1.161807894706726 0
			vertex -11.878292083740234 -9.005318641662598 0
			vertex -12.709362030029297 -7.788563251495361 0
		endloop
	endfacet
	facet normal 0 0 -1
		outer loop
			vertex -0.8865122199058533 -2.337540626525879 0
			vertex -4.729544162750244 -14.1358060836792 0
			vertex -6.635404586791992 -13.036742210388184 0
		endloop
	endfacet
	facet normal 0 0 -1
		outer loop
			vertex -0.8865122199058533 -2.337540626525879 0
			vertex -7.266641616821289 -12.58619213104248 0
			vertex -1.4201618432998657 -2.057459592819214 0
		endloop
	endfacet
	facet normal 0 0 -1
		outer loop
			vertex -0.8865122199058533 -2.337540626525879 0
			vertex -6.635404586791992 -13.036742210388184 0
			vertex -7.266641616821289 -12.58619213104248 0
		endloop
	endfacet
	facet normal 0 0 -1
		outer loop
			vertex -0.8865122199058533 -2.337540626525879 0
			vertex -3.3107924461364746 -14.53369426727295 0
			vertex -4.729544162750244 -14.1358060836792 0
		endloop
	endfacet
	facet normal 0 0 -1
		outer loop
			vertex -2.427354574203491 -0.5982891321182251 0
			vertex -13.990910530090332 -4.270791053771973 0
			vertex -14.742328643798828 -2.2030346393585205 0
		endloop
	endfacet
	facet normal 0 0 -1
		outer loop
			vertex -2.427354574203491 -0.5982891321182251 0
			vertex -13.656818389892578 -4.970675468444824 0
			vertex -13.990910530090332 -4.270791053771973 0
		endloop
	endfacet
	facet normal 0 0 -1
		outer loop
			vertex -2.427354574203491 -0.5982891321182251 0
			vertex -2.213639974594116 -1.161807894706726 0
			vertex -13.656818389892578 -4.970675468444824 0
		endloop
	endfacet
	facet normal 0 0 -1
		outer loop
			vertex -0.301341712474823 -2.4817721843719482 0
			vertex -3.3107924461364746 -14.53369426727295 0
			vertex -0.8865122199058533 -2.337540626525879 0
		endloop
	endfacet
	facet normal 0 0 -1
		outer loop
			vertex -0.301341712474823 -2.4817721843719482 0
			vertex 1.7764121294021606 -14.51997184753418 0
			vertex -0.390412837266922 -14.900912284851074 0
		endloop
	endfacet
	facet normal 0 0 -1
		outer loop
			vertex -0.301341712474823 -2.4817721843719482 0
			vertex -1.8596887588500977 -14.789562225341797 0
			vertex -3.3107924461364746 -14.53369426727295 0
		endloop
	endfacet
	facet normal 0 0 -1
		outer loop
			vertex -0.301341712474823 -2.4817721843719482 0
			vertex -0.390412837266922 -14.900912284851074 0
			vertex -1.8596887588500977 -14.789562225341797 0
		endloop
	endfacet
	facet normal 0 0 -1
		outer loop
			vertex -2.5 2.5266078021012744e-15 0
			vertex -14.887807846069336 0.7367446422576904 0
			vertex -14.742328643798828 2.2030346393585205 0
		endloop
	endfacet
	facet normal 0 0 -1
		outer loop
			vertex -2.5 2.5266078021012744e-15 0
			vertex -14.887807846069336 -0.7367446422576904 0
			vertex -14.887807846069336 0.7367446422576904 0
		endloop
	endfacet
	facet normal 0 0 -1
		outer loop
			vertex -2.5 2.5266078021012744e-15 0
			vertex -14.742328643798828 -2.2030346393585205 0
			vertex -14.887807846069336 -0.7367446422576904 0
		endloop
	endfacet
	facet normal 0 0 -1
		outer loop
			vertex -2.5 2.5266078021012744e-15 0
			vertex -2.427354574203491 -0.5982891321182251 0
			vertex -14.742328643798828 -2.2030346393585205 0
		endloop
	endfacet
	facet normal 0 0 -1
		outer loop
			vertex 0.301341712474823 -2.4817721843719482 0
			vertex 2.5236780643463135 -14.31248950958252 0
			vertex 1.7764121294021606 -14.51997184753418 0
		endloop
	endfacet
	facet normal 0 0 -1
		outer loop
			vertex 0.301341712474823 -2.4817721843719482 0
			vertex 1.7764121294021606 -14.51997184753418 0
			vertex -0.301341712474823 -2.4817721843719482 0
		endloop
	endfacet
	facet normal 0 0 -1
		outer loop
			vertex -2.427354574203491 0.5982891321182251 0
			vertex -13.990910530090332 4.270791053771973 0
			vertex -13.656818389892578 4.970675468444824 0
		endloop
	endfacet
	facet normal 0 0 -1
		outer loop
			vertex -2.427354574203491 0.5982891321182251 0
			vertex -2.5 2.5266078021012744e-15 0
			vertex -14.742328643798828 2.2030346393585205 0
		endloop
	endfacet
	facet normal 0 0 -1
		outer loop
			vertex -2.427354574203491 0.5982891321182251 0
			vertex -14.742328643798828 2.2030346393585205 0
			vertex -13.990910530090332 4.270791053771973 0
		endloop
	endfacet
	facet normal 0 0 -1
		outer loop
			vertex 0.8865122199058533 -2.337540626525879 0
			vertex 3.296841621398926 -14.251879692077637 0
			vertex 2.5236780643463135 -14.31248950958252 0
		endloop
	endfacet
	facet normal 0 0 -1
		outer loop
			vertex 0.8865122199058533 -2.337540626525879 0
			vertex 5.463280200958252 -13.86874771118164 0
			vertex 3.296841621398926 -14.251879692077637 0
		endloop
	endfacet
	facet normal 0 0 -1
		outer loop
			vertex 0.8865122199058533 -2.337540626525879 0
			vertex 6.805864334106445 -13.261591911315918 0
			vertex 5.463280200958252 -13.86874771118164 0
		endloop
	endfacet
	facet normal 0 0 -1
		outer loop
			vertex 0.8865122199058533 -2.337540626525879 0
			vertex 2.5236780643463135 -14.31248950958252 0
			vertex 0.301341712474823 -2.4817721843719482 0
		endloop
	endfacet
	facet normal 0 0 -1
		outer loop
			vertex -2.213639974594116 1.161807894706726 0
			vertex -12.709362030029297 7.788563251495361 0
			vertex -11.878292083740234 9.005318641662598 0
		endloop
	endfacet
	facet normal 0 0 -1
		outer loop
			vertex -2.213639974594116 1.161807894706726 0
			vertex -13.656818389892578 4.970675468444824 0
			vertex -13.462870597839355 5.7215681076049805 0
		endloop
	endfacet
	facet normal 0 0 -1
		outer loop
			vertex -2.213639974594116 1.161807894706726 0
			vertex -13.462870597839355 5.7215681076049805 0
			vertex -12.709362030029297 7.788563251495361 0
		endloop
	endfacet
	facet normal 0 0 -1
		outer loop
			vertex -2.213639974594116 1.161807894706726 0
			vertex -2.427354574203491 0.5982891321182251 0
			vertex -13.656818389892578 4.970675468444824 0
		endloop
	endfacet
	facet normal 0 0 -1
		outer loop
			vertex 1.4201618432998657 -2.057459592819214 0
			vertex 8.08194351196289 -12.524847030639648 0
			vertex 6.805864334106445 -13.261591911315918 0
		endloop
	endfacet
	facet normal 0 0 -1
		outer loop
			vertex 1.4201618432998657 -2.057459592819214 0
			vertex 9.279047966003418 -11.6657133102417 0
			vertex 8.08194351196289 -12.524847030639648 0
		endloop
	endfacet
	facet normal 0 0 -1
		outer loop
			vertex 1.4201618432998657 -2.057459592819214 0
			vertex 6.805864334106445 -13.261591911315918 0
			vertex 0.8865122199058533 -2.337540626525879 0
		endloop
	endfacet
	facet normal 0 0 -1
		outer loop
			vertex -1.87127685546875 1.657806634902954 0
			vertex -11.878292083740234 9.005318641662598 0
			vertex -10.931151390075684 10.134077072143555 0
		endloop
	endfacet
	facet normal 0 0 -1
		outer loop
			vertex -1.87127685546875 1.657806634902954 0
			vertex -2.213639974594116 1.161807894706726 0
			vertex -11.878292083740234 9.005318641662598 0
		endloop
	endfacet
	facet normal 0 0 -1
		outer loop
			vertex 10.694068908691406 -9.981088638305664 0
			vertex 1.4201618432998657 -2.057459592819214 0
			vertex 1.87127685546875 -1.657806634902954 0
		endloop
	endfacet
	facet normal 0 0 -1
		outer loop
			vertex 10.694068908691406 -9.981088638305664 0
			vertex 9.279047966003418 -11.6657133102417 0
			vertex 1.4201618432998657 -2.057459592819214 0
		endloop
	endfacet
	facet normal 0 0 -1
		outer loop
			vertex 10.694068908691406 -9.981088638305664 0
			vertex 10.385480880737305 -10.692585945129395 0
			vertex 9.279047966003418 -11.6657133102417 0
		endloop
	endfacet
	facet normal 0 0 -1
		outer loop
			vertex -9.877195358276367 11.163808822631836 0
			vertex -1.87127685546875 1.657806634902954 0
			vertex -10.931151390075684 10.134077072143555 0
		endloop
	endfacet
	facet normal 0 0 -1
		outer loop
			vertex 11.133140563964844 -9.341814041137695 0
			vertex 1.87127685546875 -1.657806634902954 0
			vertex 2.213639974594116 -1.161807894706726 0
		endloop
	endfacet
	facet normal 0 0 -1
		outer loop
			vertex 11.133140563964844 -9.341814041137695 0
			vertex 10.694068908691406 -9.981088638305664 0
			vertex 1.87127685546875 -1.657806634902954 0
		endloop
	endfacet
	facet normal 0 0 -1
		outer loop
			vertex 11.686458587646484 -8.7984037399292 0
			vertex 11.133140563964844 -9.341814041137695 0
			vertex 2.213639974594116 -1.161807894706726 0
		endloop
	endfacet
	facet normal 0 0 -1
		outer loop
			vertex -7.972447395324707 12.264800071716309 0
			vertex -1.87127685546875 1.657806634902954 0
			vertex -9.877195358276367 11.163808822631836 0
		endloop
	endfacet
	facet normal 0 0 -1
		outer loop
			vertex -7.972447395324707 12.264800071716309 0
			vertex -9.877195358276367 11.163808822631836 0
			vertex -8.72672176361084 12.084449768066406 0
		endloop
	endfacet
	facet normal 0 0 -1
		outer loop
			vertex -7.972447395324707 12.264800071716309 0
			vertex -1.4201618432998657 2.057459592819214 0
			vertex -1.87127685546875 1.657806634902954 0
		endloop
	endfacet
	facet normal 0 0 -1
		outer loop
			vertex -7.266641616821289 12.58619213104248 0
			vertex -1.4201618432998657 2.057459592819214 0
			vertex -7.972447395324707 12.264800071716309 0
		endloop
	endfacet
	facet normal 0 0 -1
		outer loop
			vertex -7.266641616821289 12.58619213104248 0
			vertex -0.8865122199058533 2.337540626525879 0
			vertex -1.4201618432998657 2.057459592819214 0
		endloop
	endfacet
	facet normal 0 0 -1
		outer loop
			vertex 13.099775314331055 -7.112348556518555 0
			vertex 11.686458587646484 -8.7984037399292 0
			vertex 2.213639974594116 -1.161807894706726 0
		endloop
	endfacet
	facet normal 0 0 -1
		outer loop
			vertex 13.099775314331055 -7.112348556518555 0
			vertex 12.333560943603516 -8.370953559875488 0
			vertex 11.686458587646484 -8.7984037399292 0
		endloop
	endfacet
	facet normal 0 0 -1
		outer loop
			vertex -6.635404586791992 13.036742210388184 0
			vertex -0.8865122199058533 2.337540626525879 0
			vertex -7.266641616821289 12.58619213104248 0
		endloop
	endfacet
	facet normal 0 0 -1
		outer loop
			vertex 13.737980842590332 -5.784243583679199 0
			vertex 2.213639974594116 -1.161807894706726 0
			vertex 2.427354574203491 -0.5982891321182251 0
		endloop
	endfacet
	facet normal 0 0 -1
		outer loop
			vertex 13.737980842590332 -5.784243583679199 0
			vertex 13.099775314331055 -7.112348556518555 0
			vertex 2.213639974594116 -1.161807894706726 0
		endloop
	endfacet
	facet normal 0 0 -1
		outer loop
			vertex -4.729544162750244 14.1358060836792 0
			vertex -6.635404586791992 13.036742210388184 0
			vertex -6.10207986831665 13.599787712097168 0
		endloop
	endfacet
	facet normal 0 0 -1
		outer loop
			vertex -4.729544162750244 14.1358060836792 0
			vertex -0.8865122199058533 2.337540626525879 0
			vertex -6.635404586791992 13.036742210388184 0
		endloop
	endfacet
	facet normal 0 0 -1
		outer loop
			vertex 14.241944313049316 -4.399616718292236 0
			vertex 13.737980842590332 -5.784243583679199 0
			vertex 2.427354574203491 -0.5982891321182251 0
		endloop
	endfacet
	facet normal 0 0 -1
		outer loop
			vertex -3.3107924461364746 14.53369426727295 0
			vertex -0.8865122199058533 2.337540626525879 0
			vertex -4.729544162750244 14.1358060836792 0
		endloop
	endfacet
	facet normal 0 0 -1
		outer loop
			vertex -3.3107924461364746 14.53369426727295 0
			vertex -0.301341712474823 2.4817721843719482 0
			vertex -0.8865122199058533 2.337540626525879 0
		endloop
	endfacet
	facet normal 0 0 -1
		outer loop
			vertex 14.606739044189453 -2.9719977378845215 0
			vertex 14.241944313049316 -4.399616718292236 0
			vertex 2.427354574203491 -0.5982891321182251 0
		endloop
	endfacet
	facet normal 0 0 -1
		outer loop
			vertex -1.8596887588500977 14.789562225341797 0
			vertex -0.301341712474823 2.4817721843719482 0
			vertex -3.3107924461364746 14.53369426727295 0
		endloop
	endfacet
	facet normal 0 0 -1
		outer loop
			vertex 14.6078519821167 -0.7719422578811646 0
			vertex 14.828801155090332 -1.515337586402893 0
			vertex 14.606739044189453 -2.9719977378845215 0
		endloop
	endfacet
	facet normal 0 0 -1
		outer loop
			vertex 14.6078519821167 -0.7719422578811646 0
			vertex 2.427354574203491 -0.5982891321182251 0
			vertex 2.5 -3.0616169991140216e-16 0
		endloop
	endfacet
	facet normal 0 0 -1
		outer loop
			vertex 14.6078519821167 -0.7719422578811646 0
			vertex 14.606739044189453 -2.9719977378845215 0
			vertex 2.427354574203491 -0.5982891321182251 0
		endloop
	endfacet
	facet normal 0 0 -1
		outer loop
			vertex -0.390412837266922 14.900912284851074 0
			vertex -0.301341712474823 2.4817721843719482 0
			vertex -1.8596887588500977 14.789562225341797 0
		endloop
	endfacet
	facet normal 0 0 -1
		outer loop
			vertex 14.533283233642578 -4.440892098500626e-16 0
			vertex 14.6078519821167 -0.7719422578811646 0
			vertex 2.5 -3.0616169991140216e-16 0
		endloop
	endfacet
	facet normal 0 0 -1
		outer loop
			vertex 14.6078519821167 0.7719422578811646 0
			vertex 14.533283233642578 -4.440892098500626e-16 0
			vertex 2.5 -3.0616169991140216e-16 0
		endloop
	endfacet
	facet normal 0 0 -1
		outer loop
			vertex 14.6078519821167 0.7719422578811646 0
			vertex 2.5 -3.0616169991140216e-16 0
			vertex 2.427354574203491 0.5982891321182251 0
		endloop
	endfacet
	facet normal 0 0 -1
		outer loop
			vertex 1.7764121294021606 14.51997184753418 0
			vertex -0.390412837266922 14.900912284851074 0
			vertex 1.082678198814392 14.866654396057129 0
		endloop
	endfacet
	facet normal 0 0 -1
		outer loop
			vertex 1.7764121294021606 14.51997184753418 0
			vertex -0.301341712474823 2.4817721843719482 0
			vertex -0.390412837266922 14.900912284851074 0
		endloop
	endfacet
	facet normal 0 0 -1
		outer loop
			vertex 1.7764121294021606 14.51997184753418 0
			vertex 0.301341712474823 2.4817721843719482 0
			vertex -0.301341712474823 2.4817721843719482 0
		endloop
	endfacet
	facet normal 0 0 -1
		outer loop
			vertex 2.5236780643463135 14.31248950958252 0
			vertex 0.8865122199058533 2.337540626525879 0
			vertex 0.301341712474823 2.4817721843719482 0
		endloop
	endfacet
	facet normal 0 0 -1
		outer loop
			vertex 2.5236780643463135 14.31248950958252 0
			vertex 0.301341712474823 2.4817721843719482 0
			vertex 1.7764121294021606 14.51997184753418 0
		endloop
	endfacet
	facet normal 0 0 -1
		outer loop
			vertex 3.296841621398926 14.251879692077637 0
			vertex 0.8865122199058533 2.337540626525879 0
			vertex 2.5236780643463135 14.31248950958252 0
		endloop
	endfacet
	facet normal 0 0 -1
		outer loop
			vertex 14.606739044189453 2.9719977378845215 0
			vertex 14.828801155090332 1.515337586402893 0
			vertex 14.6078519821167 0.7719422578811646 0
		endloop
	endfacet
	facet normal 0 0 -1
		outer loop
			vertex 14.606739044189453 2.9719977378845215 0
			vertex 14.6078519821167 0.7719422578811646 0
			vertex 2.427354574203491 0.5982891321182251 0
		endloop
	endfacet
	facet normal 0 0 -1
		outer loop
			vertex 14.241944313049316 4.399616718292236 0
			vertex 14.606739044189453 2.9719977378845215 0
			vertex 2.427354574203491 0.5982891321182251 0
		endloop
	endfacet
	facet normal 0 0 -1
		outer loop
			vertex 5.463280200958252 13.86874771118164 0
			vertex 3.296841621398926 14.251879692077637 0
			vertex 4.067310810089111 14.340383529663086 0
		endloop
	endfacet
	facet normal 0 0 -1
		outer loop
			vertex 5.463280200958252 13.86874771118164 0
			vertex 0.8865122199058533 2.337540626525879 0
			vertex 3.296841621398926 14.251879692077637 0
		endloop
	endfacet
	facet normal 0 0 -1
		outer loop
			vertex 13.737980842590332 5.784243583679199 0
			vertex 2.427354574203491 0.5982891321182251 0
			vertex 2.213639974594116 1.161807894706726 0
		endloop
	endfacet
	facet normal 0 0 -1
		outer loop
			vertex 13.737980842590332 5.784243583679199 0
			vertex 14.241944313049316 4.399616718292236 0
			vertex 2.427354574203491 0.5982891321182251 0
		endloop
	endfacet
	facet normal 0 0 -1
		outer loop
			vertex 6.805864334106445 13.261591911315918 0
			vertex 0.8865122199058533 2.337540626525879 0
			vertex 5.463280200958252 13.86874771118164 0
		endloop
	endfacet
	facet normal 0 0 -1
		outer loop
			vertex 6.805864334106445 13.261591911315918 0
			vertex 1.4201618432998657 2.057459592819214 0
			vertex 0.8865122199058533 2.337540626525879 0
		endloop
	endfacet
	facet normal 0 0 -1
		outer loop
			vertex 13.099775314331055 7.112348556518555 0
			vertex 13.737980842590332 5.784243583679199 0
			vertex 2.213639974594116 1.161807894706726 0
		endloop
	endfacet
	facet normal 0 0 -1
		outer loop
			vertex 11.133140563964844 9.341814041137695 0
			vertex 2.213639974594116 1.161807894706726 0
			vertex 1.87127685546875 1.657806634902954 0
		endloop
	endfacet
	facet normal 0 0 -1
		outer loop
			vertex 11.686458587646484 8.7984037399292 0
			vertex 13.099775314331055 7.112348556518555 0
			vertex 2.213639974594116 1.161807894706726 0
		endloop
	endfacet
	facet normal 0 0 -1
		outer loop
			vertex 11.686458587646484 8.7984037399292 0
			vertex 2.213639974594116 1.161807894706726 0
			vertex 11.133140563964844 9.341814041137695 0
		endloop
	endfacet
	facet normal 0 0 -1
		outer loop
			vertex 8.08194351196289 12.524847030639648 0
			vertex 1.4201618432998657 2.057459592819214 0
			vertex 6.805864334106445 13.261591911315918 0
		endloop
	endfacet
	facet normal 0 0 -1
		outer loop
			vertex 10.694068908691406 9.981088638305664 0
			vertex 11.133140563964844 9.341814041137695 0
			vertex 1.87127685546875 1.657806634902954 0
		endloop
	endfacet
	facet normal 0 0 -1
		outer loop
			vertex 10.694068908691406 9.981088638305664 0
			vertex 1.87127685546875 1.657806634902954 0
			vertex 1.4201618432998657 2.057459592819214 0
		endloop
	endfacet
	facet normal 0 0 -1
		outer loop
			vertex 12.333560943603516 8.370953559875488 0
			vertex 13.099775314331055 7.112348556518555 0
			vertex 11.686458587646484 8.7984037399292 0
		endloop
	endfacet
	facet normal 0 0 -1
		outer loop
			vertex 9.279047966003418 11.6657133102417 0
			vertex 1.4201618432998657 2.057459592819214 0
			vertex 8.08194351196289 12.524847030639648 0
		endloop
	endfacet
	facet normal 0 0 -1
		outer loop
			vertex 9.279047966003418 11.6657133102417 0
			vertex 10.694068908691406 9.981088638305664 0
			vertex 1.4201618432998657 2.057459592819214 0
		endloop
	endfacet
	facet normal 0 0 -1
		outer loop
			vertex 10.385480880737305 10.692585945129395 0
			vertex 10.694068908691406 9.981088638305664 0
			vertex 9.279047966003418 11.6657133102417 0
		endloop
	endfacet
	facet normal 0.000854111281211967 0.00013020590551424558 -0.9999996267701011
		outer loop
			vertex 14.606739044189453 2.9719977378845215 0
			vertex 14.829559326171875 1.5172051191329956 8.907265964808175e-7
			vertex 14.828801155090332 1.515337586402893 0
		endloop
	endfacet
	facet normal 0.0009887906304566483 0.00015083378766200066 -0.9999994997710037
		outer loop
			vertex 14.607451438903809 2.9732329845428467 8.907265964808175e-7
			vertex 14.829559326171875 1.5172051191329956 8.907265964808175e-7
			vertex 14.606739044189453 2.9719977378845215 0
		endloop
	endfacet
	facet normal 0.0008664372441610327 0.00022139782804180547 -0.999999600134672
		outer loop
			vertex 14.241944313049316 4.399616718292236 0
			vertex 14.607451438903809 2.9732329845428467 8.907265964808175e-7
			vertex 14.606739044189453 2.9719977378845215 0
		endloop
	endfacet
	facet normal 0.0009333010907460265 0.00023853151504882105 -0.9999995360257876
		outer loop
			vertex 14.242740631103516 4.400235176086426 8.907265964808175e-7
			vertex 14.607451438903809 2.9732329845428467 8.907265964808175e-7
			vertex 14.241944313049316 4.399616718292236 0
		endloop
	endfacet
	facet normal 0.0008716218922707775 0.00031724474278060905 -0.9999995698154326
		outer loop
			vertex 13.738988876342773 5.7842817306518555 8.907265964808175e-7
			vertex 14.241944313049316 4.399616718292236 0
			vertex 13.737980842590332 5.784243583679199 0
		endloop
	endfacet
	facet normal 0.0008720484309765664 0.00031739967553239554 -0.9999995693943973
		outer loop
			vertex 13.738988876342773 5.7842817306518555 8.907265964808175e-7
			vertex 14.242740631103516 4.400235176086426 8.907265964808175e-7
			vertex 14.241944313049316 4.399616718292236 0
		endloop
	endfacet
	facet normal 0.0008678474622082962 0.0004169832788682444 -0.9999995364827564
		outer loop
			vertex 13.101114273071289 7.1118597984313965 8.907265964808175e-7
			vertex 13.738988876342773 5.7842817306518555 8.907265964808175e-7
			vertex 13.737980842590332 5.784243583679199 0
		endloop
	endfacet
	facet normal 0.0008067502521474669 0.00038767452978083017 -0.9999995994311648
		outer loop
			vertex 13.099775314331055 7.112348556518555 0
			vertex 13.101114273071289 7.1118597984313965 8.907265964808175e-7
			vertex 13.737980842590332 5.784243583679199 0
		endloop
	endfacet
	facet normal 0.0008552530693571706 0.0005205487724441781 -0.9999994987854558
		outer loop
			vertex 12.335342407226562 8.370010375976562 8.907265964808175e-7
			vertex 13.101114273071289 7.1118597984313965 8.907265964808175e-7
			vertex 13.099775314331055 7.112348556518555 0
		endloop
	endfacet
	facet normal 0.000737801109093411 0.00044915903799706125 -0.9999996269527714
		outer loop
			vertex 12.333560943603516 8.370953559875488 0
			vertex 12.335342407226562 8.370010375976562 8.907265964808175e-7
			vertex 13.099775314331055 7.112348556518555 0
		endloop
	endfacet
	facet normal 0.0135883741473129 0.002072820956910831 -0.9999055252879211
		outer loop
			vertex 14.607451438903809 2.9732329845428467 8.907265964808175e-7
			vertex 15.104148864746094 2.0684711933135986 0.004875252489000559
			vertex 14.829559326171875 1.5172051191329956 8.907265964808175e-7
		endloop
	endfacet
	facet normal 0.0331751309149345 0.012828486874315105 -0.9993672201014462
		outer loop
			vertex 15.459141731262207 2.5710954666137695 0.023111635819077492
			vertex 15.104148864746094 2.0684711933135986 0.004875252489000559
			vertex 14.607451438903809 2.9732329845428467 8.907265964808175e-7
		endloop
	endfacet
	facet normal 0.03365959909207679 0.01149736651058956 -0.9993672207713649
		outer loop
			vertex 12.900036811828613 8.124218940734863 0.004875252489000559
			vertex 13.495058059692383 7.967371463775635 0.023111635819077492
			vertex 13.101114273071289 7.1118597984313965 8.907265964808175e-7
		endloop
	endfacet
	facet normal 0.011741688250761152 0.007146564712068171 -0.9999055252221773
		outer loop
			vertex 12.335342407226562 8.370010375976562 8.907265964808175e-7
			vertex 12.900036811828613 8.124218940734863 0.004875252489000559
			vertex 13.101114273071289 7.1118597984313965 8.907265964808175e-7
		endloop
	endfacet
	facet normal 0.07574596531791271 0.01347986968680792 -0.9970360283617059
		outer loop
			vertex 15.39703369140625 2.9200918674468994 0.023111628368496895
			vertex 15.885119438171387 3.0126588344573975 0.06144355982542038
			vertex 15.459141731262207 2.5710954666137695 0.023111635819077492
		endloop
	endfacet
	facet normal 0.029610993879170197 0.005269605464187379 -0.9995476078205278
		outer loop
			vertex 15.39703369140625 2.9200918674468994 0.023111628368496895
			vertex 15.459141731262207 2.5710954666137695 0.023111635819077492
			vertex 14.607451438903809 2.9732329845428467 8.907265964808175e-7
		endloop
	endfacet
	facet normal 0.09859993918554141 0.05746553640397067 -0.9934665390029055
		outer loop
			vertex 15.313411712646484 3.3309166431427 0.023111628368496895
			vertex 16.6318359375 3.6176953315734863 0.1705513596534729
			vertex 15.885119438171387 3.0126588344573975 0.06144355982542038
		endloop
	endfacet
	facet normal 0.029662517202660037 0.006037703980440277 -0.9995417355987926
		outer loop
			vertex 15.313411712646484 3.3309166431427 0.023111628368496895
			vertex 15.39703369140625 2.9200918674468994 0.023111628368496895
			vertex 14.607451438903809 2.9732329845428467 8.907265964808175e-7
		endloop
	endfacet
	facet normal 0.07539207424458796 0.015345798997779502 -0.9970358777868621
		outer loop
			vertex 15.313411712646484 3.3309166431427 0.023111628368496895
			vertex 15.885119438171387 3.0126588344573975 0.06144355982542038
			vertex 15.39703369140625 2.9200918674468994 0.023111628368496895
		endloop
	endfacet
	facet normal 0.10587995597032238 0.02431293522426046 -0.9940816445868537
		outer loop
			vertex 15.232494354248047 3.683302164077759 0.023111628368496895
			vertex 16.6318359375 3.6176953315734863 0.1705513596534729
			vertex 15.313411712646484 3.3309166431427 0.023111628368496895
		endloop
	endfacet
	facet normal 0.029311575839696166 0.0067307399042674625 -0.9995476620262462
		outer loop
			vertex 15.232494354248047 3.683302164077759 0.023111628368496895
			vertex 15.313411712646484 3.3309166431427 0.023111628368496895
			vertex 14.607451438903809 2.9732329845428467 8.907265964808175e-7
		endloop
	endfacet
	facet normal 0.028640103888054543 0.0073197893362714535 -0.9995629870765295
		outer loop
			vertex 15.133060455322266 4.072600841522217 0.023111628368496895
			vertex 14.607451438903809 2.9732329845428467 8.907265964808175e-7
			vertex 14.242740631103516 4.400235176086426 8.907265964808175e-7
		endloop
	endfacet
	facet normal 0.028646357696651376 0.0073167960767269715 -0.9995628297840448
		outer loop
			vertex 15.133060455322266 4.072600841522217 0.023111628368496895
			vertex 15.232494354248047 3.683302164077759 0.023111628368496895
			vertex 14.607451438903809 2.9732329845428467 8.907265964808175e-7
		endloop
	endfacet
	facet normal 0.028932943156425348 0.008116585259397 -0.9995484009511667
		outer loop
			vertex 15.043244361877441 4.392765522003174 0.023111628368496895
			vertex 15.133060455322266 4.072600841522217 0.023111628368496895
			vertex 14.242740631103516 4.400235176086426 8.907265964808175e-7
		endloop
	endfacet
	facet normal 0.028938192193009346 0.008694620743861025 -0.999543388054126
		outer loop
			vertex 14.973196029663086 4.625906467437744 0.023111628368496895
			vertex 15.043244361877441 4.392765522003174 0.023111628368496895
			vertex 14.242740631103516 4.400235176086426 8.907265964808175e-7
		endloop
	endfacet
	facet normal 0.1739429482666161 0.03994243552353193 -0.9839453504096486
		outer loop
			vertex 16.5439510345459 4.000420093536377 0.1705513596534729
			vertex 17.118440628051758 3.955063819885254 0.2702690660953522
			vertex 16.6318359375 3.6176953315734863 0.1705513596534729
		endloop
	endfacet
	facet normal 0.10587996606727902 0.02431316566736445 -0.9940816378752921
		outer loop
			vertex 16.5439510345459 4.000420093536377 0.1705513596534729
			vertex 16.6318359375 3.6176953315734863 0.1705513596534729
			vertex 15.232494354248047 3.683302164077759 0.023111628368496895
		endloop
	endfacet
	facet normal 0.10525806206525602 0.02688480621929036 -0.9940814592199263
		outer loop
			vertex 16.435956954956055 4.4232354164123535 0.1705513596534729
			vertex 15.232494354248047 3.683302164077759 0.023111628368496895
			vertex 15.133060455322266 4.072600841522217 0.023111628368496895
		endloop
	endfacet
	facet normal 0.1052581375957062 0.026884682446392204 -0.9940814545698154
		outer loop
			vertex 16.435956954956055 4.4232354164123535 0.1705513596534729
			vertex 16.5439510345459 4.000420093536377 0.1705513596534729
			vertex 15.232494354248047 3.683302164077759 0.023111628368496895
		endloop
	endfacet
	facet normal 0.1742597186795528 0.04450883615186185 -0.9836933027880845
		outer loop
			vertex 16.435956954956055 4.4232354164123535 0.1705513596534729
			vertex 17.118440628051758 3.955063819885254 0.2702690660953522
			vertex 16.5439510345459 4.000420093536377 0.1705513596534729
		endloop
	endfacet
	facet normal 0.10459677288723428 0.029342168554360195 -0.994081763360592
		outer loop
			vertex 16.338409423828125 4.770965576171875 0.1705513596534729
			vertex 16.435956954956055 4.4232354164123535 0.1705513596534729
			vertex 15.133060455322266 4.072600841522217 0.023111628368496895
		endloop
	endfacet
	facet normal 0.10459654456569037 0.029342565228010955 -0.994081775675803
		outer loop
			vertex 16.338409423828125 4.770965576171875 0.1705513596534729
			vertex 15.133060455322266 4.072600841522217 0.023111628368496895
			vertex 15.043244361877441 4.392765522003174 0.023111628368496895
		endloop
	endfacet
	facet normal 0.1040369812328372 0.03125893728303631 -0.9940820818100957
		outer loop
			vertex 16.2623291015625 5.024178504943848 0.1705513596534729
			vertex 16.338409423828125 4.770965576171875 0.1705513596534729
			vertex 15.043244361877441 4.392765522003174 0.023111628368496895
		endloop
	endfacet
	facet normal 0.10403721310820688 0.031258487233443114 -0.9940820716945631
		outer loop
			vertex 16.2623291015625 5.024178504943848 0.1705513596534729
			vertex 15.043244361877441 4.392765522003174 0.023111628368496895
			vertex 14.973196029663086 4.625906467437744 0.023111628368496895
		endloop
	endfacet
	facet normal 0.02819691638827218 0.010262838386887905 -0.9995497026433641
		outer loop
			vertex 14.49702262878418 5.952472686767578 0.023111628368496895
			vertex 14.242740631103516 4.400235176086426 8.907265964808175e-7
			vertex 13.738988876342773 5.7842817306518555 8.907265964808175e-7
		endloop
	endfacet
	facet normal 0.028467391228059462 0.010218422795405914 -0.9995424910789151
		outer loop
			vertex 14.49702262878418 5.952472686767578 0.023111628368496895
			vertex 14.973196029663086 4.625906467437744 0.023111628368496895
			vertex 14.242740631103516 4.400235176086426 8.907265964808175e-7
		endloop
	endfacet
	facet normal 0.2116709122787284 0.05406472126045493 -0.975844470604881
		outer loop
			vertex 17.50029754638672 4.709670066833496 0.39490529894828796
			vertex 17.615285873413086 4.259474754333496 0.39490529894828796
			vertex 17.118440628051758 3.955063819885254 0.2702690660953522
		endloop
	endfacet
	facet normal 0.2533091212438403 0.06469990082881728 -0.9652193594864407
		outer loop
			vertex 17.50029754638672 4.709670066833496 0.39490529894828796
			vertex 18.146982192993164 4.5650763511657715 0.554926872253418
			vertex 17.615285873413086 4.259474754333496 0.39490529894828796
		endloop
	endfacet
	facet normal 0.19205611380200463 0.05387683297982111 -0.9799039422409402
		outer loop
			vertex 17.50029754638672 4.709670066833496 0.39490529894828796
			vertex 16.435956954956055 4.4232354164123535 0.1705513596534729
			vertex 16.338409423828125 4.770965576171875 0.1705513596534729
		endloop
	endfacet
	facet normal 0.18867541764747234 0.06635378057249934 -0.9797952656444553
		outer loop
			vertex 17.50029754638672 4.709670066833496 0.39490529894828796
			vertex 17.118440628051758 3.955063819885254 0.2702690660953522
			vertex 16.435956954956055 4.4232354164123535 0.1705513596534729
		endloop
	endfacet
	facet normal 0.027848150663101416 0.011833677262036265 -0.9995421174653438
		outer loop
			vertex 14.34740924835205 6.3045573234558105 0.023111628368496895
			vertex 14.49702262878418 5.952472686767578 0.023111628368496895
			vertex 13.738988876342773 5.7842817306518555 8.907265964808175e-7
		endloop
	endfacet
	facet normal 0.25461068721432656 0.07142527797614397 -0.9644023162675829
		outer loop
			vertex 17.396432876586914 5.079917907714844 0.39490529894828796
			vertex 18.146982192993164 4.5650763511657715 0.554926872253418
			vertex 17.50029754638672 4.709670066833496 0.39490529894828796
		endloop
	endfacet
	facet normal 0.19205612087442128 0.05387700716949157 -0.9799039312775149
		outer loop
			vertex 17.396432876586914 5.079917907714844 0.39490529894828796
			vertex 17.50029754638672 4.709670066833496 0.39490529894828796
			vertex 16.338409423828125 4.770965576171875 0.1705513596534729
		endloop
	endfacet
	facet normal 0.027381131228387715 0.012380097984989197 -0.9995484014426396
		outer loop
			vertex 14.210413932800293 6.607550621032715 0.023111628368496895
			vertex 14.34740924835205 6.3045573234558105 0.023111628368496895
			vertex 13.738988876342773 5.7842817306518555 8.907265964808175e-7
		endloop
	endfacet
	facet normal 0.19102859277828 0.05739642509963755 -0.9799049582112195
		outer loop
			vertex 17.315425872802734 5.349528789520264 0.39490529894828796
			vertex 16.338409423828125 4.770965576171875 0.1705513596534729
			vertex 16.2623291015625 5.024178504943848 0.1705513596534729
		endloop
	endfacet
	facet normal 0.19102867855791938 0.05739627712058148 -0.9799049501564489
		outer loop
			vertex 17.315425872802734 5.349528789520264 0.39490529894828796
			vertex 17.396432876586914 5.079917907714844 0.39490529894828796
			vertex 16.338409423828125 4.770965576171875 0.1705513596534729
		endloop
	endfacet
	facet normal 0.026605681958438918 0.012783495928334929 -0.9995642650272051
		outer loop
			vertex 14.099846839904785 6.840314865112305 0.023111628368496895
			vertex 13.738988876342773 5.7842817306518555 8.907265964808175e-7
			vertex 13.101114273071289 7.1118597984313965 8.907265964808175e-7
		endloop
	endfacet
	facet normal 0.026783518375986668 0.012722640352500472 -0.9995602921114186
		outer loop
			vertex 14.099846839904785 6.840314865112305 0.023111628368496895
			vertex 14.210413932800293 6.607550621032715 0.023111628368496895
			vertex 13.738988876342773 5.7842817306518555 8.907265964808175e-7
		endloop
	endfacet
	facet normal 0.1023435233104122 0.03673638005028578 -0.9940705415699694
		outer loop
			vertex 15.745159149169922 6.464957237243652 0.1705513596534729
			vertex 16.2623291015625 5.024178504943848 0.1705513596534729
			vertex 14.973196029663086 4.625906467437744 0.023111628368496895
		endloop
	endfacet
	facet normal 0.10234350147624348 0.03673638936804655 -0.9940705434735412
		outer loop
			vertex 15.745159149169922 6.464957237243652 0.1705513596534729
			vertex 14.973196029663086 4.625906467437744 0.023111628368496895
			vertex 14.49702262878418 5.952472686767578 0.023111628368496895
		endloop
	endfacet
	facet normal 0.18791380465004506 0.0674519766471328 -0.9798666403487464
		outer loop
			vertex 15.745159149169922 6.464957237243652 0.1705513596534729
			vertex 17.315425872802734 5.349528789520264 0.39490529894828796
			vertex 16.2623291015625 5.024178504943848 0.1705513596534729
		endloop
	endfacet
	facet normal 0.02674499091062436 0.013296755569795723 -0.9995538513519459
		outer loop
			vertex 13.964567184448242 7.112415313720703 0.023111628368496895
			vertex 14.099846839904785 6.840314865112305 0.023111628368496895
			vertex 13.101114273071289 7.1118597984313965 8.907265964808175e-7
		endloop
	endfacet
	facet normal 0.09998374993194738 0.042486678647228944 -0.9940815519297566
		outer loop
			vertex 15.582664489746094 6.847354888916016 0.1705513596534729
			vertex 14.49702262878418 5.952472686767578 0.023111628368496895
			vertex 14.34740924835205 6.3045573234558105 0.023111628368496895
		endloop
	endfacet
	facet normal 0.09998371934829672 0.04248671599413821 -0.9940815534096358
		outer loop
			vertex 15.582664489746094 6.847354888916016 0.1705513596534729
			vertex 15.745159149169922 6.464957237243652 0.1705513596534729
			vertex 14.49702262878418 5.952472686767578 0.023111628368496895
		endloop
	endfacet
	facet normal 0.02674421420683314 0.014066528722972326 -0.999543335616893
		outer loop
			vertex 13.773018836975098 7.47659969329834 0.023111628368496895
			vertex 13.964567184448242 7.112415313720703 0.023111628368496895
			vertex 13.101114273071289 7.1118597984313965 8.907265964808175e-7
		endloop
	endfacet
	facet normal 0.06662494773630925 0.03773470847742949 -0.9970642948753394
		outer loop
			vertex 13.773018836975098 7.47659969329834 0.023111628368496895
			vertex 13.495058059692383 7.967371463775635 0.023111635819077492
			vertex 14.105207443237305 7.902927398681641 0.06144355982542038
		endloop
	endfacet
	facet normal 0.026295498951093947 0.014893123880275635 -0.9995432664952527
		outer loop
			vertex 13.773018836975098 7.47659969329834 0.023111628368496895
			vertex 13.101114273071289 7.1118597984313965 8.907265964808175e-7
			vertex 13.495058059692383 7.967371463775635 0.023111635819077492
		endloop
	endfacet
	facet normal 0.06868226351481058 0.03612448752534272 -0.9969843369278745
		outer loop
			vertex 13.773018836975098 7.47659969329834 0.023111628368496895
			vertex 14.105207443237305 7.902927398681641 0.06144355982542038
			vertex 13.964567184448242 7.112415313720703 0.023111628368496895
		endloop
	endfacet
	facet normal 0.3037237225972194 0.08520372954396889 -0.9489426878392001
		outer loop
			vertex 18.82518768310547 5.497128009796143 0.8556841015815735
			vertex 18.937583923339844 5.096471786499023 0.8556841015815735
			vertex 18.146982192993164 4.5650763511657715 0.554926872253418
		endloop
	endfacet
	facet normal 0.36825903428667994 0.10330784467927727 -0.9239657855645762
		outer loop
			vertex 18.82518768310547 5.497128009796143 0.8556841015815735
			vertex 19.651103973388672 5.738303184509277 1.2118297815322876
			vertex 18.937583923339844 5.096471786499023 0.8556841015815735
		endloop
	endfacet
	facet normal 0.2768177718968484 0.10672892381107016 -0.9549768887173109
		outer loop
			vertex 18.82518768310547 5.497128009796143 0.8556841015815735
			vertex 18.146982192993164 4.5650763511657715 0.554926872253418
			vertex 17.396432876586914 5.079917907714844 0.39490529894828796
		endloop
	endfacet
	facet normal 0.09898675833458881 0.04475561038436917 -0.9940817657584976
		outer loop
			vertex 15.43387508392334 7.1764349937438965 0.1705513596534729
			vertex 15.582664489746094 6.847354888916016 0.1705513596534729
			vertex 14.34740924835205 6.3045573234558105 0.023111628368496895
		endloop
	endfacet
	facet normal 0.09898661858632053 0.04475578554734388 -0.9940817717878578
		outer loop
			vertex 15.43387508392334 7.1764349937438965 0.1705513596534729
			vertex 14.34740924835205 6.3045573234558105 0.023111628368496895
			vertex 14.210413932800293 6.607550621032715 0.023111628368496895
		endloop
	endfacet
	facet normal 0.0981241564053294 0.04661069297590077 -0.9940820354628933
		outer loop
			vertex 15.43387508392334 7.1764349937438965 0.1705513596534729
			vertex 14.210413932800293 6.607550621032715 0.023111628368496895
			vertex 14.099846839904785 6.840314865112305 0.023111628368496895
		endloop
	endfacet
	facet normal 0.36629028661709545 0.11005512964846076 -0.9239693146246939
		outer loop
			vertex 18.73752784729004 5.788881301879883 0.8556841015815735
			vertex 19.651103973388672 5.738303184509277 1.2118297815322876
			vertex 18.82518768310547 5.497128009796143 0.8556841015815735
		endloop
	endfacet
	facet normal 0.2832284520708214 0.08509847285514206 -0.9552695398971377
		outer loop
			vertex 18.73752784729004 5.788881301879883 0.8556841015815735
			vertex 18.82518768310547 5.497128009796143 0.8556841015815735
			vertex 17.396432876586914 5.079917907714844 0.39490529894828796
		endloop
	endfacet
	facet normal 0.2832284292323354 0.08509851785273836 -0.9552695426600031
		outer loop
			vertex 18.73752784729004 5.788881301879883 0.8556841015815735
			vertex 17.396432876586914 5.079917907714844 0.39490529894828796
			vertex 17.315425872802734 5.349528789520264 0.39490529894828796
		endloop
	endfacet
	facet normal 0.16328812221303537 0.07756485327910691 -0.9835246223048671
		outer loop
			vertex 15.313788414001465 7.429239273071289 0.1705513596534729
			vertex 15.655752182006836 7.973766803741455 0.2702690660953522
			vertex 15.43387508392334 7.1764349937438965 0.1705513596534729
		endloop
	endfacet
	facet normal 0.09727461639562973 0.0483618334992411 -0.9940818789544827
		outer loop
			vertex 15.313788414001465 7.429239273071289 0.1705513596534729
			vertex 14.099846839904785 6.840314865112305 0.023111628368496895
			vertex 13.964567184448242 7.112415313720703 0.023111628368496895
		endloop
	endfacet
	facet normal 0.09812413797098364 0.04661076544764503 -0.9940820338844457
		outer loop
			vertex 15.313788414001465 7.429239273071289 0.1705513596534729
			vertex 15.43387508392334 7.1764349937438965 0.1705513596534729
			vertex 14.099846839904785 6.840314865112305 0.023111628368496895
		endloop
	endfacet
	facet normal 0.18791370328571483 0.06745182798113514 -0.9798666700217188
		outer loop
			vertex 16.764766693115234 6.883607387542725 0.39490529894828796
			vertex 17.315425872802734 5.349528789520264 0.39490529894828796
			vertex 15.745159149169922 6.464957237243652 0.1705513596534729
		endloop
	endfacet
	facet normal 0.27859721717058256 0.10000277382666878 -0.9551874349109601
		outer loop
			vertex 16.764766693115234 6.883607387542725 0.39490529894828796
			vertex 18.73752784729004 5.788881301879883 0.8556841015815735
			vertex 17.315425872802734 5.349528789520264 0.39490529894828796
		endloop
	endfacet
	facet normal 0.1601312620111268 0.07961244199560553 -0.9838799916688115
		outer loop
			vertex 15.166861534118652 7.724765777587891 0.1705513596534729
			vertex 15.655752182006836 7.973766803741455 0.2702690660953522
			vertex 15.313788414001465 7.429239273071289 0.1705513596534729
		endloop
	endfacet
	facet normal 0.11165162211165142 0.05777453016618496 -0.9920665395747978
		outer loop
			vertex 15.166861534118652 7.724765777587891 0.1705513596534729
			vertex 14.105207443237305 7.902927398681641 0.06144355982542038
			vertex 15.06613540649414 7.9194231033325195 0.1705513596534729
		endloop
	endfacet
	facet normal 0.15882215240684927 0.08218308934295715 -0.9838808178488405
		outer loop
			vertex 15.166861534118652 7.724765777587891 0.1705513596534729
			vertex 15.06613540649414 7.9194231033325195 0.1705513596534729
			vertex 15.655752182006836 7.973766803741455 0.2702690660953522
		endloop
	endfacet
	facet normal 0.09727457880956775 0.048361991692699946 -0.9940818749363338
		outer loop
			vertex 15.166861534118652 7.724765777587891 0.1705513596534729
			vertex 15.313788414001465 7.429239273071289 0.1705513596534729
			vertex 13.964567184448242 7.112415313720703 0.023111628368496895
		endloop
	endfacet
	facet normal 0.10702893892377906 0.02914919271801616 -0.9938285218269487
		outer loop
			vertex 15.166861534118652 7.724765777587891 0.1705513596534729
			vertex 13.964567184448242 7.112415313720703 0.023111628368496895
			vertex 14.105207443237305 7.902927398681641 0.06144355982542038
		endloop
	endfacet
	facet normal 0.18358564890198875 0.07801225841419174 -0.9799032590283356
		outer loop
			vertex 16.59174919128418 7.290768146514893 0.39490529894828796
			vertex 16.764766693115234 6.883607387542725 0.39490529894828796
			vertex 15.745159149169922 6.464957237243652 0.1705513596534729
		endloop
	endfacet
	facet normal 0.18358567884506247 0.07801222687575599 -0.9799032559293205
		outer loop
			vertex 16.59174919128418 7.290768146514893 0.39490529894828796
			vertex 15.745159149169922 6.464957237243652 0.1705513596534729
			vertex 15.582664489746094 6.847354888916016 0.1705513596534729
		endloop
	endfacet
	facet normal 0.18718484475806413 0.07044860015530452 -0.979795299350358
		outer loop
			vertex 16.433324813842773 7.641158103942871 0.39490529894828796
			vertex 15.43387508392334 7.1764349937438965 0.1705513596534729
			vertex 15.655752182006836 7.973766803741455 0.2702690660953522
		endloop
	endfacet
	facet normal 0.18175517334599714 0.08217830203228789 -0.9799039665380771
		outer loop
			vertex 16.433324813842773 7.641158103942871 0.39490529894828796
			vertex 15.582664489746094 6.847354888916016 0.1705513596534729
			vertex 15.43387508392334 7.1764349937438965 0.1705513596534729
		endloop
	endfacet
	facet normal 0.24095573629664666 0.10894508162831205 -0.9644020439291601
		outer loop
			vertex 16.433324813842773 7.641158103942871 0.39490529894828796
			vertex 16.835769653320312 8.167604446411133 0.554926872253418
			vertex 16.59174919128418 7.290768146514893 0.39490529894828796
		endloop
	endfacet
	facet normal 0.18175517623004628 0.08217829886553402 -0.9799039662687115
		outer loop
			vertex 16.433324813842773 7.641158103942871 0.39490529894828796
			vertex 16.59174919128418 7.290768146514893 0.39490529894828796
			vertex 15.582664489746094 6.847354888916016 0.1705513596534729
		endloop
	endfacet
	facet normal 0.3662902826843087 0.11005462112504878 -0.9239693767544851
		outer loop
			vertex 19.559598922729492 6.042856693267822 1.2118299007415771
			vertex 19.651103973388672 5.738303184509277 1.2118297815322876
			vertex 18.73752784729004 5.788881301879883 0.8556841015815735
		endloop
	endfacet
	facet normal 0.42565258662866085 0.12789039420211004 -0.8958035066727299
		outer loop
			vertex 19.559598922729492 6.042856693267822 1.2118299007415771
			vertex 20.25282859802246 6.454530715942383 1.600000023841858
			vertex 19.651103973388672 5.738303184509277 1.2118297815322876
		endloop
	endfacet
	facet normal 0.196598180437484 0.09649728538673195 -0.9757240539013385
		outer loop
			vertex 16.305461883544922 7.910333156585693 0.39490529894828796
			vertex 15.655752182006836 7.973766803741455 0.2702690660953522
			vertex 16.23202896118164 8.059941291809082 0.39490529894828796
		endloop
	endfacet
	facet normal 0.23520362510458334 0.11544619225470465 -0.9650655062904034
		outer loop
			vertex 16.305461883544922 7.910333156585693 0.39490529894828796
			vertex 16.23202896118164 8.059941291809082 0.39490529894828796
			vertex 16.835769653320312 8.167604446411133 0.554926872253418
		endloop
	endfacet
	facet normal 0.19635284264464203 0.09327108729563893 -0.9760871198105514
		outer loop
			vertex 16.305461883544922 7.910333156585693 0.39490529894828796
			vertex 16.433324813842773 7.641158103942871 0.39490529894828796
			vertex 15.655752182006836 7.973766803741455 0.2702690660953522
		endloop
	endfacet
	facet normal 0.23667006924466943 0.112422485926189 -0.9650639683367623
		outer loop
			vertex 16.305461883544922 7.910333156585693 0.39490529894828796
			vertex 16.835769653320312 8.167604446411133 0.554926872253418
			vertex 16.433324813842773 7.641158103942871 0.39490529894828796
		endloop
	endfacet
	facet normal 0.27859720702336105 0.10000275339467993 -0.9551874400096902
		outer loop
			vertex 18.141643524169922 7.448952674865723 0.8556841015815735
			vertex 18.73752784729004 5.788881301879883 0.8556841015815735
			vertex 16.764766693115234 6.883607387542725 0.39490529894828796
		endloop
	endfacet
	facet normal 0.2806587583906536 0.09617579246684473 -0.9549768993446863
		outer loop
			vertex 17.954416275024414 7.889553546905518 0.8556841015815735
			vertex 16.59174919128418 7.290768146514893 0.39490529894828796
			vertex 16.835769653320312 8.167604446411133 0.554926872253418
		endloop
	endfacet
	facet normal 0.28743383565455555 0.1299601118064052 -0.9489426534096655
		outer loop
			vertex 17.954416275024414 7.889553546905518 0.8556841015815735
			vertex 16.835769653320312 8.167604446411133 0.554926872253418
			vertex 17.78297996520996 8.268720626831055 0.8556841015815735
		endloop
	endfacet
	facet normal 0.3485074837424942 0.15757390374519625 -0.9239659077227769
		outer loop
			vertex 17.954416275024414 7.889553546905518 0.8556841015815735
			vertex 17.78297996520996 8.268720626831055 0.8556841015815735
			vertex 18.742130279541016 8.23569107055664 1.2118297815322876
		endloop
	endfacet
	facet normal 0.272192656040732 0.11566461729713537 -0.9552658553005017
		outer loop
			vertex 17.954416275024414 7.889553546905518 0.8556841015815735
			vertex 16.764766693115234 6.883607387542725 0.39490529894828796
			vertex 16.59174919128418 7.290768146514893 0.39490529894828796
		endloop
	endfacet
	facet normal 0.27219272269504224 0.11566453437027227 -0.955265846348946
		outer loop
			vertex 17.954416275024414 7.889553546905518 0.8556841015815735
			vertex 18.141643524169922 7.448952674865723 0.8556841015815735
			vertex 16.764766693115234 6.883607387542725 0.39490529894828796
		endloop
	endfacet
	facet normal 0.4081018368198637 0.17341612840774798 -0.8963145302807052
		outer loop
			vertex 18.937570571899414 7.775760173797607 1.2118299007415771
			vertex 18.742130279541016 8.23569107055664 1.2118297815322876
			vertex 19.6634578704834 8.073809623718262 1.600000023841858
		endloop
	endfacet
	facet normal 0.41692761585053084 0.15174960354573114 -0.8961826939664176
		outer loop
			vertex 18.937570571899414 7.775760173797607 1.2118299007415771
			vertex 19.6634578704834 8.073809623718262 1.600000023841858
			vertex 20.25282859802246 6.454530715942383 1.600000023841858
		endloop
	endfacet
	facet normal 0.35201733679727876 0.1495839082754725 -0.9239634456942475
		outer loop
			vertex 18.937570571899414 7.775760173797607 1.2118299007415771
			vertex 17.954416275024414 7.889553546905518 0.8556841015815735
			vertex 18.742130279541016 8.23569107055664 1.2118297815322876
		endloop
	endfacet
	facet normal 0.4144099351105218 0.1487530790956634 -0.8978512834212872
		outer loop
			vertex 18.937570571899414 7.775760173797607 1.2118299007415771
			vertex 20.25282859802246 6.454530715942383 1.600000023841858
			vertex 19.559598922729492 6.042856693267822 1.2118299007415771
		endloop
	endfacet
	facet normal 0.3602801993548942 0.12932294732607455 -0.9238364320850825
		outer loop
			vertex 18.937570571899414 7.775760173797607 1.2118299007415771
			vertex 18.73752784729004 5.788881301879883 0.8556841015815735
			vertex 18.141643524169922 7.448952674865723 0.8556841015815735
		endloop
	endfacet
	facet normal 0.352017387666308 0.1495849221519424 -0.9239632621730074
		outer loop
			vertex 18.937570571899414 7.775760173797607 1.2118299007415771
			vertex 18.141643524169922 7.448952674865723 0.8556841015815735
			vertex 17.954416275024414 7.889553546905518 0.8556841015815735
		endloop
	endfacet
	facet normal 0.36027985587146294 0.12932300448523015 -0.923836558036188
		outer loop
			vertex 18.937570571899414 7.775760173797607 1.2118299007415771
			vertex 19.559598922729492 6.042856693267822 1.2118299007415771
			vertex 18.73752784729004 5.788881301879883 0.8556841015815735
		endloop
	endfacet
	facet normal 0.6428654272332026 -0.7659791397083031 0
		outer loop
			vertex 15.885119438171387 3.0126588344573975 0.06144355982542038
			vertex 16.346574783325195 3.3999457359313965 7.0774688720703125
			vertex 15.885119438171387 3.0126588344573975 7.138556480407715
		endloop
	endfacet
	facet normal 0.5975572399415698 -0.8018260323540947 -0.0005990264632123428
		outer loop
			vertex 16.6318359375 3.6176953315734863 0.1705513596534729
			vertex 16.82497215270996 3.756532669067383 6.9925408363342285
			vertex 16.346574783325195 3.3999457359313965 7.0774688720703125
		endloop
	endfacet
	facet normal 0.6294121952016208 -0.7770701688489733 0.001497069305363582
		outer loop
			vertex 16.6318359375 3.6176953315734863 0.1705513596534729
			vertex 16.346574783325195 3.3999457359313965 7.0774688720703125
			vertex 15.885119438171387 3.0126588344573975 0.06144355982542038
		endloop
	endfacet
	facet normal 0.5366343175295805 -0.8438135928364845 -0.0014932494583957273
		outer loop
			vertex 17.118440628051758 3.955063819885254 0.2702690660953522
			vertex 17.615285873413086 4.259474754333496 6.8050947189331055
			vertex 16.82497215270996 3.756532669067383 6.9925408363342285
		endloop
	endfacet
	facet normal 0.5696844964547284 -0.8218632593453374 0.000597860670475291
		outer loop
			vertex 17.118440628051758 3.955063819885254 0.2702690660953522
			vertex 16.82497215270996 3.756532669067383 6.9925408363342285
			vertex 16.6318359375 3.6176953315734863 0.1705513596534729
		endloop
	endfacet
	facet normal 0.5224284148437123 -0.8526831482818727 0
		outer loop
			vertex 17.615285873413086 4.259474754333496 0.39490529894828796
			vertex 17.615285873413086 4.259474754333496 6.8050947189331055
			vertex 17.118440628051758 3.955063819885254 0.2702690660953522
		endloop
	endfacet
	facet normal 0.42442497725750417 0.1296446622297062 0.8961337513090961
		outer loop
			vertex 19.514759063720703 6.2193098068237305 5.983592510223389
			vertex 19.65913963317871 5.74664306640625 5.983592510223389
			vertex 20.25282859802246 6.454530715942383 5.599999904632568
		endloop
	endfacet
	facet normal 0.41727151751605546 0.15187477381370584 0.8960014139212527
		outer loop
			vertex 19.514759063720703 6.2193098068237305 5.983592510223389
			vertex 20.25282859802246 6.454530715942383 5.599999904632568
			vertex 19.6634578704834 8.073809623718262 5.599999904632568
		endloop
	endfacet
	facet normal 0.36935552994165854 0.10376523158936751 0.9234767291137995
		outer loop
			vertex 18.844701766967773 5.508571624755859 6.336087226867676
			vertex 18.95635223388672 5.111148357391357 6.336087226867676
			vertex 19.65913963317871 5.74664306640625 5.983592510223389
		endloop
	endfacet
	facet normal 0.3211820782637959 0.0902315791472281 0.9427090403336262
		outer loop
			vertex 18.844701766967773 5.508571624755859 6.336087226867676
			vertex 18.564693450927734 4.8257293701171875 6.49684476852417
			vertex 18.95635223388672 5.111148357391357 6.336087226867676
		endloop
	endfacet
	facet normal 0.36692386024253193 0.11208039694681257 0.9234743447464927
		outer loop
			vertex 18.844701766967773 5.508571624755859 6.336087226867676
			vertex 19.65913963317871 5.74664306640625 5.983592510223389
			vertex 19.514759063720703 6.2193098068237305 5.983592510223389
		endloop
	endfacet
	facet normal 0.29180873474689123 0.07463084090517372 0.9535606430171105
		outer loop
			vertex 18.11051368713379 4.707669258117676 6.645072937011719
			vertex 18.146982192993164 4.5650763511657715 6.645072937011719
			vertex 18.564693450927734 4.8257293701171875 6.49684476852417
		endloop
	endfacet
	facet normal 0.25326856292692007 0.06477409198348993 0.9652250266340213
		outer loop
			vertex 18.11051368713379 4.707669258117676 6.645072937011719
			vertex 17.615285873413086 4.259474754333496 6.8050947189331055
			vertex 18.146982192993164 4.5650763511657715 6.645072937011719
		endloop
	endfacet
	facet normal 0.3669238597255804 0.11208039750259041 0.9234743448844392
		outer loop
			vertex 18.706302642822266 5.96165657043457 6.336087226867676
			vertex 18.844701766967773 5.508571624755859 6.336087226867676
			vertex 19.514759063720703 6.2193098068237305 5.983592510223389
		endloop
	endfacet
	facet normal 0.249709607765338 0.06893463335838682 0.9658639283633207
		outer loop
			vertex 17.96074867248535 5.250179767608643 6.645072937011719
			vertex 17.615285873413086 4.259474754333496 6.8050947189331055
			vertex 18.11051368713379 4.707669258117676 6.645072937011719
		endloop
	endfacet
	facet normal 0.29036877069407413 0.08015896915481026 0.9535515280621443
		outer loop
			vertex 17.96074867248535 5.250179767608643 6.645072937011719
			vertex 18.11051368713379 4.707669258117676 6.645072937011719
			vertex 18.564693450927734 4.8257293701171875 6.49684476852417
		endloop
	endfacet
	facet normal 0.30238312190182964 0.09918869241147235 0.9480116301431147
		outer loop
			vertex 17.96074867248535 5.250179767608643 6.645072937011719
			vertex 18.564693450927734 4.8257293701171875 6.49684476852417
			vertex 18.844701766967773 5.508571624755859 6.336087226867676
		endloop
	endfacet
	facet normal 0.408462798334122 0.173503123401766 0.8961332537892399
		outer loop
			vertex 18.946868896484375 7.779577732086182 5.983592510223389
			vertex 19.6634578704834 8.073809623718262 5.599999904632568
			vertex 18.753644943237305 8.234467506408691 5.983592510223389
		endloop
	endfacet
	facet normal 0.4172726523020612 0.15187458029626805 0.896000918247652
		outer loop
			vertex 18.946868896484375 7.779577732086182 5.983592510223389
			vertex 19.514759063720703 6.2193098068237305 5.983592510223389
			vertex 19.6634578704834 8.073809623718262 5.599999904632568
		endloop
	endfacet
	facet normal 0.3042283848489544 0.092929465886856 0.9480554858351805
		outer loop
			vertex 17.828842163085938 5.68201208114624 6.645072937011719
			vertex 18.844701766967773 5.508571624755859 6.336087226867676
			vertex 18.706302642822266 5.96165657043457 6.336087226867676
		endloop
	endfacet
	facet normal 0.3042283099808866 0.09292888274459286 0.948055567020212
		outer loop
			vertex 17.828842163085938 5.68201208114624 6.645072937011719
			vertex 17.96074867248535 5.250179767608643 6.645072937011719
			vertex 18.844701766967773 5.508571624755859 6.336087226867676
		endloop
	endfacet
	facet normal 0.202110396371007 0.04699478092964395 0.9782345721983708
		outer loop
			vertex 16.756322860717773 4.051772594451904 6.9925408363342285
			vertex 16.82497215270996 3.756532669067383 6.9925408363342285
			vertex 17.615285873413086 4.259474754333496 6.8050947189331055
		endloop
	endfacet
	facet normal 0.14950986557350482 0.034764086883238086 0.9881489049527744
		outer loop
			vertex 16.756322860717773 4.051772594451904 6.9925408363342285
			vertex 16.346574783325195 3.3999457359313965 7.0774688720703125
			vertex 16.82497215270996 3.756532669067383 6.9925408363342285
		endloop
	endfacet
	facet normal 0.36075320250171655 0.13130305889518193 0.923372424111487
		outer loop
			vertex 18.16193962097168 7.4572858810424805 6.336087226867676
			vertex 18.706302642822266 5.96165657043457 6.336087226867676
			vertex 19.514759063720703 6.2193098068237305 5.983592510223389
		endloop
	endfacet
	facet normal 0.3607533789216888 0.1313032802699239 0.9233723237063923
		outer loop
			vertex 18.16193962097168 7.4572858810424805 6.336087226867676
			vertex 19.514759063720703 6.2193098068237305 5.983592510223389
			vertex 18.946868896484375 7.779577732086182 5.983592510223389
		endloop
	endfacet
	facet normal 0.2012658135214205 0.05048768359724611 0.978234668222582
		outer loop
			vertex 16.68475914001465 4.337056636810303 6.9925408363342285
			vertex 16.756322860717773 4.051772594451904 6.9925408363342285
			vertex 17.615285873413086 4.259474754333496 6.8050947189331055
		endloop
	endfacet
	facet normal 0.11269926232472711 0.022405399321851215 0.9933765018122236
		outer loop
			vertex 15.82950496673584 3.2923998832702637 7.138556480407715
			vertex 15.885119438171387 3.0126588344573975 7.138556480407715
			vertex 16.346574783325195 3.3999457359313965 7.0774688720703125
		endloop
	endfacet
	facet normal 0.013573896901841262 0.0020706125442275596 0.9999057264995486
		outer loop
			vertex 15.038555145263672 2.501145362854004 7.195124626159668
			vertex 14.607451438903809 2.9732329845428467 7.1999993324279785
			vertex 14.829559326171875 1.5172051191329956 7.1999993324279785
		endloop
	endfacet
	facet normal 0.042253887747661235 0.006405720181784527 0.9990863705001489
		outer loop
			vertex 15.038555145263672 2.501145362854004 7.195124626159668
			vertex 15.104148864746094 2.0684711933135986 7.195124626159668
			vertex 15.459141731262207 2.5710954666137695 7.176888465881348
		endloop
	endfacet
	facet normal 0.013609054363690686 0.002063142561297721 0.9999052640535993
		outer loop
			vertex 15.038555145263672 2.501145362854004 7.195124626159668
			vertex 14.829559326171875 1.5172051191329956 7.1999993324279785
			vertex 15.104148864746094 2.0684711933135986 7.195124626159668
		endloop
	endfacet
	facet normal 0.34964204855248193 0.15792839242730852 0.9234766162439361
		outer loop
			vertex 17.976720809936523 7.893330097198486 6.336087226867676
			vertex 18.753644943237305 8.234467506408691 5.983592510223389
			vertex 17.806791305541992 8.26954174041748 6.336087226867676
		endloop
	endfacet
	facet normal 0.3040394863611281 0.13733035690136733 0.9427090557571858
		outer loop
			vertex 17.976720809936523 7.893330097198486 6.336087226867676
			vertex 17.806791305541992 8.26954174041748 6.336087226867676
			vertex 17.323299407958984 8.236432075500488 6.49684476852417
		endloop
	endfacet
	facet normal 0.3531236787754984 0.1499965955465349 0.9234742491334061
		outer loop
			vertex 17.976720809936523 7.893330097198486 6.336087226867676
			vertex 18.16193962097168 7.4572858810424805 6.336087226867676
			vertex 18.946868896484375 7.779577732086182 5.983592510223389
		endloop
	endfacet
	facet normal 0.3531236828775737 0.1499966757713797 0.9234742345341935
		outer loop
			vertex 17.976720809936523 7.893330097198486 6.336087226867676
			vertex 18.946868896484375 7.779577732086182 5.983592510223389
			vertex 18.753644943237305 8.234467506408691 5.983592510223389
		endloop
	endfacet
	facet normal 0.21511634043755049 0.0821703356706129 0.973125375279329
		outer loop
			vertex 16.546783447265625 4.836857795715332 6.9925408363342285
			vertex 17.615285873413086 4.259474754333496 6.8050947189331055
			vertex 17.96074867248535 5.250179767608643 6.645072937011719
		endloop
	endfacet
	facet normal 0.201625655118236 0.05566101427588018 0.9778798222112585
		outer loop
			vertex 16.546783447265625 4.836857795715332 6.9925408363342285
			vertex 16.68475914001465 4.337056636810303 6.9925408363342285
			vertex 17.615285873413086 4.259474754333496 6.8050947189331055
		endloop
	endfacet
	facet normal 0.21957059559847752 0.067069531214282 0.9732884626518628
		outer loop
			vertex 16.546783447265625 4.836857795715332 6.9925408363342285
			vertex 17.96074867248535 5.250179767608643 6.645072937011719
			vertex 17.828842163085938 5.68201208114624 6.645072937011719
		endloop
	endfacet
	facet normal 0.1270645811379769 0.04920244465095684 0.9906733627490951
		outer loop
			vertex 15.715363502502441 3.800062656402588 7.138556480407715
			vertex 16.346574783325195 3.3999457359313965 7.0774688720703125
			vertex 16.756322860717773 4.051772594451904 6.9925408363342285
		endloop
	endfacet
	facet normal 0.11211622791708027 0.025207896060256026 0.9933753134711275
		outer loop
			vertex 15.715363502502441 3.800062656402588 7.138556480407715
			vertex 15.82950496673584 3.2923998832702637 7.138556480407715
			vertex 16.346574783325195 3.3999457359313965 7.0774688720703125
		endloop
	endfacet
	facet normal 0.05606743720254301 0.03253866086299838 0.9978966269282514
		outer loop
			vertex 14.978137969970703 2.840646982192993 7.195124626159668
			vertex 15.459141731262207 2.5710954666137695 7.176888465881348
			vertex 15.885119438171387 3.0126588344573975 7.138556480407715
		endloop
	endfacet
	facet normal 0.014043003276096883 0.0024990708209981223 0.9998982691774294
		outer loop
			vertex 14.978137969970703 2.840646982192993 7.195124626159668
			vertex 14.607451438903809 2.9732329845428467 7.1999993324279785
			vertex 15.038555145263672 2.501145362854004 7.195124626159668
		endloop
	endfacet
	facet normal 0.042073987181154696 0.007487420719074062 0.9990864417725105
		outer loop
			vertex 14.978137969970703 2.840646982192993 7.195124626159668
			vertex 15.038555145263672 2.501145362854004 7.195124626159668
			vertex 15.459141731262207 2.5710954666137695 7.176888465881348
		endloop
	endfacet
	facet normal 0.29912214457941694 0.10887125129922423 0.9479836460945683
		outer loop
			vertex 17.310012817382812 7.107485294342041 6.645072937011719
			vertex 18.706302642822266 5.96165657043457 6.336087226867676
			vertex 18.16193962097168 7.4572858810424805 6.336087226867676
		endloop
	endfacet
	facet normal 0.2991223548451175 0.10887153417743893 0.9479835472611129
		outer loop
			vertex 17.310012817382812 7.107485294342041 6.645072937011719
			vertex 17.828842163085938 5.68201208114624 6.645072937011719
			vertex 18.706302642822266 5.96165657043457 6.336087226867676
		endloop
	endfacet
	facet normal 0.2927857662739474 0.12436681764831789 0.9480555836739782
		outer loop
			vertex 17.310012817382812 7.107485294342041 6.645072937011719
			vertex 18.16193962097168 7.4572858810424805 6.336087226867676
			vertex 17.976720809936523 7.893330097198486 6.336087226867676
		endloop
	endfacet
	facet normal 0.21957093217231338 0.06706900435712514 0.9732884230275861
		outer loop
			vertex 16.425262451171875 5.234694004058838 6.9925408363342285
			vertex 16.546783447265625 4.836857795715332 6.9925408363342285
			vertex 17.828842163085938 5.68201208114624 6.645072937011719
		endloop
	endfacet
	facet normal 0.1310359883332484 0.03287047811583449 0.9908325294569035
		outer loop
			vertex 15.648244857788086 4.067624092102051 7.138556480407715
			vertex 16.756322860717773 4.051772594451904 6.9925408363342285
			vertex 16.68475914001465 4.337056636810303 6.9925408363342285
		endloop
	endfacet
	facet normal 0.13023459345207744 0.035952714257015704 0.9908311425293038
		outer loop
			vertex 15.648244857788086 4.067624092102051 7.138556480407715
			vertex 16.68475914001465 4.337056636810303 6.9925408363342285
			vertex 16.546783447265625 4.836857795715332 6.9925408363342285
		endloop
	endfacet
	facet normal 0.13103599146563746 0.03287079893626498 0.9908325183995068
		outer loop
			vertex 15.648244857788086 4.067624092102051 7.138556480407715
			vertex 15.715363502502441 3.800062656402588 7.138556480407715
			vertex 16.756322860717773 4.051772594451904 6.9925408363342285
		endloop
	endfacet
	facet normal 0.05999095892779602 0.011926755321212335 0.9981276658596493
		outer loop
			vertex 14.925698280334473 3.1044158935546875 7.195124626159668
			vertex 14.978137969970703 2.840646982192993 7.195124626159668
			vertex 15.885119438171387 3.0126588344573975 7.138556480407715
		endloop
	endfacet
	facet normal 0.014155716876102453 0.0028142869291493226 0.9998958423099898
		outer loop
			vertex 14.925698280334473 3.1044158935546875 7.195124626159668
			vertex 14.607451438903809 2.9732329845428467 7.1999993324279785
			vertex 14.978137969970703 2.840646982192993 7.195124626159668
		endloop
	endfacet
	facet normal 0.05999094597920272 0.01192661844127023 0.9981276682734914
		outer loop
			vertex 14.925698280334473 3.1044158935546875 7.195124626159668
			vertex 15.885119438171387 3.0126588344573975 7.138556480407715
			vertex 15.82950496673584 3.2923998832702637 7.138556480407715
		endloop
	endfacet
	facet normal 0.29278573764157223 0.12436684405467657 0.9480555890524354
		outer loop
			vertex 17.133481979370117 7.523076057434082 6.645072937011719
			vertex 17.310012817382812 7.107485294342041 6.645072937011719
			vertex 17.976720809936523 7.893330097198486 6.336087226867676
		endloop
	endfacet
	facet normal 0.29539615454056845 0.11838505615485215 0.9480116509631393
		outer loop
			vertex 17.133481979370117 7.523076057434082 6.645072937011719
			vertex 17.976720809936523 7.893330097198486 6.336087226867676
			vertex 17.323299407958984 8.236432075500488 6.49684476852417
		endloop
	endfacet
	facet normal 0.130234593528903 0.035952714165986326 0.9908311425225089
		outer loop
			vertex 15.518840789794922 4.536375522613525 7.138556480407715
			vertex 15.648244857788086 4.067624092102051 7.138556480407715
			vertex 16.546783447265625 4.836857795715332 6.9925408363342285
		endloop
	endfacet
	facet normal 0.014016741654268658 0.0031514731235512687 0.9998967942595622
		outer loop
			vertex 14.818074226379395 3.5830931663513184 7.195124626159668
			vertex 14.607451438903809 2.9732329845428467 7.1999993324279785
			vertex 14.925698280334473 3.1044158935546875 7.195124626159668
		endloop
	endfacet
	facet normal 0.05932671746953666 0.01488229744879774 0.9981276761100935
		outer loop
			vertex 14.818074226379395 3.5830931663513184 7.195124626159668
			vertex 15.715363502502441 3.800062656402588 7.138556480407715
			vertex 15.648244857788086 4.067624092102051 7.138556480407715
		endloop
	endfacet
	facet normal 0.05968065124301107 0.01341838017904165 0.9981273300238707
		outer loop
			vertex 14.818074226379395 3.5830931663513184 7.195124626159668
			vertex 14.925698280334473 3.1044158935546875 7.195124626159668
			vertex 15.82950496673584 3.2923998832702637 7.138556480407715
		endloop
	endfacet
	facet normal 0.059680666173970706 0.013418432439886795 0.9981273284285365
		outer loop
			vertex 14.818074226379395 3.5830931663513184 7.195124626159668
			vertex 15.82950496673584 3.2923998832702637 7.138556480407715
			vertex 15.715363502502441 3.800062656402588 7.138556480407715
		endloop
	endfacet
	facet normal 0.2717450314649663 0.12900355751604953 0.9536837631113932
		outer loop
			vertex 16.97152328491211 7.881640434265137 6.645072937011719
			vertex 17.323299407958984 8.236432075500488 6.49684476852417
			vertex 16.835769653320312 8.167604446411133 6.645072937011719
		endloop
	endfacet
	facet normal 0.23588606687129562 0.11198049006017972 0.9653072740334411
		outer loop
			vertex 16.97152328491211 7.881640434265137 6.645072937011719
			vertex 16.835769653320312 8.167604446411133 6.645072937011719
			vertex 16.23202896118164 8.059941291809082 6.8050947189331055
		endloop
	endfacet
	facet normal 0.2759054155296166 0.12462275613655088 0.9530715452338084
		outer loop
			vertex 16.97152328491211 7.881640434265137 6.645072937011719
			vertex 17.133481979370117 7.523076057434082 6.645072937011719
			vertex 17.323299407958984 8.236432075500488 6.49684476852417
		endloop
	endfacet
	facet normal 0.23465287634132317 0.10598954039699121 0.9662837290108834
		outer loop
			vertex 16.97152328491211 7.881640434265137 6.645072937011719
			vertex 16.23202896118164 8.059941291809082 6.8050947189331055
			vertex 17.133481979370117 7.523076057434082 6.645072937011719
		endloop
	endfacet
	facet normal 0.013256718147931286 0.0033881296140708637 0.9999063856190062
		outer loop
			vertex 14.75478744506836 3.8353776931762695 7.195124626159668
			vertex 14.242740631103516 4.400235176086426 7.1999993324279785
			vertex 14.607451438903809 2.9732329845428467 7.1999993324279785
		endloop
	endfacet
	facet normal 0.013405165724693578 0.0033627499963385073 0.9999044921613043
		outer loop
			vertex 14.75478744506836 3.8353776931762695 7.195124626159668
			vertex 14.607451438903809 2.9732329845428467 7.1999993324279785
			vertex 14.818074226379395 3.5830931663513184 7.195124626159668
		endloop
	endfacet
	facet normal 0.05932666989087668 0.014882379155583448 0.9981276777198037
		outer loop
			vertex 14.75478744506836 3.8353776931762695 7.195124626159668
			vertex 14.818074226379395 3.5830931663513184 7.195124626159668
			vertex 15.648244857788086 4.067624092102051 7.138556480407715
		endloop
	endfacet
	facet normal 0.12920732261072315 0.03946733747536055 0.9908318712356676
		outer loop
			vertex 15.404868125915527 4.909496784210205 7.138556480407715
			vertex 15.518840789794922 4.536375522613525 7.138556480407715
			vertex 16.546783447265625 4.836857795715332 6.9925408363342285
		endloop
	endfacet
	facet normal 0.12920730297278352 0.039466996292812175 0.9908318873866154
		outer loop
			vertex 15.404868125915527 4.909496784210205 7.138556480407715
			vertex 16.546783447265625 4.836857795715332 6.9925408363342285
			vertex 16.425262451171875 5.234694004058838 6.9925408363342285
		endloop
	endfacet
	facet normal 0.2158931704678437 0.07857861609653327 0.9732499884601574
		outer loop
			vertex 15.947277069091797 6.547946453094482 6.9925408363342285
			vertex 17.828842163085938 5.68201208114624 6.645072937011719
			vertex 17.310012817382812 7.107485294342041 6.645072937011719
		endloop
	endfacet
	facet normal 0.21589325517186672 0.07857881410205206 0.973249953683847
		outer loop
			vertex 15.947277069091797 6.547946453094482 6.9925408363342285
			vertex 16.425262451171875 5.234694004058838 6.9925408363342285
			vertex 17.828842163085938 5.68201208114624 6.645072937011719
		endloop
	endfacet
	facet normal 0.12704644593301834 0.04624118085277716 0.9908183253095036
		outer loop
			vertex 15.947277069091797 6.547946453094482 6.9925408363342285
			vertex 15.404868125915527 4.909496784210205 7.138556480407715
			vertex 16.425262451171875 5.234694004058838 6.9925408363342285
		endloop
	endfacet
	facet normal 0.05896399701012037 0.016277669958085723 0.9981273889225395
		outer loop
			vertex 14.632772445678711 4.277365207672119 7.195124626159668
			vertex 15.648244857788086 4.067624092102051 7.138556480407715
			vertex 15.518840789794922 4.536375522613525 7.138556480407715
		endloop
	endfacet
	facet normal 0.013687295046248838 0.003778512383135819 0.9998991853174436
		outer loop
			vertex 14.632772445678711 4.277365207672119 7.195124626159668
			vertex 14.242740631103516 4.400235176086426 7.1999993324279785
			vertex 14.75478744506836 3.8353776931762695 7.195124626159668
		endloop
	endfacet
	facet normal 0.05896397989103723 0.01627758643504331 0.9981273912959503
		outer loop
			vertex 14.632772445678711 4.277365207672119 7.195124626159668
			vertex 14.75478744506836 3.8353776931762695 7.195124626159668
			vertex 15.648244857788086 4.067624092102051 7.138556480407715
		endloop
	endfacet
	facet normal 0.2176067826910028 0.07532809790091412 0.9731253597525353
		outer loop
			vertex 15.78464412689209 6.930819511413574 6.9925408363342285
			vertex 17.133481979370117 7.523076057434082 6.645072937011719
			vertex 16.23202896118164 8.059941291809082 6.8050947189331055
		endloop
	endfacet
	facet normal 0.21131225518321353 0.08975928437943571 0.9732884473151194
		outer loop
			vertex 15.78464412689209 6.930819511413574 6.9925408363342285
			vertex 17.310012817382812 7.107485294342041 6.645072937011719
			vertex 17.133481979370117 7.523076057434082 6.645072937011719
		endloop
	endfacet
	facet normal 0.21131228033092855 0.08975909149634342 0.973288459643437
		outer loop
			vertex 15.78464412689209 6.930819511413574 6.9925408363342285
			vertex 15.947277069091797 6.547946453094482 6.9925408363342285
			vertex 17.310012817382812 7.107485294342041 6.645072937011719
		endloop
	endfacet
	facet normal 0.05849883723421537 0.017868904829758885 0.9981275410900302
		outer loop
			vertex 14.525306701660156 4.629182815551758 7.195124626159668
			vertex 15.518840789794922 4.536375522613525 7.138556480407715
			vertex 15.404868125915527 4.909496784210205 7.138556480407715
		endloop
	endfacet
	facet normal 0.05849884415964513 0.017868980036930045 0.9981275393377469
		outer loop
			vertex 14.525306701660156 4.629182815551758 7.195124626159668
			vertex 14.632772445678711 4.277365207672119 7.195124626159668
			vertex 15.518840789794922 4.536375522613525 7.138556480407715
		endloop
	endfacet
	facet normal 0.013827503944030902 0.004223731177699196 0.9998954746520341
		outer loop
			vertex 14.525306701660156 4.629182815551758 7.195124626159668
			vertex 14.242740631103516 4.400235176086426 7.1999993324279785
			vertex 14.632772445678711 4.277365207672119 7.195124626159668
		endloop
	endfacet
	facet normal 0.19142066487156548 0.08646184005319443 0.9776924257018379
		outer loop
			vertex 15.635436058044434 7.26115608215332 6.9925408363342285
			vertex 15.78464412689209 6.930819511413574 6.9925408363342285
			vertex 16.23202896118164 8.059941291809082 6.8050947189331055
		endloop
	endfacet
	facet normal 0.12704652721323423 0.04624115313145418 0.9908183161811909
		outer loop
			vertex 14.95657730102539 6.141165733337402 7.138556480407715
			vertex 15.404868125915527 4.909496784210205 7.138556480407715
			vertex 15.947277069091797 6.547946453094482 6.9925408363342285
		endloop
	endfacet
	facet normal 0.18517837865668293 0.09291950692733533 0.9783020664960609
		outer loop
			vertex 15.510368347167969 7.524607181549072 6.9925408363342285
			vertex 16.23202896118164 8.059941291809082 6.8050947189331055
			vertex 15.303329467773438 7.937212944030762 6.9925408363342285
		endloop
	endfacet
	facet normal 0.13692783253033305 0.06870816547614329 0.9881953029009236
		outer loop
			vertex 15.510368347167969 7.524607181549072 6.9925408363342285
			vertex 15.303329467773438 7.937212944030762 6.9925408363342285
			vertex 14.707646369934082 7.902866363525391 7.0774688720703125
		endloop
	endfacet
	facet normal 0.18789402194227087 0.08919862268781634 0.9781305854685018
		outer loop
			vertex 15.510368347167969 7.524607181549072 6.9925408363342285
			vertex 15.635436058044434 7.26115608215332 6.9925408363342285
			vertex 16.23202896118164 8.059941291809082 6.8050947189331055
		endloop
	endfacet
	facet normal 0.12434759760814473 0.052819113842227275 0.990831880886967
		outer loop
			vertex 14.804047584533691 6.500253200531006 7.138556480407715
			vertex 15.947277069091797 6.547946453094482 6.9925408363342285
			vertex 15.78464412689209 6.930819511413574 6.9925408363342285
		endloop
	endfacet
	facet normal 0.1243475947401056 0.05281917389198949 0.9908318780457754
		outer loop
			vertex 14.804047584533691 6.500253200531006 7.138556480407715
			vertex 14.95657730102539 6.141165733337402 7.138556480407715
			vertex 15.947277069091797 6.547946453094482 6.9925408363342285
		endloop
	endfacet
	facet normal 0.12312134808799942 0.05561206420770083 0.9908321916245719
		outer loop
			vertex 14.664109230041504 6.810068130493164 7.138556480407715
			vertex 15.78464412689209 6.930819511413574 6.9925408363342285
			vertex 15.635436058044434 7.26115608215332 6.9925408363342285
		endloop
	endfacet
	facet normal 0.12312136510008606 0.05561191398052489 0.9908321979423731
		outer loop
			vertex 14.664109230041504 6.810068130493164 7.138556480407715
			vertex 14.804047584533691 6.500253200531006 7.138556480407715
			vertex 15.78464412689209 6.930819511413574 6.9925408363342285
		endloop
	endfacet
	facet normal 0.12204182373380441 0.05793671599998665 0.9908325439744418
		outer loop
			vertex 14.664109230041504 6.810068130493164 7.138556480407715
			vertex 15.635436058044434 7.26115608215332 6.9925408363342285
			vertex 15.510368347167969 7.524607181549072 6.9925408363342285
		endloop
	endfacet
	facet normal 0.013321279729023607 0.004848549362027335 0.9998995124888628
		outer loop
			vertex 14.102612495422363 5.790527820587158 7.195124626159668
			vertex 13.738988876342773 5.7842817306518555 7.1999993324279785
			vertex 14.242740631103516 4.400235176086426 7.1999993324279785
		endloop
	endfacet
	facet normal 0.05752119375188051 0.020935962379293384 0.9981247405753508
		outer loop
			vertex 14.102612495422363 5.790527820587158 7.195124626159668
			vertex 14.525306701660156 4.629182815551758 7.195124626159668
			vertex 15.404868125915527 4.909496784210205 7.138556480407715
		endloop
	endfacet
	facet normal 0.013321315130386093 0.004848552928430092 0.9998995119999295
		outer loop
			vertex 14.102612495422363 5.790527820587158 7.195124626159668
			vertex 14.242740631103516 4.400235176086426 7.1999993324279785
			vertex 14.525306701660156 4.629182815551758 7.195124626159668
		endloop
	endfacet
	facet normal 0.0575212289975376 0.020936014676893166 0.99812473744721
		outer loop
			vertex 14.102612495422363 5.790527820587158 7.195124626159668
			vertex 15.404868125915527 4.909496784210205 7.138556480407715
			vertex 14.95657730102539 6.141165733337402 7.138556480407715
		endloop
	endfacet
	facet normal 0.1271494179014589 0.047383071414970696 0.9907511645567743
		outer loop
			vertex 14.5468111038208 7.05715274810791 7.138556480407715
			vertex 15.510368347167969 7.524607181549072 6.9925408363342285
			vertex 14.707646369934082 7.902866363525391 7.0774688720703125
		endloop
	endfacet
	facet normal 0.12204180937239945 0.05793673316518251 0.9908325447396534
		outer loop
			vertex 14.5468111038208 7.05715274810791 7.138556480407715
			vertex 14.664109230041504 6.810068130493164 7.138556480407715
			vertex 15.510368347167969 7.524607181549072 6.9925408363342285
		endloop
	endfacet
	facet normal 0.013307414272735829 0.0056525925106144575 0.9998954749989035
		outer loop
			vertex 13.958791732788086 6.129112720489502 7.195124626159668
			vertex 13.738988876342773 5.7842817306518555 7.1999993324279785
			vertex 14.102612495422363 5.790527820587158 7.195124626159668
		endloop
	endfacet
	facet normal 0.05629865780137995 0.023914001734507317 0.9981275377679976
		outer loop
			vertex 13.958791732788086 6.129112720489502 7.195124626159668
			vertex 14.95657730102539 6.141165733337402 7.138556480407715
			vertex 14.804047584533691 6.500253200531006 7.138556480407715
		endloop
	endfacet
	facet normal 0.05629865795807591 0.02391399003662643 0.9981275380394271
		outer loop
			vertex 13.958791732788086 6.129112720489502 7.195124626159668
			vertex 14.102612495422363 5.790527820587158 7.195124626159668
			vertex 14.95657730102539 6.141165733337402 7.138556480407715
		endloop
	endfacet
	facet normal 0.10368282997483813 0.05202628410691454 0.9932487787711776
		outer loop
			vertex 14.35263442993164 7.444126129150391 7.138556480407715
			vertex 14.5468111038208 7.05715274810791 7.138556480407715
			vertex 14.707646369934082 7.902866363525391 7.0774688720703125
		endloop
	endfacet
	facet normal 0.012978566208584641 0.005862251537802669 0.999898590271072
		outer loop
			vertex 13.826842308044434 6.421238422393799 7.195124626159668
			vertex 13.738988876342773 5.7842817306518555 7.1999993324279785
			vertex 13.958791732788086 6.129112720489502 7.195124626159668
		endloop
	endfacet
	facet normal 0.055743418574494025 0.025178393662425275 0.9981276069612586
		outer loop
			vertex 13.826842308044434 6.421238422393799 7.195124626159668
			vertex 14.804047584533691 6.500253200531006 7.138556480407715
			vertex 14.664109230041504 6.810068130493164 7.138556480407715
		endloop
	endfacet
	facet normal 0.055254615276728695 0.026230944279630096 0.9981276797348223
		outer loop
			vertex 13.826842308044434 6.421238422393799 7.195124626159668
			vertex 14.664109230041504 6.810068130493164 7.138556480407715
			vertex 14.5468111038208 7.05715274810791 7.138556480407715
		endloop
	endfacet
	facet normal 0.05574340338212091 0.02517857881582048 0.9981276031390945
		outer loop
			vertex 13.826842308044434 6.421238422393799 7.195124626159668
			vertex 13.958791732788086 6.129112720489502 7.195124626159668
			vertex 14.804047584533691 6.500253200531006 7.138556480407715
		endloop
	endfacet
	facet normal 0.10073293993080129 0.05555733718428227 0.9933610909925402
		outer loop
			vertex 14.209623336791992 7.713607311248779 7.138556480407715
			vertex 14.707646369934082 7.902866363525391 7.0774688720703125
			vertex 14.105207443237305 7.902927398681641 7.138556480407715
		endloop
	endfacet
	facet normal 0.10139972058127462 0.053811864603920706 0.9933893395310265
		outer loop
			vertex 14.209623336791992 7.713607311248779 7.138556480407715
			vertex 14.35263442993164 7.444126129150391 7.138556480407715
			vertex 14.707646369934082 7.902866363525391 7.0774688720703125
		endloop
	endfacet
	facet normal 0.012332424291108555 0.005925482231883943 0.9999063956048206
		outer loop
			vertex 13.716241836547852 6.654215335845947 7.195124626159668
			vertex 13.101114273071289 7.1118597984313965 7.1999993324279785
			vertex 13.738988876342773 5.7842817306518555 7.1999993324279785
		endloop
	endfacet
	facet normal 0.012490555081363089 0.005929605902932211 0.9999044083349145
		outer loop
			vertex 13.716241836547852 6.654215335845947 7.195124626159668
			vertex 13.738988876342773 5.7842817306518555 7.1999993324279785
			vertex 13.826842308044434 6.421238422393799 7.195124626159668
		endloop
	endfacet
	facet normal 0.055254663111262675 0.026230890013682145 0.9981276785129001
		outer loop
			vertex 13.716241836547852 6.654215335845947 7.195124626159668
			vertex 13.826842308044434 6.421238422393799 7.195124626159668
			vertex 14.5468111038208 7.05715274810791 7.138556480407715
		endloop
	endfacet
	facet normal 0.05467136626986502 0.027433163569700512 0.9981274784549039
		outer loop
			vertex 13.533151626586914 7.019093990325928 7.195124626159668
			vertex 14.5468111038208 7.05715274810791 7.138556480407715
			vertex 14.35263442993164 7.444126129150391 7.138556480407715
		endloop
	endfacet
	facet normal 0.012644248790027277 0.006344679627981476 0.9998999289993745
		outer loop
			vertex 13.533151626586914 7.019093990325928 7.195124626159668
			vertex 13.101114273071289 7.1118597984313965 7.1999993324279785
			vertex 13.716241836547852 6.654215335845947 7.195124626159668
		endloop
	endfacet
	facet normal 0.05467136458186068 0.027433206895617495 0.9981274773565647
		outer loop
			vertex 13.533151626586914 7.019093990325928 7.195124626159668
			vertex 13.716241836547852 6.654215335845947 7.195124626159668
			vertex 14.5468111038208 7.05715274810791 7.138556480407715
		endloop
	endfacet
	facet normal 0.06450268201362566 0.0172212543742216 0.9977689273628576
		outer loop
			vertex 13.398305892944336 7.273188591003418 7.195124626159668
			vertex 14.105207443237305 7.902927398681641 7.138556480407715
			vertex 13.495058059692383 7.967371463775635 7.176888465881348
		endloop
	endfacet
	facet normal 0.05402859013441396 0.0286724899109382 0.9981276470323798
		outer loop
			vertex 13.398305892944336 7.273188591003418 7.195124626159668
			vertex 13.533151626586914 7.019093990325928 7.195124626159668
			vertex 14.35263442993164 7.444126129150391 7.138556480407715
		endloop
	endfacet
	facet normal 0.054028595469199636 0.028672460313125134 0.9981276475938426
		outer loop
			vertex 13.398305892944336 7.273188591003418 7.195124626159668
			vertex 14.35263442993164 7.444126129150391 7.138556480407715
			vertex 14.209623336791992 7.713607311248779 7.138556480407715
		endloop
	endfacet
	facet normal 0.012732774251981995 0.006757169498037049 0.9998961031628351
		outer loop
			vertex 13.398305892944336 7.273188591003418 7.195124626159668
			vertex 13.101114273071289 7.1118597984313965 7.1999993324279785
			vertex 13.533151626586914 7.019093990325928 7.195124626159668
		endloop
	endfacet
	facet normal 0.05355820145053534 0.02953900738939188 0.9981277303531014
		outer loop
			vertex 13.398305892944336 7.273188591003418 7.195124626159668
			vertex 14.209623336791992 7.713607311248779 7.138556480407715
			vertex 14.105207443237305 7.902927398681641 7.138556480407715
		endloop
	endfacet
	facet normal 0.036485853867012905 0.022253205254072518 0.9990863713030598
		outer loop
			vertex 13.127906799316406 7.750608444213867 7.195124626159668
			vertex 13.495058059692383 7.967371463775635 7.176888465881348
			vertex 12.900036811828613 8.124218940734863 7.195124626159668
		endloop
	endfacet
	facet normal 0.011751313315923278 0.007167281549098788 0.9999052638678062
		outer loop
			vertex 13.127906799316406 7.750608444213867 7.195124626159668
			vertex 12.900036811828613 8.124218940734863 7.195124626159668
			vertex 12.335342407226562 8.370010375976562 7.1999993324279785
		endloop
	endfacet
	facet normal 0.011729172049073975 0.007138946740666067 0.9999057265374959
		outer loop
			vertex 13.127906799316406 7.750608444213867 7.195124626159668
			vertex 12.335342407226562 8.370010375976562 7.1999993324279785
			vertex 13.101114273071289 7.1118597984313965 7.1999993324279785
		endloop
	endfacet
	facet normal 0.037188672883790574 0.02106276765279364 0.9990862637570127
		outer loop
			vertex 13.127906799316406 7.750608444213867 7.195124626159668
			vertex 13.398305892944336 7.273188591003418 7.195124626159668
			vertex 13.495058059692383 7.967371463775635 7.176888465881348
		endloop
	endfacet
	facet normal 0.012544124495162581 0.007104689658460216 0.9998960787629417
		outer loop
			vertex 13.127906799316406 7.750608444213867 7.195124626159668
			vertex 13.101114273071289 7.1118597984313965 7.1999993324279785
			vertex 13.398305892944336 7.273188591003418 7.195124626159668
		endloop
	endfacet
	facet normal 0.00045723581868454096 0.00006970380220348965 0.9999998930383873
		outer loop
			vertex 14.606739044189453 2.9719977378845215 7.199999809265137
			vertex 14.828801155090332 1.515337586402893 7.199999809265137
			vertex 14.829559326171875 1.5172051191329956 7.1999993324279785
		endloop
	endfacet
	facet normal 0.0005293344606637175 0.00008074664057552607 0.9999998566424941
		outer loop
			vertex 14.607451438903809 2.9732329845428467 7.1999993324279785
			vertex 14.606739044189453 2.9719977378845215 7.199999809265137
			vertex 14.829559326171875 1.5172051191329956 7.1999993324279785
		endloop
	endfacet
	facet normal 0.0004996289421763883 0.0001276943204301951 0.9999998670325315
		outer loop
			vertex 14.241944313049316 4.399616718292236 7.199999809265137
			vertex 14.607451438903809 2.9732329845428467 7.1999993324279785
			vertex 14.242740631103516 4.400235176086426 7.1999993324279785
		endloop
	endfacet
	facet normal 0.0004638343491243974 0.00011852204895319595 0.9999998854051038
		outer loop
			vertex 14.241944313049316 4.399616718292236 7.199999809265137
			vertex 14.606739044189453 2.9719977378845215 7.199999809265137
			vertex 14.607451438903809 2.9732329845428467 7.1999993324279785
		endloop
	endfacet
	facet normal 0.00046660989010019845 0.00016983211305380983 0.9999998767161243
		outer loop
			vertex 13.737980842590332 5.784243583679199 7.199999809265137
			vertex 14.242740631103516 4.400235176086426 7.1999993324279785
			vertex 13.738988876342773 5.7842817306518555 7.1999993324279785
		endloop
	endfacet
	facet normal 0.00046683812309991445 0.00016991535159491546 0.9999998765954625
		outer loop
			vertex 13.737980842590332 5.784243583679199 7.199999809265137
			vertex 14.241944313049316 4.399616718292236 7.199999809265137
			vertex 14.242740631103516 4.400235176086426 7.1999993324279785
		endloop
	endfacet
	facet normal 0.0004645893095717269 0.00022322583411075924 0.9999998671634914
		outer loop
			vertex 13.101114273071289 7.1118597984313965 7.1999993324279785
			vertex 13.737980842590332 5.784243583679199 7.199999809265137
			vertex 13.738988876342773 5.7842817306518555 7.1999993324279785
		endloop
	endfacet
	facet normal 0.00043188180196582655 0.0002075358192356595 0.9999998852034899
		outer loop
			vertex 13.099775314331055 7.112348556518555 7.199999809265137
			vertex 13.737980842590332 5.784243583679199 7.199999809265137
			vertex 13.101114273071289 7.1118597984313965 7.1999993324279785
		endloop
	endfacet
	facet normal 0.00045784709985408984 0.00027866809759047057 0.999999856360052
		outer loop
			vertex 12.335342407226562 8.370010375976562 7.1999993324279785
			vertex 13.099775314331055 7.112348556518555 7.199999809265137
			vertex 13.101114273071289 7.1118597984313965 7.1999993324279785
		endloop
	endfacet
	facet normal 0.0003949708914042595 0.0002404506355892699 0.9999998930907377
		outer loop
			vertex 12.333560943603516 8.370953559875488 7.199999809265137
			vertex 13.099775314331055 7.112348556518555 7.199999809265137
			vertex 12.335342407226562 8.370010375976562 7.1999993324279785
		endloop
	endfacet
	facet normal 0 0 1
		outer loop
			vertex -7.972447395324707 -12.264800071716309 7.199999809265137
			vertex -9.877195358276367 -11.163808822631836 7.199999809265137
			vertex -8.72672176361084 -12.084449768066406 7.199999809265137
		endloop
	endfacet
	facet normal 0 0 1
		outer loop
			vertex -13.462870597839355 -5.7215681076049805 7.199999809265137
			vertex -13.416239738464355 -6.495700359344482 7.199999809265137
			vertex -12.709362030029297 -7.788563251495361 7.199999809265137
		endloop
	endfacet
	facet normal 0 0 1
		outer loop
			vertex -4.729544162750244 -14.1358060836792 7.199999809265137
			vertex -6.635404586791992 -13.036742210388184 7.199999809265137
			vertex -6.10207986831665 -13.599787712097168 7.199999809265137
		endloop
	endfacet
	facet normal 0 0 1
		outer loop
			vertex -14.742328643798828 -2.2030346393585205 7.199999809265137
			vertex -14.452791213989258 -3.6477973461151123 7.199999809265137
			vertex -13.990910530090332 -4.270791053771973 7.199999809265137
		endloop
	endfacet
	facet normal 0 0 1
		outer loop
			vertex 1.7764121294021606 -14.51997184753418 7.199999809265137
			vertex -0.390412837266922 -14.900912284851074 7.199999809265137
			vertex 1.082678198814392 -14.866654396057129 7.199999809265137
		endloop
	endfacet
	facet normal 0 0 1
		outer loop
			vertex -13.990910530090332 4.270791053771973 7.199999809265137
			vertex -14.452791213989258 3.6477973461151123 7.199999809265137
			vertex -14.742328643798828 2.2030346393585205 7.199999809265137
		endloop
	endfacet
	facet normal 0 0 1
		outer loop
			vertex 5.463280200958252 -13.86874771118164 7.199999809265137
			vertex 3.296841621398926 -14.251879692077637 7.199999809265137
			vertex 4.067310810089111 -14.340383529663086 7.199999809265137
		endloop
	endfacet
	facet normal 0 0 1
		outer loop
			vertex -12.709362030029297 7.788563251495361 7.199999809265137
			vertex -13.416239738464355 6.495700359344482 7.199999809265137
			vertex -13.462870597839355 5.7215681076049805 7.199999809265137
		endloop
	endfacet
	facet normal 0 0 1
		outer loop
			vertex -1.87127685546875 -1.657806634902954 7.199999809265137
			vertex -9.877195358276367 -11.163808822631836 7.199999809265137
			vertex -7.972447395324707 -12.264800071716309 7.199999809265137
		endloop
	endfacet
	facet normal 0 0 1
		outer loop
			vertex -1.87127685546875 -1.657806634902954 7.199999809265137
			vertex -11.878292083740234 -9.005318641662598 7.199999809265137
			vertex -10.931151390075684 -10.134077072143555 7.199999809265137
		endloop
	endfacet
	facet normal 0 0 1
		outer loop
			vertex -1.87127685546875 -1.657806634902954 7.199999809265137
			vertex -10.931151390075684 -10.134077072143555 7.199999809265137
			vertex -9.877195358276367 -11.163808822631836 7.199999809265137
		endloop
	endfacet
	facet normal 0 0 1
		outer loop
			vertex -1.4201618432998657 -2.057459592819214 7.199999809265137
			vertex -7.972447395324707 -12.264800071716309 7.199999809265137
			vertex -7.266641616821289 -12.58619213104248 7.199999809265137
		endloop
	endfacet
	facet normal 0 0 1
		outer loop
			vertex -1.4201618432998657 -2.057459592819214 7.199999809265137
			vertex -1.87127685546875 -1.657806634902954 7.199999809265137
			vertex -7.972447395324707 -12.264800071716309 7.199999809265137
		endloop
	endfacet
	facet normal 0 0 1
		outer loop
			vertex -2.213639974594116 -1.161807894706726 7.199999809265137
			vertex -13.462870597839355 -5.7215681076049805 7.199999809265137
			vertex -12.709362030029297 -7.788563251495361 7.199999809265137
		endloop
	endfacet
	facet normal 0 0 1
		outer loop
			vertex -2.213639974594116 -1.161807894706726 7.199999809265137
			vertex -13.656818389892578 -4.970675468444824 7.199999809265137
			vertex -13.462870597839355 -5.7215681076049805 7.199999809265137
		endloop
	endfacet
	facet normal 0 0 1
		outer loop
			vertex -2.213639974594116 -1.161807894706726 7.199999809265137
			vertex -11.878292083740234 -9.005318641662598 7.199999809265137
			vertex -1.87127685546875 -1.657806634902954 7.199999809265137
		endloop
	endfacet
	facet normal 0 0 1
		outer loop
			vertex -2.213639974594116 -1.161807894706726 7.199999809265137
			vertex -12.709362030029297 -7.788563251495361 7.199999809265137
			vertex -11.878292083740234 -9.005318641662598 7.199999809265137
		endloop
	endfacet
	facet normal 0 0 1
		outer loop
			vertex -0.8865122199058533 -2.337540626525879 7.199999809265137
			vertex -6.635404586791992 -13.036742210388184 7.199999809265137
			vertex -4.729544162750244 -14.1358060836792 7.199999809265137
		endloop
	endfacet
	facet normal 0 0 1
		outer loop
			vertex -0.8865122199058533 -2.337540626525879 7.199999809265137
			vertex -1.4201618432998657 -2.057459592819214 7.199999809265137
			vertex -7.266641616821289 -12.58619213104248 7.199999809265137
		endloop
	endfacet
	facet normal 0 0 1
		outer loop
			vertex -0.8865122199058533 -2.337540626525879 7.199999809265137
			vertex -7.266641616821289 -12.58619213104248 7.199999809265137
			vertex -6.635404586791992 -13.036742210388184 7.199999809265137
		endloop
	endfacet
	facet normal 0 0 1
		outer loop
			vertex -0.8865122199058533 -2.337540626525879 7.199999809265137
			vertex -4.729544162750244 -14.1358060836792 7.199999809265137
			vertex -3.3107924461364746 -14.53369426727295 7.199999809265137
		endloop
	endfacet
	facet normal 0 0 1
		outer loop
			vertex -2.427354574203491 -0.5982891321182251 7.199999809265137
			vertex -13.656818389892578 -4.970675468444824 7.199999809265137
			vertex -2.213639974594116 -1.161807894706726 7.199999809265137
		endloop
	endfacet
	facet normal 0 0 1
		outer loop
			vertex -2.427354574203491 -0.5982891321182251 7.199999809265137
			vertex -14.742328643798828 -2.2030346393585205 7.199999809265137
			vertex -13.990910530090332 -4.270791053771973 7.199999809265137
		endloop
	endfacet
	facet normal 0 0 1
		outer loop
			vertex -2.427354574203491 -0.5982891321182251 7.199999809265137
			vertex -13.990910530090332 -4.270791053771973 7.199999809265137
			vertex -13.656818389892578 -4.970675468444824 7.199999809265137
		endloop
	endfacet
	facet normal 0 0 1
		outer loop
			vertex -0.301341712474823 -2.4817721843719482 7.199999809265137
			vertex -0.8865122199058533 -2.337540626525879 7.199999809265137
			vertex -3.3107924461364746 -14.53369426727295 7.199999809265137
		endloop
	endfacet
	facet normal 0 0 1
		outer loop
			vertex -0.301341712474823 -2.4817721843719482 7.199999809265137
			vertex -0.390412837266922 -14.900912284851074 7.199999809265137
			vertex 1.7764121294021606 -14.51997184753418 7.199999809265137
		endloop
	endfacet
	facet normal 0 0 1
		outer loop
			vertex -0.301341712474823 -2.4817721843719482 7.199999809265137
			vertex -3.3107924461364746 -14.53369426727295 7.199999809265137
			vertex -1.8596887588500977 -14.789562225341797 7.199999809265137
		endloop
	endfacet
	facet normal 0 0 1
		outer loop
			vertex -0.301341712474823 -2.4817721843719482 7.199999809265137
			vertex -1.8596887588500977 -14.789562225341797 7.199999809265137
			vertex -0.390412837266922 -14.900912284851074 7.199999809265137
		endloop
	endfacet
	facet normal 0 0 1
		outer loop
			vertex -2.5 2.5266078021012744e-15 7.199999809265137
			vertex -14.742328643798828 2.2030346393585205 7.199999809265137
			vertex -14.887807846069336 0.7367446422576904 7.199999809265137
		endloop
	endfacet
	facet normal 0 0 1
		outer loop
			vertex -2.5 2.5266078021012744e-15 7.199999809265137
			vertex -14.887807846069336 0.7367446422576904 7.199999809265137
			vertex -14.887807846069336 -0.7367446422576904 7.199999809265137
		endloop
	endfacet
	facet normal 0 0 1
		outer loop
			vertex -2.5 2.5266078021012744e-15 7.199999809265137
			vertex -14.887807846069336 -0.7367446422576904 7.199999809265137
			vertex -14.742328643798828 -2.2030346393585205 7.199999809265137
		endloop
	endfacet
	facet normal 0 0 1
		outer loop
			vertex -2.5 2.5266078021012744e-15 7.199999809265137
			vertex -14.742328643798828 -2.2030346393585205 7.199999809265137
			vertex -2.427354574203491 -0.5982891321182251 7.199999809265137
		endloop
	endfacet
	facet normal 0 0 1
		outer loop
			vertex 0.301341712474823 -2.4817721843719482 7.199999809265137
			vertex 1.7764121294021606 -14.51997184753418 7.199999809265137
			vertex 2.5236780643463135 -14.31248950958252 7.199999809265137
		endloop
	endfacet
	facet normal 0 0 1
		outer loop
			vertex 0.301341712474823 -2.4817721843719482 7.199999809265137
			vertex -0.301341712474823 -2.4817721843719482 7.199999809265137
			vertex 1.7764121294021606 -14.51997184753418 7.199999809265137
		endloop
	endfacet
	facet normal 0 0 1
		outer loop
			vertex -2.427354574203491 0.5982891321182251 7.199999809265137
			vertex -13.656818389892578 4.970675468444824 7.199999809265137
			vertex -13.990910530090332 4.270791053771973 7.199999809265137
		endloop
	endfacet
	facet normal 0 0 1
		outer loop
			vertex -2.427354574203491 0.5982891321182251 7.199999809265137
			vertex -14.742328643798828 2.2030346393585205 7.199999809265137
			vertex -2.5 2.5266078021012744e-15 7.199999809265137
		endloop
	endfacet
	facet normal 0 0 1
		outer loop
			vertex -2.427354574203491 0.5982891321182251 7.199999809265137
			vertex -13.990910530090332 4.270791053771973 7.199999809265137
			vertex -14.742328643798828 2.2030346393585205 7.199999809265137
		endloop
	endfacet
	facet normal 0 0 1
		outer loop
			vertex 0.8865122199058533 -2.337540626525879 7.199999809265137
			vertex 2.5236780643463135 -14.31248950958252 7.199999809265137
			vertex 3.296841621398926 -14.251879692077637 7.199999809265137
		endloop
	endfacet
	facet normal 0 0 1
		outer loop
			vertex 0.8865122199058533 -2.337540626525879 7.199999809265137
			vertex 3.296841621398926 -14.251879692077637 7.199999809265137
			vertex 5.463280200958252 -13.86874771118164 7.199999809265137
		endloop
	endfacet
	facet normal 0 0 1
		outer loop
			vertex 0.8865122199058533 -2.337540626525879 7.199999809265137
			vertex 5.463280200958252 -13.86874771118164 7.199999809265137
			vertex 6.805864334106445 -13.261591911315918 7.199999809265137
		endloop
	endfacet
	facet normal 0 0 1
		outer loop
			vertex 0.8865122199058533 -2.337540626525879 7.199999809265137
			vertex 0.301341712474823 -2.4817721843719482 7.199999809265137
			vertex 2.5236780643463135 -14.31248950958252 7.199999809265137
		endloop
	endfacet
	facet normal 0 0 1
		outer loop
			vertex -2.213639974594116 1.161807894706726 7.199999809265137
			vertex -11.878292083740234 9.005318641662598 7.199999809265137
			vertex -12.709362030029297 7.788563251495361 7.199999809265137
		endloop
	endfacet
	facet normal 0 0 1
		outer loop
			vertex -2.213639974594116 1.161807894706726 7.199999809265137
			vertex -13.462870597839355 5.7215681076049805 7.199999809265137
			vertex -13.656818389892578 4.970675468444824 7.199999809265137
		endloop
	endfacet
	facet normal 0 0 1
		outer loop
			vertex -2.213639974594116 1.161807894706726 7.199999809265137
			vertex -13.656818389892578 4.970675468444824 7.199999809265137
			vertex -2.427354574203491 0.5982891321182251 7.199999809265137
		endloop
	endfacet
	facet normal 0 0 1
		outer loop
			vertex -2.213639974594116 1.161807894706726 7.199999809265137
			vertex -12.709362030029297 7.788563251495361 7.199999809265137
			vertex -13.462870597839355 5.7215681076049805 7.199999809265137
		endloop
	endfacet
	facet normal 0 0 1
		outer loop
			vertex 1.4201618432998657 -2.057459592819214 7.199999809265137
			vertex 0.8865122199058533 -2.337540626525879 7.199999809265137
			vertex 6.805864334106445 -13.261591911315918 7.199999809265137
		endloop
	endfacet
	facet normal 0 0 1
		outer loop
			vertex 1.4201618432998657 -2.057459592819214 7.199999809265137
			vertex 6.805864334106445 -13.261591911315918 7.199999809265137
			vertex 8.08194351196289 -12.524847030639648 7.199999809265137
		endloop
	endfacet
	facet normal 0 0 1
		outer loop
			vertex 1.4201618432998657 -2.057459592819214 7.199999809265137
			vertex 8.08194351196289 -12.524847030639648 7.199999809265137
			vertex 9.279047966003418 -11.6657133102417 7.199999809265137
		endloop
	endfacet
	facet normal 0 0 1
		outer loop
			vertex -1.87127685546875 1.657806634902954 7.199999809265137
			vertex -10.931151390075684 10.134077072143555 7.199999809265137
			vertex -11.878292083740234 9.005318641662598 7.199999809265137
		endloop
	endfacet
	facet normal 0 0 1
		outer loop
			vertex -1.87127685546875 1.657806634902954 7.199999809265137
			vertex -11.878292083740234 9.005318641662598 7.199999809265137
			vertex -2.213639974594116 1.161807894706726 7.199999809265137
		endloop
	endfacet
	facet normal 0 0 1
		outer loop
			vertex 10.694068908691406 -9.981088638305664 7.199999809265137
			vertex 1.87127685546875 -1.657806634902954 7.199999809265137
			vertex 1.4201618432998657 -2.057459592819214 7.199999809265137
		endloop
	endfacet
	facet normal 0 0 1
		outer loop
			vertex 10.694068908691406 -9.981088638305664 7.199999809265137
			vertex 9.279047966003418 -11.6657133102417 7.199999809265137
			vertex 10.385480880737305 -10.692585945129395 7.199999809265137
		endloop
	endfacet
	facet normal 0 0 1
		outer loop
			vertex 10.694068908691406 -9.981088638305664 7.199999809265137
			vertex 1.4201618432998657 -2.057459592819214 7.199999809265137
			vertex 9.279047966003418 -11.6657133102417 7.199999809265137
		endloop
	endfacet
	facet normal 0 0 1
		outer loop
			vertex -9.877195358276367 11.163808822631836 7.199999809265137
			vertex -10.931151390075684 10.134077072143555 7.199999809265137
			vertex -1.87127685546875 1.657806634902954 7.199999809265137
		endloop
	endfacet
	facet normal 0 0 1
		outer loop
			vertex 11.133140563964844 -9.341814041137695 7.199999809265137
			vertex 2.213639974594116 -1.161807894706726 7.199999809265137
			vertex 1.87127685546875 -1.657806634902954 7.199999809265137
		endloop
	endfacet
	facet normal 0 0 1
		outer loop
			vertex 11.133140563964844 -9.341814041137695 7.199999809265137
			vertex 1.87127685546875 -1.657806634902954 7.199999809265137
			vertex 10.694068908691406 -9.981088638305664 7.199999809265137
		endloop
	endfacet
	facet normal 0 0 1
		outer loop
			vertex 11.686458587646484 -8.7984037399292 7.199999809265137
			vertex 2.213639974594116 -1.161807894706726 7.199999809265137
			vertex 11.133140563964844 -9.341814041137695 7.199999809265137
		endloop
	endfacet
	facet normal 0 0 1
		outer loop
			vertex -7.972447395324707 12.264800071716309 7.199999809265137
			vertex -9.877195358276367 11.163808822631836 7.199999809265137
			vertex -1.87127685546875 1.657806634902954 7.199999809265137
		endloop
	endfacet
	facet normal 0 0 1
		outer loop
			vertex -7.972447395324707 12.264800071716309 7.199999809265137
			vertex -8.72672176361084 12.084449768066406 7.199999809265137
			vertex -9.877195358276367 11.163808822631836 7.199999809265137
		endloop
	endfacet
	facet normal 0 0 1
		outer loop
			vertex -7.972447395324707 12.264800071716309 7.199999809265137
			vertex -1.87127685546875 1.657806634902954 7.199999809265137
			vertex -1.4201618432998657 2.057459592819214 7.199999809265137
		endloop
	endfacet
	facet normal 0 0 1
		outer loop
			vertex -7.266641616821289 12.58619213104248 7.199999809265137
			vertex -7.972447395324707 12.264800071716309 7.199999809265137
			vertex -1.4201618432998657 2.057459592819214 7.199999809265137
		endloop
	endfacet
	facet normal 0 0 1
		outer loop
			vertex -7.266641616821289 12.58619213104248 7.199999809265137
			vertex -1.4201618432998657 2.057459592819214 7.199999809265137
			vertex -0.8865122199058533 2.337540626525879 7.199999809265137
		endloop
	endfacet
	facet normal 0 0 1
		outer loop
			vertex 13.099775314331055 -7.112348556518555 7.199999809265137
			vertex 2.213639974594116 -1.161807894706726 7.199999809265137
			vertex 11.686458587646484 -8.7984037399292 7.199999809265137
		endloop
	endfacet
	facet normal 0 0 1
		outer loop
			vertex 13.099775314331055 -7.112348556518555 7.199999809265137
			vertex 11.686458587646484 -8.7984037399292 7.199999809265137
			vertex 12.333560943603516 -8.370953559875488 7.199999809265137
		endloop
	endfacet
	facet normal 0 0 1
		outer loop
			vertex -6.635404586791992 13.036742210388184 7.199999809265137
			vertex -7.266641616821289 12.58619213104248 7.199999809265137
			vertex -0.8865122199058533 2.337540626525879 7.199999809265137
		endloop
	endfacet
	facet normal 0 0 1
		outer loop
			vertex 13.737980842590332 -5.784243583679199 7.199999809265137
			vertex 2.427354574203491 -0.5982891321182251 7.199999809265137
			vertex 2.213639974594116 -1.161807894706726 7.199999809265137
		endloop
	endfacet
	facet normal 0 0 1
		outer loop
			vertex 13.737980842590332 -5.784243583679199 7.199999809265137
			vertex 2.213639974594116 -1.161807894706726 7.199999809265137
			vertex 13.099775314331055 -7.112348556518555 7.199999809265137
		endloop
	endfacet
	facet normal 0 0 1
		outer loop
			vertex -4.729544162750244 14.1358060836792 7.199999809265137
			vertex -6.10207986831665 13.599787712097168 7.199999809265137
			vertex -6.635404586791992 13.036742210388184 7.199999809265137
		endloop
	endfacet
	facet normal 0 0 1
		outer loop
			vertex -4.729544162750244 14.1358060836792 7.199999809265137
			vertex -6.635404586791992 13.036742210388184 7.199999809265137
			vertex -0.8865122199058533 2.337540626525879 7.199999809265137
		endloop
	endfacet
	facet normal 0 0 1
		outer loop
			vertex 14.241944313049316 -4.399616718292236 7.199999809265137
			vertex 2.427354574203491 -0.5982891321182251 7.199999809265137
			vertex 13.737980842590332 -5.784243583679199 7.199999809265137
		endloop
	endfacet
	facet normal 0 0 1
		outer loop
			vertex -3.3107924461364746 14.53369426727295 7.199999809265137
			vertex -4.729544162750244 14.1358060836792 7.199999809265137
			vertex -0.8865122199058533 2.337540626525879 7.199999809265137
		endloop
	endfacet
	facet normal 0 0 1
		outer loop
			vertex -3.3107924461364746 14.53369426727295 7.199999809265137
			vertex -0.8865122199058533 2.337540626525879 7.199999809265137
			vertex -0.301341712474823 2.4817721843719482 7.199999809265137
		endloop
	endfacet
	facet normal 0 0 1
		outer loop
			vertex 14.606739044189453 -2.9719977378845215 7.199999809265137
			vertex 2.427354574203491 -0.5982891321182251 7.199999809265137
			vertex 14.241944313049316 -4.399616718292236 7.199999809265137
		endloop
	endfacet
	facet normal 0 0 1
		outer loop
			vertex -1.8596887588500977 14.789562225341797 7.199999809265137
			vertex -3.3107924461364746 14.53369426727295 7.199999809265137
			vertex -0.301341712474823 2.4817721843719482 7.199999809265137
		endloop
	endfacet
	facet normal 0 0 1
		outer loop
			vertex 14.6078519821167 -0.7719422578811646 7.199999809265137
			vertex 14.606739044189453 -2.9719977378845215 7.199999809265137
			vertex 14.828801155090332 -1.515337586402893 7.199999809265137
		endloop
	endfacet
	facet normal 0 0 1
		outer loop
			vertex 14.6078519821167 -0.7719422578811646 7.199999809265137
			vertex 2.5 -3.0616169991140216e-16 7.199999809265137
			vertex 2.427354574203491 -0.5982891321182251 7.199999809265137
		endloop
	endfacet
	facet normal 0 0 1
		outer loop
			vertex 14.6078519821167 -0.7719422578811646 7.199999809265137
			vertex 2.427354574203491 -0.5982891321182251 7.199999809265137
			vertex 14.606739044189453 -2.9719977378845215 7.199999809265137
		endloop
	endfacet
	facet normal 0 0 1
		outer loop
			vertex -0.390412837266922 14.900912284851074 7.199999809265137
			vertex -1.8596887588500977 14.789562225341797 7.199999809265137
			vertex -0.301341712474823 2.4817721843719482 7.199999809265137
		endloop
	endfacet
	facet normal 0 0 1
		outer loop
			vertex 14.533283233642578 1.3322676295501878e-15 7.199999809265137
			vertex 2.5 -3.0616169991140216e-16 7.199999809265137
			vertex 14.6078519821167 -0.7719422578811646 7.199999809265137
		endloop
	endfacet
	facet normal 0 0 1
		outer loop
			vertex 14.6078519821167 0.7719422578811646 7.199999809265137
			vertex 2.5 -3.0616169991140216e-16 7.199999809265137
			vertex 14.533283233642578 1.3322676295501878e-15 7.199999809265137
		endloop
	endfacet
	facet normal 0 0 1
		outer loop
			vertex 14.6078519821167 0.7719422578811646 7.199999809265137
			vertex 2.427354574203491 0.5982891321182251 7.199999809265137
			vertex 2.5 -3.0616169991140216e-16 7.199999809265137
		endloop
	endfacet
	facet normal 0 0 1
		outer loop
			vertex 1.7764121294021606 14.51997184753418 7.199999809265137
			vertex 1.082678198814392 14.866654396057129 7.199999809265137
			vertex -0.390412837266922 14.900912284851074 7.199999809265137
		endloop
	endfacet
	facet normal 0 0 1
		outer loop
			vertex 1.7764121294021606 14.51997184753418 7.199999809265137
			vertex -0.390412837266922 14.900912284851074 7.199999809265137
			vertex -0.301341712474823 2.4817721843719482 7.199999809265137
		endloop
	endfacet
	facet normal 0 0 1
		outer loop
			vertex 1.7764121294021606 14.51997184753418 7.199999809265137
			vertex -0.301341712474823 2.4817721843719482 7.199999809265137
			vertex 0.301341712474823 2.4817721843719482 7.199999809265137
		endloop
	endfacet
	facet normal 0 0 1
		outer loop
			vertex 2.5236780643463135 14.31248950958252 7.199999809265137
			vertex 0.301341712474823 2.4817721843719482 7.199999809265137
			vertex 0.8865122199058533 2.337540626525879 7.199999809265137
		endloop
	endfacet
	facet normal 0 0 1
		outer loop
			vertex 2.5236780643463135 14.31248950958252 7.199999809265137
			vertex 1.7764121294021606 14.51997184753418 7.199999809265137
			vertex 0.301341712474823 2.4817721843719482 7.199999809265137
		endloop
	endfacet
	facet normal 0 0 1
		outer loop
			vertex 3.296841621398926 14.251879692077637 7.199999809265137
			vertex 2.5236780643463135 14.31248950958252 7.199999809265137
			vertex 0.8865122199058533 2.337540626525879 7.199999809265137
		endloop
	endfacet
	facet normal 0 0 1
		outer loop
			vertex 14.606739044189453 2.9719977378845215 7.199999809265137
			vertex 14.6078519821167 0.7719422578811646 7.199999809265137
			vertex 14.828801155090332 1.515337586402893 7.199999809265137
		endloop
	endfacet
	facet normal 0 0 1
		outer loop
			vertex 14.606739044189453 2.9719977378845215 7.199999809265137
			vertex 2.427354574203491 0.5982891321182251 7.199999809265137
			vertex 14.6078519821167 0.7719422578811646 7.199999809265137
		endloop
	endfacet
	facet normal 0 0 1
		outer loop
			vertex 14.241944313049316 4.399616718292236 7.199999809265137
			vertex 2.427354574203491 0.5982891321182251 7.199999809265137
			vertex 14.606739044189453 2.9719977378845215 7.199999809265137
		endloop
	endfacet
	facet normal 0 0 1
		outer loop
			vertex 5.463280200958252 13.86874771118164 7.199999809265137
			vertex 4.067310810089111 14.340383529663086 7.199999809265137
			vertex 3.296841621398926 14.251879692077637 7.199999809265137
		endloop
	endfacet
	facet normal 0 0 1
		outer loop
			vertex 5.463280200958252 13.86874771118164 7.199999809265137
			vertex 3.296841621398926 14.251879692077637 7.199999809265137
			vertex 0.8865122199058533 2.337540626525879 7.199999809265137
		endloop
	endfacet
	facet normal 0 0 1
		outer loop
			vertex 13.737980842590332 5.784243583679199 7.199999809265137
			vertex 2.213639974594116 1.161807894706726 7.199999809265137
			vertex 2.427354574203491 0.5982891321182251 7.199999809265137
		endloop
	endfacet
	facet normal 0 0 1
		outer loop
			vertex 13.737980842590332 5.784243583679199 7.199999809265137
			vertex 2.427354574203491 0.5982891321182251 7.199999809265137
			vertex 14.241944313049316 4.399616718292236 7.199999809265137
		endloop
	endfacet
	facet normal 0 0 1
		outer loop
			vertex 6.805864334106445 13.261591911315918 7.199999809265137
			vertex 5.463280200958252 13.86874771118164 7.199999809265137
			vertex 0.8865122199058533 2.337540626525879 7.199999809265137
		endloop
	endfacet
	facet normal 0 0 1
		outer loop
			vertex 6.805864334106445 13.261591911315918 7.199999809265137
			vertex 0.8865122199058533 2.337540626525879 7.199999809265137
			vertex 1.4201618432998657 2.057459592819214 7.199999809265137
		endloop
	endfacet
	facet normal 0 0 1
		outer loop
			vertex 13.099775314331055 7.112348556518555 7.199999809265137
			vertex 2.213639974594116 1.161807894706726 7.199999809265137
			vertex 13.737980842590332 5.784243583679199 7.199999809265137
		endloop
	endfacet
	facet normal 0 0 1
		outer loop
			vertex 11.133140563964844 9.341814041137695 7.199999809265137
			vertex 1.87127685546875 1.657806634902954 7.199999809265137
			vertex 2.213639974594116 1.161807894706726 7.199999809265137
		endloop
	endfacet
	facet normal 0 0 1
		outer loop
			vertex 11.686458587646484 8.7984037399292 7.199999809265137
			vertex 2.213639974594116 1.161807894706726 7.199999809265137
			vertex 13.099775314331055 7.112348556518555 7.199999809265137
		endloop
	endfacet
	facet normal 0 0 1
		outer loop
			vertex 11.686458587646484 8.7984037399292 7.199999809265137
			vertex 11.133140563964844 9.341814041137695 7.199999809265137
			vertex 2.213639974594116 1.161807894706726 7.199999809265137
		endloop
	endfacet
	facet normal 0 0 1
		outer loop
			vertex 8.08194351196289 12.524847030639648 7.199999809265137
			vertex 6.805864334106445 13.261591911315918 7.199999809265137
			vertex 1.4201618432998657 2.057459592819214 7.199999809265137
		endloop
	endfacet
	facet normal 0 0 1
		outer loop
			vertex 10.694068908691406 9.981088638305664 7.199999809265137
			vertex 1.87127685546875 1.657806634902954 7.199999809265137
			vertex 11.133140563964844 9.341814041137695 7.199999809265137
		endloop
	endfacet
	facet normal 0 0 1
		outer loop
			vertex 10.694068908691406 9.981088638305664 7.199999809265137
			vertex 1.4201618432998657 2.057459592819214 7.199999809265137
			vertex 1.87127685546875 1.657806634902954 7.199999809265137
		endloop
	endfacet
	facet normal 0 0 1
		outer loop
			vertex 12.333560943603516 8.370953559875488 7.199999809265137
			vertex 11.686458587646484 8.7984037399292 7.199999809265137
			vertex 13.099775314331055 7.112348556518555 7.199999809265137
		endloop
	endfacet
	facet normal 0 0 1
		outer loop
			vertex 9.279047966003418 11.6657133102417 7.199999809265137
			vertex 8.08194351196289 12.524847030639648 7.199999809265137
			vertex 1.4201618432998657 2.057459592819214 7.199999809265137
		endloop
	endfacet
	facet normal 0 0 1
		outer loop
			vertex 9.279047966003418 11.6657133102417 7.199999809265137
			vertex 1.4201618432998657 2.057459592819214 7.199999809265137
			vertex 10.694068908691406 9.981088638305664 7.199999809265137
		endloop
	endfacet
	facet normal 0 0 1
		outer loop
			vertex 10.385480880737305 10.692585945129395 7.199999809265137
			vertex 9.279047966003418 11.6657133102417 7.199999809265137
			vertex 10.694068908691406 9.981088638305664 7.199999809265137
		endloop
	endfacet
	facet normal 0.0003949708914042595 -0.0002404506355892699 0.9999998930907377
		outer loop
			vertex 13.099775314331055 -7.112348556518555 7.199999809265137
			vertex 12.333560943603516 -8.370953559875488 7.199999809265137
			vertex 12.335342407226562 -8.370010375976562 7.1999993324279785
		endloop
	endfacet
	facet normal 0.00045784709985408984 -0.00027866809759047057 0.999999856360052
		outer loop
			vertex 13.101114273071289 -7.1118597984313965 7.1999993324279785
			vertex 13.099775314331055 -7.112348556518555 7.199999809265137
			vertex 12.335342407226562 -8.370010375976562 7.1999993324279785
		endloop
	endfacet
	facet normal 0.0004645893095717269 -0.00022322583411075924 0.9999998671634914
		outer loop
			vertex 13.737980842590332 -5.784243583679199 7.199999809265137
			vertex 13.101114273071289 -7.1118597984313965 7.1999993324279785
			vertex 13.738988876342773 -5.7842817306518555 7.1999993324279785
		endloop
	endfacet
	facet normal 0.00043188180196582655 -0.0002075358192356595 0.9999998852034899
		outer loop
			vertex 13.737980842590332 -5.784243583679199 7.199999809265137
			vertex 13.099775314331055 -7.112348556518555 7.199999809265137
			vertex 13.101114273071289 -7.1118597984313965 7.1999993324279785
		endloop
	endfacet
	facet normal 0.00046683822513800044 -0.0001699152202120096 0.9999998765954372
		outer loop
			vertex 14.241944313049316 -4.399616718292236 7.199999809265137
			vertex 13.738988876342773 -5.7842817306518555 7.1999993324279785
			vertex 14.242740631103516 -4.400235176086426 7.1999993324279785
		endloop
	endfacet
	facet normal 0.0004666098838125489 -0.00016983227920463383 0.999999876716099
		outer loop
			vertex 14.241944313049316 -4.399616718292236 7.199999809265137
			vertex 13.737980842590332 -5.784243583679199 7.199999809265137
			vertex 13.738988876342773 -5.7842817306518555 7.1999993324279785
		endloop
	endfacet
	facet normal 0.0004996289421763883 -0.0001276943204301951 0.9999998670325315
		outer loop
			vertex 14.607451438903809 -2.9732329845428467 7.1999993324279785
			vertex 14.241944313049316 -4.399616718292236 7.199999809265137
			vertex 14.242740631103516 -4.400235176086426 7.1999993324279785
		endloop
	endfacet
	facet normal 0.0004638343491243974 -0.00011852204895319595 0.9999998854051038
		outer loop
			vertex 14.606739044189453 -2.9719977378845215 7.199999809265137
			vertex 14.241944313049316 -4.399616718292236 7.199999809265137
			vertex 14.607451438903809 -2.9732329845428467 7.1999993324279785
		endloop
	endfacet
	facet normal 0.0005293344606637175 -0.00008074664057552607 0.9999998566424941
		outer loop
			vertex 14.829559326171875 -1.5172051191329956 7.1999993324279785
			vertex 14.606739044189453 -2.9719977378845215 7.199999809265137
			vertex 14.607451438903809 -2.9732329845428467 7.1999993324279785
		endloop
	endfacet
	facet normal 0.00045723581868454096 -0.00006970380220348965 0.9999998930383873
		outer loop
			vertex 14.828801155090332 -1.515337586402893 7.199999809265137
			vertex 14.606739044189453 -2.9719977378845215 7.199999809265137
			vertex 14.829559326171875 -1.5172051191329956 7.1999993324279785
		endloop
	endfacet
	facet normal 0.408462798334122 -0.173503123401766 0.8961332537892399
		outer loop
			vertex 18.946868896484375 -7.779577732086182 5.983592510223389
			vertex 18.753644943237305 -8.234467506408691 5.983592510223389
			vertex 19.6634578704834 -8.073809623718262 5.599999904632568
		endloop
	endfacet
	facet normal 0.34964204855248193 -0.15792839242730852 0.9234766162439361
		outer loop
			vertex 17.976720809936523 -7.893330097198486 6.336087226867676
			vertex 17.806791305541992 -8.26954174041748 6.336087226867676
			vertex 18.753644943237305 -8.234467506408691 5.983592510223389
		endloop
	endfacet
	facet normal 0.3040394863611281 -0.13733035690136733 0.9427090557571858
		outer loop
			vertex 17.976720809936523 -7.893330097198486 6.336087226867676
			vertex 17.323299407958984 -8.236432075500488 6.49684476852417
			vertex 17.806791305541992 -8.26954174041748 6.336087226867676
		endloop
	endfacet
	facet normal 0.27151031577168205 -0.13040083136452038 0.9535605757417844
		outer loop
			vertex 16.899490356445312 -8.034930229187012 6.645072937011719
			vertex 16.835769653320312 -8.167604446411133 6.645072937011719
			vertex 17.323299407958984 -8.236432075500488 6.49684476852417
		endloop
	endfacet
	facet normal 0.2356506974699383 -0.11317819278568274 0.9652250750263892
		outer loop
			vertex 16.899490356445312 -8.034930229187012 6.645072937011719
			vertex 16.23202896118164 -8.059941291809082 6.8050947189331055
			vertex 16.835769653320312 -8.167604446411133 6.645072937011719
		endloop
	endfacet
	facet normal 0.35312365121823747 -0.14999666232341397 0.9234742488245876
		outer loop
			vertex 18.16193962097168 -7.4572858810424805 6.336087226867676
			vertex 18.753644943237305 -8.234467506408691 5.983592510223389
			vertex 18.946868896484375 -7.779577732086182 5.983592510223389
		endloop
	endfacet
	facet normal 0.3531237118031365 -0.14999660957570818 0.9234742342253887
		outer loop
			vertex 18.16193962097168 -7.4572858810424805 6.336087226867676
			vertex 17.976720809936523 -7.893330097198486 6.336087226867676
			vertex 18.753644943237305 -8.234467506408691 5.983592510223389
		endloop
	endfacet
	facet normal 0.23559871485867667 -0.1077027964038754 0.9658640448860933
		outer loop
			vertex 17.133481979370117 -7.523076057434082 6.645072937011719
			vertex 16.23202896118164 -8.059941291809082 6.8050947189331055
			vertex 16.899490356445312 -8.034930229187012 6.645072937011719
		endloop
	endfacet
	facet normal 0.2739609191103381 -0.1252398898324154 0.9535514589129334
		outer loop
			vertex 17.133481979370117 -7.523076057434082 6.645072937011719
			vertex 16.899490356445312 -8.034930229187012 6.645072937011719
			vertex 17.323299407958984 -8.236432075500488 6.49684476852417
		endloop
	endfacet
	facet normal 0.29539615454056845 -0.11838505615485215 0.9480116509631393
		outer loop
			vertex 17.133481979370117 -7.523076057434082 6.645072937011719
			vertex 17.323299407958984 -8.236432075500488 6.49684476852417
			vertex 17.976720809936523 -7.893330097198486 6.336087226867676
		endloop
	endfacet
	facet normal 0.41727151751605546 -0.15187477381370584 0.8960014139212527
		outer loop
			vertex 19.514759063720703 -6.2193098068237305 5.983592510223389
			vertex 19.6634578704834 -8.073809623718262 5.599999904632568
			vertex 20.25282859802246 -6.454530715942383 5.599999904632568
		endloop
	endfacet
	facet normal 0.42442497725750417 -0.1296446622297062 0.8961337513090961
		outer loop
			vertex 19.514759063720703 -6.2193098068237305 5.983592510223389
			vertex 20.25282859802246 -6.454530715942383 5.599999904632568
			vertex 19.65913963317871 -5.74664306640625 5.983592510223389
		endloop
	endfacet
	facet normal 0.3607533789216888 -0.1313032802699239 0.9233723237063923
		outer loop
			vertex 19.514759063720703 -6.2193098068237305 5.983592510223389
			vertex 18.16193962097168 -7.4572858810424805 6.336087226867676
			vertex 18.946868896484375 -7.779577732086182 5.983592510223389
		endloop
	endfacet
	facet normal 0.4172726523020612 -0.15187458029626805 0.896000918247652
		outer loop
			vertex 19.514759063720703 -6.2193098068237305 5.983592510223389
			vertex 18.946868896484375 -7.779577732086182 5.983592510223389
			vertex 19.6634578704834 -8.073809623718262 5.599999904632568
		endloop
	endfacet
	facet normal 0.29278573764157223 -0.12436684405467657 0.9480555890524354
		outer loop
			vertex 17.310012817382812 -7.107485294342041 6.645072937011719
			vertex 17.133481979370117 -7.523076057434082 6.645072937011719
			vertex 17.976720809936523 -7.893330097198486 6.336087226867676
		endloop
	endfacet
	facet normal 0.2927857662739474 -0.12436681764831789 0.9480555836739782
		outer loop
			vertex 17.310012817382812 -7.107485294342041 6.645072937011719
			vertex 17.976720809936523 -7.893330097198486 6.336087226867676
			vertex 18.16193962097168 -7.4572858810424805 6.336087226867676
		endloop
	endfacet
	facet normal 0.18503333737029753 -0.09391393320381707 0.9782345512257267
		outer loop
			vertex 15.44051742553711 -7.666919231414795 6.9925408363342285
			vertex 15.303329467773438 -7.937212944030762 6.9925408363342285
			vertex 16.23202896118164 -8.059941291809082 6.8050947189331055
		endloop
	endfacet
	facet normal 0.13687716374539707 -0.06947219887942552 0.9881489035706478
		outer loop
			vertex 15.44051742553711 -7.666919231414795 6.9925408363342285
			vertex 14.707646369934082 -7.902866363525391 7.0774688720703125
			vertex 15.303329467773438 -7.937212944030762 6.9925408363342285
		endloop
	endfacet
	facet normal 0.36075320250171655 -0.13130305889518193 0.923372424111487
		outer loop
			vertex 18.706302642822266 -5.96165657043457 6.336087226867676
			vertex 18.16193962097168 -7.4572858810424805 6.336087226867676
			vertex 19.514759063720703 -6.2193098068237305 5.983592510223389
		endloop
	endfacet
	facet normal 0.18663153754632753 -0.09069534536127638 0.9782346464539541
		outer loop
			vertex 15.569073677062988 -7.402378082275391 6.9925408363342285
			vertex 15.44051742553711 -7.666919231414795 6.9925408363342285
			vertex 16.23202896118164 -8.059941291809082 6.8050947189331055
		endloop
	endfacet
	facet normal 0.10073447564885367 -0.05527806680481589 0.9933765150969058
		outer loop
			vertex 14.24241828918457 -7.6528849601745605 7.138556480407715
			vertex 14.105207443237305 -7.902927398681641 7.138556480407715
			vertex 14.707646369934082 -7.902866363525391 7.0774688720703125
		endloop
	endfacet
	facet normal 0.011729172049073975 -0.007138946740666067 0.9999057265374959
		outer loop
			vertex 13.127906799316406 -7.750608444213867 7.195124626159668
			vertex 13.101114273071289 -7.1118597984313965 7.1999993324279785
			vertex 12.335342407226562 -8.370010375976562 7.1999993324279785
		endloop
	endfacet
	facet normal 0.036485853867012905 -0.022253205254072518 0.9990863713030598
		outer loop
			vertex 13.127906799316406 -7.750608444213867 7.195124626159668
			vertex 12.900036811828613 -8.124218940734863 7.195124626159668
			vertex 13.495058059692383 -7.967371463775635 7.176888465881348
		endloop
	endfacet
	facet normal 0.011751313315923278 -0.007167281549098788 0.9999052638678062
		outer loop
			vertex 13.127906799316406 -7.750608444213867 7.195124626159668
			vertex 12.335342407226562 -8.370010375976562 7.1999993324279785
			vertex 12.900036811828613 -8.124218940734863 7.195124626159668
		endloop
	endfacet
	facet normal 0.36935552994165854 -0.10376523158936751 0.9234767291137995
		outer loop
			vertex 18.844701766967773 -5.508571624755859 6.336087226867676
			vertex 19.65913963317871 -5.74664306640625 5.983592510223389
			vertex 18.95635223388672 -5.111148357391357 6.336087226867676
		endloop
	endfacet
	facet normal 0.3211820782637959 -0.0902315791472281 0.9427090403336262
		outer loop
			vertex 18.844701766967773 -5.508571624755859 6.336087226867676
			vertex 18.95635223388672 -5.111148357391357 6.336087226867676
			vertex 18.564693450927734 -4.8257293701171875 6.49684476852417
		endloop
	endfacet
	facet normal 0.36692386024253193 -0.11208039694681257 0.9234743447464927
		outer loop
			vertex 18.844701766967773 -5.508571624755859 6.336087226867676
			vertex 19.514759063720703 -6.2193098068237305 5.983592510223389
			vertex 19.65913963317871 -5.74664306640625 5.983592510223389
		endloop
	endfacet
	facet normal 0.3669238597255804 -0.11208039750259041 0.9234743448844392
		outer loop
			vertex 18.844701766967773 -5.508571624755859 6.336087226867676
			vertex 18.706302642822266 -5.96165657043457 6.336087226867676
			vertex 19.514759063720703 -6.2193098068237305 5.983592510223389
		endloop
	endfacet
	facet normal 0.2176067826910028 -0.07532809790091412 0.9731253597525353
		outer loop
			vertex 15.78464412689209 -6.930819511413574 6.9925408363342285
			vertex 16.23202896118164 -8.059941291809082 6.8050947189331055
			vertex 17.133481979370117 -7.523076057434082 6.645072937011719
		endloop
	endfacet
	facet normal 0.19023246270406194 -0.08696374128512953 0.9778798074585858
		outer loop
			vertex 15.78464412689209 -6.930819511413574 6.9925408363342285
			vertex 15.569073677062988 -7.402378082275391 6.9925408363342285
			vertex 16.23202896118164 -8.059941291809082 6.8050947189331055
		endloop
	endfacet
	facet normal 0.12896387440416535 -0.043984209777414386 0.990673361097856
		outer loop
			vertex 14.481300354003906 -7.190624237060547 7.138556480407715
			vertex 14.707646369934082 -7.902866363525391 7.0774688720703125
			vertex 15.44051742553711 -7.666919231414795 6.9925408363342285
		endloop
	endfacet
	facet normal 0.10208920845457159 -0.05275654991216873 0.9933753268319502
		outer loop
			vertex 14.481300354003906 -7.190624237060547 7.138556480407715
			vertex 14.24241828918457 -7.6528849601745605 7.138556480407715
			vertex 14.707646369934082 -7.902866363525391 7.0774688720703125
		endloop
	endfacet
	facet normal 0.06386558116430661 -0.011113294731773814 0.9978966290266494
		outer loop
			vertex 13.299851417541504 -7.451699256896973 7.195124626159668
			vertex 13.495058059692383 -7.967371463775635 7.176888465881348
			vertex 14.105207443237305 -7.902927398681641 7.138556480407715
		endloop
	endfacet
	facet normal 0.012363984393561607 -0.007112262407773298 0.9998982686320439
		outer loop
			vertex 13.299851417541504 -7.451699256896973 7.195124626159668
			vertex 13.101114273071289 -7.1118597984313965 7.1999993324279785
			vertex 13.127906799316406 -7.750608444213867 7.195124626159668
		endloop
	endfacet
	facet normal 0.037043394326598686 -0.021308854212286555 0.9990864425408463
		outer loop
			vertex 13.299851417541504 -7.451699256896973 7.195124626159668
			vertex 13.127906799316406 -7.750608444213867 7.195124626159668
			vertex 13.495058059692383 -7.967371463775635 7.176888465881348
		endloop
	endfacet
	facet normal 0.2991224145213473 -0.10887134954977595 0.9479835496347654
		outer loop
			vertex 17.828842163085938 -5.68201208114624 6.645072937011719
			vertex 18.16193962097168 -7.4572858810424805 6.336087226867676
			vertex 18.706302642822266 -5.96165657043457 6.336087226867676
		endloop
	endfacet
	facet normal 0.29912207161784915 -0.10887143109123781 0.9479836484682593
		outer loop
			vertex 17.828842163085938 -5.68201208114624 6.645072937011719
			vertex 17.310012817382812 -7.107485294342041 6.645072937011719
			vertex 18.16193962097168 -7.4572858810424805 6.336087226867676
		endloop
	endfacet
	facet normal 0.21131220905043963 -0.08975926478357854 0.9732884591382632
		outer loop
			vertex 15.947277069091797 -6.547946453094482 6.9925408363342285
			vertex 17.133481979370117 -7.523076057434082 6.645072937011719
			vertex 17.310012817382812 -7.107485294342041 6.645072937011719
		endloop
	endfacet
	facet normal 0.21131233040592756 -0.08975911276669461 0.9732884468099641
		outer loop
			vertex 15.947277069091797 -6.547946453094482 6.9925408363342285
			vertex 15.78464412689209 -6.930819511413574 6.9925408363342285
			vertex 17.133481979370117 -7.523076057434082 6.645072937011719
		endloop
	endfacet
	facet normal 0.12150834723496907 -0.05904779118742077 0.990832518596414
		outer loop
			vertex 14.601869583129883 -6.942517280578613 7.138556480407715
			vertex 14.481300354003906 -7.190624237060547 7.138556480407715
			vertex 15.44051742553711 -7.666919231414795 6.9925408363342285
		endloop
	endfacet
	facet normal 0.12150814818129593 -0.059048023760594225 0.9908325291468386
		outer loop
			vertex 14.601869583129883 -6.942517280578613 7.138556480407715
			vertex 15.44051742553711 -7.666919231414795 6.9925408363342285
			vertex 15.569073677062988 -7.402378082275391 6.9925408363342285
		endloop
	endfacet
	facet normal 0.05362205563384231 -0.029425115427925693 0.9981276660486146
		outer loop
			vertex 13.429228782653809 -7.215933799743652 7.195124626159668
			vertex 14.105207443237305 -7.902927398681641 7.138556480407715
			vertex 14.24241828918457 -7.6528849601745605 7.138556480407715
		endloop
	endfacet
	facet normal 0.05362190507292682 -0.029425263880475522 0.9981276697606948
		outer loop
			vertex 13.429228782653809 -7.215933799743652 7.195124626159668
			vertex 13.299851417541504 -7.451699256896973 7.195124626159668
			vertex 14.105207443237305 -7.902927398681641 7.138556480407715
		endloop
	endfacet
	facet normal 0.05434324036590164 -0.028082908234403972 0.9981273277952227
		outer loop
			vertex 13.429228782653809 -7.215933799743652 7.195124626159668
			vertex 14.24241828918457 -7.6528849601745605 7.138556480407715
			vertex 14.481300354003906 -7.190624237060547 7.138556480407715
		endloop
	endfacet
	facet normal 0.012652842006839393 -0.006943304501823676 0.9998958426314938
		outer loop
			vertex 13.429228782653809 -7.215933799743652 7.195124626159668
			vertex 13.101114273071289 -7.1118597984313965 7.1999993324279785
			vertex 13.299851417541504 -7.451699256896973 7.195124626159668
		endloop
	endfacet
	facet normal 0.30422854694072415 -0.0929289551258021 0.9480554838856017
		outer loop
			vertex 17.96074867248535 -5.250179767608643 6.645072937011719
			vertex 17.828842163085938 -5.68201208114624 6.645072937011719
			vertex 18.706302642822266 -5.96165657043457 6.336087226867676
		endloop
	endfacet
	facet normal 0.30238312190182964 -0.09918869241147235 0.9480116301431147
		outer loop
			vertex 17.96074867248535 -5.250179767608643 6.645072937011719
			vertex 18.844701766967773 -5.508571624755859 6.336087226867676
			vertex 18.564693450927734 -4.8257293701171875 6.49684476852417
		endloop
	endfacet
	facet normal 0.30422815900430755 -0.09292939690045153 0.9480555650701958
		outer loop
			vertex 17.96074867248535 -5.250179767608643 6.645072937011719
			vertex 18.706302642822266 -5.96165657043457 6.336087226867676
			vertex 18.844701766967773 -5.508571624755859 6.336087226867676
		endloop
	endfacet
	facet normal 0.12434759760814473 -0.052819113842227275 0.990831880886967
		outer loop
			vertex 14.804047584533691 -6.500253200531006 7.138556480407715
			vertex 15.78464412689209 -6.930819511413574 6.9925408363342285
			vertex 15.947277069091797 -6.547946453094482 6.9925408363342285
		endloop
	endfacet
	facet normal 0.12287550003899071 -0.05617169501240652 0.9908311421072722
		outer loop
			vertex 14.804047584533691 -6.500253200531006 7.138556480407715
			vertex 14.601869583129883 -6.942517280578613 7.138556480407715
			vertex 15.569073677062988 -7.402378082275391 6.9925408363342285
		endloop
	endfacet
	facet normal 0.12287536708279478 -0.05617180938211825 0.9908311521117045
		outer loop
			vertex 14.804047584533691 -6.500253200531006 7.138556480407715
			vertex 15.569073677062988 -7.402378082275391 6.9925408363342285
			vertex 15.78464412689209 -6.930819511413574 6.9925408363342285
		endloop
	endfacet
	facet normal 0.012763147414252437 -0.006595588812999718 0.9998967948124907
		outer loop
			vertex 13.654471397399902 -6.780066013336182 7.195124626159668
			vertex 13.101114273071289 -7.1118597984313965 7.1999993324279785
			vertex 13.429228782653809 -7.215933799743652 7.195124626159668
		endloop
	endfacet
	facet normal 0.05434323924438869 -0.02808285834121199 0.9981273292600573
		outer loop
			vertex 13.654471397399902 -6.780066013336182 7.195124626159668
			vertex 13.429228782653809 -7.215933799743652 7.195124626159668
			vertex 14.481300354003906 -7.190624237060547 7.138556480407715
		endloop
	endfacet
	facet normal 0.29109156457515134 -0.0758500868259907 0.9536836295971953
		outer loop
			vertex 18.067163467407227 -4.871398448944092 6.645072937011719
			vertex 18.564693450927734 -4.8257293701171875 6.49684476852417
			vertex 18.146982192993164 -4.5650763511657715 6.645072937011719
		endloop
	endfacet
	facet normal 0.25267996389983055 -0.06584112881787851 0.965307091862257
		outer loop
			vertex 18.067163467407227 -4.871398448944092 6.645072937011719
			vertex 18.146982192993164 -4.5650763511657715 6.645072937011719
			vertex 17.615285873413086 -4.259474754333496 6.8050947189331055
		endloop
	endfacet
	facet normal 0.29146288861545444 -0.08188356181002332 0.9530710712560945
		outer loop
			vertex 18.067163467407227 -4.871398448944092 6.645072937011719
			vertex 17.96074867248535 -5.250179767608643 6.645072937011719
			vertex 18.564693450927734 -4.8257293701171875 6.49684476852417
		endloop
	endfacet
	facet normal 0.24788174851844577 -0.0696398796183157 0.966284081374719
		outer loop
			vertex 18.067163467407227 -4.871398448944092 6.645072937011719
			vertex 17.615285873413086 -4.259474754333496 6.8050947189331055
			vertex 17.96074867248535 -5.250179767608643 6.645072937011719
		endloop
	endfacet
	facet normal 0.055013022129317295 -0.026733944763475674 0.9981276790038351
		outer loop
			vertex 13.768156051635742 -6.5461249351501465 7.195124626159668
			vertex 14.481300354003906 -7.190624237060547 7.138556480407715
			vertex 14.601869583129883 -6.942517280578613 7.138556480407715
		endloop
	endfacet
	facet normal 0.012333081076112105 -0.005925797803889643 0.9999063856339541
		outer loop
			vertex 13.768156051635742 -6.5461249351501465 7.195124626159668
			vertex 13.738988876342773 -5.7842817306518555 7.1999993324279785
			vertex 13.101114273071289 -7.1118597984313965 7.1999993324279785
		endloop
	endfacet
	facet normal 0.01243046530945027 -0.006040637076878328 0.9999044925571123
		outer loop
			vertex 13.768156051635742 -6.5461249351501465 7.195124626159668
			vertex 13.101114273071289 -7.1118597984313965 7.1999993324279785
			vertex 13.654471397399902 -6.780066013336182 7.195124626159668
		endloop
	endfacet
	facet normal 0.05501310646564997 -0.0267338512563981 0.9981276768600298
		outer loop
			vertex 13.768156051635742 -6.5461249351501465 7.195124626159668
			vertex 13.654471397399902 -6.780066013336182 7.195124626159668
			vertex 14.481300354003906 -7.190624237060547 7.138556480407715
		endloop
	endfacet
	facet normal 0.1243475947401056 -0.05281917389198949 0.9908318780457754
		outer loop
			vertex 14.95657730102539 -6.141165733337402 7.138556480407715
			vertex 14.804047584533691 -6.500253200531006 7.138556480407715
			vertex 15.947277069091797 -6.547946453094482 6.9925408363342285
		endloop
	endfacet
	facet normal 0.2158931110662274 -0.07857876165182506 0.973249989885133
		outer loop
			vertex 16.425262451171875 -5.234694004058838 6.9925408363342285
			vertex 15.947277069091797 -6.547946453094482 6.9925408363342285
			vertex 17.310012817382812 -7.107485294342041 6.645072937011719
		endloop
	endfacet
	facet normal 0.21589330322879366 -0.07857866441752323 0.9732499551088192
		outer loop
			vertex 16.425262451171875 -5.234694004058838 6.9925408363342285
			vertex 17.310012817382812 -7.107485294342041 6.645072937011719
			vertex 17.828842163085938 -5.68201208114624 6.645072937011719
		endloop
	endfacet
	facet normal 0.01291384081705736 -0.005903517340507784 0.9998991855174011
		outer loop
			vertex 13.958791732788086 -6.129112720489502 7.195124626159668
			vertex 13.738988876342773 -5.7842817306518555 7.1999993324279785
			vertex 13.768156051635742 -6.5461249351501465 7.195124626159668
		endloop
	endfacet
	facet normal 0.0556321731826285 -0.025431867735231047 0.9981273873661999
		outer loop
			vertex 13.958791732788086 -6.129112720489502 7.195124626159668
			vertex 14.601869583129883 -6.942517280578613 7.138556480407715
			vertex 14.804047584533691 -6.500253200531006 7.138556480407715
		endloop
	endfacet
	facet normal 0.055632024068730156 -0.02543198599315955 0.9981273926641128
		outer loop
			vertex 13.958791732788086 -6.129112720489502 7.195124626159668
			vertex 13.768156051635742 -6.5461249351501465 7.195124626159668
			vertex 14.601869583129883 -6.942517280578613 7.138556480407715
		endloop
	endfacet
	facet normal 0.21957059559847752 -0.067069531214282 0.9732884626518628
		outer loop
			vertex 16.546783447265625 -4.836857795715332 6.9925408363342285
			vertex 17.828842163085938 -5.68201208114624 6.645072937011719
			vertex 17.96074867248535 -5.250179767608643 6.645072937011719
		endloop
	endfacet
	facet normal 0.21511634043755049 -0.0821703356706129 0.973125375279329
		outer loop
			vertex 16.546783447265625 -4.836857795715332 6.9925408363342285
			vertex 17.96074867248535 -5.250179767608643 6.645072937011719
			vertex 17.615285873413086 -4.259474754333496 6.8050947189331055
		endloop
	endfacet
	facet normal 0.21957093217231338 -0.06706900435712514 0.9732884230275861
		outer loop
			vertex 16.546783447265625 -4.836857795715332 6.9925408363342285
			vertex 16.425262451171875 -5.234694004058838 6.9925408363342285
			vertex 17.828842163085938 -5.68201208114624 6.645072937011719
		endloop
	endfacet
	facet normal 0.0562986538445173 -0.023914000053749305 0.9981275380314505
		outer loop
			vertex 14.102612495422363 -5.790527820587158 7.195124626159668
			vertex 14.804047584533691 -6.500253200531006 7.138556480407715
			vertex 14.95657730102539 -6.141165733337402 7.138556480407715
		endloop
	endfacet
	facet normal 0.013307414272735829 -0.0056525925106144575 0.9998954749989035
		outer loop
			vertex 14.102612495422363 -5.790527820587158 7.195124626159668
			vertex 13.738988876342773 -5.7842817306518555 7.1999993324279785
			vertex 13.958791732788086 -6.129112720489502 7.195124626159668
		endloop
	endfacet
	facet normal 0.056298662154541844 -0.02391399181915994 0.9981275377600209
		outer loop
			vertex 14.102612495422363 -5.790527820587158 7.195124626159668
			vertex 13.958791732788086 -6.129112720489502 7.195124626159668
			vertex 14.804047584533691 -6.500253200531006 7.138556480407715
		endloop
	endfacet
	facet normal 0.20221304682353394 -0.05680885015663735 0.9776925069970742
		outer loop
			vertex 16.644819259643555 -4.487895965576172 6.9925408363342285
			vertex 16.546783447265625 -4.836857795715332 6.9925408363342285
			vertex 17.615285873413086 -4.259474754333496 6.8050947189331055
		endloop
	endfacet
	facet normal 0.12704644593301834 -0.04624118085277716 0.9908183253095036
		outer loop
			vertex 15.404868125915527 -4.909496784210205 7.138556480407715
			vertex 15.947277069091797 -6.547946453094482 6.9925408363342285
			vertex 16.425262451171875 -5.234694004058838 6.9925408363342285
		endloop
	endfacet
	facet normal 0.12920730297278352 -0.039466996292812175 0.9908318873866154
		outer loop
			vertex 15.404868125915527 -4.909496784210205 7.138556480407715
			vertex 16.425262451171875 -5.234694004058838 6.9925408363342285
			vertex 16.546783447265625 -4.836857795715332 6.9925408363342285
		endloop
	endfacet
	facet normal 0.12704652721323423 -0.04624115313145418 0.9908183161811909
		outer loop
			vertex 15.404868125915527 -4.909496784210205 7.138556480407715
			vertex 14.95657730102539 -6.141165733337402 7.138556480407715
			vertex 15.947277069091797 -6.547946453094482 6.9925408363342285
		endloop
	endfacet
	facet normal 0.20158225133265623 -0.04784986330481583 0.9783020936956889
		outer loop
			vertex 16.718355178833008 -4.205689430236816 6.9925408363342285
			vertex 17.615285873413086 -4.259474754333496 6.8050947189331055
			vertex 16.82497215270996 -3.756532669067383 6.9925408363342285
		endloop
	endfacet
	facet normal 0.1490575277841111 -0.035381995596693 0.9881953085288782
		outer loop
			vertex 16.718355178833008 -4.205689430236816 6.9925408363342285
			vertex 16.82497215270996 -3.756532669067383 6.9925408363342285
			vertex 16.346574783325195 -3.3999457359313965 7.0774688720703125
		endloop
	endfacet
	facet normal 0.2012707939058188 -0.05244610234861321 0.9781306016422143
		outer loop
			vertex 16.718355178833008 -4.205689430236816 6.9925408363342285
			vertex 16.644819259643555 -4.487895965576172 6.9925408363342285
			vertex 17.615285873413086 -4.259474754333496 6.8050947189331055
		endloop
	endfacet
	facet normal 0.13006324536975344 -0.03653940006919654 0.9908321878332731
		outer loop
			vertex 15.518840789794922 -4.536375522613525 7.138556480407715
			vertex 16.546783447265625 -4.836857795715332 6.9925408363342285
			vertex 16.644819259643555 -4.487895965576172 6.9925408363342285
		endloop
	endfacet
	facet normal 0.12920732261072315 -0.03946733747536055 0.9908318712356676
		outer loop
			vertex 15.518840789794922 -4.536375522613525 7.138556480407715
			vertex 15.404868125915527 -4.909496784210205 7.138556480407715
			vertex 16.546783447265625 -4.836857795715332 6.9925408363342285
		endloop
	endfacet
	facet normal 0.1300632486677724 -0.03653948770636275 0.9908321841685108
		outer loop
			vertex 15.610786437988281 -4.209092617034912 7.138556480407715
			vertex 15.518840789794922 -4.536375522613525 7.138556480407715
			vertex 16.644819259643555 -4.487895965576172 6.9925408363342285
		endloop
	endfacet
	facet normal 0.013321309300120508 -0.004848560125026532 0.9998995120427077
		outer loop
			vertex 14.525306701660156 -4.629182815551758 7.195124626159668
			vertex 14.242740631103516 -4.400235176086426 7.1999993324279785
			vertex 13.738988876342773 -5.7842817306518555 7.1999993324279785
		endloop
	endfacet
	facet normal 0.05752124309127175 -0.020935980337328873 0.9981247373552816
		outer loop
			vertex 14.525306701660156 -4.629182815551758 7.195124626159668
			vertex 14.102612495422363 -5.790527820587158 7.195124626159668
			vertex 14.95657730102539 -6.141165733337402 7.138556480407715
		endloop
	endfacet
	facet normal 0.013321279888668078 -0.004848540101518229 0.9998995125316402
		outer loop
			vertex 14.525306701660156 -4.629182815551758 7.195124626159668
			vertex 13.738988876342773 -5.7842817306518555 7.1999993324279785
			vertex 14.102612495422363 -5.790527820587158 7.195124626159668
		endloop
	endfacet
	facet normal 0.05752118247527176 -0.020935997744173585 0.998124740483424
		outer loop
			vertex 14.525306701660156 -4.629182815551758 7.195124626159668
			vertex 14.95657730102539 -6.141165733337402 7.138556480407715
			vertex 15.404868125915527 -4.909496784210205 7.138556480407715
		endloop
	endfacet
	facet normal 0.127859449733063 -0.04543245334425013 0.9907511560917206
		outer loop
			vertex 15.679754257202148 -3.9444174766540527 7.138556480407715
			vertex 16.718355178833008 -4.205689430236816 6.9925408363342285
			vertex 16.346574783325195 -3.3999457359313965 7.0774688720703125
		endloop
	endfacet
	facet normal 0.13073048513060057 -0.03406507357670394 0.9908325342961504
		outer loop
			vertex 15.679754257202148 -3.9444174766540527 7.138556480407715
			vertex 16.644819259643555 -4.487895965576172 6.9925408363342285
			vertex 16.718355178833008 -4.205689430236816 6.9925408363342285
		endloop
	endfacet
	facet normal 0.1307304514267944 -0.03406513406123588 0.9908325366635559
		outer loop
			vertex 15.679754257202148 -3.9444174766540527 7.138556480407715
			vertex 15.610786437988281 -4.209092617034912 7.138556480407715
			vertex 16.644819259643555 -4.487895965576172 6.9925408363342285
		endloop
	endfacet
	facet normal 0.013827503944030902 -0.004223731177699196 0.9998954746520341
		outer loop
			vertex 14.632772445678711 -4.277365207672119 7.195124626159668
			vertex 14.242740631103516 -4.400235176086426 7.1999993324279785
			vertex 14.525306701660156 -4.629182815551758 7.195124626159668
		endloop
	endfacet
	facet normal 0.05849886377705539 -0.01786891293746674 0.998127539389244
		outer loop
			vertex 14.632772445678711 -4.277365207672119 7.195124626159668
			vertex 15.404868125915527 -4.909496784210205 7.138556480407715
			vertex 15.518840789794922 -4.536375522613525 7.138556480407715
		endloop
	endfacet
	facet normal 0.05888635878436476 -0.016543315693812233 0.9981276047955863
		outer loop
			vertex 14.632772445678711 -4.277365207672119 7.195124626159668
			vertex 15.518840789794922 -4.536375522613525 7.138556480407715
			vertex 15.610786437988281 -4.209092617034912 7.138556480407715
		endloop
	endfacet
	facet normal 0.058498816009573004 -0.01786897143824602 0.9981275411415205
		outer loop
			vertex 14.632772445678711 -4.277365207672119 7.195124626159668
			vertex 14.525306701660156 -4.629182815551758 7.195124626159668
			vertex 15.404868125915527 -4.909496784210205 7.138556480407715
		endloop
	endfacet
	facet normal 0.11286764228185445 -0.026791600175213662 0.9932487631433461
		outer loop
			vertex 15.77974796295166 -3.5231640338897705 7.138556480407715
			vertex 15.679754257202148 -3.9444174766540527 7.138556480407715
			vertex 16.346574783325195 -3.3999457359313965 7.0774688720703125
		endloop
	endfacet
	facet normal 0.013710352203768842 -0.003851727398355661 0.9998985900772626
		outer loop
			vertex 14.719468116760254 -3.968769073486328 7.195124626159668
			vertex 14.242740631103516 -4.400235176086426 7.1999993324279785
			vertex 14.632772445678711 -4.277365207672119 7.195124626159668
		endloop
	endfacet
	facet normal 0.05888635631830824 -0.016543279753106037 0.998127605536769
		outer loop
			vertex 14.719468116760254 -3.968769073486328 7.195124626159668
			vertex 14.632772445678711 -4.277365207672119 7.195124626159668
			vertex 15.610786437988281 -4.209092617034912 7.138556480407715
		endloop
	endfacet
	facet normal 0.11287766731325312 -0.02219039455732017 0.9933610716206414
		outer loop
			vertex 15.843414306640625 -3.2248036861419678 7.138556480407715
			vertex 16.346574783325195 -3.3999457359313965 7.0774688720703125
			vertex 15.885119438171387 -3.0126588344573975 7.138556480407715
		endloop
	endfacet
	facet normal 0.11226643343098032 -0.023956244150756874 0.9933893226177121
		outer loop
			vertex 15.843414306640625 -3.2248036861419678 7.138556480407715
			vertex 15.77974796295166 -3.5231640338897705 7.138556480407715
			vertex 16.346574783325195 -3.3999457359313965 7.0774688720703125
		endloop
	endfacet
	facet normal 0.013256007783677191 -0.0033879480603756563 0.9999063956519028
		outer loop
			vertex 14.78449821472168 -3.719205617904663 7.195124626159668
			vertex 14.607451438903809 -2.9732329845428467 7.1999993324279785
			vertex 14.242740631103516 -4.400235176086426 7.1999993324279785
		endloop
	endfacet
	facet normal 0.013379815027867992 -0.0034864506902265234 0.9999044080367908
		outer loop
			vertex 14.78449821472168 -3.719205617904663 7.195124626159668
			vertex 14.242740631103516 -4.400235176086426 7.1999993324279785
			vertex 14.719468116760254 -3.968769073486328 7.195124626159668
		endloop
	endfacet
	facet normal 0.05918840846825518 -0.015423040671372233 0.9981276782653833
		outer loop
			vertex 14.78449821472168 -3.719205617904663 7.195124626159668
			vertex 15.610786437988281 -4.209092617034912 7.138556480407715
			vertex 15.679754257202148 -3.9444174766540527 7.138556480407715
		endloop
	endfacet
	facet normal 0.05951441774114666 -0.014127046977730541 0.9981274771413827
		outer loop
			vertex 14.78449821472168 -3.719205617904663 7.195124626159668
			vertex 15.679754257202148 -3.9444174766540527 7.138556480407715
			vertex 15.77974796295166 -3.5231640338897705 7.138556480407715
		endloop
	endfacet
	facet normal 0.059188407081285054 -0.01542304301607649 0.9981276783113994
		outer loop
			vertex 14.78449821472168 -3.719205617904663 7.195124626159668
			vertex 14.719468116760254 -3.968769073486328 7.195124626159668
			vertex 15.610786437988281 -4.209092617034912 7.138556480407715
		endloop
	endfacet
	facet normal 0.013764350778057028 -0.0032672572897126323 0.9998999288316114
		outer loop
			vertex 14.878782272338867 -3.3220043182373047 7.195124626159668
			vertex 14.607451438903809 -2.9732329845428467 7.1999993324279785
			vertex 14.78449821472168 -3.719205617904663 7.195124626159668
		endloop
	endfacet
	facet normal 0.05951440709316312 -0.014126992515190081 0.9981274785471168
		outer loop
			vertex 14.878782272338867 -3.3220043182373047 7.195124626159668
			vertex 14.78449821472168 -3.719205617904663 7.195124626159668
			vertex 15.77974796295166 -3.5231640338897705 7.138556480407715
		endloop
	endfacet
	facet normal 0.06048153584239599 -0.02826927905776657 0.9977689269984805
		outer loop
			vertex 14.938813209533691 -3.0406792163848877 7.195124626159668
			vertex 15.885119438171387 -3.0126588344573975 7.138556480407715
			vertex 15.459141731262207 -2.5710954666137695 7.176888465881348
		endloop
	endfacet
	facet normal 0.014097310657043189 -0.003008173693340885 0.9998961029643378
		outer loop
			vertex 14.938813209533691 -3.0406792163848877 7.195124626159668
			vertex 14.607451438903809 -2.9732329845428467 7.1999993324279785
			vertex 14.878782272338867 -3.3220043182373047 7.195124626159668
		endloop
	endfacet
	facet normal 0.05981859532468197 -0.012764535494346215 0.9981276482930406
		outer loop
			vertex 14.938813209533691 -3.0406792163848877 7.195124626159668
			vertex 15.77974796295166 -3.5231640338897705 7.138556480407715
			vertex 15.843414306640625 -3.2248036861419678 7.138556480407715
		endloop
	endfacet
	facet normal 0.059818627792150414 -0.01276447876291881 0.9981276470727455
		outer loop
			vertex 14.938813209533691 -3.0406792163848877 7.195124626159668
			vertex 14.878782272338867 -3.3220043182373047 7.195124626159668
			vertex 15.77974796295166 -3.5231640338897705 7.138556480407715
		endloop
	endfacet
	facet normal 0.06001527373502312 -0.01179828247114541 0.998127731029071
		outer loop
			vertex 14.938813209533691 -3.0406792163848877 7.195124626159668
			vertex 15.843414306640625 -3.2248036861419678 7.138556480407715
			vertex 15.885119438171387 -3.0126588344573975 7.138556480407715
		endloop
	endfacet
	facet normal 0.042253887747661235 -0.006405720181784527 0.9990863705001489
		outer loop
			vertex 15.038555145263672 -2.501145362854004 7.195124626159668
			vertex 15.459141731262207 -2.5710954666137695 7.176888465881348
			vertex 15.104148864746094 -2.0684711933135986 7.195124626159668
		endloop
	endfacet
	facet normal 0.013609054363690686 -0.002063142561297721 0.9999052640535993
		outer loop
			vertex 15.038555145263672 -2.501145362854004 7.195124626159668
			vertex 15.104148864746094 -2.0684711933135986 7.195124626159668
			vertex 14.829559326171875 -1.5172051191329956 7.1999993324279785
		endloop
	endfacet
	facet normal 0.013573896901841262 -0.0020706125442275596 0.9999057264995486
		outer loop
			vertex 15.038555145263672 -2.501145362854004 7.195124626159668
			vertex 14.829559326171875 -1.5172051191329956 7.1999993324279785
			vertex 14.607451438903809 -2.9732329845428467 7.1999993324279785
		endloop
	endfacet
	facet normal 0.014176176592418361 -0.0026207054206597775 0.9998960785603267
		outer loop
			vertex 15.038555145263672 -2.501145362854004 7.195124626159668
			vertex 14.607451438903809 -2.9732329845428467 7.1999993324279785
			vertex 14.938813209533691 -3.0406792163848877 7.195124626159668
		endloop
	endfacet
	facet normal 0.04202707943247549 -0.007769414705379197 0.9990862629370462
		outer loop
			vertex 15.038555145263672 -2.501145362854004 7.195124626159668
			vertex 14.938813209533691 -3.0406792163848877 7.195124626159668
			vertex 15.459141731262207 -2.5710954666137695 7.176888465881348
		endloop
	endfacet
	facet normal 0.5224284148437123 0.8526831482818727 0
		outer loop
			vertex 17.118440628051758 -3.955063819885254 0.2702690660953522
			vertex 17.615285873413086 -4.259474754333496 6.8050947189331055
			vertex 17.615285873413086 -4.259474754333496 0.39490529894828796
		endloop
	endfacet
	facet normal 0.5366343175295805 0.8438135928364845 -0.0014932494583957273
		outer loop
			vertex 17.118440628051758 -3.955063819885254 0.2702690660953522
			vertex 16.82497215270996 -3.756532669067383 6.9925408363342285
			vertex 17.615285873413086 -4.259474754333496 6.8050947189331055
		endloop
	endfacet
	facet normal 0.5975572399415698 0.8018260323540947 -0.0005990264632123428
		outer loop
			vertex 16.6318359375 -3.6176953315734863 0.1705513596534729
			vertex 16.346574783325195 -3.3999457359313965 7.0774688720703125
			vertex 16.82497215270996 -3.756532669067383 6.9925408363342285
		endloop
	endfacet
	facet normal 0.5696844964547284 0.8218632593453374 0.000597860670475291
		outer loop
			vertex 16.6318359375 -3.6176953315734863 0.1705513596534729
			vertex 16.82497215270996 -3.756532669067383 6.9925408363342285
			vertex 17.118440628051758 -3.955063819885254 0.2702690660953522
		endloop
	endfacet
	facet normal 0.6428654272332026 0.7659791397083031 0
		outer loop
			vertex 15.885119438171387 -3.0126588344573975 0.06144355982542038
			vertex 15.885119438171387 -3.0126588344573975 7.138556480407715
			vertex 16.346574783325195 -3.3999457359313965 7.0774688720703125
		endloop
	endfacet
	facet normal 0.6294121952016208 0.7770701688489733 0.001497069305363582
		outer loop
			vertex 15.885119438171387 -3.0126588344573975 0.06144355982542038
			vertex 16.346574783325195 -3.3999457359313965 7.0774688720703125
			vertex 16.6318359375 -3.6176953315734863 0.1705513596534729
		endloop
	endfacet
	facet normal 0.9975995242373651 0.06924730493949008 0
		outer loop
			vertex 10.18972110748291 -11.90651798248291 0.023111635819077492
			vertex 10.232207298278809 -12.518588066101074 7.138556480407715
			vertex 10.232207298278809 -12.518588066101074 0.06144355982542038
		endloop
	endfacet
	facet normal 0.9975995242373652 0.06924730493949009 0
		outer loop
			vertex 10.18972110748291 -11.90651798248291 0.023111635819077492
			vertex 10.18972110748291 -11.90651798248291 7.176888465881348
			vertex 10.232207298278809 -12.518588066101074 7.138556480407715
		endloop
	endfacet
	facet normal 0.99654046546583 -0.08310896876479207 0
		outer loop
			vertex 10.240861892700195 -11.29330062866211 0.004875252489000559
			vertex 10.240861892700195 -11.29330062866211 7.195124626159668
			vertex 10.18972110748291 -11.90651798248291 7.176888465881348
		endloop
	endfacet
	facet normal 0.9722811348553269 -0.23381487293249267 0
		outer loop
			vertex 10.240861892700195 -11.29330062866211 0.004875252489000559
			vertex 10.38486099243164 -10.694503784179688 7.1999993324279785
			vertex 10.240861892700195 -11.29330062866211 7.195124626159668
		endloop
	endfacet
	facet normal 0.99654046546583 -0.08310896876479208 0
		outer loop
			vertex 10.240861892700195 -11.29330062866211 0.004875252489000559
			vertex 10.18972110748291 -11.90651798248291 7.176888465881348
			vertex 10.18972110748291 -11.90651798248291 0.023111635819077492
		endloop
	endfacet
	facet normal 0.972281134855327 -0.2338148729324927 0
		outer loop
			vertex 10.38486099243164 -10.694503784179688 8.907265964808175e-7
			vertex 10.38486099243164 -10.694503784179688 7.1999993324279785
			vertex 10.240861892700195 -11.29330062866211 0.004875252489000559
		endloop
	endfacet
	facet normal 0.9515300734496093 -0.307555717425284 0
		outer loop
			vertex 10.385480880737305 -10.692585945129395 0
			vertex 10.385480880737305 -10.692585945129395 7.199999809265137
			vertex 10.38486099243164 -10.694503784179688 7.1999993324279785
		endloop
	endfacet
	facet normal 0.9515300734496094 -0.307555717425284 0
		outer loop
			vertex 10.385480880737305 -10.692585945129395 0
			vertex 10.38486099243164 -10.694503784179688 7.1999993324279785
			vertex 10.38486099243164 -10.694503784179688 8.907265964808175e-7
		endloop
	endfacet
	facet normal 0.9174273749664144 -0.39790326922787933 0
		outer loop
			vertex 10.694068908691406 -9.981088638305664 0
			vertex 10.694068908691406 -9.981088638305664 7.199999809265137
			vertex 10.385480880737305 -10.692585945129395 7.199999809265137
		endloop
	endfacet
	facet normal 0.9174273749664144 -0.39790326922787933 0
		outer loop
			vertex 10.694068908691406 -9.981088638305664 0
			vertex 10.385480880737305 -10.692585945129395 7.199999809265137
			vertex 10.385480880737305 -10.692585945129395 0
		endloop
	endfacet
	facet normal 0.8243004596391735 -0.5661525874167206 0
		outer loop
			vertex 11.133140563964844 -9.341814041137695 0
			vertex 11.133140563964844 -9.341814041137695 7.199999809265137
			vertex 10.694068908691406 -9.981088638305664 7.199999809265137
		endloop
	endfacet
	facet normal 0.8243004596391735 -0.5661525874167206 0
		outer loop
			vertex 11.133140563964844 -9.341814041137695 0
			vertex 10.694068908691406 -9.981088638305664 7.199999809265137
			vertex 10.694068908691406 -9.981088638305664 0
		endloop
	endfacet
	facet normal 0.7006902651879908 -0.7134655929130592 0
		outer loop
			vertex 11.686458587646484 -8.7984037399292 0
			vertex 11.686458587646484 -8.7984037399292 7.199999809265137
			vertex 11.133140563964844 -9.341814041137695 7.199999809265137
		endloop
	endfacet
	facet normal 0.7006902651879908 -0.7134655929130592 0
		outer loop
			vertex 11.686458587646484 -8.7984037399292 0
			vertex 11.133140563964844 -9.341814041137695 7.199999809265137
			vertex 11.133140563964844 -9.341814041137695 0
		endloop
	endfacet
	facet normal 0.5511678701870975 -0.8343943785006099 0
		outer loop
			vertex 12.333560943603516 -8.370953559875488 0
			vertex 12.333560943603516 -8.370953559875488 7.199999809265137
			vertex 11.686458587646484 -8.7984037399292 7.199999809265137
		endloop
	endfacet
	facet normal 0.5511678701870975 -0.8343943785006099 0
		outer loop
			vertex 12.333560943603516 -8.370953559875488 0
			vertex 11.686458587646484 -8.7984037399292 7.199999809265137
			vertex 11.686458587646484 -8.7984037399292 0
		endloop
	endfacet
	facet normal 0.4679094579343928 -0.8837764079084385 0
		outer loop
			vertex 12.335342407226562 -8.370010375976562 8.907265964808175e-7
			vertex 12.335342407226562 -8.370010375976562 7.1999993324279785
			vertex 12.333560943603516 -8.370953559875488 7.199999809265137
		endloop
	endfacet
	facet normal 0.46790945793439276 -0.8837764079084386 0
		outer loop
			vertex 12.335342407226562 -8.370010375976562 8.907265964808175e-7
			vertex 12.333560943603516 -8.370953559875488 7.199999809265137
			vertex 12.333560943603516 -8.370953559875488 0
		endloop
	endfacet
	facet normal 0.2548929033690727 -0.9669692900046436 0
		outer loop
			vertex 12.900036811828613 -8.124218940734863 0.004875252489000559
			vertex 13.495058059692383 -7.967371463775635 7.176888465881348
			vertex 12.900036811828613 -8.124218940734863 7.195124626159668
		endloop
	endfacet
	facet normal 0.3990976927521988 -0.9169084096243593 0
		outer loop
			vertex 12.900036811828613 -8.124218940734863 0.004875252489000559
			vertex 12.900036811828613 -8.124218940734863 7.195124626159668
			vertex 12.335342407226562 -8.370010375976562 7.1999993324279785
		endloop
	endfacet
	facet normal 0.39909769275219875 -0.9169084096243593 0
		outer loop
			vertex 12.900036811828613 -8.124218940734863 0.004875252489000559
			vertex 12.335342407226562 -8.370010375976562 7.1999993324279785
			vertex 12.335342407226562 -8.370010375976562 8.907265964808175e-7
		endloop
	endfacet
	facet normal 0.1050358978095042 -0.9944684309576405 0
		outer loop
			vertex 13.495058059692383 -7.967371463775635 0.023111635819077492
			vertex 14.105207443237305 -7.902927398681641 7.138556480407715
			vertex 13.495058059692383 -7.967371463775635 7.176888465881348
		endloop
	endfacet
	facet normal 0.2548929033690728 -0.9669692900046437 0
		outer loop
			vertex 13.495058059692383 -7.967371463775635 0.023111635819077492
			vertex 13.495058059692383 -7.967371463775635 7.176888465881348
			vertex 12.900036811828613 -8.124218940734863 0.004875252489000559
		endloop
	endfacet
	facet normal 0.10503589780950422 -0.9944684309576406 0
		outer loop
			vertex 14.105207443237305 -7.902927398681641 0.06144355982542038
			vertex 14.105207443237305 -7.902927398681641 7.138556480407715
			vertex 13.495058059692383 -7.967371463775635 0.023111635819077492
		endloop
	endfacet
	facet normal 0.00010131343316643871 -0.9999999948677942 0
		outer loop
			vertex 14.105207443237305 -7.902927398681641 0.06144355982542038
			vertex 14.707646369934082 -7.902866363525391 7.0774688720703125
			vertex 14.105207443237305 -7.902927398681641 7.138556480407715
		endloop
	endfacet
	facet normal -0.057648647840652156 -0.9983367541103575 -0.0005989946076884595
		outer loop
			vertex 15.06613540649414 -7.9194231033325195 0.1705513596534729
			vertex 15.303329467773438 -7.937212944030762 6.9925408363342285
			vertex 14.707646369934082 -7.902866363525391 7.0774688720703125
		endloop
	endfacet
	facet normal -0.017333819197384432 -0.999848637267415 0.0014970860114057146
		outer loop
			vertex 15.06613540649414 -7.9194231033325195 0.1705513596534729
			vertex 14.707646369934082 -7.902866363525391 7.0774688720703125
			vertex 14.105207443237305 -7.902927398681641 0.06144355982542038
		endloop
	endfacet
	facet normal -0.13130781587009516 -0.9913405204432673 -0.0014933247125818881
		outer loop
			vertex 15.655752182006836 -7.973766803741455 0.2702690660953522
			vertex 16.23202896118164 -8.059941291809082 6.8050947189331055
			vertex 15.303329467773438 -7.937212944030762 6.9925408363342285
		endloop
	endfacet
	facet normal -0.09187907373063656 -0.9957699927072473 0.0005978580172748032
		outer loop
			vertex 15.655752182006836 -7.973766803741455 0.2702690660953522
			vertex 15.303329467773438 -7.937212944030762 6.9925408363342285
			vertex 15.06613540649414 -7.9194231033325195 0.1705513596534729
		endloop
	endfacet
	facet normal -0.14789224837890635 -0.9890034797054216 0
		outer loop
			vertex 16.23202896118164 -8.059941291809082 0.39490529894828796
			vertex 16.23202896118164 -8.059941291809082 6.8050947189331055
			vertex 15.655752182006836 -7.973766803741455 0.2702690660953522
		endloop
	endfacet
	facet normal -0.1755572605678735 -0.9844692215919724 0
		outer loop
			vertex 16.835769653320312 -8.167604446411133 0.554926872253418
			vertex 16.23202896118164 -8.059941291809082 6.8050947189331055
			vertex 16.23202896118164 -8.059941291809082 0.39490529894828796
		endloop
	endfacet
	facet normal -0.1755572605678735 -0.9844692215919724 0
		outer loop
			vertex 16.835769653320312 -8.167604446411133 0.554926872253418
			vertex 16.835769653320312 -8.167604446411133 6.645072937011719
			vertex 16.23202896118164 -8.059941291809082 6.8050947189331055
		endloop
	endfacet
	facet normal 0.17389309449330229 -0.9847645361646324 0
		outer loop
			vertex 19.6634578704834 -8.073809623718262 1.600000023841858
			vertex 19.6634578704834 -8.073809623718262 5.599999904632568
			vertex 18.753644943237305 -8.234467506408691 5.983592510223389
		endloop
	endfacet
	facet normal 0.03707954012858195 -0.9993123034833503 0.00016676526428450046
		outer loop
			vertex 18.742130279541016 -8.23569107055664 1.2118297815322876
			vertex 18.753644943237305 -8.234467506408691 5.983592510223389
			vertex 17.806791305541992 -8.26954174041748 6.336087226867676
		endloop
	endfacet
	facet normal 0.17312110697665348 -0.9849005305231965 -0.0001652098798586621
		outer loop
			vertex 18.742130279541016 -8.23569107055664 1.2118297815322876
			vertex 19.6634578704834 -8.073809623718262 1.600000023841858
			vertex 18.753644943237305 -8.234467506408691 5.983592510223389
		endloop
	endfacet
	facet normal -0.0682715820877383 -0.997666762714975 0.00014714978516558547
		outer loop
			vertex 17.78297996520996 -8.268720626831055 0.8556841015815735
			vertex 17.806791305541992 -8.26954174041748 6.336087226867676
			vertex 17.323299407958984 -8.236432075500488 6.49684476852417
		endloop
	endfacet
	facet normal 0.03452703511148337 -0.999403719222347 -0.0002997514814729417
		outer loop
			vertex 17.78297996520996 -8.268720626831055 0.8556841015815735
			vertex 18.742130279541016 -8.23569107055664 1.2118297815322876
			vertex 17.806791305541992 -8.26954174041748 6.336087226867676
		endloop
	endfacet
	facet normal -0.1397900766706283 -0.9901811624467616 0
		outer loop
			vertex 16.835769653320312 -8.167604446411133 0.554926872253418
			vertex 17.323299407958984 -8.236432075500488 6.49684476852417
			vertex 16.835769653320312 -8.167604446411133 6.645072937011719
		endloop
	endfacet
	facet normal -0.10524256882956788 -0.9944423987868122 -0.002883955839605231
		outer loop
			vertex 16.835769653320312 -8.167604446411133 0.554926872253418
			vertex 17.78297996520996 -8.268720626831055 0.8556841015815735
			vertex 17.323299407958984 -8.236432075500488 6.49684476852417
		endloop
	endfacet
	facet normal 0.939692358901036 -0.34202086284758515 0
		outer loop
			vertex 20.25282859802246 -6.454530715942383 1.600000023841858
			vertex 19.6634578704834 -8.073809623718262 5.599999904632568
			vertex 19.6634578704834 -8.073809623718262 1.600000023841858
		endloop
	endfacet
	facet normal 0.939692358901036 -0.34202086284758515 0
		outer loop
			vertex 20.25282859802246 -6.454530715942383 1.600000023841858
			vertex 20.25282859802246 -6.454530715942383 5.599999904632568
			vertex 19.6634578704834 -8.073809623718262 5.599999904632568
		endloop
	endfacet
	facet normal 0.529390477693623 0.8483782895190788 0
		outer loop
			vertex 18.146982192993164 -4.5650763511657715 0.554926872253418
			vertex 18.146982192993164 -4.5650763511657715 6.645072937011719
			vertex 18.564693450927734 -4.8257293701171875 6.49684476852417
		endloop
	endfacet
	facet normal 0.5889885605817742 0.8081413575926137 0.00014714678715122597
		outer loop
			vertex 18.937583923339844 -5.096471786499023 0.8556841015815735
			vertex 18.564693450927734 -4.8257293701171875 6.49684476852417
			vertex 18.95635223388672 -5.111148357391357 6.336087226867676
		endloop
	endfacet
	facet normal 0.5585945268327445 0.829435854878575 -0.0028839615722017395
		outer loop
			vertex 18.937583923339844 -5.096471786499023 0.8556841015815735
			vertex 18.146982192993164 -4.5650763511657715 0.554926872253418
			vertex 18.564693450927734 -4.8257293701171875 6.49684476852417
		endloop
	endfacet
	facet normal 0.6707500502642266 0.7416834515270285 0.00016673779226608325
		outer loop
			vertex 19.651103973388672 -5.738303184509277 1.2118297815322876
			vertex 18.95635223388672 -5.111148357391357 6.336087226867676
			vertex 19.65913963317871 -5.74664306640625 5.983592510223389
		endloop
	endfacet
	facet normal 0.668853576511529 0.7433941103714776 -0.0002997544587488878
		outer loop
			vertex 19.651103973388672 -5.738303184509277 1.2118297815322876
			vertex 18.937583923339844 -5.096471786499023 0.8556841015815735
			vertex 18.95635223388672 -5.111148357391357 6.336087226867676
		endloop
	endfacet
	facet normal 0.7662039374143005 0.6425974838814907 0
		outer loop
			vertex 20.25282859802246 -6.454530715942383 1.600000023841858
			vertex 19.65913963317871 -5.74664306640625 5.983592510223389
			vertex 20.25282859802246 -6.454530715942383 5.599999904632568
		endloop
	endfacet
	facet normal 0.7656997435848932 0.643198161809051 -0.00016528607556044522
		outer loop
			vertex 20.25282859802246 -6.454530715942383 1.600000023841858
			vertex 19.651103973388672 -5.738303184509277 1.2118297815322876
			vertex 19.65913963317871 -5.74664306640625 5.983592510223389
		endloop
	endfacet
	facet normal 0.4983194216165827 0.8669935144161777 0
		outer loop
			vertex 18.146982192993164 -4.5650763511657715 0.554926872253418
			vertex 17.615285873413086 -4.259474754333496 6.8050947189331055
			vertex 18.146982192993164 -4.5650763511657715 6.645072937011719
		endloop
	endfacet
	facet normal 0.4983194216165826 0.8669935144161774 0
		outer loop
			vertex 17.615285873413086 -4.259474754333496 0.39490529894828796
			vertex 17.615285873413086 -4.259474754333496 6.8050947189331055
			vertex 18.146982192993164 -4.5650763511657715 0.554926872253418
		endloop
	endfacet
	facet normal 0.0002768003697381591 -0.0008192864672150267 -0.9999996260755503
		outer loop
			vertex 5.463280200958252 -13.86874771118164 0
			vertex 4.069281101226807 -14.340805053710938 8.907265964808175e-7
			vertex 4.067310810089111 -14.340383529663086 0
		endloop
	endfacet
	facet normal 0.0003205143801739296 -0.0009483752146823513 -0.9999994989273667
		outer loop
			vertex 5.464620113372803 -13.869234085083008 8.907265964808175e-7
			vertex 4.069281101226807 -14.340805053710938 8.907265964808175e-7
			vertex 5.463280200958252 -13.86874771118164 0
		endloop
	endfacet
	facet normal 0.0003687673082235605 -0.0008154433128271478 -0.9999995995313579
		outer loop
			vertex 6.805864334106445 -13.261591911315918 0
			vertex 5.464620113372803 -13.869234085083008 8.907265964808175e-7
			vertex 5.463280200958252 -13.86874771118164 0
		endloop
	endfacet
	facet normal 0.00039680252259969206 -0.0008773252407547124 -0.9999995364239825
		outer loop
			vertex 6.806612014770508 -13.262269020080566 8.907265964808175e-7
			vertex 5.464620113372803 -13.869234085083008 8.907265964808175e-7
			vertex 6.805864334106445 -13.261591911315918 0
		endloop
	endfacet
	facet normal 0.00046376462758728214 -0.0008032636536914336 -0.999999569844844
		outer loop
			vertex 8.08215618133545 -12.525833129882812 8.907265964808175e-7
			vertex 6.805864334106445 -13.261591911315918 0
			vertex 8.08194351196289 -12.524847030639648 0
		endloop
	endfacet
	facet normal 0.00046380703047476887 -0.0008033372083142721 -0.9999995697660916
		outer loop
			vertex 8.08215618133545 -12.525833129882812 8.907265964808175e-7
			vertex 6.806612014770508 -13.262269020080566 8.907265964808175e-7
			vertex 6.805864334106445 -13.261591911315918 0
		endloop
	endfacet
	facet normal 0.0005613263654191347 -0.000782222745894827 -0.9999995365200363
		outer loop
			vertex 9.278799057006836 -11.66711711883545 8.907265964808175e-7
			vertex 8.08215618133545 -12.525833129882812 8.907265964808175e-7
			vertex 8.08194351196289 -12.524847030639648 0
		endloop
	endfacet
	facet normal 0.0005217659561245239 -0.0007270211088374747 -0.999999599600217
		outer loop
			vertex 9.279047966003418 -11.6657133102417 0
			vertex 9.278799057006836 -11.66711711883545 8.907265964808175e-7
			vertex 8.08194351196289 -12.524847030639648 0
		endloop
	endfacet
	facet normal 0.0006610159293708498 -0.0007517114274865625 -0.9999994989938101
		outer loop
			vertex 10.38486099243164 -10.694503784179688 8.907265964808175e-7
			vertex 9.278799057006836 -11.66711711883545 8.907265964808175e-7
			vertex 9.279047966003418 -11.6657133102417 0
		endloop
	endfacet
	facet normal 0.0005707335177472319 -0.0006489164442565213 -0.9999996265852803
		outer loop
			vertex 10.385480880737305 -10.692585945129395 0
			vertex 10.38486099243164 -10.694503784179688 8.907265964808175e-7
			vertex 9.279047966003418 -11.6657133102417 0
		endloop
	endfacet
	facet normal 0.8087168810658923 -0.5881981012202057 0
		outer loop
			vertex 0.15241706371307373 -15.670748710632324 0.023111635819077492
			vertex -0.20846766233444214 -16.16693115234375 7.138556480407715
			vertex -0.20846766233444214 -16.16693115234375 0.06144355982542038
		endloop
	endfacet
	facet normal 0.8087168810658925 -0.5881981012202058 0
		outer loop
			vertex 0.15241706371307373 -15.670748710632324 0.023111635819077492
			vertex 0.15241706371307373 -15.670748710632324 7.176888465881348
			vertex -0.20846766233444214 -16.16693115234375 7.138556480407715
		endloop
	endfacet
	facet normal 0.7099738197103137 -0.7042280705325137 0
		outer loop
			vertex 0.585761547088623 -15.233868598937988 0.004875252489000559
			vertex 0.585761547088623 -15.233868598937988 7.195124626159668
			vertex 0.15241706371307373 -15.670748710632324 7.176888465881348
		endloop
	endfacet
	facet normal 0.5945172213671249 -0.8040828772570108 0
		outer loop
			vertex 0.585761547088623 -15.233868598937988 0.004875252489000559
			vertex 1.0809705257415771 -14.867724418640137 7.1999993324279785
			vertex 0.585761547088623 -15.233868598937988 7.195124626159668
		endloop
	endfacet
	facet normal 0.7099738197103137 -0.7042280705325138 0
		outer loop
			vertex 0.585761547088623 -15.233868598937988 0.004875252489000559
			vertex 0.15241706371307373 -15.670748710632324 7.176888465881348
			vertex 0.15241706371307373 -15.670748710632324 0.023111635819077492
		endloop
	endfacet
	facet normal 0.594517221367125 -0.8040828772570108 0
		outer loop
			vertex 1.0809705257415771 -14.867724418640137 8.907265964808175e-7
			vertex 1.0809705257415771 -14.867724418640137 7.1999993324279785
			vertex 0.585761547088623 -15.233868598937988 0.004875252489000559
		endloop
	endfacet
	facet normal 0.5309716509426357 -0.847389583305844 0
		outer loop
			vertex 1.082678198814392 -14.866654396057129 0
			vertex 1.082678198814392 -14.866654396057129 7.199999809265137
			vertex 1.0809705257415771 -14.867724418640137 7.1999993324279785
		endloop
	endfacet
	facet normal 0.5309716509426358 -0.8473895833058441 0
		outer loop
			vertex 1.082678198814392 -14.866654396057129 0
			vertex 1.0809705257415771 -14.867724418640137 7.1999993324279785
			vertex 1.0809705257415771 -14.867724418640137 8.907265964808175e-7
		endloop
	endfacet
	facet normal 0.44702335117012115 -0.8945222878769622 0
		outer loop
			vertex 1.7764121294021606 -14.51997184753418 0
			vertex 1.7764121294021606 -14.51997184753418 7.199999809265137
			vertex 1.082678198814392 -14.866654396057129 7.199999809265137
		endloop
	endfacet
	facet normal 0.44702335117012115 -0.8945222878769622 0
		outer loop
			vertex 1.7764121294021606 -14.51997184753418 0
			vertex 1.082678198814392 -14.866654396057129 7.199999809265137
			vertex 1.082678198814392 -14.866654396057129 0
		endloop
	endfacet
	facet normal 0.26753429122145994 -0.9635483397425534 0
		outer loop
			vertex 2.5236780643463135 -14.31248950958252 0
			vertex 2.5236780643463135 -14.31248950958252 7.199999809265137
			vertex 1.7764121294021606 -14.51997184753418 7.199999809265137
		endloop
	endfacet
	facet normal 0.26753429122145994 -0.9635483397425534 0
		outer loop
			vertex 2.5236780643463135 -14.31248950958252 0
			vertex 1.7764121294021606 -14.51997184753418 7.199999809265137
			vertex 1.7764121294021606 -14.51997184753418 0
		endloop
	endfacet
	facet normal 0.0781522074081181 -0.9969414388404358 0
		outer loop
			vertex 3.296841621398926 -14.251879692077637 0
			vertex 3.296841621398926 -14.251879692077637 7.199999809265137
			vertex 2.5236780643463135 -14.31248950958252 7.199999809265137
		endloop
	endfacet
	facet normal 0.0781522074081181 -0.9969414388404358 0
		outer loop
			vertex 3.296841621398926 -14.251879692077637 0
			vertex 2.5236780643463135 -14.31248950958252 7.199999809265137
			vertex 2.5236780643463135 -14.31248950958252 0
		endloop
	endfacet
	facet normal -0.1141196102843615 -0.9934670173430749 0
		outer loop
			vertex 4.067310810089111 -14.340383529663086 0
			vertex 4.067310810089111 -14.340383529663086 7.199999809265137
			vertex 3.296841621398926 -14.251879692077637 7.199999809265137
		endloop
	endfacet
	facet normal -0.1141196102843615 -0.9934670173430749 0
		outer loop
			vertex 4.067310810089111 -14.340383529663086 0
			vertex 3.296841621398926 -14.251879692077637 7.199999809265137
			vertex 3.296841621398926 -14.251879692077637 0
		endloop
	endfacet
	facet normal -0.20920583683217805 -0.9778716264599092 0
		outer loop
			vertex 4.069281101226807 -14.340805053710938 8.907265964808175e-7
			vertex 4.069281101226807 -14.340805053710938 7.1999993324279785
			vertex 4.067310810089111 -14.340383529663086 7.199999809265137
		endloop
	endfacet
	facet normal -0.20920583683217805 -0.9778716264599092 0
		outer loop
			vertex 4.069281101226807 -14.340805053710938 8.907265964808175e-7
			vertex 4.067310810089111 -14.340383529663086 7.199999809265137
			vertex 4.067310810089111 -14.340383529663086 0
		endloop
	endfacet
	facet normal -0.42629726352651565 -0.9045831322271075 0
		outer loop
			vertex 4.659854412078857 -14.515496253967285 0.004875252489000559
			vertex 5.21648645401001 -14.777816772460938 7.176888465881348
			vertex 4.659854412078857 -14.515496253967285 7.195124626159668
		endloop
	endfacet
	facet normal -0.2836502219596768 -0.9589278135408453 0
		outer loop
			vertex 4.659854412078857 -14.515496253967285 0.004875252489000559
			vertex 4.659854412078857 -14.515496253967285 7.195124626159668
			vertex 4.069281101226807 -14.340805053710938 7.1999993324279785
		endloop
	endfacet
	facet normal -0.2836502219596768 -0.9589278135408453 0
		outer loop
			vertex 4.659854412078857 -14.515496253967285 0.004875252489000559
			vertex 4.069281101226807 -14.340805053710938 7.1999993324279785
			vertex 4.069281101226807 -14.340805053710938 8.907265964808175e-7
		endloop
	endfacet
	facet normal -0.5587691077998839 -0.8293232687972295 0
		outer loop
			vertex 5.21648645401001 -14.777816772460938 0.023111635819077492
			vertex 5.725311756134033 -15.120645523071289 7.138556480407715
			vertex 5.21648645401001 -14.777816772460938 7.176888465881348
		endloop
	endfacet
	facet normal -0.4262972635265156 -0.9045831322271075 0
		outer loop
			vertex 5.21648645401001 -14.777816772460938 0.023111635819077492
			vertex 5.21648645401001 -14.777816772460938 7.176888465881348
			vertex 4.659854412078857 -14.515496253967285 0.004875252489000559
		endloop
	endfacet
	facet normal -0.5587691077998839 -0.8293232687972295 0
		outer loop
			vertex 5.725311756134033 -15.120645523071289 0.06144355982542038
			vertex 5.725311756134033 -15.120645523071289 7.138556480407715
			vertex 5.21648645401001 -14.777816772460938 0.023111635819077492
		endloop
	endfacet
	facet normal -0.00031447169105553905 -0.000805240356015522 -0.9999996263476925
		outer loop
			vertex -4.729544162750244 -14.1358060836792 0
			vertex -6.100841522216797 -13.601377487182617 8.907265964808175e-7
			vertex -6.10207986831665 -13.599787712097168 0
		endloop
	endfacet
	facet normal -0.0003640072379054796 -0.0009323442669096653 -0.999999499116324
		outer loop
			vertex -4.728830337524414 -14.137040138244629 8.907265964808175e-7
			vertex -6.100841522216797 -13.601377487182617 8.907265964808175e-7
			vertex -4.729544162750244 -14.1358060836792 0
		endloop
	endfacet
	facet normal -0.00024162175906468884 -0.0008615518117378207 -0.9999995996736205
		outer loop
			vertex -3.3107924461364746 -14.53369426727295 0
			vertex -4.728830337524414 -14.137040138244629 8.907265964808175e-7
			vertex -4.729544162750244 -14.1358060836792 0
		endloop
	endfacet
	facet normal -0.0002601845533488491 -0.0009279137724376823 -0.9999995356399067
		outer loop
			vertex -3.310654878616333 -14.534692764282227 8.907265964808175e-7
			vertex -4.728830337524414 -14.137040138244629 8.907265964808175e-7
			vertex -3.3107924461364746 -14.53369426727295 0
		endloop
	endfacet
	facet normal -0.00016096517609185814 -0.0009128816375231578 -0.9999995703685717
		outer loop
			vertex -1.860159993171692 -14.790454864501953 8.907265964808175e-7
			vertex -3.3107924461364746 -14.53369426727295 0
			vertex -1.8596887588500977 -14.789562225341797 0
		endloop
	endfacet
	facet normal -0.00016121232088173203 -0.0009142779430913395 -0.9999995690531224
		outer loop
			vertex -1.860159993171692 -14.790454864501953 8.907265964808175e-7
			vertex -3.310654878616333 -14.534692764282227 8.907265964808175e-7
			vertex -3.3107924461364746 -14.53369426727295 0
		endloop
	endfacet
	facet normal -0.00007275807184565692 -0.0009594471335677031 -0.9999995370836234
		outer loop
			vertex -0.3915056884288788 -14.901827812194824 8.907265964808175e-7
			vertex -1.860159993171692 -14.790454864501953 8.907265964808175e-7
			vertex -1.8596887588500977 -14.789562225341797 0
		endloop
	endfacet
	facet normal -0.00006761586414644302 -0.0008921985452475725 -0.9999995997048453
		outer loop
			vertex -0.390412837266922 -14.900912284851074 0
			vertex -0.3915056884288788 -14.901827812194824 8.907265964808175e-7
			vertex -1.8596887588500977 -14.789562225341797 0
		endloop
	endfacet
	facet normal 0.000023173838564455013 -0.0010005727442480821 -0.9999994991584531
		outer loop
			vertex 1.0809705257415771 -14.867724418640137 8.907265964808175e-7
			vertex -0.3915056884288788 -14.901827812194824 8.907265964808175e-7
			vertex -0.390412837266922 -14.900912284851074 0
		endloop
	endfacet
	facet normal 0.00002010516512541127 -0.000864523167300736 -0.9999996260976679
		outer loop
			vertex 1.082678198814392 -14.866654396057129 0
			vertex 1.0809705257415771 -14.867724418640137 8.907265964808175e-7
			vertex -0.390412837266922 -14.900912284851074 0
		endloop
	endfacet
	facet normal 0.24142692373848296 -0.9704190025417747 0
		outer loop
			vertex -9.956205368041992 -12.102461814880371 0.023111635819077492
			vertex -10.55159854888916 -12.250587463378906 7.138556480407715
			vertex -10.55159854888916 -12.250587463378906 0.06144355982542038
		endloop
	endfacet
	facet normal 0.24142692373848296 -0.9704190025417747 0
		outer loop
			vertex -9.956205368041992 -12.102461814880371 0.023111635819077492
			vertex -9.956205368041992 -12.102461814880371 7.176888465881348
			vertex -10.55159854888916 -12.250587463378906 7.138556480407715
		endloop
	endfacet
	facet normal 0.09120199401495745 -0.9958324137562985 0
		outer loop
			vertex -9.343422889709473 -12.046340942382812 0.004875252489000559
			vertex -9.343422889709473 -12.046340942382812 7.195124626159668
			vertex -9.956205368041992 -12.102461814880371 7.176888465881348
		endloop
	endfacet
	facet normal -0.06142760890150541 -0.9981115412941802 0
		outer loop
			vertex -9.343422889709473 -12.046340942382812 0.004875252489000559
			vertex -8.728717803955078 -12.084172248840332 7.1999993324279785
			vertex -9.343422889709473 -12.046340942382812 7.195124626159668
		endloop
	endfacet
	facet normal 0.09120199401495746 -0.9958324137562985 0
		outer loop
			vertex -9.343422889709473 -12.046340942382812 0.004875252489000559
			vertex -9.956205368041992 -12.102461814880371 7.176888465881348
			vertex -9.956205368041992 -12.102461814880371 0.023111635819077492
		endloop
	endfacet
	facet normal -0.061427608901505414 -0.9981115412941802 0
		outer loop
			vertex -8.728717803955078 -12.084172248840332 8.907265964808175e-7
			vertex -8.728717803955078 -12.084172248840332 7.1999993324279785
			vertex -9.343422889709473 -12.046340942382812 0.004875252489000559
		endloop
	endfacet
	facet normal -0.13771023170366214 -0.9904725599854464 0
		outer loop
			vertex -8.72672176361084 -12.084449768066406 0
			vertex -8.72672176361084 -12.084449768066406 7.199999809265137
			vertex -8.728717803955078 -12.084172248840332 7.1999993324279785
		endloop
	endfacet
	facet normal -0.23254924147937434 -0.9725846237152671 0
		outer loop
			vertex -8.72672176361084 -12.084449768066406 0
			vertex -7.972447395324707 -12.264800071716309 7.199999809265137
			vertex -8.72672176361084 -12.084449768066406 7.199999809265137
		endloop
	endfacet
	facet normal -0.13771023170366214 -0.9904725599854464 0
		outer loop
			vertex -8.72672176361084 -12.084449768066406 0
			vertex -8.728717803955078 -12.084172248840332 7.1999993324279785
			vertex -8.728717803955078 -12.084172248840332 8.907265964808175e-7
		endloop
	endfacet
	facet normal -0.4144133123439575 -0.9100887904771214 0
		outer loop
			vertex -7.972447395324707 -12.264800071716309 0
			vertex -7.266641616821289 -12.58619213104248 7.199999809265137
			vertex -7.972447395324707 -12.264800071716309 7.199999809265137
		endloop
	endfacet
	facet normal -0.23254924147937434 -0.9725846237152671 0
		outer loop
			vertex -7.972447395324707 -12.264800071716309 0
			vertex -7.972447395324707 -12.264800071716309 7.199999809265137
			vertex -8.72672176361084 -12.084449768066406 0
		endloop
	endfacet
	facet normal -0.4144133123439575 -0.9100887904771214 0
		outer loop
			vertex -7.266641616821289 -12.58619213104248 0
			vertex -7.266641616821289 -12.58619213104248 7.199999809265137
			vertex -7.972447395324707 -12.264800071716309 0
		endloop
	endfacet
	facet normal -0.5809534000558376 -0.8139368200072793 0
		outer loop
			vertex -6.635404586791992 -13.036742210388184 0
			vertex -6.635404586791992 -13.036742210388184 7.199999809265137
			vertex -7.266641616821289 -12.58619213104248 7.199999809265137
		endloop
	endfacet
	facet normal -0.5809534000558376 -0.8139368200072793 0
		outer loop
			vertex -6.635404586791992 -13.036742210388184 0
			vertex -7.266641616821289 -12.58619213104248 7.199999809265137
			vertex -7.266641616821289 -12.58619213104248 0
		endloop
	endfacet
	facet normal -0.7260085672275971 -0.6876856551594861 0
		outer loop
			vertex -6.10207986831665 -13.599787712097168 0
			vertex -6.10207986831665 -13.599787712097168 7.199999809265137
			vertex -6.635404586791992 -13.036742210388184 7.199999809265137
		endloop
	endfacet
	facet normal -0.7260085672275971 -0.6876856551594861 0
		outer loop
			vertex -6.10207986831665 -13.599787712097168 0
			vertex -6.635404586791992 -13.036742210388184 7.199999809265137
			vertex -6.635404586791992 -13.036742210388184 0
		endloop
	endfacet
	facet normal -0.7889060629799016 -0.6145138109054602 0
		outer loop
			vertex -6.100841522216797 -13.601377487182617 8.907265964808175e-7
			vertex -6.100841522216797 -13.601377487182617 7.1999993324279785
			vertex -6.10207986831665 -13.599787712097168 7.199999809265137
		endloop
	endfacet
	facet normal -0.7889060629799015 -0.6145138109054602 0
		outer loop
			vertex -6.100841522216797 -13.601377487182617 8.907265964808175e-7
			vertex -6.10207986831665 -13.599787712097168 7.199999809265137
			vertex -6.10207986831665 -13.599787712097168 0
		endloop
	endfacet
	facet normal -0.9080170970864715 -0.4189331108884303 0
		outer loop
			vertex -5.760725975036621 -14.114811897277832 0.004875252489000559
			vertex -5.502936840057373 -14.67355728149414 7.176888465881348
			vertex -5.760725975036621 -14.114811897277832 7.195124626159668
		endloop
	endfacet
	facet normal -0.833675969915838 -0.5522539064460176 0
		outer loop
			vertex -5.760725975036621 -14.114811897277832 0.004875252489000559
			vertex -5.760725975036621 -14.114811897277832 7.195124626159668
			vertex -6.100841522216797 -13.601377487182617 7.1999993324279785
		endloop
	endfacet
	facet normal -0.8336759699158381 -0.5522539064460177 0
		outer loop
			vertex -5.760725975036621 -14.114811897277832 0.004875252489000559
			vertex -6.100841522216797 -13.601377487182617 7.1999993324279785
			vertex -6.100841522216797 -13.601377487182617 8.907265964808175e-7
		endloop
	endfacet
	facet normal -0.9611210992858478 -0.27612720349064435 0
		outer loop
			vertex -5.502936840057373 -14.67355728149414 0.023111635819077492
			vertex -5.333520889282227 -15.263246536254883 7.138556480407715
			vertex -5.502936840057373 -14.67355728149414 7.176888465881348
		endloop
	endfacet
	facet normal -0.9080170970864714 -0.4189331108884302 0
		outer loop
			vertex -5.502936840057373 -14.67355728149414 0.023111635819077492
			vertex -5.502936840057373 -14.67355728149414 7.176888465881348
			vertex -5.760725975036621 -14.114811897277832 0.004875252489000559
		endloop
	endfacet
	facet normal -0.9611210992858478 -0.27612720349064435 0
		outer loop
			vertex -5.333520889282227 -15.263246536254883 0.06144355982542038
			vertex -5.333520889282227 -15.263246536254883 7.138556480407715
			vertex -5.502936840057373 -14.67355728149414 0.023111635819077492
		endloop
	endfacet
	facet normal -0.000758269698861498 -0.0004145868447157854 -0.9999996265723364
		outer loop
			vertex -12.709362030029297 -7.788563251495361 0
			vertex -13.416313171386719 -6.497714519500732 8.907265964808175e-7
			vertex -13.416239738464355 -6.495700359344482 0
		endloop
	endfacet
	facet normal -0.0008784098258887501 -0.00048038324512538253 -0.9999994988139324
		outer loop
			vertex -12.70960807800293 -7.7899675369262695 8.907265964808175e-7
			vertex -13.416313171386719 -6.497714519500732 8.907265964808175e-7
			vertex -12.709362030029297 -7.788563251495361 0
		endloop
	endfacet
	facet normal -0.000739066199300868 -0.0005047980157068492 -0.999999599479978
		outer loop
			vertex -11.878292083740234 -9.005318641662598 0
			vertex -12.70960807800293 -7.7899675369262695 8.907265964808175e-7
			vertex -12.709362030029297 -7.788563251495361 0
		endloop
	endfacet
	facet normal -0.0007948550959385479 -0.0005429583481016204 -0.9999995367006972
		outer loop
			vertex -11.878829002380371 -9.006173133850098 8.907265964808175e-7
			vertex -12.70960807800293 -7.7899675369262695 8.907265964808175e-7
			vertex -11.878292083740234 -9.005318641662598 0
		endloop
	endfacet
	facet normal -0.0007103693471349938 -0.0005960706011442924 -0.9999995700375222
		outer loop
			vertex -10.932085990905762 -10.1344575881958 8.907265964808175e-7
			vertex -11.878292083740234 -9.005318641662598 0
			vertex -10.931151390075684 -10.134077072143555 0
		endloop
	endfacet
	facet normal -0.0007103517871390101 -0.0005960558860596503 -0.9999995700587672
		outer loop
			vertex -10.932085990905762 -10.1344575881958 8.907265964808175e-7
			vertex -11.878829002380371 -9.006173133850098 8.907265964808175e-7
			vertex -11.878292083740234 -9.005318641662598 0
		endloop
	endfacet
	facet normal -0.0006727378589903918 -0.0006884987395939119 -0.999999536696522
		outer loop
			vertex -9.878621101379395 -11.163806915283203 8.907265964808175e-7
			vertex -10.932085990905762 -10.1344575881958 8.907265964808175e-7
			vertex -10.931151390075684 -10.134077072143555 0
		endloop
	endfacet
	facet normal -0.0006256018699009273 -0.0006403190578268154 -0.999999599306822
		outer loop
			vertex -9.877195358276367 -11.163808822631836 0
			vertex -9.878621101379395 -11.163806915283203 8.907265964808175e-7
			vertex -10.931151390075684 -10.134077072143555 0
		endloop
	endfacet
	facet normal -0.0006257911629849 -0.0007818626968859725 -0.9999994985379461
		outer loop
			vertex -8.728717803955078 -12.084172248840332 8.907265964808175e-7
			vertex -9.878621101379395 -11.163806915283203 8.907265964808175e-7
			vertex -9.877195358276367 -11.163808822631836 0
		endloop
	endfacet
	facet normal -0.0005400828450275871 -0.0006749113812690317 -0.9999996264025042
		outer loop
			vertex -8.72672176361084 -12.084449768066406 0
			vertex -8.728717803955078 -12.084172248840332 8.907265964808175e-7
			vertex -9.877195358276367 -11.163808822631836 0
		endloop
	endfacet
	facet normal -0.4388296508299978 -0.8985702741313126 0
		outer loop
			vertex -15.406208038330078 -2.8712985515594482 0.023111635819077492
			vertex -15.95751953125 -2.602057695388794 7.138556480407715
			vertex -15.95751953125 -2.602057695388794 0.06144355982542038
		endloop
	endfacet
	facet normal -0.4388296508299978 -0.8985702741313125 0
		outer loop
			vertex -15.406208038330078 -2.8712985515594482 0.023111635819077492
			vertex -15.406208038330078 -2.8712985515594482 7.176888465881348
			vertex -15.95751953125 -2.602057695388794 7.138556480407715
		endloop
	endfacet
	facet normal -0.5702437256944346 -0.8214755585567537 0
		outer loop
			vertex -14.900715827941895 -3.222196102142334 0.004875252489000559
			vertex -14.900715827941895 -3.222196102142334 7.195124626159668
			vertex -15.406208038330078 -2.8712985515594482 7.176888465881348
		endloop
	endfacet
	facet normal -0.688630659336151 -0.725112277528286 0
		outer loop
			vertex -14.900715827941895 -3.222196102142334 0.004875252489000559
			vertex -14.454142570495605 -3.646301507949829 7.1999993324279785
			vertex -14.900715827941895 -3.222196102142334 7.195124626159668
		endloop
	endfacet
	facet normal -0.5702437256944347 -0.8214755585567538 0
		outer loop
			vertex -14.900715827941895 -3.222196102142334 0.004875252489000559
			vertex -15.406208038330078 -2.8712985515594482 7.176888465881348
			vertex -15.406208038330078 -2.8712985515594482 0.023111635819077492
		endloop
	endfacet
	facet normal -0.688630659336151 -0.7251122775282859 0
		outer loop
			vertex -14.454142570495605 -3.646301507949829 8.907265964808175e-7
			vertex -14.454142570495605 -3.646301507949829 7.1999993324279785
			vertex -14.900715827941895 -3.222196102142334 0.004875252489000559
		endloop
	endfacet
	facet normal -0.742034319412186 -0.6703618939158863 0
		outer loop
			vertex -14.452791213989258 -3.6477973461151123 0
			vertex -14.452791213989258 -3.6477973461151123 7.199999809265137
			vertex -14.454142570495605 -3.646301507949829 7.1999993324279785
		endloop
	endfacet
	facet normal -0.803308046473451 -0.5955637518108435 0
		outer loop
			vertex -14.452791213989258 -3.6477973461151123 0
			vertex -13.990910530090332 -4.270791053771973 7.199999809265137
			vertex -14.452791213989258 -3.6477973461151123 7.199999809265137
		endloop
	endfacet
	facet normal -0.7420343194121861 -0.6703618939158863 0
		outer loop
			vertex -14.452791213989258 -3.6477973461151123 0
			vertex -14.454142570495605 -3.646301507949829 7.1999993324279785
			vertex -14.454142570495605 -3.646301507949829 8.907265964808175e-7
		endloop
	endfacet
	facet normal -0.9024527678031854 -0.4307888135552851 0
		outer loop
			vertex -13.990910530090332 -4.270791053771973 0
			vertex -13.656818389892578 -4.970675468444824 7.199999809265137
			vertex -13.990910530090332 -4.270791053771973 7.199999809265137
		endloop
	endfacet
	facet normal -0.803308046473451 -0.5955637518108435 0
		outer loop
			vertex -13.990910530090332 -4.270791053771973 0
			vertex -13.990910530090332 -4.270791053771973 7.199999809265137
			vertex -14.452791213989258 -3.6477973461151123 0
		endloop
	endfacet
	facet normal -0.9024527678031854 -0.4307888135552851 0
		outer loop
			vertex -13.656818389892578 -4.970675468444824 0
			vertex -13.656818389892578 -4.970675468444824 7.199999809265137
			vertex -13.990910530090332 -4.270791053771973 0
		endloop
	endfacet
	facet normal -0.968224563110951 -0.250082377205209 0
		outer loop
			vertex -13.462870597839355 -5.7215681076049805 0
			vertex -13.462870597839355 -5.7215681076049805 7.199999809265137
			vertex -13.656818389892578 -4.970675468444824 7.199999809265137
		endloop
	endfacet
	facet normal -0.968224563110951 -0.250082377205209 0
		outer loop
			vertex -13.462870597839355 -5.7215681076049805 0
			vertex -13.656818389892578 -4.970675468444824 7.199999809265137
			vertex -13.656818389892578 -4.970675468444824 0
		endloop
	endfacet
	facet normal -0.9981907164612684 -0.060127311352994706 0
		outer loop
			vertex -13.416239738464355 -6.495700359344482 0
			vertex -13.416239738464355 -6.495700359344482 7.199999809265137
			vertex -13.462870597839355 -5.7215681076049805 7.199999809265137
		endloop
	endfacet
	facet normal -0.9981907164612684 -0.060127311352994706 0
		outer loop
			vertex -13.416239738464355 -6.495700359344482 0
			vertex -13.462870597839355 -5.7215681076049805 7.199999809265137
			vertex -13.462870597839355 -5.7215681076049805 0
		endloop
	endfacet
	facet normal -0.9993360567820188 0.03643412707017777 0
		outer loop
			vertex -13.416313171386719 -6.497714519500732 8.907265964808175e-7
			vertex -13.416313171386719 -6.497714519500732 7.1999993324279785
			vertex -13.416239738464355 -6.495700359344482 7.199999809265137
		endloop
	endfacet
	facet normal -0.9993360567820188 0.03643412707017777 0
		outer loop
			vertex -13.416313171386719 -6.497714519500732 8.907265964808175e-7
			vertex -13.416239738464355 -6.495700359344482 7.199999809265137
			vertex -13.416239738464355 -6.495700359344482 0
		endloop
	endfacet
	facet normal -0.9648661433649216 0.26274193686601066 0
		outer loop
			vertex -13.485797882080078 -7.109650135040283 0.004875252489000559
			vertex -13.647475242614746 -7.7033772468566895 7.176888465881348
			vertex -13.485797882080078 -7.109650135040283 7.195124626159668
		endloop
	endfacet
	facet normal -0.9936149835405 0.11282404213558378 0
		outer loop
			vertex -13.485797882080078 -7.109650135040283 0.004875252489000559
			vertex -13.485797882080078 -7.109650135040283 7.195124626159668
			vertex -13.416313171386719 -6.497714519500732 7.1999993324279785
		endloop
	endfacet
	facet normal -0.9936149835405 0.1128240421355838 0
		outer loop
			vertex -13.485797882080078 -7.109650135040283 0.004875252489000559
			vertex -13.416313171386719 -6.497714519500732 7.1999993324279785
			vertex -13.416313171386719 -6.497714519500732 8.907265964808175e-7
		endloop
	endfacet
	facet normal -0.9137532101297228 0.40626970226393533 0
		outer loop
			vertex -13.647475242614746 -7.7033772468566895 0.023111635819077492
			vertex -13.89673900604248 -8.26400375366211 7.138556480407715
			vertex -13.647475242614746 -7.7033772468566895 7.176888465881348
		endloop
	endfacet
	facet normal -0.9648661433649217 0.2627419368660107 0
		outer loop
			vertex -13.647475242614746 -7.7033772468566895 0.023111635819077492
			vertex -13.647475242614746 -7.7033772468566895 7.176888465881348
			vertex -13.485797882080078 -7.109650135040283 0.004875252489000559
		endloop
	endfacet
	facet normal -0.9137532101297228 0.40626970226393533 0
		outer loop
			vertex -13.89673900604248 -8.26400375366211 0.06144355982542038
			vertex -13.89673900604248 -8.26400375366211 7.138556480407715
			vertex -13.647475242614746 -7.7033772468566895 0.023111635819077492
		endloop
	endfacet
	facet normal -0.0008470334756472038 0.00016974960272342986 -0.9999996268596123
		outer loop
			vertex -14.742328643798828 2.2030346393585205 0
			vertex -14.454142570495605 3.646301507949829 8.907265964808175e-7
			vertex -14.452791213989258 3.6477973461151123 0
		endloop
	endfacet
	facet normal -0.000981749492844356 0.00019664918778137402 -0.9999994987483897
		outer loop
			vertex -14.743419647216797 2.202117443084717 8.907265964808175e-7
			vertex -14.454142570495605 3.646301507949829 8.907265964808175e-7
			vertex -14.742328643798828 2.2030346393585205 0
		endloop
	endfacet
	facet normal -0.0008907235551169973 0.00008837389090710731 -0.9999995994007218
		outer loop
			vertex -14.887807846069336 0.7367446422576904 0
			vertex -14.743419647216797 2.202117443084717 8.907265964808175e-7
			vertex -14.742328643798828 2.2030346393585205 0
		endloop
	endfacet
	facet normal -0.0009590665665658875 0.00009510796176255189 -0.9999995355727904
		outer loop
			vertex -14.88876724243164 0.7364355325698853 8.907265964808175e-7
			vertex -14.743419647216797 2.202117443084717 8.907265964808175e-7
			vertex -14.887807846069336 0.7367446422576904 0
		endloop
	endfacet
	facet normal -0.0009284235875681737 0 -0.9999995690147283
		outer loop
			vertex -14.88876724243164 -0.7364355325698853 8.907265964808175e-7
			vertex -14.887807846069336 0.7367446422576904 0
			vertex -14.887807846069336 -0.7367446422576904 0
		endloop
	endfacet
	facet normal -0.0009284235875681735 0 -0.9999995690147282
		outer loop
			vertex -14.88876724243164 -0.7364355325698853 8.907265964808175e-7
			vertex -14.88876724243164 0.7364355325698853 8.907265964808175e-7
			vertex -14.887807846069336 0.7367446422576904 0
		endloop
	endfacet
	facet normal -0.0009590665665658875 -0.00009510796176255189 -0.9999995355727904
		outer loop
			vertex -14.743419647216797 -2.202117443084717 8.907265964808175e-7
			vertex -14.88876724243164 -0.7364355325698853 8.907265964808175e-7
			vertex -14.887807846069336 -0.7367446422576904 0
		endloop
	endfacet
	facet normal -0.0008907235551169973 -0.00008837389090710731 -0.9999995994007218
		outer loop
			vertex -14.742328643798828 -2.2030346393585205 0
			vertex -14.743419647216797 -2.202117443084717 8.907265964808175e-7
			vertex -14.887807846069336 -0.7367446422576904 0
		endloop
	endfacet
	facet normal -0.000981749492844356 -0.00019664918778137402 -0.9999994987483897
		outer loop
			vertex -14.454142570495605 -3.646301507949829 8.907265964808175e-7
			vertex -14.743419647216797 -2.202117443084717 8.907265964808175e-7
			vertex -14.742328643798828 -2.2030346393585205 0
		endloop
	endfacet
	facet normal -0.0008470334756472038 -0.00016974960272342986 -0.9999996268596123
		outer loop
			vertex -14.452791213989258 -3.6477973461151123 0
			vertex -14.454142570495605 -3.646301507949829 8.907265964808175e-7
			vertex -14.742328643798828 -2.2030346393585205 0
		endloop
	endfacet
	facet normal -0.9137532101297228 -0.40626970226393533 0
		outer loop
			vertex -13.647475242614746 7.7033772468566895 0.023111635819077492
			vertex -13.89673900604248 8.26400375366211 7.138556480407715
			vertex -13.89673900604248 8.26400375366211 0.06144355982542038
		endloop
	endfacet
	facet normal -0.9137532101297228 -0.40626970226393533 0
		outer loop
			vertex -13.647475242614746 7.7033772468566895 0.023111635819077492
			vertex -13.647475242614746 7.7033772468566895 7.176888465881348
			vertex -13.89673900604248 8.26400375366211 7.138556480407715
		endloop
	endfacet
	facet normal -0.9648661433649216 -0.26274193686601066 0
		outer loop
			vertex -13.485797882080078 7.109650135040283 0.004875252489000559
			vertex -13.485797882080078 7.109650135040283 7.195124626159668
			vertex -13.647475242614746 7.7033772468566895 7.176888465881348
		endloop
	endfacet
	facet normal -0.9936149835405 -0.11282404213558378 0
		outer loop
			vertex -13.485797882080078 7.109650135040283 0.004875252489000559
			vertex -13.416313171386719 6.497714519500732 7.1999993324279785
			vertex -13.485797882080078 7.109650135040283 7.195124626159668
		endloop
	endfacet
	facet normal -0.9648661433649217 -0.2627419368660107 0
		outer loop
			vertex -13.485797882080078 7.109650135040283 0.004875252489000559
			vertex -13.647475242614746 7.7033772468566895 7.176888465881348
			vertex -13.647475242614746 7.7033772468566895 0.023111635819077492
		endloop
	endfacet
	facet normal -0.9936149835405 -0.1128240421355838 0
		outer loop
			vertex -13.416313171386719 6.497714519500732 8.907265964808175e-7
			vertex -13.416313171386719 6.497714519500732 7.1999993324279785
			vertex -13.485797882080078 7.109650135040283 0.004875252489000559
		endloop
	endfacet
	facet normal -0.9993360567820188 -0.03643412707017777 0
		outer loop
			vertex -13.416239738464355 6.495700359344482 0
			vertex -13.416239738464355 6.495700359344482 7.199999809265137
			vertex -13.416313171386719 6.497714519500732 7.1999993324279785
		endloop
	endfacet
	facet normal -0.9981907164612684 0.060127311352994706 0
		outer loop
			vertex -13.416239738464355 6.495700359344482 0
			vertex -13.462870597839355 5.7215681076049805 7.199999809265137
			vertex -13.416239738464355 6.495700359344482 7.199999809265137
		endloop
	endfacet
	facet normal -0.9993360567820188 -0.03643412707017777 0
		outer loop
			vertex -13.416239738464355 6.495700359344482 0
			vertex -13.416313171386719 6.497714519500732 7.1999993324279785
			vertex -13.416313171386719 6.497714519500732 8.907265964808175e-7
		endloop
	endfacet
	facet normal -0.968224563110951 0.250082377205209 0
		outer loop
			vertex -13.462870597839355 5.7215681076049805 0
			vertex -13.656818389892578 4.970675468444824 7.199999809265137
			vertex -13.462870597839355 5.7215681076049805 7.199999809265137
		endloop
	endfacet
	facet normal -0.9981907164612684 0.060127311352994706 0
		outer loop
			vertex -13.462870597839355 5.7215681076049805 0
			vertex -13.462870597839355 5.7215681076049805 7.199999809265137
			vertex -13.416239738464355 6.495700359344482 0
		endloop
	endfacet
	facet normal -0.968224563110951 0.250082377205209 0
		outer loop
			vertex -13.656818389892578 4.970675468444824 0
			vertex -13.656818389892578 4.970675468444824 7.199999809265137
			vertex -13.462870597839355 5.7215681076049805 0
		endloop
	endfacet
	facet normal -0.9024527678031854 0.4307888135552851 0
		outer loop
			vertex -13.990910530090332 4.270791053771973 0
			vertex -13.990910530090332 4.270791053771973 7.199999809265137
			vertex -13.656818389892578 4.970675468444824 7.199999809265137
		endloop
	endfacet
	facet normal -0.803308046473451 0.5955637518108435 0
		outer loop
			vertex -13.990910530090332 4.270791053771973 0
			vertex -14.452791213989258 3.6477973461151123 7.199999809265137
			vertex -13.990910530090332 4.270791053771973 7.199999809265137
		endloop
	endfacet
	facet normal -0.9024527678031854 0.4307888135552851 0
		outer loop
			vertex -13.990910530090332 4.270791053771973 0
			vertex -13.656818389892578 4.970675468444824 7.199999809265137
			vertex -13.656818389892578 4.970675468444824 0
		endloop
	endfacet
	facet normal -0.803308046473451 0.5955637518108435 0
		outer loop
			vertex -14.452791213989258 3.6477973461151123 0
			vertex -14.452791213989258 3.6477973461151123 7.199999809265137
			vertex -13.990910530090332 4.270791053771973 0
		endloop
	endfacet
	facet normal -0.7420343194121861 0.6703618939158863 0
		outer loop
			vertex -14.454142570495605 3.646301507949829 8.907265964808175e-7
			vertex -14.454142570495605 3.646301507949829 7.1999993324279785
			vertex -14.452791213989258 3.6477973461151123 7.199999809265137
		endloop
	endfacet
	facet normal -0.742034319412186 0.6703618939158863 0
		outer loop
			vertex -14.454142570495605 3.646301507949829 8.907265964808175e-7
			vertex -14.452791213989258 3.6477973461151123 7.199999809265137
			vertex -14.452791213989258 3.6477973461151123 0
		endloop
	endfacet
	facet normal -0.5702437256944346 0.8214755585567537 0
		outer loop
			vertex -14.900715827941895 3.222196102142334 0.004875252489000559
			vertex -15.406208038330078 2.8712985515594482 7.176888465881348
			vertex -14.900715827941895 3.222196102142334 7.195124626159668
		endloop
	endfacet
	facet normal -0.688630659336151 0.725112277528286 0
		outer loop
			vertex -14.900715827941895 3.222196102142334 0.004875252489000559
			vertex -14.900715827941895 3.222196102142334 7.195124626159668
			vertex -14.454142570495605 3.646301507949829 7.1999993324279785
		endloop
	endfacet
	facet normal -0.688630659336151 0.7251122775282859 0
		outer loop
			vertex -14.900715827941895 3.222196102142334 0.004875252489000559
			vertex -14.454142570495605 3.646301507949829 7.1999993324279785
			vertex -14.454142570495605 3.646301507949829 8.907265964808175e-7
		endloop
	endfacet
	facet normal -0.4388296508299978 0.8985702741313125 0
		outer loop
			vertex -15.406208038330078 2.8712985515594482 0.023111635819077492
			vertex -15.95751953125 2.602057695388794 7.138556480407715
			vertex -15.406208038330078 2.8712985515594482 7.176888465881348
		endloop
	endfacet
	facet normal -0.5702437256944347 0.8214755585567538 0
		outer loop
			vertex -15.406208038330078 2.8712985515594482 0.023111635819077492
			vertex -15.406208038330078 2.8712985515594482 7.176888465881348
			vertex -14.900715827941895 3.222196102142334 0.004875252489000559
		endloop
	endfacet
	facet normal -0.4388296508299978 0.8985702741313126 0
		outer loop
			vertex -15.95751953125 2.602057695388794 0.06144355982542038
			vertex -15.95751953125 2.602057695388794 7.138556480407715
			vertex -15.406208038330078 2.8712985515594482 0.023111635819077492
		endloop
	endfacet
	facet normal -0.0005400828450275871 0.0006749113812690317 -0.9999996264025042
		outer loop
			vertex -9.877195358276367 11.163808822631836 0
			vertex -8.728717803955078 12.084172248840332 8.907265964808175e-7
			vertex -8.72672176361084 12.084449768066406 0
		endloop
	endfacet
	facet normal -0.0006257911629849 0.0007818626968859725 -0.9999994985379461
		outer loop
			vertex -9.878621101379395 11.163806915283203 8.907265964808175e-7
			vertex -8.728717803955078 12.084172248840332 8.907265964808175e-7
			vertex -9.877195358276367 11.163808822631836 0
		endloop
	endfacet
	facet normal -0.0006256018699009273 0.0006403190578268154 -0.999999599306822
		outer loop
			vertex -10.931151390075684 10.134077072143555 0
			vertex -9.878621101379395 11.163806915283203 8.907265964808175e-7
			vertex -9.877195358276367 11.163808822631836 0
		endloop
	endfacet
	facet normal -0.0006727378589903918 0.0006884987395939119 -0.999999536696522
		outer loop
			vertex -10.932085990905762 10.1344575881958 8.907265964808175e-7
			vertex -9.878621101379395 11.163806915283203 8.907265964808175e-7
			vertex -10.931151390075684 10.134077072143555 0
		endloop
	endfacet
	facet normal -0.0007103693471349938 0.0005960706011442924 -0.9999995700375222
		outer loop
			vertex -11.878292083740234 9.005318641662598 0
			vertex -10.932085990905762 10.1344575881958 8.907265964808175e-7
			vertex -10.931151390075684 10.134077072143555 0
		endloop
	endfacet
	facet normal -0.0007103517871390101 0.0005960558860596503 -0.9999995700587672
		outer loop
			vertex -11.878829002380371 9.006173133850098 8.907265964808175e-7
			vertex -10.932085990905762 10.1344575881958 8.907265964808175e-7
			vertex -11.878292083740234 9.005318641662598 0
		endloop
	endfacet
	facet normal -0.0007948550959385479 0.0005429583481016204 -0.9999995367006972
		outer loop
			vertex -12.70960807800293 7.7899675369262695 8.907265964808175e-7
			vertex -11.878829002380371 9.006173133850098 8.907265964808175e-7
			vertex -11.878292083740234 9.005318641662598 0
		endloop
	endfacet
	facet normal -0.000739066199300868 0.0005047980157068492 -0.999999599479978
		outer loop
			vertex -12.709362030029297 7.788563251495361 0
			vertex -12.70960807800293 7.7899675369262695 8.907265964808175e-7
			vertex -11.878292083740234 9.005318641662598 0
		endloop
	endfacet
	facet normal -0.0008784098258887501 0.00048038324512538253 -0.9999994988139324
		outer loop
			vertex -13.416313171386719 6.497714519500732 8.907265964808175e-7
			vertex -12.70960807800293 7.7899675369262695 8.907265964808175e-7
			vertex -12.709362030029297 7.788563251495361 0
		endloop
	endfacet
	facet normal -0.000758269698861498 0.0004145868447157854 -0.9999996265723364
		outer loop
			vertex -13.416239738464355 6.495700359344482 0
			vertex -13.416313171386719 6.497714519500732 8.907265964808175e-7
			vertex -12.709362030029297 7.788563251495361 0
		endloop
	endfacet
	facet normal -0.9611210992858478 0.27612720349064435 0
		outer loop
			vertex -5.502936840057373 14.67355728149414 0.023111635819077492
			vertex -5.333520889282227 15.263246536254883 7.138556480407715
			vertex -5.333520889282227 15.263246536254883 0.06144355982542038
		endloop
	endfacet
	facet normal -0.9611210992858478 0.27612720349064435 0
		outer loop
			vertex -5.502936840057373 14.67355728149414 0.023111635819077492
			vertex -5.502936840057373 14.67355728149414 7.176888465881348
			vertex -5.333520889282227 15.263246536254883 7.138556480407715
		endloop
	endfacet
	facet normal -0.9080170970864715 0.4189331108884303 0
		outer loop
			vertex -5.760725975036621 14.114811897277832 0.004875252489000559
			vertex -5.760725975036621 14.114811897277832 7.195124626159668
			vertex -5.502936840057373 14.67355728149414 7.176888465881348
		endloop
	endfacet
	facet normal -0.833675969915838 0.5522539064460176 0
		outer loop
			vertex -5.760725975036621 14.114811897277832 0.004875252489000559
			vertex -6.100841522216797 13.601377487182617 7.1999993324279785
			vertex -5.760725975036621 14.114811897277832 7.195124626159668
		endloop
	endfacet
	facet normal -0.9080170970864714 0.4189331108884302 0
		outer loop
			vertex -5.760725975036621 14.114811897277832 0.004875252489000559
			vertex -5.502936840057373 14.67355728149414 7.176888465881348
			vertex -5.502936840057373 14.67355728149414 0.023111635819077492
		endloop
	endfacet
	facet normal -0.8336759699158381 0.5522539064460177 0
		outer loop
			vertex -6.100841522216797 13.601377487182617 8.907265964808175e-7
			vertex -6.100841522216797 13.601377487182617 7.1999993324279785
			vertex -5.760725975036621 14.114811897277832 0.004875252489000559
		endloop
	endfacet
	facet normal -0.7889060629799015 0.6145138109054602 0
		outer loop
			vertex -6.10207986831665 13.599787712097168 0
			vertex -6.10207986831665 13.599787712097168 7.199999809265137
			vertex -6.100841522216797 13.601377487182617 7.1999993324279785
		endloop
	endfacet
	facet normal -0.7260085672275971 0.6876856551594861 0
		outer loop
			vertex -6.10207986831665 13.599787712097168 0
			vertex -6.635404586791992 13.036742210388184 7.199999809265137
			vertex -6.10207986831665 13.599787712097168 7.199999809265137
		endloop
	endfacet
	facet normal -0.7889060629799016 0.6145138109054602 0
		outer loop
			vertex -6.10207986831665 13.599787712097168 0
			vertex -6.100841522216797 13.601377487182617 7.1999993324279785
			vertex -6.100841522216797 13.601377487182617 8.907265964808175e-7
		endloop
	endfacet
	facet normal -0.5809534000558376 0.8139368200072793 0
		outer loop
			vertex -6.635404586791992 13.036742210388184 0
			vertex -7.266641616821289 12.58619213104248 7.199999809265137
			vertex -6.635404586791992 13.036742210388184 7.199999809265137
		endloop
	endfacet
	facet normal -0.7260085672275971 0.6876856551594861 0
		outer loop
			vertex -6.635404586791992 13.036742210388184 0
			vertex -6.635404586791992 13.036742210388184 7.199999809265137
			vertex -6.10207986831665 13.599787712097168 0
		endloop
	endfacet
	facet normal -0.5809534000558376 0.8139368200072793 0
		outer loop
			vertex -7.266641616821289 12.58619213104248 0
			vertex -7.266641616821289 12.58619213104248 7.199999809265137
			vertex -6.635404586791992 13.036742210388184 0
		endloop
	endfacet
	facet normal -0.4144133123439575 0.9100887904771214 0
		outer loop
			vertex -7.972447395324707 12.264800071716309 0
			vertex -7.972447395324707 12.264800071716309 7.199999809265137
			vertex -7.266641616821289 12.58619213104248 7.199999809265137
		endloop
	endfacet
	facet normal -0.4144133123439575 0.9100887904771214 0
		outer loop
			vertex -7.972447395324707 12.264800071716309 0
			vertex -7.266641616821289 12.58619213104248 7.199999809265137
			vertex -7.266641616821289 12.58619213104248 0
		endloop
	endfacet
	facet normal -0.23254924147937434 0.9725846237152671 0
		outer loop
			vertex -8.72672176361084 12.084449768066406 0
			vertex -8.72672176361084 12.084449768066406 7.199999809265137
			vertex -7.972447395324707 12.264800071716309 7.199999809265137
		endloop
	endfacet
	facet normal -0.23254924147937434 0.9725846237152671 0
		outer loop
			vertex -8.72672176361084 12.084449768066406 0
			vertex -7.972447395324707 12.264800071716309 7.199999809265137
			vertex -7.972447395324707 12.264800071716309 0
		endloop
	endfacet
	facet normal -0.13771023170366214 0.9904725599854464 0
		outer loop
			vertex -8.728717803955078 12.084172248840332 8.907265964808175e-7
			vertex -8.728717803955078 12.084172248840332 7.1999993324279785
			vertex -8.72672176361084 12.084449768066406 7.199999809265137
		endloop
	endfacet
	facet normal -0.13771023170366214 0.9904725599854464 0
		outer loop
			vertex -8.728717803955078 12.084172248840332 8.907265964808175e-7
			vertex -8.72672176361084 12.084449768066406 7.199999809265137
			vertex -8.72672176361084 12.084449768066406 0
		endloop
	endfacet
	facet normal 0.09120199401495745 0.9958324137562985 0
		outer loop
			vertex -9.343422889709473 12.046340942382812 0.004875252489000559
			vertex -9.956205368041992 12.102461814880371 7.176888465881348
			vertex -9.343422889709473 12.046340942382812 7.195124626159668
		endloop
	endfacet
	facet normal -0.06142760890150541 0.9981115412941802 0
		outer loop
			vertex -9.343422889709473 12.046340942382812 0.004875252489000559
			vertex -9.343422889709473 12.046340942382812 7.195124626159668
			vertex -8.728717803955078 12.084172248840332 7.1999993324279785
		endloop
	endfacet
	facet normal -0.061427608901505414 0.9981115412941802 0
		outer loop
			vertex -9.343422889709473 12.046340942382812 0.004875252489000559
			vertex -8.728717803955078 12.084172248840332 7.1999993324279785
			vertex -8.728717803955078 12.084172248840332 8.907265964808175e-7
		endloop
	endfacet
	facet normal 0.24142692373848296 0.9704190025417747 0
		outer loop
			vertex -9.956205368041992 12.102461814880371 0.023111635819077492
			vertex -10.55159854888916 12.250587463378906 7.138556480407715
			vertex -9.956205368041992 12.102461814880371 7.176888465881348
		endloop
	endfacet
	facet normal 0.09120199401495746 0.9958324137562985 0
		outer loop
			vertex -9.956205368041992 12.102461814880371 0.023111635819077492
			vertex -9.956205368041992 12.102461814880371 7.176888465881348
			vertex -9.343422889709473 12.046340942382812 0.004875252489000559
		endloop
	endfacet
	facet normal 0.24142692373848296 0.9704190025417747 0
		outer loop
			vertex -10.55159854888916 12.250587463378906 0.06144355982542038
			vertex -10.55159854888916 12.250587463378906 7.138556480407715
			vertex -9.956205368041992 12.102461814880371 0.023111635819077492
		endloop
	endfacet
	facet normal 0.00002010516512541127 0.000864523167300736 -0.9999996260976679
		outer loop
			vertex -0.390412837266922 14.900912284851074 0
			vertex 1.0809705257415771 14.867724418640137 8.907265964808175e-7
			vertex 1.082678198814392 14.866654396057129 0
		endloop
	endfacet
	facet normal 0.000023173838564455013 0.0010005727442480821 -0.9999994991584531
		outer loop
			vertex -0.3915056884288788 14.901827812194824 8.907265964808175e-7
			vertex 1.0809705257415771 14.867724418640137 8.907265964808175e-7
			vertex -0.390412837266922 14.900912284851074 0
		endloop
	endfacet
	facet normal -0.00006761586414644302 0.0008921985452475725 -0.9999995997048453
		outer loop
			vertex -1.8596887588500977 14.789562225341797 0
			vertex -0.3915056884288788 14.901827812194824 8.907265964808175e-7
			vertex -0.390412837266922 14.900912284851074 0
		endloop
	endfacet
	facet normal -0.00007275807184565692 0.0009594471335677031 -0.9999995370836234
		outer loop
			vertex -1.860159993171692 14.790454864501953 8.907265964808175e-7
			vertex -0.3915056884288788 14.901827812194824 8.907265964808175e-7
			vertex -1.8596887588500977 14.789562225341797 0
		endloop
	endfacet
	facet normal -0.00016096517609185814 0.0009128816375231578 -0.9999995703685717
		outer loop
			vertex -3.3107924461364746 14.53369426727295 0
			vertex -1.860159993171692 14.790454864501953 8.907265964808175e-7
			vertex -1.8596887588500977 14.789562225341797 0
		endloop
	endfacet
	facet normal -0.00016121232088173203 0.0009142779430913395 -0.9999995690531224
		outer loop
			vertex -3.310654878616333 14.534692764282227 8.907265964808175e-7
			vertex -1.860159993171692 14.790454864501953 8.907265964808175e-7
			vertex -3.3107924461364746 14.53369426727295 0
		endloop
	endfacet
	facet normal -0.0002601845533488491 0.0009279137724376823 -0.9999995356399067
		outer loop
			vertex -4.728830337524414 14.137040138244629 8.907265964808175e-7
			vertex -3.310654878616333 14.534692764282227 8.907265964808175e-7
			vertex -3.3107924461364746 14.53369426727295 0
		endloop
	endfacet
	facet normal -0.00024162175906468884 0.0008615518117378207 -0.9999995996736205
		outer loop
			vertex -4.729544162750244 14.1358060836792 0
			vertex -4.728830337524414 14.137040138244629 8.907265964808175e-7
			vertex -3.3107924461364746 14.53369426727295 0
		endloop
	endfacet
	facet normal -0.0003640072379054796 0.0009323442669096653 -0.999999499116324
		outer loop
			vertex -6.100841522216797 13.601377487182617 8.907265964808175e-7
			vertex -4.728830337524414 14.137040138244629 8.907265964808175e-7
			vertex -4.729544162750244 14.1358060836792 0
		endloop
	endfacet
	facet normal -0.00031447169105553905 0.000805240356015522 -0.9999996263476925
		outer loop
			vertex -6.10207986831665 13.599787712097168 0
			vertex -6.100841522216797 13.601377487182617 8.907265964808175e-7
			vertex -4.729544162750244 14.1358060836792 0
		endloop
	endfacet
	facet normal -0.5587691077998839 0.8293232687972295 0
		outer loop
			vertex 5.21648645401001 14.777816772460938 0.023111635819077492
			vertex 5.725311756134033 15.120645523071289 7.138556480407715
			vertex 5.725311756134033 15.120645523071289 0.06144355982542038
		endloop
	endfacet
	facet normal -0.5587691077998839 0.8293232687972295 0
		outer loop
			vertex 5.21648645401001 14.777816772460938 0.023111635819077492
			vertex 5.21648645401001 14.777816772460938 7.176888465881348
			vertex 5.725311756134033 15.120645523071289 7.138556480407715
		endloop
	endfacet
	facet normal -0.42629726352651565 0.9045831322271075 0
		outer loop
			vertex 4.659854412078857 14.515496253967285 0.004875252489000559
			vertex 4.659854412078857 14.515496253967285 7.195124626159668
			vertex 5.21648645401001 14.777816772460938 7.176888465881348
		endloop
	endfacet
	facet normal -0.2836502219596768 0.9589278135408453 0
		outer loop
			vertex 4.659854412078857 14.515496253967285 0.004875252489000559
			vertex 4.069281101226807 14.340805053710938 7.1999993324279785
			vertex 4.659854412078857 14.515496253967285 7.195124626159668
		endloop
	endfacet
	facet normal -0.4262972635265156 0.9045831322271075 0
		outer loop
			vertex 4.659854412078857 14.515496253967285 0.004875252489000559
			vertex 5.21648645401001 14.777816772460938 7.176888465881348
			vertex 5.21648645401001 14.777816772460938 0.023111635819077492
		endloop
	endfacet
	facet normal -0.2836502219596768 0.9589278135408453 0
		outer loop
			vertex 4.069281101226807 14.340805053710938 8.907265964808175e-7
			vertex 4.069281101226807 14.340805053710938 7.1999993324279785
			vertex 4.659854412078857 14.515496253967285 0.004875252489000559
		endloop
	endfacet
	facet normal -0.20920583683217805 0.9778716264599092 0
		outer loop
			vertex 4.067310810089111 14.340383529663086 0
			vertex 4.067310810089111 14.340383529663086 7.199999809265137
			vertex 4.069281101226807 14.340805053710938 7.1999993324279785
		endloop
	endfacet
	facet normal -0.1141196102843615 0.9934670173430749 0
		outer loop
			vertex 4.067310810089111 14.340383529663086 0
			vertex 3.296841621398926 14.251879692077637 7.199999809265137
			vertex 4.067310810089111 14.340383529663086 7.199999809265137
		endloop
	endfacet
	facet normal -0.20920583683217805 0.9778716264599092 0
		outer loop
			vertex 4.067310810089111 14.340383529663086 0
			vertex 4.069281101226807 14.340805053710938 7.1999993324279785
			vertex 4.069281101226807 14.340805053710938 8.907265964808175e-7
		endloop
	endfacet
	facet normal 0.0781522074081181 0.9969414388404358 0
		outer loop
			vertex 3.296841621398926 14.251879692077637 0
			vertex 2.5236780643463135 14.31248950958252 7.199999809265137
			vertex 3.296841621398926 14.251879692077637 7.199999809265137
		endloop
	endfacet
	facet normal -0.1141196102843615 0.9934670173430749 0
		outer loop
			vertex 3.296841621398926 14.251879692077637 0
			vertex 3.296841621398926 14.251879692077637 7.199999809265137
			vertex 4.067310810089111 14.340383529663086 0
		endloop
	endfacet
	facet normal 0.0781522074081181 0.9969414388404358 0
		outer loop
			vertex 2.5236780643463135 14.31248950958252 0
			vertex 2.5236780643463135 14.31248950958252 7.199999809265137
			vertex 3.296841621398926 14.251879692077637 0
		endloop
	endfacet
	facet normal 0.26753429122145994 0.9635483397425534 0
		outer loop
			vertex 1.7764121294021606 14.51997184753418 0
			vertex 1.7764121294021606 14.51997184753418 7.199999809265137
			vertex 2.5236780643463135 14.31248950958252 7.199999809265137
		endloop
	endfacet
	facet normal 0.26753429122145994 0.9635483397425534 0
		outer loop
			vertex 1.7764121294021606 14.51997184753418 0
			vertex 2.5236780643463135 14.31248950958252 7.199999809265137
			vertex 2.5236780643463135 14.31248950958252 0
		endloop
	endfacet
	facet normal 0.44702335117012115 0.8945222878769622 0
		outer loop
			vertex 1.082678198814392 14.866654396057129 0
			vertex 1.082678198814392 14.866654396057129 7.199999809265137
			vertex 1.7764121294021606 14.51997184753418 7.199999809265137
		endloop
	endfacet
	facet normal 0.44702335117012115 0.8945222878769622 0
		outer loop
			vertex 1.082678198814392 14.866654396057129 0
			vertex 1.7764121294021606 14.51997184753418 7.199999809265137
			vertex 1.7764121294021606 14.51997184753418 0
		endloop
	endfacet
	facet normal 0.5309716509426358 0.8473895833058441 0
		outer loop
			vertex 1.0809705257415771 14.867724418640137 8.907265964808175e-7
			vertex 1.0809705257415771 14.867724418640137 7.1999993324279785
			vertex 1.082678198814392 14.866654396057129 7.199999809265137
		endloop
	endfacet
	facet normal 0.5309716509426357 0.847389583305844 0
		outer loop
			vertex 1.0809705257415771 14.867724418640137 8.907265964808175e-7
			vertex 1.082678198814392 14.866654396057129 7.199999809265137
			vertex 1.082678198814392 14.866654396057129 0
		endloop
	endfacet
	facet normal 0.7099738197103137 0.7042280705325137 0
		outer loop
			vertex 0.585761547088623 15.233868598937988 0.004875252489000559
			vertex 0.15241706371307373 15.670748710632324 7.176888465881348
			vertex 0.585761547088623 15.233868598937988 7.195124626159668
		endloop
	endfacet
	facet normal 0.5945172213671249 0.8040828772570108 0
		outer loop
			vertex 0.585761547088623 15.233868598937988 0.004875252489000559
			vertex 0.585761547088623 15.233868598937988 7.195124626159668
			vertex 1.0809705257415771 14.867724418640137 7.1999993324279785
		endloop
	endfacet
	facet normal 0.594517221367125 0.8040828772570108 0
		outer loop
			vertex 0.585761547088623 15.233868598937988 0.004875252489000559
			vertex 1.0809705257415771 14.867724418640137 7.1999993324279785
			vertex 1.0809705257415771 14.867724418640137 8.907265964808175e-7
		endloop
	endfacet
	facet normal 0.8087168810658925 0.5881981012202058 0
		outer loop
			vertex 0.15241706371307373 15.670748710632324 0.023111635819077492
			vertex -0.20846766233444214 16.16693115234375 7.138556480407715
			vertex 0.15241706371307373 15.670748710632324 7.176888465881348
		endloop
	endfacet
	facet normal 0.7099738197103137 0.7042280705325138 0
		outer loop
			vertex 0.15241706371307373 15.670748710632324 0.023111635819077492
			vertex 0.15241706371307373 15.670748710632324 7.176888465881348
			vertex 0.585761547088623 15.233868598937988 0.004875252489000559
		endloop
	endfacet
	facet normal 0.8087168810658923 0.5881981012202057 0
		outer loop
			vertex -0.20846766233444214 16.16693115234375 0.06144355982542038
			vertex -0.20846766233444214 16.16693115234375 7.138556480407715
			vertex 0.15241706371307373 15.670748710632324 0.023111635819077492
		endloop
	endfacet
	facet normal 0.0005707335177472319 0.0006489164442565213 -0.9999996265852803
		outer loop
			vertex 9.279047966003418 11.6657133102417 0
			vertex 10.38486099243164 10.694503784179688 8.907265964808175e-7
			vertex 10.385480880737305 10.692585945129395 0
		endloop
	endfacet
	facet normal 0.0006610159293708498 0.0007517114274865625 -0.9999994989938101
		outer loop
			vertex 9.278799057006836 11.66711711883545 8.907265964808175e-7
			vertex 10.38486099243164 10.694503784179688 8.907265964808175e-7
			vertex 9.279047966003418 11.6657133102417 0
		endloop
	endfacet
	facet normal 0.0005217659561245239 0.0007270211088374747 -0.999999599600217
		outer loop
			vertex 8.08194351196289 12.524847030639648 0
			vertex 9.278799057006836 11.66711711883545 8.907265964808175e-7
			vertex 9.279047966003418 11.6657133102417 0
		endloop
	endfacet
	facet normal 0.0005613263654191347 0.000782222745894827 -0.9999995365200363
		outer loop
			vertex 8.08215618133545 12.525833129882812 8.907265964808175e-7
			vertex 9.278799057006836 11.66711711883545 8.907265964808175e-7
			vertex 8.08194351196289 12.524847030639648 0
		endloop
	endfacet
	facet normal 0.00046380706950118004 0.0008033371652203414 -0.9999995697661083
		outer loop
			vertex 6.806612014770508 13.262269020080566 8.907265964808175e-7
			vertex 8.08194351196289 12.524847030639648 0
			vertex 6.805864334106445 13.261591911315918 0
		endloop
	endfacet
	facet normal 0.00046376457076205787 0.0008032636659467919 -0.9999995698448605
		outer loop
			vertex 6.806612014770508 13.262269020080566 8.907265964808175e-7
			vertex 8.08215618133545 12.525833129882812 8.907265964808175e-7
			vertex 8.08194351196289 12.524847030639648 0
		endloop
	endfacet
	facet normal 0.00039680252259969206 0.0008773252407547124 -0.9999995364239825
		outer loop
			vertex 5.464620113372803 13.869234085083008 8.907265964808175e-7
			vertex 6.806612014770508 13.262269020080566 8.907265964808175e-7
			vertex 6.805864334106445 13.261591911315918 0
		endloop
	endfacet
	facet normal 0.0003687673082235605 0.0008154433128271478 -0.9999995995313579
		outer loop
			vertex 5.463280200958252 13.86874771118164 0
			vertex 5.464620113372803 13.869234085083008 8.907265964808175e-7
			vertex 6.805864334106445 13.261591911315918 0
		endloop
	endfacet
	facet normal 0.0003205143801739296 0.0009483752146823513 -0.9999994989273667
		outer loop
			vertex 4.069281101226807 14.340805053710938 8.907265964808175e-7
			vertex 5.464620113372803 13.869234085083008 8.907265964808175e-7
			vertex 5.463280200958252 13.86874771118164 0
		endloop
	endfacet
	facet normal 0.0002768003697381591 0.0008192864672150267 -0.9999996260755503
		outer loop
			vertex 4.067310810089111 14.340383529663086 0
			vertex 4.069281101226807 14.340805053710938 8.907265964808175e-7
			vertex 5.463280200958252 13.86874771118164 0
		endloop
	endfacet
	facet normal 0.10503589780950422 0.9944684309576406 0
		outer loop
			vertex 13.495058059692383 7.967371463775635 0.023111635819077492
			vertex 14.105207443237305 7.902927398681641 7.138556480407715
			vertex 14.105207443237305 7.902927398681641 0.06144355982542038
		endloop
	endfacet
	facet normal 0.1050358978095042 0.9944684309576405 0
		outer loop
			vertex 13.495058059692383 7.967371463775635 0.023111635819077492
			vertex 13.495058059692383 7.967371463775635 7.176888465881348
			vertex 14.105207443237305 7.902927398681641 7.138556480407715
		endloop
	endfacet
	facet normal 0.2548929033690727 0.9669692900046436 0
		outer loop
			vertex 12.900036811828613 8.124218940734863 0.004875252489000559
			vertex 12.900036811828613 8.124218940734863 7.195124626159668
			vertex 13.495058059692383 7.967371463775635 7.176888465881348
		endloop
	endfacet
	facet normal 0.3990976927521988 0.9169084096243593 0
		outer loop
			vertex 12.900036811828613 8.124218940734863 0.004875252489000559
			vertex 12.335342407226562 8.370010375976562 7.1999993324279785
			vertex 12.900036811828613 8.124218940734863 7.195124626159668
		endloop
	endfacet
	facet normal 0.2548929033690728 0.9669692900046437 0
		outer loop
			vertex 12.900036811828613 8.124218940734863 0.004875252489000559
			vertex 13.495058059692383 7.967371463775635 7.176888465881348
			vertex 13.495058059692383 7.967371463775635 0.023111635819077492
		endloop
	endfacet
	facet normal 0.39909769275219875 0.9169084096243593 0
		outer loop
			vertex 12.335342407226562 8.370010375976562 8.907265964808175e-7
			vertex 12.335342407226562 8.370010375976562 7.1999993324279785
			vertex 12.900036811828613 8.124218940734863 0.004875252489000559
		endloop
	endfacet
	facet normal 0.46790945793439276 0.8837764079084386 0
		outer loop
			vertex 12.333560943603516 8.370953559875488 0
			vertex 12.333560943603516 8.370953559875488 7.199999809265137
			vertex 12.335342407226562 8.370010375976562 7.1999993324279785
		endloop
	endfacet
	facet normal 0.5511678701870975 0.8343943785006099 0
		outer loop
			vertex 12.333560943603516 8.370953559875488 0
			vertex 11.686458587646484 8.7984037399292 7.199999809265137
			vertex 12.333560943603516 8.370953559875488 7.199999809265137
		endloop
	endfacet
	facet normal 0.4679094579343928 0.8837764079084385 0
		outer loop
			vertex 12.333560943603516 8.370953559875488 0
			vertex 12.335342407226562 8.370010375976562 7.1999993324279785
			vertex 12.335342407226562 8.370010375976562 8.907265964808175e-7
		endloop
	endfacet
	facet normal 0.7006902651879908 0.7134655929130592 0
		outer loop
			vertex 11.686458587646484 8.7984037399292 0
			vertex 11.133140563964844 9.341814041137695 7.199999809265137
			vertex 11.686458587646484 8.7984037399292 7.199999809265137
		endloop
	endfacet
	facet normal 0.5511678701870975 0.8343943785006099 0
		outer loop
			vertex 11.686458587646484 8.7984037399292 0
			vertex 11.686458587646484 8.7984037399292 7.199999809265137
			vertex 12.333560943603516 8.370953559875488 0
		endloop
	endfacet
	facet normal 0.7006902651879908 0.7134655929130592 0
		outer loop
			vertex 11.133140563964844 9.341814041137695 0
			vertex 11.133140563964844 9.341814041137695 7.199999809265137
			vertex 11.686458587646484 8.7984037399292 0
		endloop
	endfacet
	facet normal 0.8243004596391735 0.5661525874167206 0
		outer loop
			vertex 10.694068908691406 9.981088638305664 0
			vertex 10.694068908691406 9.981088638305664 7.199999809265137
			vertex 11.133140563964844 9.341814041137695 7.199999809265137
		endloop
	endfacet
	facet normal 0.8243004596391735 0.5661525874167206 0
		outer loop
			vertex 10.694068908691406 9.981088638305664 0
			vertex 11.133140563964844 9.341814041137695 7.199999809265137
			vertex 11.133140563964844 9.341814041137695 0
		endloop
	endfacet
	facet normal 0.9174273749664144 0.39790326922787933 0
		outer loop
			vertex 10.385480880737305 10.692585945129395 0
			vertex 10.385480880737305 10.692585945129395 7.199999809265137
			vertex 10.694068908691406 9.981088638305664 7.199999809265137
		endloop
	endfacet
	facet normal 0.9174273749664144 0.39790326922787933 0
		outer loop
			vertex 10.385480880737305 10.692585945129395 0
			vertex 10.694068908691406 9.981088638305664 7.199999809265137
			vertex 10.694068908691406 9.981088638305664 0
		endloop
	endfacet
	facet normal 0.9515300734496094 0.307555717425284 0
		outer loop
			vertex 10.38486099243164 10.694503784179688 8.907265964808175e-7
			vertex 10.38486099243164 10.694503784179688 7.1999993324279785
			vertex 10.385480880737305 10.692585945129395 7.199999809265137
		endloop
	endfacet
	facet normal 0.9515300734496093 0.307555717425284 0
		outer loop
			vertex 10.38486099243164 10.694503784179688 8.907265964808175e-7
			vertex 10.385480880737305 10.692585945129395 7.199999809265137
			vertex 10.385480880737305 10.692585945129395 0
		endloop
	endfacet
	facet normal 0.99654046546583 0.08310896876479207 0
		outer loop
			vertex 10.240861892700195 11.29330062866211 0.004875252489000559
			vertex 10.18972110748291 11.90651798248291 7.176888465881348
			vertex 10.240861892700195 11.29330062866211 7.195124626159668
		endloop
	endfacet
	facet normal 0.9722811348553269 0.23381487293249267 0
		outer loop
			vertex 10.240861892700195 11.29330062866211 0.004875252489000559
			vertex 10.240861892700195 11.29330062866211 7.195124626159668
			vertex 10.38486099243164 10.694503784179688 7.1999993324279785
		endloop
	endfacet
	facet normal 0.972281134855327 0.2338148729324927 0
		outer loop
			vertex 10.240861892700195 11.29330062866211 0.004875252489000559
			vertex 10.38486099243164 10.694503784179688 7.1999993324279785
			vertex 10.38486099243164 10.694503784179688 8.907265964808175e-7
		endloop
	endfacet
	facet normal 0.9975995242373652 -0.06924730493949009 0
		outer loop
			vertex 10.18972110748291 11.90651798248291 0.023111635819077492
			vertex 10.232207298278809 12.518588066101074 7.138556480407715
			vertex 10.18972110748291 11.90651798248291 7.176888465881348
		endloop
	endfacet
	facet normal 0.99654046546583 0.08310896876479208 0
		outer loop
			vertex 10.18972110748291 11.90651798248291 0.023111635819077492
			vertex 10.18972110748291 11.90651798248291 7.176888465881348
			vertex 10.240861892700195 11.29330062866211 0.004875252489000559
		endloop
	endfacet
	facet normal 0.9975995242373651 -0.06924730493949008 0
		outer loop
			vertex 10.232207298278809 12.518588066101074 0.06144355982542038
			vertex 10.232207298278809 12.518588066101074 7.138556480407715
			vertex 10.18972110748291 11.90651798248291 0.023111635819077492
		endloop
	endfacet
	facet normal -0.992708879491562 0.12053663583578055 0
		outer loop
			vertex 2.427354574203491 -0.5982891321182251 0
			vertex 2.5 -3.0616169991140216e-16 7.199999809265137
			vertex 2.5 -3.0616169991140216e-16 0
		endloop
	endfacet
	facet normal -0.992708879491562 0.12053663583578055 0
		outer loop
			vertex 2.427354574203491 -0.5982891321182251 0
			vertex 2.427354574203491 -0.5982891321182251 7.199999809265137
			vertex 2.5 -3.0616169991140216e-16 7.199999809265137
		endloop
	endfacet
	facet normal -0.9350161751516798 0.35460506511430945 0
		outer loop
			vertex 2.213639974594116 -1.161807894706726 0
			vertex 2.213639974594116 -1.161807894706726 7.199999809265137
			vertex 2.427354574203491 -0.5982891321182251 7.199999809265137
		endloop
	endfacet
	facet normal -0.9350161751516798 0.35460506511430945 0
		outer loop
			vertex 2.213639974594116 -1.161807894706726 0
			vertex 2.427354574203491 -0.5982891321182251 7.199999809265137
			vertex 2.427354574203491 -0.5982891321182251 0
		endloop
	endfacet
	facet normal -0.8229839369732987 0.5680646437545025 0
		outer loop
			vertex 1.87127685546875 -1.657806634902954 0
			vertex 1.87127685546875 -1.657806634902954 7.199999809265137
			vertex 2.213639974594116 -1.161807894706726 7.199999809265137
		endloop
	endfacet
	facet normal -0.8229839369732987 0.5680646437545025 0
		outer loop
			vertex 1.87127685546875 -1.657806634902954 0
			vertex 2.213639974594116 -1.161807894706726 7.199999809265137
			vertex 2.213639974594116 -1.161807894706726 0
		endloop
	endfacet
	facet normal -0.6631225942758643 0.7485108048390802 0
		outer loop
			vertex 1.4201618432998657 -2.057459592819214 0
			vertex 1.4201618432998657 -2.057459592819214 7.199999809265137
			vertex 1.87127685546875 -1.657806634902954 7.199999809265137
		endloop
	endfacet
	facet normal -0.6631225942758643 0.7485108048390802 0
		outer loop
			vertex 1.4201618432998657 -2.057459592819214 0
			vertex 1.87127685546875 -1.657806634902954 7.199999809265137
			vertex 1.87127685546875 -1.657806634902954 0
		endloop
	endfacet
	facet normal -0.23931563560783145 0.9709418244949694 0
		outer loop
			vertex 0.8865122199058533 -2.337540626525879 0
			vertex 0.301341712474823 -2.4817721843719482 7.199999809265137
			vertex 0.8865122199058533 -2.337540626525879 7.199999809265137
		endloop
	endfacet
	facet normal -0.4647233090061699 0.885455953769783 0
		outer loop
			vertex 0.8865122199058533 -2.337540626525879 0
			vertex 0.8865122199058533 -2.337540626525879 7.199999809265137
			vertex 1.4201618432998657 -2.057459592819214 7.199999809265137
		endloop
	endfacet
	facet normal -0.4647233090061699 0.885455953769783 0
		outer loop
			vertex 0.8865122199058533 -2.337540626525879 0
			vertex 1.4201618432998657 -2.057459592819214 7.199999809265137
			vertex 1.4201618432998657 -2.057459592819214 0
		endloop
	endfacet
	facet normal 0 1 0
		outer loop
			vertex 0.301341712474823 -2.4817721843719482 0
			vertex -0.301341712474823 -2.4817721843719482 7.199999809265137
			vertex 0.301341712474823 -2.4817721843719482 7.199999809265137
		endloop
	endfacet
	facet normal -0.23931563560783145 0.9709418244949694 0
		outer loop
			vertex 0.301341712474823 -2.4817721843719482 0
			vertex 0.301341712474823 -2.4817721843719482 7.199999809265137
			vertex 0.8865122199058533 -2.337540626525879 0
		endloop
	endfacet
	facet normal 0 1 0
		outer loop
			vertex -0.301341712474823 -2.4817721843719482 0
			vertex -0.301341712474823 -2.4817721843719482 7.199999809265137
			vertex 0.301341712474823 -2.4817721843719482 0
		endloop
	endfacet
	facet normal 0.23931563560783145 0.9709418244949694 0
		outer loop
			vertex -0.8865122199058533 -2.337540626525879 0
			vertex -0.8865122199058533 -2.337540626525879 7.199999809265137
			vertex -0.301341712474823 -2.4817721843719482 7.199999809265137
		endloop
	endfacet
	facet normal 0.23931563560783145 0.9709418244949694 0
		outer loop
			vertex -0.8865122199058533 -2.337540626525879 0
			vertex -0.301341712474823 -2.4817721843719482 7.199999809265137
			vertex -0.301341712474823 -2.4817721843719482 0
		endloop
	endfacet
	facet normal 0.4647233090061699 0.885455953769783 0
		outer loop
			vertex -1.4201618432998657 -2.057459592819214 0
			vertex -1.4201618432998657 -2.057459592819214 7.199999809265137
			vertex -0.8865122199058533 -2.337540626525879 7.199999809265137
		endloop
	endfacet
	facet normal 0.4647233090061699 0.885455953769783 0
		outer loop
			vertex -1.4201618432998657 -2.057459592819214 0
			vertex -0.8865122199058533 -2.337540626525879 7.199999809265137
			vertex -0.8865122199058533 -2.337540626525879 0
		endloop
	endfacet
	facet normal 0.6631225942758643 0.7485108048390802 0
		outer loop
			vertex -1.87127685546875 -1.657806634902954 0
			vertex -1.87127685546875 -1.657806634902954 7.199999809265137
			vertex -1.4201618432998657 -2.057459592819214 7.199999809265137
		endloop
	endfacet
	facet normal 0.6631225942758643 0.7485108048390802 0
		outer loop
			vertex -1.87127685546875 -1.657806634902954 0
			vertex -1.4201618432998657 -2.057459592819214 7.199999809265137
			vertex -1.4201618432998657 -2.057459592819214 0
		endloop
	endfacet
	facet normal 0.8229839369732987 0.5680646437545025 0
		outer loop
			vertex -2.213639974594116 -1.161807894706726 0
			vertex -1.87127685546875 -1.657806634902954 7.199999809265137
			vertex -1.87127685546875 -1.657806634902954 0
		endloop
	endfacet
	facet normal 0.8229839369732987 0.5680646437545025 0
		outer loop
			vertex -2.213639974594116 -1.161807894706726 0
			vertex -2.213639974594116 -1.161807894706726 7.199999809265137
			vertex -1.87127685546875 -1.657806634902954 7.199999809265137
		endloop
	endfacet
	facet normal 0.9350161751516798 0.35460506511430945 0
		outer loop
			vertex -2.427354574203491 -0.5982891321182251 0
			vertex -2.213639974594116 -1.161807894706726 7.199999809265137
			vertex -2.213639974594116 -1.161807894706726 0
		endloop
	endfacet
	facet normal 0.9927088794915622 0.12053663583577999 0
		outer loop
			vertex -2.427354574203491 -0.5982891321182251 0
			vertex -2.5 2.5266078021012744e-15 7.199999809265137
			vertex -2.427354574203491 -0.5982891321182251 7.199999809265137
		endloop
	endfacet
	facet normal 0.9350161751516798 0.35460506511430945 0
		outer loop
			vertex -2.427354574203491 -0.5982891321182251 0
			vertex -2.427354574203491 -0.5982891321182251 7.199999809265137
			vertex -2.213639974594116 -1.161807894706726 7.199999809265137
		endloop
	endfacet
	facet normal 0.9927088794915622 0.12053663583577999 0
		outer loop
			vertex -2.5 2.5266078021012744e-15 0
			vertex -2.5 2.5266078021012744e-15 7.199999809265137
			vertex -2.427354574203491 -0.5982891321182251 0
		endloop
	endfacet
	facet normal 0.9927088794915621 -0.12053663583578102 0
		outer loop
			vertex -2.5 2.5266078021012744e-15 0
			vertex -2.427354574203491 0.5982891321182251 7.199999809265137
			vertex -2.5 2.5266078021012744e-15 7.199999809265137
		endloop
	endfacet
	facet normal 0.9927088794915621 -0.12053663583578102 0
		outer loop
			vertex -2.427354574203491 0.5982891321182251 0
			vertex -2.427354574203491 0.5982891321182251 7.199999809265137
			vertex -2.5 2.5266078021012744e-15 0
		endloop
	endfacet
	facet normal 0.9350161751516798 -0.35460506511430945 0
		outer loop
			vertex -2.213639974594116 1.161807894706726 0
			vertex -2.427354574203491 0.5982891321182251 7.199999809265137
			vertex -2.427354574203491 0.5982891321182251 0
		endloop
	endfacet
	facet normal 0.9350161751516798 -0.35460506511430945 0
		outer loop
			vertex -2.213639974594116 1.161807894706726 0
			vertex -2.213639974594116 1.161807894706726 7.199999809265137
			vertex -2.427354574203491 0.5982891321182251 7.199999809265137
		endloop
	endfacet
	facet normal 0.8229839369732987 -0.5680646437545025 0
		outer loop
			vertex -1.87127685546875 1.657806634902954 0
			vertex -2.213639974594116 1.161807894706726 7.199999809265137
			vertex -2.213639974594116 1.161807894706726 0
		endloop
	endfacet
	facet normal 0.8229839369732987 -0.5680646437545025 0
		outer loop
			vertex -1.87127685546875 1.657806634902954 0
			vertex -1.87127685546875 1.657806634902954 7.199999809265137
			vertex -2.213639974594116 1.161807894706726 7.199999809265137
		endloop
	endfacet
	facet normal 0.6631225942758643 -0.7485108048390802 0
		outer loop
			vertex -1.4201618432998657 2.057459592819214 0
			vertex -1.87127685546875 1.657806634902954 7.199999809265137
			vertex -1.87127685546875 1.657806634902954 0
		endloop
	endfacet
	facet normal 0.4647233090061699 -0.885455953769783 0
		outer loop
			vertex -1.4201618432998657 2.057459592819214 0
			vertex -0.8865122199058533 2.337540626525879 7.199999809265137
			vertex -1.4201618432998657 2.057459592819214 7.199999809265137
		endloop
	endfacet
	facet normal 0.6631225942758643 -0.7485108048390802 0
		outer loop
			vertex -1.4201618432998657 2.057459592819214 0
			vertex -1.4201618432998657 2.057459592819214 7.199999809265137
			vertex -1.87127685546875 1.657806634902954 7.199999809265137
		endloop
	endfacet
	facet normal 0.4647233090061699 -0.885455953769783 0
		outer loop
			vertex -0.8865122199058533 2.337540626525879 0
			vertex -0.8865122199058533 2.337540626525879 7.199999809265137
			vertex -1.4201618432998657 2.057459592819214 0
		endloop
	endfacet
	facet normal 0.23931563560783145 -0.9709418244949694 0
		outer loop
			vertex -0.301341712474823 2.4817721843719482 0
			vertex -0.8865122199058533 2.337540626525879 7.199999809265137
			vertex -0.8865122199058533 2.337540626525879 0
		endloop
	endfacet
	facet normal 0 -1 0
		outer loop
			vertex -0.301341712474823 2.4817721843719482 0
			vertex 0.301341712474823 2.4817721843719482 7.199999809265137
			vertex -0.301341712474823 2.4817721843719482 7.199999809265137
		endloop
	endfacet
	facet normal 0.23931563560783145 -0.9709418244949694 0
		outer loop
			vertex -0.301341712474823 2.4817721843719482 0
			vertex -0.301341712474823 2.4817721843719482 7.199999809265137
			vertex -0.8865122199058533 2.337540626525879 7.199999809265137
		endloop
	endfacet
	facet normal 0 -1 0
		outer loop
			vertex 0.301341712474823 2.4817721843719482 0
			vertex 0.301341712474823 2.4817721843719482 7.199999809265137
			vertex -0.301341712474823 2.4817721843719482 0
		endloop
	endfacet
	facet normal -0.23931563560783145 -0.9709418244949694 0
		outer loop
			vertex 0.8865122199058533 2.337540626525879 0
			vertex 0.8865122199058533 2.337540626525879 7.199999809265137
			vertex 0.301341712474823 2.4817721843719482 7.199999809265137
		endloop
	endfacet
	facet normal -0.23931563560783145 -0.9709418244949694 0
		outer loop
			vertex 0.8865122199058533 2.337540626525879 0
			vertex 0.301341712474823 2.4817721843719482 7.199999809265137
			vertex 0.301341712474823 2.4817721843719482 0
		endloop
	endfacet
	facet normal -0.4647233090061699 -0.885455953769783 0
		outer loop
			vertex 1.4201618432998657 2.057459592819214 0
			vertex 1.4201618432998657 2.057459592819214 7.199999809265137
			vertex 0.8865122199058533 2.337540626525879 7.199999809265137
		endloop
	endfacet
	facet normal -0.4647233090061699 -0.885455953769783 0
		outer loop
			vertex 1.4201618432998657 2.057459592819214 0
			vertex 0.8865122199058533 2.337540626525879 7.199999809265137
			vertex 0.8865122199058533 2.337540626525879 0
		endloop
	endfacet
	facet normal -0.6631225942758643 -0.7485108048390802 0
		outer loop
			vertex 1.87127685546875 1.657806634902954 0
			vertex 1.87127685546875 1.657806634902954 7.199999809265137
			vertex 1.4201618432998657 2.057459592819214 7.199999809265137
		endloop
	endfacet
	facet normal -0.6631225942758643 -0.7485108048390802 0
		outer loop
			vertex 1.87127685546875 1.657806634902954 0
			vertex 1.4201618432998657 2.057459592819214 7.199999809265137
			vertex 1.4201618432998657 2.057459592819214 0
		endloop
	endfacet
	facet normal -0.9350161751516798 -0.35460506511430945 0
		outer loop
			vertex 2.213639974594116 1.161807894706726 0
			vertex 2.427354574203491 0.5982891321182251 7.199999809265137
			vertex 2.213639974594116 1.161807894706726 7.199999809265137
		endloop
	endfacet
	facet normal -0.8229839369732987 -0.5680646437545025 0
		outer loop
			vertex 2.213639974594116 1.161807894706726 0
			vertex 2.213639974594116 1.161807894706726 7.199999809265137
			vertex 1.87127685546875 1.657806634902954 7.199999809265137
		endloop
	endfacet
	facet normal -0.8229839369732987 -0.5680646437545025 0
		outer loop
			vertex 2.213639974594116 1.161807894706726 0
			vertex 1.87127685546875 1.657806634902954 7.199999809265137
			vertex 1.87127685546875 1.657806634902954 0
		endloop
	endfacet
	facet normal -0.9350161751516798 -0.35460506511430945 0
		outer loop
			vertex 2.427354574203491 0.5982891321182251 0
			vertex 2.427354574203491 0.5982891321182251 7.199999809265137
			vertex 2.213639974594116 1.161807894706726 0
		endloop
	endfacet
	facet normal -0.9927088794915621 -0.1205366358357804 0
		outer loop
			vertex 2.5 -3.0616169991140216e-16 0
			vertex 2.5 -3.0616169991140216e-16 7.199999809265137
			vertex 2.427354574203491 0.5982891321182251 7.199999809265137
		endloop
	endfacet
	facet normal -0.9927088794915621 -0.1205366358357804 0
		outer loop
			vertex 2.5 -3.0616169991140216e-16 0
			vertex 2.427354574203491 0.5982891321182251 7.199999809265137
			vertex 2.427354574203491 0.5982891321182251 0
		endloop
	endfacet
	facet normal 0.4983194216165826 -0.8669935144161774 0
		outer loop
			vertex 18.146982192993164 4.5650763511657715 0.554926872253418
			vertex 17.615285873413086 4.259474754333496 6.8050947189331055
			vertex 17.615285873413086 4.259474754333496 0.39490529894828796
		endloop
	endfacet
	facet normal 0.4983194216165827 -0.8669935144161777 0
		outer loop
			vertex 18.146982192993164 4.5650763511657715 0.554926872253418
			vertex 18.146982192993164 4.5650763511657715 6.645072937011719
			vertex 17.615285873413086 4.259474754333496 6.8050947189331055
		endloop
	endfacet
	facet normal 0.7662039374143005 -0.6425974838814907 0
		outer loop
			vertex 20.25282859802246 6.454530715942383 1.600000023841858
			vertex 20.25282859802246 6.454530715942383 5.599999904632568
			vertex 19.65913963317871 5.74664306640625 5.983592510223389
		endloop
	endfacet
	facet normal 0.6707500502642266 -0.7416834515270285 0.00016673779226608325
		outer loop
			vertex 19.651103973388672 5.738303184509277 1.2118297815322876
			vertex 19.65913963317871 5.74664306640625 5.983592510223389
			vertex 18.95635223388672 5.111148357391357 6.336087226867676
		endloop
	endfacet
	facet normal 0.7656997435848932 -0.643198161809051 -0.00016528607556044522
		outer loop
			vertex 19.651103973388672 5.738303184509277 1.2118297815322876
			vertex 20.25282859802246 6.454530715942383 1.600000023841858
			vertex 19.65913963317871 5.74664306640625 5.983592510223389
		endloop
	endfacet
	facet normal 0.5889885605817742 -0.8081413575926137 0.00014714678715122597
		outer loop
			vertex 18.937583923339844 5.096471786499023 0.8556841015815735
			vertex 18.95635223388672 5.111148357391357 6.336087226867676
			vertex 18.564693450927734 4.8257293701171875 6.49684476852417
		endloop
	endfacet
	facet normal 0.668853576511529 -0.7433941103714776 -0.0002997544587488878
		outer loop
			vertex 18.937583923339844 5.096471786499023 0.8556841015815735
			vertex 19.651103973388672 5.738303184509277 1.2118297815322876
			vertex 18.95635223388672 5.111148357391357 6.336087226867676
		endloop
	endfacet
	facet normal 0.529390477693623 -0.8483782895190788 0
		outer loop
			vertex 18.146982192993164 4.5650763511657715 0.554926872253418
			vertex 18.564693450927734 4.8257293701171875 6.49684476852417
			vertex 18.146982192993164 4.5650763511657715 6.645072937011719
		endloop
	endfacet
	facet normal 0.5585945268327445 -0.829435854878575 -0.0028839615722017395
		outer loop
			vertex 18.146982192993164 4.5650763511657715 0.554926872253418
			vertex 18.937583923339844 5.096471786499023 0.8556841015815735
			vertex 18.564693450927734 4.8257293701171875 6.49684476852417
		endloop
	endfacet
	facet normal 0.939692358901036 0.34202086284758515 0
		outer loop
			vertex 19.6634578704834 8.073809623718262 1.600000023841858
			vertex 20.25282859802246 6.454530715942383 5.599999904632568
			vertex 20.25282859802246 6.454530715942383 1.600000023841858
		endloop
	endfacet
	facet normal 0.939692358901036 0.34202086284758515 0
		outer loop
			vertex 19.6634578704834 8.073809623718262 1.600000023841858
			vertex 19.6634578704834 8.073809623718262 5.599999904632568
			vertex 20.25282859802246 6.454530715942383 5.599999904632568
		endloop
	endfacet
	facet normal -0.1397900766706283 0.9901811624467616 0
		outer loop
			vertex 16.835769653320312 8.167604446411133 0.554926872253418
			vertex 16.835769653320312 8.167604446411133 6.645072937011719
			vertex 17.323299407958984 8.236432075500488 6.49684476852417
		endloop
	endfacet
	facet normal -0.0682715820877383 0.997666762714975 0.00014714978516558547
		outer loop
			vertex 17.78297996520996 8.268720626831055 0.8556841015815735
			vertex 17.323299407958984 8.236432075500488 6.49684476852417
			vertex 17.806791305541992 8.26954174041748 6.336087226867676
		endloop
	endfacet
	facet normal -0.10524256882956788 0.9944423987868122 -0.002883955839605231
		outer loop
			vertex 17.78297996520996 8.268720626831055 0.8556841015815735
			vertex 16.835769653320312 8.167604446411133 0.554926872253418
			vertex 17.323299407958984 8.236432075500488 6.49684476852417
		endloop
	endfacet
	facet normal 0.03707954012858195 0.9993123034833503 0.00016676526428450046
		outer loop
			vertex 18.742130279541016 8.23569107055664 1.2118297815322876
			vertex 17.806791305541992 8.26954174041748 6.336087226867676
			vertex 18.753644943237305 8.234467506408691 5.983592510223389
		endloop
	endfacet
	facet normal 0.03452703511148337 0.999403719222347 -0.0002997514814729417
		outer loop
			vertex 18.742130279541016 8.23569107055664 1.2118297815322876
			vertex 17.78297996520996 8.268720626831055 0.8556841015815735
			vertex 17.806791305541992 8.26954174041748 6.336087226867676
		endloop
	endfacet
	facet normal 0.17389309449330229 0.9847645361646324 0
		outer loop
			vertex 19.6634578704834 8.073809623718262 1.600000023841858
			vertex 18.753644943237305 8.234467506408691 5.983592510223389
			vertex 19.6634578704834 8.073809623718262 5.599999904632568
		endloop
	endfacet
	facet normal 0.17312110697665348 0.9849005305231965 -0.0001652098798586621
		outer loop
			vertex 19.6634578704834 8.073809623718262 1.600000023841858
			vertex 18.742130279541016 8.23569107055664 1.2118297815322876
			vertex 18.753644943237305 8.234467506408691 5.983592510223389
		endloop
	endfacet
	facet normal -0.1755572605678735 0.9844692215919724 0
		outer loop
			vertex 16.835769653320312 8.167604446411133 0.554926872253418
			vertex 16.23202896118164 8.059941291809082 6.8050947189331055
			vertex 16.835769653320312 8.167604446411133 6.645072937011719
		endloop
	endfacet
	facet normal -0.1755572605678735 0.9844692215919724 0
		outer loop
			vertex 16.23202896118164 8.059941291809082 0.39490529894828796
			vertex 16.23202896118164 8.059941291809082 6.8050947189331055
			vertex 16.835769653320312 8.167604446411133 0.554926872253418
		endloop
	endfacet
	facet normal -0.14789224837890635 0.9890034797054216 0
		outer loop
			vertex 15.655752182006836 7.973766803741455 0.2702690660953522
			vertex 16.23202896118164 8.059941291809082 6.8050947189331055
			vertex 16.23202896118164 8.059941291809082 0.39490529894828796
		endloop
	endfacet
	facet normal -0.13130781587009516 0.9913405204432673 -0.0014933247125818881
		outer loop
			vertex 15.655752182006836 7.973766803741455 0.2702690660953522
			vertex 15.303329467773438 7.937212944030762 6.9925408363342285
			vertex 16.23202896118164 8.059941291809082 6.8050947189331055
		endloop
	endfacet
	facet normal -0.057648647840652156 0.9983367541103575 -0.0005989946076884595
		outer loop
			vertex 15.06613540649414 7.9194231033325195 0.1705513596534729
			vertex 14.707646369934082 7.902866363525391 7.0774688720703125
			vertex 15.303329467773438 7.937212944030762 6.9925408363342285
		endloop
	endfacet
	facet normal -0.09187907373063656 0.9957699927072473 0.0005978580172748032
		outer loop
			vertex 15.06613540649414 7.9194231033325195 0.1705513596534729
			vertex 15.303329467773438 7.937212944030762 6.9925408363342285
			vertex 15.655752182006836 7.973766803741455 0.2702690660953522
		endloop
	endfacet
	facet normal 0.00010131343316643871 0.9999999948677942 0
		outer loop
			vertex 14.105207443237305 7.902927398681641 0.06144355982542038
			vertex 14.105207443237305 7.902927398681641 7.138556480407715
			vertex 14.707646369934082 7.902866363525391 7.0774688720703125
		endloop
	endfacet
	facet normal -0.017333819197384432 0.999848637267415 0.0014970860114057146
		outer loop
			vertex 14.105207443237305 7.902927398681641 0.06144355982542038
			vertex 14.707646369934082 7.902866363525391 7.0774688720703125
			vertex 15.06613540649414 7.9194231033325195 0.1705513596534729
		endloop
	endfacet
	facet normal 0.0001481809765497218 -0.00043859287074195685 0.9999998928393403
		outer loop
			vertex 5.463280200958252 -13.86874771118164 7.199999809265137
			vertex 4.067310810089111 -14.340383529663086 7.199999809265137
			vertex 4.069281101226807 -14.340805053710938 7.1999993324279785
		endloop
	endfacet
	facet normal 0.0001715826398841297 -0.0005076986650258008 0.9999998564007213
		outer loop
			vertex 5.464620113372803 -13.869234085083008 7.1999993324279785
			vertex 5.463280200958252 -13.86874771118164 7.199999809265137
			vertex 4.069281101226807 -14.340805053710938 7.1999993324279785
		endloop
	endfacet
	facet normal 0.00021242236458184584 -0.00046966309822698145 0.9999998671466479
		outer loop
			vertex 6.805864334106445 -13.261591911315918 7.199999809265137
			vertex 5.464620113372803 -13.869234085083008 7.1999993324279785
			vertex 6.806612014770508 -13.262269020080566 7.1999993324279785
		endloop
	endfacet
	facet normal 0.00019741411811939854 -0.00043653550325166055 0.9999998852322036
		outer loop
			vertex 6.805864334106445 -13.261591911315918 7.199999809265137
			vertex 5.463280200958252 -13.86874771118164 7.199999809265137
			vertex 5.464620113372803 -13.869234085083008 7.1999993324279785
		endloop
	endfacet
	facet normal 0.00024826950125283396 -0.0004300153187455361 0.9999998767245326
		outer loop
			vertex 8.08194351196289 -12.524847030639648 7.199999809265137
			vertex 6.806612014770508 -13.262269020080566 7.1999993324279785
			vertex 8.08215618133545 -12.525833129882812 7.1999993324279785
		endloop
	endfacet
	facet normal 0.0002482922523379758 -0.0004300546655183222 0.9999998767019636
		outer loop
			vertex 8.08194351196289 -12.524847030639648 7.199999809265137
			vertex 6.805864334106445 -13.261591911315918 7.199999809265137
			vertex 6.806612014770508 -13.262269020080566 7.1999993324279785
		endloop
	endfacet
	facet normal 0.00030049777167517286 -0.00041875138346569065 0.9999998671741753
		outer loop
			vertex 9.278799057006836 -11.66711711883545 7.1999993324279785
			vertex 8.08194351196289 -12.524847030639648 7.199999809265137
			vertex 8.08215618133545 -12.525833129882812 7.1999993324279785
		endloop
	endfacet
	facet normal 0.0002793196788082493 -0.0003891999855943763 0.9999998852519376
		outer loop
			vertex 9.279047966003418 -11.6657133102417 7.199999809265137
			vertex 8.08194351196289 -12.524847030639648 7.199999809265137
			vertex 9.278799057006836 -11.66711711883545 7.1999993324279785
		endloop
	endfacet
	facet normal 0.0003538651155058565 -0.0004024176109761617 0.999999856419763
		outer loop
			vertex 10.38486099243164 -10.694503784179688 7.1999993324279785
			vertex 9.279047966003418 -11.6657133102417 7.199999809265137
			vertex 9.278799057006836 -11.66711711883545 7.1999993324279785
		endloop
	endfacet
	facet normal 0.0003055337319769099 -0.0003473878032211346 0.9999998929854207
		outer loop
			vertex 10.385480880737305 -10.692585945129395 7.199999809265137
			vertex 9.279047966003418 -11.6657133102417 7.199999809265137
			vertex 10.38486099243164 -10.694503784179688 7.1999993324279785
		endloop
	endfacet
	facet normal -0.00016834776020308555 -0.00043107349315079345 0.999999892917332
		outer loop
			vertex -4.729544162750244 -14.1358060836792 7.199999809265137
			vertex -6.10207986831665 -13.599787712097168 7.199999809265137
			vertex -6.100841522216797 -13.601377487182617 7.1999993324279785
		endloop
	endfacet
	facet normal -0.0001948658989167354 -0.0004991167338227305 0.9999998564548735
		outer loop
			vertex -4.728830337524414 -14.137040138244629 7.1999993324279785
			vertex -4.729544162750244 -14.1358060836792 7.199999809265137
			vertex -6.100841522216797 -13.601377487182617 7.1999993324279785
		endloop
	endfacet
	facet normal -0.00013928595443105888 -0.0004967449210961342 0.9999998669219444
		outer loop
			vertex -3.3107924461364746 -14.53369426727295 7.199999809265137
			vertex -4.728830337524414 -14.137040138244629 7.1999993324279785
			vertex -3.310654878616333 -14.534692764282227 7.1999993324279785
		endloop
	endfacet
	facet normal -0.0001293486310084053 -0.0004612190053680667 0.9999998852729738
		outer loop
			vertex -3.3107924461364746 -14.53369426727295 7.199999809265137
			vertex -4.729544162750244 -14.1358060836792 7.199999809265137
			vertex -4.728830337524414 -14.137040138244629 7.1999993324279785
		endloop
	endfacet
	facet normal -0.00008630263078949525 -0.0004894451697614149 0.9999998764976334
		outer loop
			vertex -1.860159993171692 -14.790454864501953 7.1999993324279785
			vertex -3.3107924461364746 -14.53369426727295 7.199999809265137
			vertex -3.310654878616333 -14.534692764282227 7.1999993324279785
		endloop
	endfacet
	facet normal -0.00008617032540196504 -0.0004886976777757093 0.9999998768746199
		outer loop
			vertex -1.8596887588500977 -14.789562225341797 7.199999809265137
			vertex -3.3107924461364746 -14.53369426727295 7.199999809265137
			vertex -1.860159993171692 -14.790454864501953 7.1999993324279785
		endloop
	endfacet
	facet normal -0.00003894995816896288 -0.0005136258393029983 0.9999998673356902
		outer loop
			vertex -0.3915056884288788 -14.901827812194824 7.1999993324279785
			vertex -1.8596887588500977 -14.789562225341797 7.199999809265137
			vertex -1.860159993171692 -14.790454864501953 7.1999993324279785
		endloop
	endfacet
	facet normal -0.00003619715167811662 -0.00047762528035397855 0.9999998852819224
		outer loop
			vertex -0.390412837266922 -14.900912284851074 7.199999809265137
			vertex -1.8596887588500977 -14.789562225341797 7.199999809265137
			vertex -0.3915056884288788 -14.901827812194824 7.1999993324279785
		endloop
	endfacet
	facet normal 0.00001240577222876735 -0.0005356418415071631 0.9999998564669469
		outer loop
			vertex 1.0809705257415771 -14.867724418640137 7.1999993324279785
			vertex -0.390412837266922 -14.900912284851074 7.199999809265137
			vertex -0.3915056884288788 -14.901827812194824 7.1999993324279785
		endloop
	endfacet
	facet normal 0.000010763002248689325 -0.0004628096678470577 0.9999998928456789
		outer loop
			vertex 1.082678198814392 -14.866654396057129 7.199999809265137
			vertex -0.390412837266922 -14.900912284851074 7.199999809265137
			vertex 1.0809705257415771 -14.867724418640137 7.1999993324279785
		endloop
	endfacet
	facet normal -0.0004059284477539765 -0.00022194292424895803 0.9999998929817111
		outer loop
			vertex -12.709362030029297 -7.788563251495361 7.199999809265137
			vertex -13.416239738464355 -6.495700359344482 7.199999809265137
			vertex -13.416313171386719 -6.497714519500732 7.1999993324279785
		endloop
	endfacet
	facet normal -0.0004702437274625816 -0.00025716607572072014 0.999999856368213
		outer loop
			vertex -12.70960807800293 -7.7899675369262695 7.1999993324279785
			vertex -12.709362030029297 -7.788563251495361 7.199999809265137
			vertex -13.416313171386719 -6.497714519500732 7.1999993324279785
		endloop
	endfacet
	facet normal -0.0004255139252635263 -0.00029066472510001063 0.9999998672259497
		outer loop
			vertex -11.878292083740234 -9.005318641662598 7.199999809265137
			vertex -12.70960807800293 -7.7899675369262695 7.1999993324279785
			vertex -11.878829002380371 -9.006173133850098 7.1999993324279785
		endloop
	endfacet
	facet normal -0.00039564814645590347 -0.00027023614317359346 0.999999885217479
		outer loop
			vertex -11.878292083740234 -9.005318641662598 7.199999809265137
			vertex -12.709362030029297 -7.788563251495361 7.199999809265137
			vertex -12.70960807800293 -7.7899675369262695 7.1999993324279785
		endloop
	endfacet
	facet normal -0.0003802857163824599 -0.0003190975847996539 0.9999998767797452
		outer loop
			vertex -10.931151390075684 -10.134077072143555 7.199999809265137
			vertex -11.878829002380371 -9.006173133850098 7.1999993324279785
			vertex -10.932085990905762 -10.1344575881958 7.1999993324279785
		endloop
	endfacet
	facet normal -0.00038027632617445445 -0.0003190896950409587 0.9999998767858337
		outer loop
			vertex -10.931151390075684 -10.134077072143555 7.199999809265137
			vertex -11.878292083740234 -9.005318641662598 7.199999809265137
			vertex -11.878829002380371 -9.006173133850098 7.1999993324279785
		endloop
	endfacet
	facet normal -0.00036014026772417687 -0.0003685776221621134 0.9999998672247532
		outer loop
			vertex -9.878621101379395 -11.163806915283203 7.1999993324279785
			vertex -10.931151390075684 -10.134077072143555 7.199999809265137
			vertex -10.932085990905762 -10.1344575881958 7.1999993324279785
		endloop
	endfacet
	facet normal -0.0003349066978172857 -0.0003427853264572483 0.9999998851678553
		outer loop
			vertex -9.877195358276367 -11.163808822631836 7.199999809265137
			vertex -10.931151390075684 -10.134077072143555 7.199999809265137
			vertex -9.878621101379395 -11.163806915283203 7.1999993324279785
		endloop
	endfacet
	facet normal -0.0003350080571507331 -0.000418558647893087 0.9999998562891198
		outer loop
			vertex -8.728717803955078 -12.084172248840332 7.1999993324279785
			vertex -9.877195358276367 -11.163808822631836 7.199999809265137
			vertex -9.878621101379395 -11.163806915283203 7.1999993324279785
		endloop
	endfacet
	facet normal -0.00028912534853539905 -0.00036130380762223444 0.99999989293304
		outer loop
			vertex -8.72672176361084 -12.084449768066406 7.199999809265137
			vertex -9.877195358276367 -11.163808822631836 7.199999809265137
			vertex -8.728717803955078 -12.084172248840332 7.1999993324279785
		endloop
	endfacet
	facet normal -0.00045344682032119604 0.00009087293456366905 0.9999998930640398
		outer loop
			vertex -14.742328643798828 2.2030346393585205 7.199999809265137
			vertex -14.452791213989258 3.6477973461151123 7.199999809265137
			vertex -14.454142570495605 3.646301507949829 7.1999993324279785
		endloop
	endfacet
	facet normal -0.0005255650920162693 0.00010527323846311128 0.9999998563494295
		outer loop
			vertex -14.743419647216797 2.202117443084717 7.1999993324279785
			vertex -14.742328643798828 2.2030346393585205 7.199999809265137
			vertex -14.454142570495605 3.646301507949829 7.1999993324279785
		endloop
	endfacet
	facet normal -0.0005134221089379496 0.00005091464138903922 0.9999998669027099
		outer loop
			vertex -14.887807846069336 0.7367446422576904 7.199999809265137
			vertex -14.743419647216797 2.202117443084717 7.1999993324279785
			vertex -14.88876724243164 0.7364355325698853 7.1999993324279785
		endloop
	endfacet
	facet normal -0.0004768356663313113 0.000047309653949194184 0.9999998851947653
		outer loop
			vertex -14.887807846069336 0.7367446422576904 7.199999809265137
			vertex -14.742328643798828 2.2030346393585205 7.199999809265137
			vertex -14.743419647216797 2.202117443084717 7.1999993324279785
		endloop
	endfacet
	facet normal -0.0004970178312557805 0 0.9999998764866302
		outer loop
			vertex -14.887807846069336 -0.7367446422576904 7.199999809265137
			vertex -14.88876724243164 0.7364355325698853 7.1999993324279785
			vertex -14.88876724243164 -0.7364355325698853 7.1999993324279785
		endloop
	endfacet
	facet normal -0.0004970178312557805 0 0.9999998764866302
		outer loop
			vertex -14.887807846069336 -0.7367446422576904 7.199999809265137
			vertex -14.887807846069336 0.7367446422576904 7.199999809265137
			vertex -14.88876724243164 0.7364355325698853 7.1999993324279785
		endloop
	endfacet
	facet normal -0.0005134221089379496 -0.00005091464138903922 0.9999998669027099
		outer loop
			vertex -14.743419647216797 -2.202117443084717 7.1999993324279785
			vertex -14.887807846069336 -0.7367446422576904 7.199999809265137
			vertex -14.88876724243164 -0.7364355325698853 7.1999993324279785
		endloop
	endfacet
	facet normal -0.0004768356663313113 -0.000047309653949194184 0.9999998851947653
		outer loop
			vertex -14.742328643798828 -2.2030346393585205 7.199999809265137
			vertex -14.887807846069336 -0.7367446422576904 7.199999809265137
			vertex -14.743419647216797 -2.202117443084717 7.1999993324279785
		endloop
	endfacet
	facet normal -0.0005255650920162693 -0.00010527323846311128 0.9999998563494295
		outer loop
			vertex -14.454142570495605 -3.646301507949829 7.1999993324279785
			vertex -14.742328643798828 -2.2030346393585205 7.199999809265137
			vertex -14.743419647216797 -2.202117443084717 7.1999993324279785
		endloop
	endfacet
	facet normal -0.00045344682032119604 -0.00009087293456366905 0.9999998930640398
		outer loop
			vertex -14.452791213989258 -3.6477973461151123 7.199999809265137
			vertex -14.742328643798828 -2.2030346393585205 7.199999809265137
			vertex -14.454142570495605 -3.646301507949829 7.1999993324279785
		endloop
	endfacet
	facet normal -0.00028912534853539905 0.00036130380762223444 0.99999989293304
		outer loop
			vertex -9.877195358276367 11.163808822631836 7.199999809265137
			vertex -8.72672176361084 12.084449768066406 7.199999809265137
			vertex -8.728717803955078 12.084172248840332 7.1999993324279785
		endloop
	endfacet
	facet normal -0.0003350080571507331 0.000418558647893087 0.9999998562891198
		outer loop
			vertex -9.878621101379395 11.163806915283203 7.1999993324279785
			vertex -9.877195358276367 11.163808822631836 7.199999809265137
			vertex -8.728717803955078 12.084172248840332 7.1999993324279785
		endloop
	endfacet
	facet normal -0.00036014026772417687 0.0003685776221621134 0.9999998672247532
		outer loop
			vertex -10.931151390075684 10.134077072143555 7.199999809265137
			vertex -9.878621101379395 11.163806915283203 7.1999993324279785
			vertex -10.932085990905762 10.1344575881958 7.1999993324279785
		endloop
	endfacet
	facet normal -0.0003349066978172857 0.0003427853264572483 0.9999998851678553
		outer loop
			vertex -10.931151390075684 10.134077072143555 7.199999809265137
			vertex -9.877195358276367 11.163808822631836 7.199999809265137
			vertex -9.878621101379395 11.163806915283203 7.1999993324279785
		endloop
	endfacet
	facet normal -0.00038027631906067255 0.0003190896995108915 0.9999998767858348
		outer loop
			vertex -11.878292083740234 9.005318641662598 7.199999809265137
			vertex -10.932085990905762 10.1344575881958 7.1999993324279785
			vertex -11.878829002380371 9.006173133850098 7.1999993324279785
		endloop
	endfacet
	facet normal -0.00038028571955047303 0.0003190975770185704 0.9999998767797463
		outer loop
			vertex -11.878292083740234 9.005318641662598 7.199999809265137
			vertex -10.931151390075684 10.134077072143555 7.199999809265137
			vertex -10.932085990905762 10.1344575881958 7.1999993324279785
		endloop
	endfacet
	facet normal -0.0004255139252635263 0.00029066472510001063 0.9999998672259497
		outer loop
			vertex -12.70960807800293 7.7899675369262695 7.1999993324279785
			vertex -11.878292083740234 9.005318641662598 7.199999809265137
			vertex -11.878829002380371 9.006173133850098 7.1999993324279785
		endloop
	endfacet
	facet normal -0.00039564814645590347 0.00027023614317359346 0.999999885217479
		outer loop
			vertex -12.709362030029297 7.788563251495361 7.199999809265137
			vertex -11.878292083740234 9.005318641662598 7.199999809265137
			vertex -12.70960807800293 7.7899675369262695 7.1999993324279785
		endloop
	endfacet
	facet normal -0.0004702437274625816 0.00025716607572072014 0.999999856368213
		outer loop
			vertex -13.416313171386719 6.497714519500732 7.1999993324279785
			vertex -12.709362030029297 7.788563251495361 7.199999809265137
			vertex -12.70960807800293 7.7899675369262695 7.1999993324279785
		endloop
	endfacet
	facet normal -0.0004059284477539765 0.00022194292424895803 0.9999998929817111
		outer loop
			vertex -13.416239738464355 6.495700359344482 7.199999809265137
			vertex -12.709362030029297 7.788563251495361 7.199999809265137
			vertex -13.416313171386719 6.497714519500732 7.1999993324279785
		endloop
	endfacet
	facet normal 0.000010763002248689325 0.0004628096678470577 0.9999998928456789
		outer loop
			vertex -0.390412837266922 14.900912284851074 7.199999809265137
			vertex 1.082678198814392 14.866654396057129 7.199999809265137
			vertex 1.0809705257415771 14.867724418640137 7.1999993324279785
		endloop
	endfacet
	facet normal 0.00001240577222876735 0.0005356418415071631 0.9999998564669469
		outer loop
			vertex -0.3915056884288788 14.901827812194824 7.1999993324279785
			vertex -0.390412837266922 14.900912284851074 7.199999809265137
			vertex 1.0809705257415771 14.867724418640137 7.1999993324279785
		endloop
	endfacet
	facet normal -0.00003894995816896288 0.0005136258393029983 0.9999998673356902
		outer loop
			vertex -1.8596887588500977 14.789562225341797 7.199999809265137
			vertex -0.3915056884288788 14.901827812194824 7.1999993324279785
			vertex -1.860159993171692 14.790454864501953 7.1999993324279785
		endloop
	endfacet
	facet normal -0.00003619715167811662 0.00047762528035397855 0.9999998852819224
		outer loop
			vertex -1.8596887588500977 14.789562225341797 7.199999809265137
			vertex -0.390412837266922 14.900912284851074 7.199999809265137
			vertex -0.3915056884288788 14.901827812194824 7.1999993324279785
		endloop
	endfacet
	facet normal -0.00008630263078949525 0.0004894451697614149 0.9999998764976334
		outer loop
			vertex -3.3107924461364746 14.53369426727295 7.199999809265137
			vertex -1.860159993171692 14.790454864501953 7.1999993324279785
			vertex -3.310654878616333 14.534692764282227 7.1999993324279785
		endloop
	endfacet
	facet normal -0.00008617032540196504 0.0004886976777757093 0.9999998768746199
		outer loop
			vertex -3.3107924461364746 14.53369426727295 7.199999809265137
			vertex -1.8596887588500977 14.789562225341797 7.199999809265137
			vertex -1.860159993171692 14.790454864501953 7.1999993324279785
		endloop
	endfacet
	facet normal -0.00013928595443105888 0.0004967449210961342 0.9999998669219444
		outer loop
			vertex -4.728830337524414 14.137040138244629 7.1999993324279785
			vertex -3.3107924461364746 14.53369426727295 7.199999809265137
			vertex -3.310654878616333 14.534692764282227 7.1999993324279785
		endloop
	endfacet
	facet normal -0.0001293486310084053 0.0004612190053680667 0.9999998852729738
		outer loop
			vertex -4.729544162750244 14.1358060836792 7.199999809265137
			vertex -3.3107924461364746 14.53369426727295 7.199999809265137
			vertex -4.728830337524414 14.137040138244629 7.1999993324279785
		endloop
	endfacet
	facet normal -0.0001948658989167354 0.0004991167338227305 0.9999998564548735
		outer loop
			vertex -6.100841522216797 13.601377487182617 7.1999993324279785
			vertex -4.729544162750244 14.1358060836792 7.199999809265137
			vertex -4.728830337524414 14.137040138244629 7.1999993324279785
		endloop
	endfacet
	facet normal -0.00016834776020308555 0.00043107349315079345 0.999999892917332
		outer loop
			vertex -6.10207986831665 13.599787712097168 7.199999809265137
			vertex -4.729544162750244 14.1358060836792 7.199999809265137
			vertex -6.100841522216797 13.601377487182617 7.1999993324279785
		endloop
	endfacet
	facet normal 0.0003055337319769099 0.0003473878032211346 0.9999998929854207
		outer loop
			vertex 9.279047966003418 11.6657133102417 7.199999809265137
			vertex 10.385480880737305 10.692585945129395 7.199999809265137
			vertex 10.38486099243164 10.694503784179688 7.1999993324279785
		endloop
	endfacet
	facet normal 0.0003538651155058565 0.0004024176109761617 0.999999856419763
		outer loop
			vertex 9.278799057006836 11.66711711883545 7.1999993324279785
			vertex 9.279047966003418 11.6657133102417 7.199999809265137
			vertex 10.38486099243164 10.694503784179688 7.1999993324279785
		endloop
	endfacet
	facet normal 0.00030049777167517286 0.00041875138346569065 0.9999998671741753
		outer loop
			vertex 8.08194351196289 12.524847030639648 7.199999809265137
			vertex 9.278799057006836 11.66711711883545 7.1999993324279785
			vertex 8.08215618133545 12.525833129882812 7.1999993324279785
		endloop
	endfacet
	facet normal 0.0002793196788082493 0.0003891999855943763 0.9999998852519376
		outer loop
			vertex 8.08194351196289 12.524847030639648 7.199999809265137
			vertex 9.279047966003418 11.6657133102417 7.199999809265137
			vertex 9.278799057006836 11.66711711883545 7.1999993324279785
		endloop
	endfacet
	facet normal 0.00024826950125283396 0.0004300153187455361 0.9999998767245326
		outer loop
			vertex 6.806612014770508 13.262269020080566 7.1999993324279785
			vertex 8.08194351196289 12.524847030639648 7.199999809265137
			vertex 8.08215618133545 12.525833129882812 7.1999993324279785
		endloop
	endfacet
	facet normal 0.0002482922523379758 0.0004300546655183222 0.9999998767019636
		outer loop
			vertex 6.805864334106445 13.261591911315918 7.199999809265137
			vertex 8.08194351196289 12.524847030639648 7.199999809265137
			vertex 6.806612014770508 13.262269020080566 7.1999993324279785
		endloop
	endfacet
	facet normal 0.00021242236458184584 0.00046966309822698145 0.9999998671466479
		outer loop
			vertex 5.464620113372803 13.869234085083008 7.1999993324279785
			vertex 6.805864334106445 13.261591911315918 7.199999809265137
			vertex 6.806612014770508 13.262269020080566 7.1999993324279785
		endloop
	endfacet
	facet normal 0.00019741411811939854 0.00043653550325166055 0.9999998852322036
		outer loop
			vertex 5.463280200958252 13.86874771118164 7.199999809265137
			vertex 6.805864334106445 13.261591911315918 7.199999809265137
			vertex 5.464620113372803 13.869234085083008 7.1999993324279785
		endloop
	endfacet
	facet normal 0.0001715826398841297 0.0005076986650258008 0.9999998564007213
		outer loop
			vertex 4.069281101226807 14.340805053710938 7.1999993324279785
			vertex 5.463280200958252 13.86874771118164 7.199999809265137
			vertex 5.464620113372803 13.869234085083008 7.1999993324279785
		endloop
	endfacet
	facet normal 0.0001481809765497218 0.00043859287074195685 0.9999998928393403
		outer loop
			vertex 4.067310810089111 14.340383529663086 7.199999809265137
			vertex 5.463280200958252 13.86874771118164 7.199999809265137
			vertex 4.069281101226807 14.340805053710938 7.1999993324279785
		endloop
	endfacet
	facet normal 0.004400933205620109 -0.013021992871014867 -0.9999055252815573
		outer loop
			vertex 5.464620113372803 -13.869234085083008 8.907265964808175e-7
			vertex 4.659854412078857 -14.515496253967285 0.004875252489000559
			vertex 4.069281101226807 -14.340805053710938 8.907265964808175e-7
		endloop
	endfacet
	facet normal 0.018394383964500043 -0.03044344482651045 -0.9993672214484832
		outer loop
			vertex 5.21648645401001 -14.777816772460938 0.023111635819077492
			vertex 4.659854412078857 -14.515496253967285 0.004875252489000559
			vertex 5.464620113372803 -13.869234085083008 8.907265964808175e-7
		endloop
	endfacet
	facet normal 0.01716761519133346 -0.031151774992952897 -0.9993672197462906
		outer loop
			vertex 10.240861892700195 -11.29330062866211 0.004875252489000559
			vertex 10.18972110748291 -11.90651798248291 0.023111635819077492
			vertex 9.278799057006836 -11.66711711883545 8.907265964808175e-7
		endloop
	endfacet
	facet normal 0.009076903233486597 -0.010322310830384807 -0.9999055254006805
		outer loop
			vertex 10.38486099243164 -10.694503784179688 8.907265964808175e-7
			vertex 10.240861892700195 -11.29330062866211 0.004875252489000559
			vertex 9.278799057006836 -11.66711711883545 8.907265964808175e-7
		endloop
	endfacet
	facet normal 0.026428252369585025 -0.07225457429215561 -0.9970360193947604
		outer loop
			vertex 5.54939603805542 -14.656049728393555 0.023111628368496895
			vertex 5.725311756134033 -15.120645523071289 0.06144355982542038
			vertex 5.21648645401001 -14.777816772460938 0.023111635819077492
		endloop
	endfacet
	facet normal 0.010331422108370375 -0.02824604071034081 -0.999547609121951
		outer loop
			vertex 5.54939603805542 -14.656049728393555 0.023111628368496895
			vertex 5.21648645401001 -14.777816772460938 0.023111635819077492
			vertex 5.464620113372803 -13.869234085083008 8.907265964808175e-7
		endloop
	endfacet
	facet normal 0.07371400279044504 -0.08712324753804855 -0.993466549779626
		outer loop
			vertex 5.93945837020874 -14.502359390258789 0.023111628368496895
			vertex 6.450822353363037 -15.750955581665039 0.1705513596534729
			vertex 5.725311756134033 -15.120645523071289 0.06144355982542038
		endloop
	endfacet
	facet normal 0.011096797807848151 -0.028163402364094252 -0.99954173692032
		outer loop
			vertex 5.93945837020874 -14.502359390258789 0.023111628368496895
			vertex 5.54939603805542 -14.656049728393555 0.023111628368496895
			vertex 5.464620113372803 -13.869234085083008 8.907265964808175e-7
		endloop
	endfacet
	facet normal 0.028204385300713394 -0.07158204244238368 -0.9970358688881689
		outer loop
			vertex 5.93945837020874 -14.502359390258789 0.023111628368496895
			vertex 5.725311756134033 -15.120645523071289 0.06144355982542038
			vertex 5.54939603805542 -14.656049728393555 0.023111628368496895
		endloop
	endfacet
	facet normal 0.011718392824374584 -0.027697428057833463 -0.9995476635701745
		outer loop
			vertex 6.272439479827881 -14.361479759216309 0.023111628368496895
			vertex 5.93945837020874 -14.502359390258789 0.023111628368496895
			vertex 5.464620113372803 -13.869234085083008 8.907265964808175e-7
		endloop
	endfacet
	facet normal 0.012181868650652758 -0.026933953889093823 -0.9995629866116885
		outer loop
			vertex 6.638556957244873 -14.195955276489258 0.023111628368496895
			vertex 5.464620113372803 -13.869234085083008 8.907265964808175e-7
			vertex 6.806612014770508 -13.262269020080566 8.907265964808175e-7
		endloop
	endfacet
	facet normal 0.01218002857640862 -0.02694055443517081 -0.9995628311570032
		outer loop
			vertex 6.638556957244873 -14.195955276489258 0.023111628368496895
			vertex 6.272439479827881 -14.361479759216309 0.023111628368496895
			vertex 5.464620113372803 -13.869234085083008 8.907265964808175e-7
		endloop
	endfacet
	facet normal 0.013017349982850297 -0.027083971939702887 -0.9995484015611218
		outer loop
			vertex 6.93826150894165 -14.051908493041992 0.023111628368496895
			vertex 6.638556957244873 -14.195955276489258 0.023111628368496895
			vertex 6.806612014770508 -13.262269020080566 8.907265964808175e-7
		endloop
	endfacet
	facet normal 0.013587704791774078 -0.026988735043255024 -0.9995433869819043
		outer loop
			vertex 7.155696392059326 -13.942439079284668 0.023111628368496895
			vertex 6.93826150894165 -14.051908493041992 0.023111628368496895
			vertex 6.806612014770508 -13.262269020080566 8.907265964808175e-7
		endloop
	endfacet
	facet normal 0.06954066333870021 -0.16436470331529074 -0.9839452934215855
		outer loop
			vertex 6.812471866607666 -15.597946166992188 0.1705513596534729
			vertex 6.867563247680664 -16.17158317565918 0.2702690660953522
			vertex 6.450822353363037 -15.750955581665039 0.1705513596534729
		endloop
	endfacet
	facet normal 0.04232964878124335 -0.10004937872799367 -0.9940816478791866
		outer loop
			vertex 6.812471866607666 -15.597946166992188 0.1705513596534729
			vertex 6.450822353363037 -15.750955581665039 0.1705513596534729
			vertex 5.93945837020874 -14.502359390258789 0.023111628368496895
		endloop
	endfacet
	facet normal 0.044754316029427574 -0.09899041530452168 -0.9940814598787047
		outer loop
			vertex 6.812471866607666 -15.597946166992188 0.1705513596534729
			vertex 6.272439479827881 -14.361479759216309 0.023111628368496895
			vertex 6.638556957244873 -14.195955276489258 0.023111628368496895
		endloop
	endfacet
	facet normal 0.04232952762200267 -0.10004947466804738 -0.9940816433824466
		outer loop
			vertex 6.812471866607666 -15.597946166992188 0.1705513596534729
			vertex 5.93945837020874 -14.502359390258789 0.023111628368496895
			vertex 6.272439479827881 -14.361479759216309 0.023111628368496895
		endloop
	endfacet
	facet normal 0.04475402747836066 -0.09899045207990223 -0.9940814692073697
		outer loop
			vertex 7.210110664367676 -15.418171882629395 0.1705513596534729
			vertex 6.812471866607666 -15.597946166992188 0.1705513596534729
			vertex 6.638556957244873 -14.195955276489258 0.023111628368496895
		endloop
	endfacet
	facet normal 0.07409256977751905 -0.16388373049966612 -0.9836932519750639
		outer loop
			vertex 7.210110664367676 -15.418171882629395 0.1705513596534729
			vertex 6.867563247680664 -16.17158317565918 0.2702690660953522
			vertex 6.812471866607666 -15.597946166992188 0.1705513596534729
		endloop
	endfacet
	facet normal 0.047059540370723775 -0.09791234564447954 -0.9940817734122743
		outer loop
			vertex 7.210110664367676 -15.418171882629395 0.1705513596534729
			vertex 6.638556957244873 -14.195955276489258 0.023111628368496895
			vertex 6.93826150894165 -14.051908493041992 0.023111628368496895
		endloop
	endfacet
	facet normal 0.047059962282118735 -0.0979122604457956 -0.9940817618306858
		outer loop
			vertex 7.535618782043457 -15.26172161102295 0.1705513596534729
			vertex 7.210110664367676 -15.418171882629395 0.1705513596534729
			vertex 6.93826150894165 -14.051908493041992 0.023111628368496895
		endloop
	endfacet
	facet normal 0.04884962857917414 -0.09702863222902938 -0.9940820681993215
		outer loop
			vertex 7.771773815155029 -15.142827987670898 0.1705513596534729
			vertex 7.535618782043457 -15.26172161102295 0.1705513596534729
			vertex 6.93826150894165 -14.051908493041992 0.023111628368496895
		endloop
	endfacet
	facet normal 0.048849808847791 -0.09702849510719684 -0.994082072724766
		outer loop
			vertex 7.771773815155029 -15.142827987670898 0.1705513596534729
			vertex 6.93826150894165 -14.051908493041992 0.023111628368496895
			vertex 7.155696392059326 -13.942439079284668 0.023111628368496895
		endloop
	endfacet
	facet normal 0.015003277045955846 -0.025986433809177534 -0.9995497020837752
		outer loop
			vertex 8.379423141479492 -13.243144035339355 0.023111628368496895
			vertex 6.806612014770508 -13.262269020080566 8.907265964808175e-7
			vertex 8.08215618133545 -12.525833129882812 8.907265964808175e-7
		endloop
	endfacet
	facet normal 0.01500650404571788 -0.026260532768001475 -0.9995424899698194
		outer loop
			vertex 8.379423141479492 -13.243144035339355 0.023111628368496895
			vertex 7.155696392059326 -13.942439079284668 0.023111628368496895
			vertex 6.806612014770508 -13.262269020080566 8.907265964808175e-7
		endloop
	endfacet
	facet normal 0.08999962378701717 -0.19906648188573461 -0.975844559091166
		outer loop
			vertex 7.6770148277282715 -16.416603088378906 0.39490529894828796
			vertex 7.253625869750977 -16.608020782470703 0.39490529894828796
			vertex 6.867563247680664 -16.17158317565918 0.2702690660953522
		endloop
	endfacet
	facet normal 0.10770393234631001 -0.2382259169013543 -0.9652192888010737
		outer loop
			vertex 7.6770148277282715 -16.416603088378906 0.39490529894828796
			vertex 7.646913051605225 -17.078571319580078 0.554926872253418
			vertex 7.253625869750977 -16.608020782470703 0.39490529894828796
		endloop
	endfacet
	facet normal 0.09810864976687783 -0.17428700745172226 -0.9797952499754443
		outer loop
			vertex 7.6770148277282715 -16.416603088378906 0.39490529894828796
			vertex 6.867563247680664 -16.17158317565918 0.2702690660953522
			vertex 7.210110664367676 -15.418171882629395 0.1705513596534729
		endloop
	endfacet
	facet normal 0.016489689720629863 -0.025370192409530236 -0.9995421169065469
		outer loop
			vertex 8.700178146362305 -13.03466510772705 0.023111628368496895
			vertex 8.379423141479492 -13.243144035339355 0.023111628368496895
			vertex 8.08215618133545 -12.525833129882812 8.907265964808175e-7
		endloop
	endfacet
	facet normal 0.08640944694678773 -0.1797822153726156 -0.9799039557599841
		outer loop
			vertex 8.023601531982422 -16.250022888183594 0.39490529894828796
			vertex 7.210110664367676 -15.418171882629395 0.1705513596534729
			vertex 7.535618782043457 -15.26172161102295 0.1705513596534729
		endloop
	endfacet
	facet normal 0.11455345047470768 -0.23833986760983128 -0.9644022057689763
		outer loop
			vertex 8.023601531982422 -16.250022888183594 0.39490529894828796
			vertex 7.646913051605225 -17.078571319580078 0.554926872253418
			vertex 7.6770148277282715 -16.416603088378906 0.39490529894828796
		endloop
	endfacet
	facet normal 0.08640903553103618 -0.1797826080612691 -0.9799039199928147
		outer loop
			vertex 8.023601531982422 -16.250022888183594 0.39490529894828796
			vertex 7.6770148277282715 -16.416603088378906 0.39490529894828796
			vertex 7.210110664367676 -15.418171882629395 0.1705513596534729
		endloop
	endfacet
	facet normal 0.01694670090266731 -0.024815396844022664 -0.9995484007330456
		outer loop
			vertex 8.974780082702637 -12.847136497497559 0.023111628368496895
			vertex 8.700178146362305 -13.03466510772705 0.023111628368496895
			vertex 8.08215618133545 -12.525833129882812 8.907265964808175e-7
		endloop
	endfacet
	facet normal 0.08969560964077104 -0.17815984631873513 -0.9799049784396726
		outer loop
			vertex 8.275049209594727 -16.123430252075195 0.39490529894828796
			vertex 7.535618782043457 -15.26172161102295 0.1705513596534729
			vertex 7.771773815155029 -15.142827987670898 0.1705513596534729
		endloop
	endfacet
	facet normal 0.08969553104214335 -0.17815991250420818 -0.979904973600788
		outer loop
			vertex 8.275049209594727 -16.123430252075195 0.39490529894828796
			vertex 8.023601531982422 -16.250022888183594 0.39490529894828796
			vertex 7.535618782043457 -15.26172161102295 0.1705513596534729
		endloop
	endfacet
	facet normal 0.01720932976796358 -0.02398164421878619 -0.9995642649222215
		outer loop
			vertex 9.184807777404785 -12.697830200195312 0.023111628368496895
			vertex 8.08215618133545 -12.525833129882812 8.907265964808175e-7
			vertex 9.278799057006836 -11.66711711883545 8.907265964808175e-7
		endloop
	endfacet
	facet normal 0.017180281859859627 -0.024167332916005372 -0.9995602922960389
		outer loop
			vertex 9.184807777404785 -12.697830200195312 0.023111628368496895
			vertex 8.974780082702637 -12.847136497497559 0.023111628368496895
			vertex 8.08215618133545 -12.525833129882812 8.907265964808175e-7
		endloop
	endfacet
	facet normal 0.05395004385779736 -0.0944094775170888 -0.9940705424277958
		outer loop
			vertex 9.100857734680176 -14.383326530456543 0.1705513596534729
			vertex 7.771773815155029 -15.142827987670898 0.1705513596534729
			vertex 7.155696392059326 -13.942439079284668 0.023111628368496895
		endloop
	endfacet
	facet normal 0.05395003626910881 -0.09440951010066019 -0.9940705397451005
		outer loop
			vertex 9.100857734680176 -14.383326530456543 0.1705513596534729
			vertex 7.155696392059326 -13.942439079284668 0.023111628368496895
			vertex 8.379423141479492 -13.243144035339355 0.023111628368496895
		endloop
	endfacet
	facet normal 0.01773888393362718 -0.024029701095271933 -0.9995538532075505
		outer loop
			vertex 9.429283142089844 -12.517356872558594 0.023111628368496895
			vertex 9.184807777404785 -12.697830200195312 0.023111628368496895
			vertex 9.278799057006836 -11.66711711883545 8.907265964808175e-7
		endloop
	endfacet
	facet normal 0.05920320341502335 -0.09108701784852792 -0.9940815539405513
		outer loop
			vertex 9.44922924041748 -14.156898498535156 0.1705513596534729
			vertex 8.379423141479492 -13.243144035339355 0.023111628368496895
			vertex 8.700178146362305 -13.03466510772705 0.023111628368496895
		endloop
	endfacet
	facet normal 0.05920311361845556 -0.09108712229923346 -0.9940815497176902
		outer loop
			vertex 9.44922924041748 -14.156898498535156 0.1705513596534729
			vertex 9.100857734680176 -14.383326530456543 0.1705513596534729
			vertex 8.379423141479492 -13.243144035339355 0.023111628368496895
		endloop
	endfacet
	facet normal 0.018496907163329183 -0.023895252567070525 -0.9995433363942493
		outer loop
			vertex 9.75467300415039 -12.265478134155273 0.023111628368496895
			vertex 9.429283142089844 -12.517356872558594 0.023111628368496895
			vertex 9.278799057006836 -11.66711711883545 8.907265964808175e-7
		endloop
	endfacet
	facet normal 0.048730883079391316 -0.05906023476402596 -0.9970642856425662
		outer loop
			vertex 9.75467300415039 -12.265478134155273 0.023111628368496895
			vertex 10.18972110748291 -11.90651798248291 0.023111635819077492
			vertex 10.232207298278809 -12.518588066101074 0.06144355982542038
		endloop
	endfacet
	facet normal 0.01923304220716595 -0.023309804855446228 -0.9995432672401222
		outer loop
			vertex 9.75467300415039 -12.265478134155273 0.023111628368496895
			vertex 9.278799057006836 -11.66711711883545 8.907265964808175e-7
			vertex 10.18972110748291 -11.90651798248291 0.023111635819077492
		endloop
	endfacet
	facet normal 0.04750234646154702 -0.061365965466783266 -0.9969843255352497
		outer loop
			vertex 9.75467300415039 -12.265478134155273 0.023111628368496895
			vertex 10.232207298278809 -12.518588066101074 0.06144355982542038
			vertex 9.429283142089844 -12.517356872558594 0.023111628368496895
		endloop
	endfacet
	facet normal 0.13665000436630437 -0.28431410694823184 -0.9489427089645183
		outer loop
			vertex 8.682574272155762 -17.584625244140625 0.8556841015815735
			vertex 8.30752182006836 -17.7648868560791 0.8556841015815735
			vertex 7.646913051605225 -17.078571319580078 0.554926872253418
		endloop
	endfacet
	facet normal 0.1656853395500937 -0.3447250482504571 -0.9239659135308457
		outer loop
			vertex 8.682574272155762 -17.584625244140625 0.8556841015815735
			vertex 9.063504219055176 -18.356115341186523 1.2118297815322876
			vertex 8.30752182006836 -17.7648868560791 0.8556841015815735
		endloop
	endfacet
	facet normal 0.1531761843841882 -0.25407883524790437 -0.9549769641287529
		outer loop
			vertex 8.682574272155762 -17.584625244140625 0.8556841015815735
			vertex 7.646913051605225 -17.078571319580078 0.554926872253418
			vertex 8.023601531982422 -16.250022888183594 0.39490529894828796
		endloop
	endfacet
	facet normal 0.13298693612883847 -0.26414851029517267 -0.9552696160393176
		outer loop
			vertex 8.682574272155762 -17.584625244140625 0.8556841015815735
			vertex 8.023601531982422 -16.250022888183594 0.39490529894828796
			vertex 8.275049209594727 -16.123430252075195 0.39490529894828796
		endloop
	endfacet
	facet normal 0.06126459712583076 -0.08971113853618855 -0.9940817676436634
		outer loop
			vertex 9.747472763061523 -13.953225135803223 0.1705513596534729
			vertex 9.44922924041748 -14.156898498535156 0.1705513596534729
			vertex 8.700178146362305 -13.03466510772705 0.023111628368496895
		endloop
	endfacet
	facet normal 0.061264654869312644 -0.08971107307704895 -0.9940817699923425
		outer loop
			vertex 9.747472763061523 -13.953225135803223 0.1705513596534729
			vertex 8.700178146362305 -13.03466510772705 0.023111628368496895
			vertex 8.974780082702637 -12.847136497497559 0.023111628368496895
		endloop
	endfacet
	facet normal 0.13298708231601375 -0.2641484668908954 -0.9552696076900298
		outer loop
			vertex 8.954672813415527 -17.447635650634766 0.8556841015815735
			vertex 8.682574272155762 -17.584625244140625 0.8556841015815735
			vertex 8.275049209594727 -16.123430252075195 0.39490529894828796
		endloop
	endfacet
	facet normal 0.10474106011214693 -0.14733810273140072 -0.9835246788007381
		outer loop
			vertex 9.975584030151367 -13.79106330871582 0.1705513596534729
			vertex 10.571220397949219 -14.033276557922363 0.2702690660953522
			vertex 9.747472763061523 -13.953225135803223 0.1705513596534729
		endloop
	endfacet
	facet normal 0.06294177393792554 -0.08853950441816456 -0.9940820334614912
		outer loop
			vertex 9.975584030151367 -13.79106330871582 0.1705513596534729
			vertex 9.747472763061523 -13.953225135803223 0.1705513596534729
			vertex 8.974780082702637 -12.847136497497559 0.023111628368496895
		endloop
	endfacet
	facet normal 0.06294174643361088 -0.08853953344792777 -0.9940820326173844
		outer loop
			vertex 9.975584030151367 -13.79106330871582 0.1705513596534729
			vertex 8.974780082702637 -12.847136497497559 0.023111628368496895
			vertex 9.184807777404785 -12.697830200195312 0.023111628368496895
		endloop
	endfacet
	facet normal 0.09905807022808225 -0.1733459323728185 -0.9798666676913174
		outer loop
			vertex 9.690200805664062 -15.314745903015137 0.39490529894828796
			vertex 7.771773815155029 -15.142827987670898 0.1705513596534729
			vertex 9.100857734680176 -14.383326530456543 0.1705513596534729
		endloop
	endfacet
	facet normal 0.0990580652804883 -0.1733459777577723 -0.9798666601625389
		outer loop
			vertex 9.690200805664062 -15.314745903015137 0.39490529894828796
			vertex 8.275049209594727 -16.123430252075195 0.39490529894828796
			vertex 7.771773815155029 -15.142827987670898 0.1705513596534729
		endloop
	endfacet
	facet normal 0.06451853462350068 -0.08739902171459006 -0.9940818727315014
		outer loop
			vertex 10.241106986999512 -13.595051765441895 0.1705513596534729
			vertex 9.184807777404785 -12.697830200195312 0.023111628368496895
			vertex 9.429283142089844 -12.517356872558594 0.023111628368496895
		endloop
	endfacet
	facet normal 0.07628447370324887 -0.09992282536907081 -0.9920665844801348
		outer loop
			vertex 10.241106986999512 -13.595051765441895 0.1705513596534729
			vertex 10.232207298278809 -12.518588066101074 0.06144355982542038
			vertex 10.415316581726074 -13.462054252624512 0.1705513596534729
		endloop
	endfacet
	facet normal 0.10851336549457267 -0.14213851841862482 -0.9838808317529109
		outer loop
			vertex 10.241106986999512 -13.595051765441895 0.1705513596534729
			vertex 10.415316581726074 -13.462054252624512 0.1705513596534729
			vertex 10.571220397949219 -14.033276557922363 0.2702690660953522
		endloop
	endfacet
	facet normal 0.10620918537906981 -0.14387406208456063 -0.9838800044722947
		outer loop
			vertex 10.241106986999512 -13.595051765441895 0.1705513596534729
			vertex 10.571220397949219 -14.033276557922363 0.2702690660953522
			vertex 9.975584030151367 -13.79106330871582 0.1705513596534729
		endloop
	endfacet
	facet normal 0.06451866600545712 -0.08739886786017514 -0.994081877731224
		outer loop
			vertex 10.241106986999512 -13.595051765441895 0.1705513596534729
			vertex 9.975584030151367 -13.79106330871582 0.1705513596534729
			vertex 9.184807777404785 -12.697830200195312 0.023111628368496895
		endloop
	endfacet
	facet normal 0.04729192323192435 -0.10034110800132953 -0.9938285244659117
		outer loop
			vertex 10.241106986999512 -13.595051765441895 0.1705513596534729
			vertex 9.429283142089844 -12.517356872558594 0.023111628368496895
			vertex 10.232207298278809 -12.518588066101074 0.06144355982542038
		endloop
	endfacet
	facet normal 0.1087062558688935 -0.16724998603737348 -0.9799032565031434
		outer loop
			vertex 10.061132431030273 -15.073654174804688 0.39490529894828796
			vertex 9.690200805664062 -15.314745903015137 0.39490529894828796
			vertex 9.100857734680176 -14.383326530456543 0.1705513596534729
		endloop
	endfacet
	facet normal 0.10870613843570537 -0.16725014481812328 -0.9799032424299423
		outer loop
			vertex 10.061132431030273 -15.073654174804688 0.39490529894828796
			vertex 9.100857734680176 -14.383326530456543 0.1705513596534729
			vertex 9.44922924041748 -14.156898498535156 0.1705513596534729
		endloop
	endfacet
	facet normal 0.10188246495535744 -0.17210809079410808 -0.9797952686239242
		outer loop
			vertex 10.37868881225586 -14.856791496276855 0.39490529894828796
			vertex 9.747472763061523 -13.953225135803223 0.1705513596534729
			vertex 10.571220397949219 -14.033276557922363 0.2702690660953522
		endloop
	endfacet
	facet normal 0.11249146748962392 -0.16472380620366245 -0.9799039429514556
		outer loop
			vertex 10.37868881225586 -14.856791496276855 0.39490529894828796
			vertex 9.44922924041748 -14.156898498535156 0.1705513596534729
			vertex 9.747472763061523 -13.953225135803223 0.1705513596534729
		endloop
	endfacet
	facet normal 0.1491315077286945 -0.21837626576654992 -0.9644021982308126
		outer loop
			vertex 10.37868881225586 -14.856791496276855 0.39490529894828796
			vertex 10.967020988464355 -15.161706924438477 0.554926872253418
			vertex 10.061132431030273 -15.073654174804688 0.39490529894828796
		endloop
	endfacet
	facet normal 0.11249157192832991 -0.16472367095361481 -0.97990395369784
		outer loop
			vertex 10.37868881225586 -14.856791496276855 0.39490529894828796
			vertex 10.061132431030273 -15.073654174804688 0.39490529894828796
			vertex 9.44922924041748 -14.156898498535156 0.1705513596534729
		endloop
	endfacet
	facet normal 0.1719898283095463 -0.3416137796340432 -0.9239694391711213
		outer loop
			vertex 9.347540855407715 -18.21311378479004 1.2118299007415771
			vertex 9.063504219055176 -18.356115341186523 1.2118297815322876
			vertex 8.682574272155762 -17.584625244140625 0.8556841015815735
		endloop
	endfacet
	facet normal 0.19986323331280242 -0.3969773138358789 -0.8958033825954235
		outer loop
			vertex 9.347540855407715 -18.21311378479004 1.2118299007415771
			vertex 9.87333869934082 -18.824323654174805 1.600000023841858
			vertex 9.063504219055176 -18.356115341186523 1.2118297815322876
		endloop
	endfacet
	facet normal 0.17198822241749637 -0.34161532446374643 -0.9239691669321001
		outer loop
			vertex 9.347540855407715 -18.21311378479004 1.2118299007415771
			vertex 8.682574272155762 -17.584625244140625 0.8556841015815735
			vertex 8.954672813415527 -17.447635650634766 0.8556841015815735
		endloop
	endfacet
	facet normal 0.1291690561939453 -0.17685520887887607 -0.9757241362262054
		outer loop
			vertex 10.62157154083252 -14.68412971496582 0.39490529894828796
			vertex 10.571220397949219 -14.033276557922363 0.2702690660953522
			vertex 10.756155014038086 -14.585834503173828 0.39490529894828796
		endloop
	endfacet
	facet normal 0.15453378880543703 -0.2115839993209671 -0.9650655518402786
		outer loop
			vertex 10.62157154083252 -14.68412971496582 0.39490529894828796
			vertex 10.756155014038086 -14.585834503173828 0.39490529894828796
			vertex 10.967020988464355 -15.161706924438477 0.554926872253418
		endloop
	endfacet
	facet normal 0.15181145612936878 -0.2135526485011448 -0.9650640124396035
		outer loop
			vertex 10.62157154083252 -14.68412971496582 0.39490529894828796
			vertex 10.967020988464355 -15.161706924438477 0.554926872253418
			vertex 10.37868881225586 -14.856791496276855 0.39490529894828796
		endloop
	endfacet
	facet normal 0.1259502141709016 -0.17717372918524485 -0.9760870930592709
		outer loop
			vertex 10.62157154083252 -14.68412971496582 0.39490529894828796
			vertex 10.37868881225586 -14.856791496276855 0.39490529894828796
			vertex 10.571220397949219 -14.033276557922363 0.2702690660953522
		endloop
	endfacet
	facet normal 0.14686145073004567 -0.2569991362687109 -0.9551874990003811
		outer loop
			vertex 10.48604965209961 -16.572534561157227 0.8556841015815735
			vertex 8.954672813415527 -17.447635650634766 0.8556841015815735
			vertex 8.275049209594727 -16.123430252075195 0.39490529894828796
		endloop
	endfacet
	facet normal 0.14686144270882928 -0.25699916820698865 -0.9551874916404618
		outer loop
			vertex 10.48604965209961 -16.572534561157227 0.8556841015815735
			vertex 8.275049209594727 -16.123430252075195 0.39490529894828796
			vertex 9.690200805664062 -15.314745903015137 0.39490529894828796
		endloop
	endfacet
	facet normal 0.14345045115130506 -0.25969417188115185 -0.9549769134149002
		outer loop
			vertex 10.887445449829102 -16.311641693115234 0.8556841015815735
			vertex 10.061132431030273 -15.073654174804688 0.39490529894828796
			vertex 10.967020988464355 -15.161706924438477 0.554926872253418
		endloop
	endfacet
	facet normal 0.17789766625390707 -0.260499724404256 -0.9489427347984284
		outer loop
			vertex 10.887445449829102 -16.311641693115234 0.8556841015815735
			vertex 10.967020988464355 -15.161706924438477 0.554926872253418
			vertex 11.23108196258545 -16.076969146728516 0.8556841015815735
		endloop
	endfacet
	facet normal 0.21569729374340937 -0.3158506053401807 -0.9239659477372589
		outer loop
			vertex 10.887445449829102 -16.311641693115234 0.8556841015815735
			vertex 11.23108196258545 -16.076969146728516 0.8556841015815735
			vertex 11.36510944366455 -17.02728271484375 1.2118297815322876
		endloop
	endfacet
	facet normal 0.16117293698459584 -0.24797258671834807 -0.9552658690751864
		outer loop
			vertex 10.887445449829102 -16.311641693115234 0.8556841015815735
			vertex 9.690200805664062 -15.314745903015137 0.39490529894828796
			vertex 10.061132431030273 -15.073654174804688 0.39490529894828796
		endloop
	endfacet
	facet normal 0.16117313679480785 -0.24797235854643435 -0.9552658945930399
		outer loop
			vertex 10.887445449829102 -16.311641693115234 0.8556841015815735
			vertex 10.48604965209961 -16.572534561157227 0.8556841015815735
			vertex 9.690200805664062 -15.314745903015137 0.39490529894828796
		endloop
	endfacet
	facet normal 0.24164738559989457 -0.371788188121571 -0.8963147238587658
		outer loop
			vertex 10.946104049682617 -17.299619674682617 1.2118299007415771
			vertex 11.36510944366455 -17.02728271484375 1.2118297815322876
			vertex 11.365674018859863 -17.962724685668945 1.600000023841858
		endloop
	endfacet
	facet normal 0.22184217694328606 -0.38424247023597435 -0.8961828901491149
		outer loop
			vertex 10.946104049682617 -17.299619674682617 1.2118299007415771
			vertex 11.365674018859863 -17.962724685668945 1.600000023841858
			vertex 9.87333869934082 -18.824323654174805 1.600000023841858
		endloop
	endfacet
	facet normal 0.2184550247245674 -0.3822839778222999 -0.897850968965868
		outer loop
			vertex 10.946104049682617 -17.299619674682617 1.2118299007415771
			vertex 9.87333869934082 -18.824323654174805 1.600000023841858
			vertex 9.347540855407715 -18.21311378479004 1.2118299007415771
		endloop
	endfacet
	facet normal 0.20843843369169968 -0.3206944008873151 -0.9239634844514567
		outer loop
			vertex 10.946104049682617 -17.299619674682617 1.2118299007415771
			vertex 10.887445449829102 -16.311641693115234 0.8556841015815735
			vertex 11.36510944366455 -17.02728271484375 1.2118297815322876
		endloop
	endfacet
	facet normal 0.20843974847761762 -0.3206942364757988 -0.9239632449106362
		outer loop
			vertex 10.946104049682617 -17.299619674682617 1.2118299007415771
			vertex 10.48604965209961 -16.572534561157227 0.8556841015815735
			vertex 10.887445449829102 -16.311641693115234 0.8556841015815735
		endloop
	endfacet
	facet normal 0.18992047250237237 -0.33234996079791196 -0.923836412836224
		outer loop
			vertex 10.946104049682617 -17.299619674682617 1.2118299007415771
			vertex 8.954672813415527 -17.447635650634766 0.8556841015815735
			vertex 10.48604965209961 -16.572534561157227 0.8556841015815735
		endloop
	endfacet
	facet normal 0.18992047406329657 -0.3323501228060742 -0.9238363542329129
		outer loop
			vertex 10.946104049682617 -17.299619674682617 1.2118299007415771
			vertex 9.347540855407715 -18.21311378479004 1.2118299007415771
			vertex 8.954672813415527 -17.447635650634766 0.8556841015815735
		endloop
	endfacet
	facet normal 0.20137567909255585 -0.395465600193806 0.8961332461935361
		outer loop
			vertex 9.513526916503906 -18.138315200805664 5.983592510223389
			vertex 9.073112487792969 -18.362579345703125 5.983592510223389
			vertex 9.87333869934082 -18.824323654174805 5.599999904632568
		endloop
	endfacet
	facet normal 0.1663268338416816 -0.34572511682274887 0.9234768691971111
		outer loop
			vertex 8.697232246398926 -17.60185432434082 6.336087226867676
			vertex 8.325234413146973 -17.780820846557617 6.336087226867676
			vertex 9.073112487792969 -18.362579345703125 5.983592510223389
		endloop
	endfacet
	facet normal 0.14463384310146268 -0.30063430625014037 0.9427088974520175
		outer loop
			vertex 8.697232246398926 -17.60185432434082 6.336087226867676
			vertex 7.976140975952148 -17.44467544555664 6.49684476852417
			vertex 8.325234413146973 -17.780820846557617 6.336087226867676
		endloop
	endfacet
	facet normal 0.12416751959503962 -0.27441681486308717 0.9535606109723775
		outer loop
			vertex 7.781007289886475 -17.01789665222168 6.645072937011719
			vertex 7.646913051605225 -17.078571319580078 6.645072937011719
			vertex 7.976140975952148 -17.44467544555664 6.49684476852417
		endloop
	endfacet
	facet normal 0.10776855066669358 -0.2381742223152754 0.9652248335552261
		outer loop
			vertex 7.781007289886475 -17.01789665222168 6.645072937011719
			vertex 7.253625869750977 -16.608020782470703 6.8050947189331055
			vertex 7.646913051605225 -17.078571319580078 6.645072937011719
		endloop
	endfacet
	facet normal 0.17409270449654143 -0.3418867471152961 0.9234745163717306
		outer loop
			vertex 9.119400978088379 -17.38688087463379 6.336087226867676
			vertex 9.073112487792969 -18.362579345703125 5.983592510223389
			vertex 9.513526916503906 -18.138315200805664 5.983592510223389
		endloop
	endfacet
	facet normal 0.17409288563972977 -0.34188674381345163 0.9234744834451397
		outer loop
			vertex 9.119400978088379 -17.38688087463379 6.336087226867676
			vertex 8.697232246398926 -17.60185432434082 6.336087226867676
			vertex 9.073112487792969 -18.362579345703125 5.983592510223389
		endloop
	endfacet
	facet normal 0.11124886888740808 -0.23394565707653003 0.9658639234935235
		outer loop
			vertex 8.28926944732666 -16.776201248168945 6.645072937011719
			vertex 7.253625869750977 -16.608020782470703 6.8050947189331055
			vertex 7.781007289886475 -17.01789665222168 6.645072937011719
		endloop
	endfacet
	facet normal 0.12936308549655506 -0.27203811005546674 0.9535514977117182
		outer loop
			vertex 8.28926944732666 -16.776201248168945 6.645072937011719
			vertex 7.781007289886475 -17.01789665222168 6.645072937011719
			vertex 7.976140975952148 -17.44467544555664 6.49684476852417
		endloop
	endfacet
	facet normal 0.15019041748415102 -0.28056565367292535 0.948011472754956
		outer loop
			vertex 8.28926944732666 -16.776201248168945 6.645072937011719
			vertex 7.976140975952148 -17.44467544555664 6.49684476852417
			vertex 8.697232246398926 -17.60185432434082 6.336087226867676
		endloop
	endfacet
	facet normal 0.22202547812813986 -0.38455995765444395 0.8960012980073094
		outer loop
			vertex 10.951478004455566 -17.30811309814453 5.983592510223389
			vertex 9.87333869934082 -18.824323654174805 5.599999904632568
			vertex 11.365674018859863 -17.962724685668945 5.599999904632568
		endloop
	endfacet
	facet normal 0.24179503989282738 -0.37212859333069187 0.8961336221283891
		outer loop
			vertex 10.951478004455566 -17.30811309814453 5.983592510223389
			vertex 11.365674018859863 -17.962724685668945 5.599999904632568
			vertex 11.3659029006958 -17.038835525512695 5.983592510223389
		endloop
	endfacet
	facet normal 0.2220262211215936 -0.3845603922132034 0.896000927385286
		outer loop
			vertex 10.951478004455566 -17.30811309814453 5.983592510223389
			vertex 9.513526916503906 -18.138315200805664 5.983592510223389
			vertex 9.87333869934082 -18.824323654174805 5.599999904632568
		endloop
	endfacet
	facet normal 0.14434627025950622 -0.2834698048647708 0.9480553907826791
		outer loop
			vertex 8.691635131835938 -16.571311950683594 6.645072937011719
			vertex 8.697232246398926 -17.60185432434082 6.336087226867676
			vertex 9.119400978088379 -17.38688087463379 6.336087226867676
		endloop
	endfacet
	facet normal 0.14434613271992414 -0.2834698113124804 0.9480554097958985
		outer loop
			vertex 8.691635131835938 -16.571311950683594 6.645072937011719
			vertex 8.28926944732666 -16.776201248168945 6.645072937011719
			vertex 8.697232246398926 -17.60185432434082 6.336087226867676
		endloop
	endfacet
	facet normal 0.08137658298866249 -0.19087962317366228 0.9782345430407628
		outer loop
			vertex 6.8999223709106445 -15.798174858093262 6.9925408363342285
			vertex 6.62108850479126 -15.917048454284668 6.9925408363342285
			vertex 7.253625869750977 -16.608020782470703 6.8050947189331055
		endloop
	endfacet
	facet normal 0.06019775614539745 -0.14120186160353224 0.9881489080269007
		outer loop
			vertex 6.8999223709106445 -15.798174858093262 6.9925408363342285
			vertex 6.186845779418945 -15.50783920288086 7.0774688720703125
			vertex 6.62108850479126 -15.917048454284668 6.9925408363342285
		endloop
	endfacet
	facet normal 0.19195231036469315 -0.33247160387178365 0.9233725917334673
		outer loop
			vertex 10.497780799865723 -16.591073989868164 6.336087226867676
			vertex 9.119400978088379 -17.38688087463379 6.336087226867676
			vertex 9.513526916503906 -18.138315200805664 5.983592510223389
		endloop
	endfacet
	facet normal 0.15915963359879368 -0.2756729447731071 0.9479834590080257
		outer loop
			vertex 10.497780799865723 -16.591073989868164 6.336087226867676
			vertex 8.691635131835938 -16.571311950683594 6.645072937011719
			vertex 9.119400978088379 -17.38688087463379 6.336087226867676
		endloop
	endfacet
	facet normal 0.19195290971807563 -0.33247193000335906 0.9233723497108877
		outer loop
			vertex 10.497780799865723 -16.591073989868164 6.336087226867676
			vertex 9.513526916503906 -18.138315200805664 5.983592510223389
			vertex 10.951478004455566 -17.30811309814453 5.983592510223389
		endloop
	endfacet
	facet normal 0.08467111474792428 -0.18944074495753907 0.9782346377415168
		outer loop
			vertex 7.168445110321045 -15.678157806396484 6.9925408363342285
			vertex 6.8999223709106445 -15.798174858093262 6.9925408363342285
			vertex 7.253625869750977 -16.608020782470703 6.8050947189331055
		endloop
	endfacet
	facet normal 0.04163492805872172 -0.10709642592311705 0.9933765088424628
		outer loop
			vertex 5.991145610809326 -15.01729965209961 7.138556480407715
			vertex 5.725311756134033 -15.120645523071289 7.138556480407715
			vertex 6.186845779418945 -15.50783920288086 7.0774688720703125
		endloop
	endfacet
	facet normal 0.0043962310848552014 -0.013008079689373961 0.9999057270638285
		outer loop
			vertex 5.074565410614014 -14.37576675415039 7.195124626159668
			vertex 5.464620113372803 -13.869234085083008 7.1999993324279785
			vertex 4.069281101226807 -14.340805053710938 7.1999993324279785
		endloop
	endfacet
	facet normal 0.01364564550429761 -0.040499674586681696 0.9990863689977678
		outer loop
			vertex 5.074565410614014 -14.37576675415039 7.195124626159668
			vertex 4.659854412078857 -14.515496253967285 7.195124626159668
			vertex 5.21648645401001 -14.777816772460938 7.176888465881348
		endloop
	endfacet
	facet normal 0.004394976267269206 -0.013044095904772948 0.9999052633853056
		outer loop
			vertex 5.074565410614014 -14.37576675415039 7.195124626159668
			vertex 4.069281101226807 -14.340805053710938 7.1999993324279785
			vertex 4.659854412078857 -14.515496253967285 7.195124626159668
		endloop
	endfacet
	facet normal 0.21624308616156118 -0.31690622901752835 0.9234767835182504
		outer loop
			vertex 10.895037651062012 -16.332950592041016 6.336087226867676
			vertex 11.3659029006958 -17.038835525512695 5.983592510223389
			vertex 11.2360258102417 -16.10027503967285 6.336087226867676
		endloop
	endfacet
	facet normal 0.18803929010728068 -0.2755733068409382 0.9427091693267337
		outer loop
			vertex 10.895037651062012 -16.332950592041016 6.336087226867676
			vertex 11.2360258102417 -16.10027503967285 6.336087226867676
			vertex 11.119461059570312 -15.629878044128418 6.49684476852417
		endloop
	endfacet
	facet normal 0.20903716217246035 -0.32171219473582197 0.9234742706698142
		outer loop
			vertex 10.895037651062012 -16.332950592041016 6.336087226867676
			vertex 10.497780799865723 -16.591073989868164 6.336087226867676
			vertex 10.951478004455566 -17.30811309814453 5.983592510223389
		endloop
	endfacet
	facet normal 0.20903643565805674 -0.3217122848788506 0.9234744037196724
		outer loop
			vertex 10.895037651062012 -16.332950592041016 6.336087226867676
			vertex 10.951478004455566 -17.30811309814453 5.983592510223389
			vertex 11.3659029006958 -17.038835525512695 5.983592510223389
		endloop
	endfacet
	facet normal 0.11827646761420192 -0.1975794104974428 0.973125404948504
		outer loop
			vertex 7.636693954467773 -15.455489158630371 6.9925408363342285
			vertex 7.253625869750977 -16.608020782470703 6.8050947189331055
			vertex 8.28926944732666 -16.776201248168945 6.645072937011719
		endloop
	endfacet
	facet normal 0.0898270680836633 -0.18889691577704873 0.9778798765949792
		outer loop
			vertex 7.636693954467773 -15.455489158630371 6.9925408363342285
			vertex 7.168445110321045 -15.678157806396484 6.9925408363342285
			vertex 7.253625869750977 -16.608020782470703 6.8050947189331055
		endloop
	endfacet
	facet normal 0.10417867635241218 -0.2045881602225011 0.9732884917074852
		outer loop
			vertex 7.636693954467773 -15.455489158630371 6.9925408363342285
			vertex 8.28926944732666 -16.776201248168945 6.645072937011719
			vertex 8.691635131835938 -16.571311950683594 6.645072937011719
		endloop
	endfacet
	facet normal 0.07051927419029219 -0.11659022971811828 0.9906733822516638
		outer loop
			vertex 6.471275329589844 -14.81673812866211 7.138556480407715
			vertex 6.186845779418945 -15.50783920288086 7.0774688720703125
			vertex 6.8999223709106445 -15.798174858093262 6.9925408363342285
		endloop
	endfacet
	facet normal 0.044293579572270196 -0.10603561211203003 0.9933753206984267
		outer loop
			vertex 6.471275329589844 -14.81673812866211 7.138556480407715
			vertex 5.991145610809326 -15.01729965209961 7.138556480407715
			vertex 6.186845779418945 -15.50783920288086 7.0774688720703125
		endloop
	endfacet
	facet normal 0.055125867854096046 -0.12333704952156456 0.9908325342400945
		outer loop
			vertex 6.471275329589844 -14.81673812866211 7.138556480407715
			vertex 6.8999223709106445 -15.798174858093262 6.9925408363342285
			vertex 7.168445110321045 -15.678157806396484 6.9925408363342285
		endloop
	endfacet
	facet normal 0.041780421282178605 -0.049565339571673826 0.9978966246614068
		outer loop
			vertex 5.3984174728393555 -14.257312774658203 7.195124626159668
			vertex 5.21648645401001 -14.777816772460938 7.176888465881348
			vertex 5.725311756134033 -15.120645523071289 7.138556480407715
		endloop
	endfacet
	facet normal 0.0221627165804519 -0.057008570572423325 0.9981276656195156
		outer loop
			vertex 5.3984174728393555 -14.257312774658203 7.195124626159668
			vertex 5.725311756134033 -15.120645523071289 7.138556480407715
			vertex 5.991145610809326 -15.01729965209961 7.138556480407715
		endloop
	endfacet
	facet normal 0.004899684629167607 -0.013395691543772851 0.9998982690947109
		outer loop
			vertex 5.3984174728393555 -14.257312774658203 7.195124626159668
			vertex 5.464620113372803 -13.869234085083008 7.1999993324279785
			vertex 5.074565410614014 -14.37576675415039 7.195124626159668
		endloop
	endfacet
	facet normal 0.014679862623333567 -0.04013460589616445 0.9990864402257292
		outer loop
			vertex 5.3984174728393555 -14.257312774658203 7.195124626159668
			vertex 5.074565410614014 -14.37576675415039 7.195124626159668
			vertex 5.21648645401001 -14.777816772460938 7.176888465881348
		endloop
	endfacet
	facet normal 0.15915966260197303 -0.275672453155585 0.9479835971005025
		outer loop
			vertex 10.005358695983887 -15.812832832336426 6.645072937011719
			vertex 8.691635131835938 -16.571311950683594 6.645072937011719
			vertex 10.497780799865723 -16.591073989868164 6.336087226867676
		endloop
	endfacet
	facet normal 0.10417830198306058 -0.20458850413235974 0.9732884594881468
		outer loop
			vertex 8.007384300231934 -15.266730308532715 6.9925408363342285
			vertex 7.636693954467773 -15.455489158630371 6.9925408363342285
			vertex 8.691635131835938 -16.571311950683594 6.645072937011719
		endloop
	endfacet
	facet normal 0.05512582621775103 -0.12333708290718894 0.9908325324007866
		outer loop
			vertex 6.723116874694824 -14.704176902770996 7.138556480407715
			vertex 6.471275329589844 -14.81673812866211 7.138556480407715
			vertex 7.168445110321045 -15.678157806396484 6.9925408363342285
		endloop
	endfacet
	facet normal 0.022162771171969284 -0.05700852808586348 0.9981276668339889
		outer loop
			vertex 5.649073123931885 -14.159867286682129 7.195124626159668
			vertex 5.3984174728393555 -14.257312774658203 7.195124626159668
			vertex 5.991145610809326 -15.01729965209961 7.138556480407715
		endloop
	endfacet
	facet normal 0.023577957441258006 -0.05644391746564471 0.9981273286029342
		outer loop
			vertex 5.649073123931885 -14.159867286682129 7.195124626159668
			vertex 5.991145610809326 -15.01729965209961 7.138556480407715
			vertex 6.471275329589844 -14.81673812866211 7.138556480407715
		endloop
	endfacet
	facet normal 0.005229609480449241 -0.013451943199294323 0.9998958427800593
		outer loop
			vertex 5.649073123931885 -14.159867286682129 7.195124626159668
			vertex 5.464620113372803 -13.869234085083008 7.1999993324279785
			vertex 5.3984174728393555 -14.257312774658203 7.195124626159668
		endloop
	endfacet
	facet normal 0.17331868807829934 -0.2667420733332274 0.9480555356500527
		outer loop
			vertex 10.383981704711914 -15.566818237304688 6.645072937011719
			vertex 10.005358695983887 -15.812832832336426 6.645072937011719
			vertex 10.497780799865723 -16.591073989868164 6.336087226867676
		endloop
	endfacet
	facet normal 0.16788194017760508 -0.27035138039415973 0.9480114900575707
		outer loop
			vertex 10.383981704711914 -15.566818237304688 6.645072937011719
			vertex 10.895037651062012 -16.332950592041016 6.336087226867676
			vertex 11.119461059570312 -15.629878044128418 6.49684476852417
		endloop
	endfacet
	facet normal 0.17331945278184527 -0.26674195614489205 0.9480554288222806
		outer loop
			vertex 10.383981704711914 -15.566818237304688 6.645072937011719
			vertex 10.497780799865723 -16.591073989868164 6.336087226867676
			vertex 10.895037651062012 -16.332950592041016 6.336087226867676
		endloop
	endfacet
	facet normal 0.05802140811198637 -0.12201294302815247 0.9908311450162997
		outer loop
			vertex 7.162276268005371 -14.495341300964355 7.138556480407715
			vertex 6.723116874694824 -14.704176902770996 7.138556480407715
			vertex 7.168445110321045 -15.678157806396484 6.9925408363342285
		endloop
	endfacet
	facet normal 0.05802140758083513 -0.12201294303466326 0.9908311450466012
		outer loop
			vertex 7.162276268005371 -14.495341300964355 7.138556480407715
			vertex 7.168445110321045 -15.678157806396484 6.9925408363342285
			vertex 7.636693954467773 -15.455489158630371 6.9925408363342285
		endloop
	endfacet
	facet normal 0.005537569995607886 -0.013256509219453802 0.9998967948152742
		outer loop
			vertex 6.101789474487305 -13.970756530761719 7.195124626159668
			vertex 5.464620113372803 -13.869234085083008 7.1999993324279785
			vertex 5.649073123931885 -14.159867286682129 7.195124626159668
		endloop
	endfacet
	facet normal 0.023577993820081498 -0.056443872077471355 0.9981273303102778
		outer loop
			vertex 6.101789474487305 -13.970756530761719 7.195124626159668
			vertex 5.649073123931885 -14.159867286682129 7.195124626159668
			vertex 6.471275329589844 -14.81673812866211 7.138556480407715
		endloop
	endfacet
	facet normal 0.1742321456777347 -0.24521551174027795 0.9536836541613191
		outer loop
			vertex 10.708974838256836 -15.34505558013916 6.645072937011719
			vertex 11.119461059570312 -15.629878044128418 6.49684476852417
			vertex 10.967020988464355 -15.161706924438477 6.645072937011719
		endloop
	endfacet
	facet normal 0.15124077222705148 -0.21285729572686182 0.9653072052315845
		outer loop
			vertex 10.708974838256836 -15.34505558013916 6.645072937011719
			vertex 10.967020988464355 -15.161706924438477 6.645072937011719
			vertex 10.756155014038086 -14.585834503173828 6.8050947189331055
		endloop
	endfacet
	facet normal 0.14512670427118032 -0.21268315858487036 0.9662836611273878
		outer loop
			vertex 10.708974838256836 -15.34505558013916 6.645072937011719
			vertex 10.756155014038086 -14.585834503173828 6.8050947189331055
			vertex 10.383981704711914 -15.566818237304688 6.645072937011719
		endloop
	endfacet
	facet normal 0.1706403485301071 -0.2500733995832451 0.9530714381799521
		outer loop
			vertex 10.708974838256836 -15.34505558013916 6.645072937011719
			vertex 10.383981704711914 -15.566818237304688 6.645072937011719
			vertex 11.119461059570312 -15.629878044128418 6.49684476852417
		endloop
	endfacet
	facet normal 0.005639427803779722 -0.01261760465866114 0.9999044918924627
		outer loop
			vertex 6.339251518249512 -13.864623069763184 7.195124626159668
			vertex 5.464620113372803 -13.869234085083008 7.1999993324279785
			vertex 6.101789474487305 -13.970756530761719 7.195124626159668
		endloop
	endfacet
	facet normal 0.024958317262104894 -0.05584108677520228 0.9981276749129887
		outer loop
			vertex 6.339251518249512 -13.864623069763184 7.195124626159668
			vertex 6.471275329589844 -14.81673812866211 7.138556480407715
			vertex 6.723116874694824 -14.704176902770996 7.138556480407715
		endloop
	endfacet
	facet normal 0.005638644217267813 -0.012466969370644043 0.9999063858012424
		outer loop
			vertex 6.339251518249512 -13.864623069763184 7.195124626159668
			vertex 6.806612014770508 -13.262269020080566 7.1999993324279785
			vertex 5.464620113372803 -13.869234085083008 7.1999993324279785
		endloop
	endfacet
	facet normal 0.026269326119352048 -0.05524164089575607 0.998127388471221
		outer loop
			vertex 6.339251518249512 -13.864623069763184 7.195124626159668
			vertex 6.723116874694824 -14.704176902770996 7.138556480407715
			vertex 7.162276268005371 -14.495341300964355 7.138556480407715
		endloop
	endfacet
	facet normal 0.02495813801981593 -0.05584111181266888 0.9981276779942078
		outer loop
			vertex 6.339251518249512 -13.864623069763184 7.195124626159668
			vertex 6.101789474487305 -13.970756530761719 7.195124626159668
			vertex 6.471275329589844 -14.81673812866211 7.138556480407715
		endloop
	endfacet
	facet normal 0.06130417470060278 -0.12039099467281132 0.9908318760344608
		outer loop
			vertex 7.509937763214111 -14.31830883026123 7.138556480407715
			vertex 7.636693954467773 -15.455489158630371 6.9925408363342285
			vertex 8.007384300231934 -15.266730308532715 6.9925408363342285
		endloop
	endfacet
	facet normal 0.061304213233313656 -0.12039099014231316 0.9908318742008647
		outer loop
			vertex 7.509937763214111 -14.31830883026123 7.138556480407715
			vertex 7.162276268005371 -14.495341300964355 7.138556480407715
			vertex 7.636693954467773 -15.455489158630371 6.9925408363342285
		endloop
	endfacet
	facet normal 0.11487446123091251 -0.1989681400688675 0.9732499871022054
		outer loop
			vertex 9.217683792114258 -14.567962646484375 6.9925408363342285
			vertex 8.007384300231934 -15.266730308532715 6.9925408363342285
			vertex 8.691635131835938 -16.571311950683594 6.645072937011719
		endloop
	endfacet
	facet normal 0.11487436691409023 -0.1989681180155345 0.9732500027430996
		outer loop
			vertex 9.217683792114258 -14.567962646484375 6.9925408363342285
			vertex 8.691635131835938 -16.571311950683594 6.645072937011719
			vertex 10.005358695983887 -15.812832832336426 6.645072937011719
		endloop
	endfacet
	facet normal 0.006097887520725646 -0.012823233394029725 0.999899185144736
		outer loop
			vertex 6.7533369064331055 -13.66771125793457 7.195124626159668
			vertex 6.806612014770508 -13.262269020080566 7.1999993324279785
			vertex 6.339251518249512 -13.864623069763184 7.195124626159668
		endloop
	endfacet
	facet normal 0.02626930745963725 -0.05524166516839403 0.9981273876189424
		outer loop
			vertex 6.7533369064331055 -13.66771125793457 7.195124626159668
			vertex 6.339251518249512 -13.864623069763184 7.195124626159668
			vertex 7.162276268005371 -14.495341300964355 7.138556480407715
		endloop
	endfacet
	facet normal 0.11197056373668807 -0.20122017136113177 0.9731253955651786
		outer loop
			vertex 9.566499710083008 -14.341315269470215 6.9925408363342285
			vertex 10.383981704711914 -15.566818237304688 6.645072937011719
			vertex 10.756155014038086 -14.585834503173828 6.8050947189331055
		endloop
	endfacet
	facet normal 0.12508928525612267 -0.19251550333160578 0.973288473008435
		outer loop
			vertex 9.566499710083008 -14.341315269470215 6.9925408363342285
			vertex 9.217683792114258 -14.567962646484375 6.9925408363342285
			vertex 10.005358695983887 -15.812832832336426 6.645072937011719
		endloop
	endfacet
	facet normal 0.12508915812314494 -0.1925155432413715 0.9732884814537376
		outer loop
			vertex 9.566499710083008 -14.341315269470215 6.9925408363342285
			vertex 10.005358695983887 -15.812832832336426 6.645072937011719
			vertex 10.383981704711914 -15.566818237304688 6.645072937011719
		endloop
	endfacet
	facet normal 0.006560688310336057 -0.012884000801863435 0.9998954744833243
		outer loop
			vertex 7.081148147583008 -13.500785827636719 7.195124626159668
			vertex 6.806612014770508 -13.262269020080566 7.1999993324279785
			vertex 6.7533369064331055 -13.66771125793457 7.195124626159668
		endloop
	endfacet
	facet normal 0.027755589830202113 -0.054507231483824255 0.9981275414240139
		outer loop
			vertex 7.081148147583008 -13.500785827636719 7.195124626159668
			vertex 7.162276268005371 -14.495341300964355 7.138556480407715
			vertex 7.509937763214111 -14.31830883026123 7.138556480407715
		endloop
	endfacet
	facet normal 0.02775573242898087 -0.054507219662898294 0.9981275381042001
		outer loop
			vertex 7.081148147583008 -13.500785827636719 7.195124626159668
			vertex 6.7533369064331055 -13.66771125793457 7.195124626159668
			vertex 7.162276268005371 -14.495341300964355 7.138556480407715
		endloop
	endfacet
	facet normal 0.11838808457214967 -0.17349821651509387 0.9776925029360813
		outer loop
			vertex 9.865907669067383 -14.137011528015137 6.9925408363342285
			vertex 9.566499710083008 -14.341315269470215 6.9925408363342285
			vertex 10.756155014038086 -14.585834503173828 6.8050947189331055
		endloop
	endfacet
	facet normal 0.06760004930449899 -0.11708672406656928 0.9908183145165356
		outer loop
			vertex 8.645050048828125 -13.662951469421387 7.138556480407715
			vertex 7.509937763214111 -14.31830883026123 7.138556480407715
			vertex 8.007384300231934 -15.266730308532715 6.9925408363342285
		endloop
	endfacet
	facet normal 0.06760016754022469 -0.11708676985031109 0.9908183010393752
		outer loop
			vertex 8.645050048828125 -13.662951469421387 7.138556480407715
			vertex 8.007384300231934 -15.266730308532715 6.9925408363342285
			vertex 9.217683792114258 -14.567962646484375 6.9925408363342285
		endloop
	endfacet
	facet normal 0.1236638465558587 -0.16622951033937547 0.9783021020867432
		outer loop
			vertex 10.103638648986816 -13.968096733093262 6.9925408363342285
			vertex 10.756155014038086 -14.585834503173828 6.8050947189331055
			vertex 10.474023818969727 -13.692554473876953 6.9925408363342285
		endloop
	endfacet
	facet normal 0.09144174830418678 -0.12291641792264188 0.988195305024336
		outer loop
			vertex 10.103638648986816 -13.968096733093262 6.9925408363342285
			vertex 10.474023818969727 -13.692554473876953 6.9925408363342285
			vertex 10.336759567260742 -13.111885070800781 7.0774688720703125
		endloop
	endfacet
	facet normal 0.12047058376447521 -0.1695505118011778 0.978130595777172
		outer loop
			vertex 10.103638648986816 -13.968096733093262 6.9925408363342285
			vertex 9.865907669067383 -14.137011528015137 6.9925408363342285
			vertex 10.756155014038086 -14.585834503173828 6.8050947189331055
		endloop
	endfacet
	facet normal 0.07614710175593774 -0.11159388544205318 0.990832187419301
		outer loop
			vertex 8.972195625305176 -13.450384140014648 7.138556480407715
			vertex 9.566499710083008 -14.341315269470215 6.9925408363342285
			vertex 9.865907669067383 -14.137011528015137 6.9925408363342285
		endloop
	endfacet
	facet normal 0.07360937492728475 -0.11328664829314378 0.9908318703197431
		outer loop
			vertex 8.972195625305176 -13.450384140014648 7.138556480407715
			vertex 9.217683792114258 -14.567962646484375 6.9925408363342285
			vertex 9.566499710083008 -14.341315269470215 6.9925408363342285
		endloop
	endfacet
	facet normal 0.07360953189139964 -0.11328661282063618 0.9908318627145357
		outer loop
			vertex 8.972195625305176 -13.450384140014648 7.138556480407715
			vertex 8.645050048828125 -13.662951469421387 7.138556480407715
			vertex 9.217683792114258 -14.567962646484375 6.9925408363342285
		endloop
	endfacet
	facet normal 0.07614690991981804 -0.11159413235672337 0.9908321743530603
		outer loop
			vertex 9.25300407409668 -13.258772850036621 7.138556480407715
			vertex 8.972195625305176 -13.450384140014648 7.138556480407715
			vertex 9.865907669067383 -14.137011528015137 6.9925408363342285
		endloop
	endfacet
	facet normal 0.007088132197423977 -0.012277003058389059 0.9998995117399829
		outer loop
			vertex 8.151449203491211 -12.88284683227539 7.195124626159668
			vertex 8.08215618133545 -12.525833129882812 7.1999993324279785
			vertex 6.806612014770508 -13.262269020080566 7.1999993324279785
		endloop
	endfacet
	facet normal 0.007088129019270547 -0.01227699179156483 0.999899511900849
		outer loop
			vertex 8.151449203491211 -12.88284683227539 7.195124626159668
			vertex 6.806612014770508 -13.262269020080566 7.1999993324279785
			vertex 7.081148147583008 -13.500785827636719 7.195124626159668
		endloop
	endfacet
	facet normal 0.030606366103764368 -0.053011782972669494 0.9981247423142967
		outer loop
			vertex 8.151449203491211 -12.88284683227539 7.195124626159668
			vertex 7.509937763214111 -14.31830883026123 7.138556480407715
			vertex 8.645050048828125 -13.662951469421387 7.138556480407715
		endloop
	endfacet
	facet normal 0.03060639370282161 -0.05301179524771292 0.9981247408160577
		outer loop
			vertex 8.151449203491211 -12.88284683227539 7.195124626159668
			vertex 7.081148147583008 -13.500785827636719 7.195124626159668
			vertex 7.509937763214111 -14.31830883026123 7.138556480407715
		endloop
	endfacet
	facet normal 0.06874275522242251 -0.11698967447907428 0.9907511542611044
		outer loop
			vertex 9.475966453552246 -13.100351333618164 7.138556480407715
			vertex 10.103638648986816 -13.968096733093262 6.9925408363342285
			vertex 10.336759567260742 -13.111885070800781 7.0774688720703125
		endloop
	endfacet
	facet normal 0.07824870452443183 -0.11012736458415676 0.9908325306579294
		outer loop
			vertex 9.475966453552246 -13.100351333618164 7.138556480407715
			vertex 9.865907669067383 -14.137011528015137 6.9925408363342285
			vertex 10.103638648986816 -13.968096733093262 6.9925408363342285
		endloop
	endfacet
	facet normal 0.0782487989118639 -0.11012732859371044 0.9908325272041002
		outer loop
			vertex 9.475966453552246 -13.100351333618164 7.138556480407715
			vertex 9.25300407409668 -13.258772850036621 7.138556480407715
			vertex 9.865907669067383 -14.137011528015137 6.9925408363342285
		endloop
	endfacet
	facet normal 0.007877534269314224 -0.01212373236843236 0.9998954743208385
		outer loop
			vertex 8.459916114807129 -12.682416915893555 7.195124626159668
			vertex 8.08215618133545 -12.525833129882812 7.1999993324279785
			vertex 8.151449203491211 -12.88284683227539 7.195124626159668
		endloop
	endfacet
	facet normal 0.03332683186012026 -0.05129069293697009 0.9981275404958091
		outer loop
			vertex 8.459916114807129 -12.682416915893555 7.195124626159668
			vertex 8.645050048828125 -13.662951469421387 7.138556480407715
			vertex 8.972195625305176 -13.450384140014648 7.138556480407715
		endloop
	endfacet
	facet normal 0.034475614677552474 -0.05052439175085805 0.9981276059857332
		outer loop
			vertex 8.459916114807129 -12.682416915893555 7.195124626159668
			vertex 8.972195625305176 -13.450384140014648 7.138556480407715
			vertex 9.25300407409668 -13.258772850036621 7.138556480407715
		endloop
	endfacet
	facet normal 0.033326729168088674 -0.0512907124660861 0.9981275429210831
		outer loop
			vertex 8.459916114807129 -12.682416915893555 7.195124626159668
			vertex 8.151449203491211 -12.88284683227539 7.195124626159668
			vertex 8.645050048828125 -13.662951469421387 7.138556480407715
		endloop
	endfacet
	facet normal 0.06924045593394731 -0.09307337154285703 0.9932487637906753
		outer loop
			vertex 9.823342323303223 -12.841926574707031 7.138556480407715
			vertex 9.475966453552246 -13.100351333618164 7.138556480407715
			vertex 10.336759567260742 -13.111885070800781 7.0774688720703125
		endloop
	endfacet
	facet normal 0.008026905310462008 -0.011763470238169527 0.9998985896375155
		outer loop
			vertex 8.724691390991211 -12.501745223999023 7.195124626159668
			vertex 8.08215618133545 -12.525833129882812 7.1999993324279785
			vertex 8.459916114807129 -12.682416915893555 7.195124626159668
		endloop
	endfacet
	facet normal 0.03447568672140743 -0.05052429286279821 0.9981276085029417
		outer loop
			vertex 8.724691390991211 -12.501745223999023 7.195124626159668
			vertex 8.459916114807129 -12.682416915893555 7.195124626159668
			vertex 9.25300407409668 -13.258772850036621 7.138556480407715
		endloop
	endfacet
	facet normal 0.07220562495434436 -0.08955513002341811 0.9933610755467728
		outer loop
			vertex 10.063895225524902 -12.654293060302734 7.138556480407715
			vertex 10.336759567260742 -13.111885070800781 7.0774688720703125
			vertex 10.232207298278809 -12.518588066101074 7.138556480407715
		endloop
	endfacet
	facet normal 0.0706024534230304 -0.0905148801843899 0.9933893245026617
		outer loop
			vertex 10.063895225524902 -12.654293060302734 7.138556480407715
			vertex 9.823342323303223 -12.841926574707031 7.138556480407715
			vertex 10.336759567260742 -13.111885070800781 7.0774688720703125
		endloop
	endfacet
	facet normal 0.00797696465696273 -0.011116105678051 0.9999063957338287
		outer loop
			vertex 8.93492317199707 -12.35236930847168 7.195124626159668
			vertex 9.278799057006836 -11.66711711883545 7.1999993324279785
			vertex 8.08215618133545 -12.525833129882812 7.1999993324279785
		endloop
	endfacet
	facet normal 0.008008493298723105 -0.011271159767759565 0.9999044079273649
		outer loop
			vertex 8.93492317199707 -12.35236930847168 7.195124626159668
			vertex 8.08215618133545 -12.525833129882812 7.1999993324279785
			vertex 8.724691390991211 -12.501745223999023 7.195124626159668
		endloop
	endfacet
	facet normal 0.03542721871979725 -0.049860253593296044 0.9981276808532024
		outer loop
			vertex 8.93492317199707 -12.35236930847168 7.195124626159668
			vertex 9.25300407409668 -13.258772850036621 7.138556480407715
			vertex 9.475966453552246 -13.100351333618164 7.138556480407715
		endloop
	endfacet
	facet normal 0.03542719490633336 -0.04986026197668261 0.9981276812796473
		outer loop
			vertex 8.93492317199707 -12.35236930847168 7.195124626159668
			vertex 8.724691390991211 -12.501745223999023 7.195124626159668
			vertex 9.25300407409668 -13.258772850036621 7.138556480407715
		endloop
	endfacet
	facet normal 0.036510058274393895 -0.049077005241930996 0.998127478432131
		outer loop
			vertex 9.262465476989746 -12.108699798583984 7.195124626159668
			vertex 9.475966453552246 -13.100351333618164 7.138556480407715
			vertex 9.823342323303223 -12.841926574707031 7.138556480407715
		endloop
	endfacet
	facet normal 0.008443933177171157 -0.011350395613014822 0.9998999292488862
		outer loop
			vertex 9.262465476989746 -12.108699798583984 7.195124626159668
			vertex 9.278799057006836 -11.66711711883545 7.1999993324279785
			vertex 8.93492317199707 -12.35236930847168 7.195124626159668
		endloop
	endfacet
	facet normal 0.03761891799021471 -0.048228803525401924 0.9981276469068241
		outer loop
			vertex 9.262465476989746 -12.108699798583984 7.195124626159668
			vertex 9.823342323303223 -12.841926574707031 7.138556480407715
			vertex 10.063895225524902 -12.654293060302734 7.138556480407715
		endloop
	endfacet
	facet normal 0.036510008773014364 -0.04907701597268989 0.9981274797151969
		outer loop
			vertex 9.262465476989746 -12.108699798583984 7.195124626159668
			vertex 8.93492317199707 -12.35236930847168 7.195124626159668
			vertex 9.475966453552246 -13.100351333618164 7.138556480407715
		endloop
	endfacet
	facet normal 0.02816048557527705 -0.060532336220539565 0.9977689228092085
		outer loop
			vertex 9.48928451538086 -11.931779861450195 7.195124626159668
			vertex 10.232207298278809 -12.518588066101074 7.138556480407715
			vertex 10.18972110748291 -11.90651798248291 7.176888465881348
		endloop
	endfacet
	facet normal 0.008865492615547735 -0.011365946328600681 0.9998961037551547
		outer loop
			vertex 9.48928451538086 -11.931779861450195 7.195124626159668
			vertex 9.278799057006836 -11.66711711883545 7.1999993324279785
			vertex 9.262465476989746 -12.108699798583984 7.195124626159668
		endloop
	endfacet
	facet normal 0.037618815301560665 -0.048228954013590807 0.9981276435056101
		outer loop
			vertex 9.48928451538086 -11.931779861450195 7.195124626159668
			vertex 9.262465476989746 -12.108699798583984 7.195124626159668
			vertex 10.063895225524902 -12.654293060302734 7.138556480407715
		endloop
	endfacet
	facet normal 0.038390651234936346 -0.04761512368603305 0.9981277262425493
		outer loop
			vertex 9.48928451538086 -11.931779861450195 7.195124626159668
			vertex 10.063895225524902 -12.654293060302734 7.138556480407715
			vertex 10.232207298278809 -12.518588066101074 7.138556480407715
		endloop
	endfacet
	facet normal 0.028250853609503523 -0.03206737361881279 0.9990863690490058
		outer loop
			vertex 9.912496566772461 -11.582585334777832 7.195124626159668
			vertex 10.18972110748291 -11.90651798248291 7.176888465881348
			vertex 10.240861892700195 -11.29330062866211 7.195124626159668
		endloop
	endfacet
	facet normal 0.009098975161880771 -0.010328191852092357 0.9999052640645864
		outer loop
			vertex 9.912496566772461 -11.582585334777832 7.195124626159668
			vertex 10.240861892700195 -11.29330062866211 7.195124626159668
			vertex 10.38486099243164 -10.694503784179688 7.1999993324279785
		endloop
	endfacet
	facet normal 0.009067228332606033 -0.010311308472909638 0.999905726700243
		outer loop
			vertex 9.912496566772461 -11.582585334777832 7.195124626159668
			vertex 10.38486099243164 -10.694503784179688 7.1999993324279785
			vertex 9.278799057006836 -11.66711711883545 7.1999993324279785
		endloop
	endfacet
	facet normal 0.027200585302356736 -0.03296619684896601 0.9990862615532878
		outer loop
			vertex 9.912496566772461 -11.582585334777832 7.195124626159668
			vertex 9.48928451538086 -11.931779861450195 7.195124626159668
			vertex 10.18972110748291 -11.90651798248291 7.176888465881348
		endloop
	endfacet
	facet normal 0.009175001705487835 -0.011119794259960444 0.9998960793599105
		outer loop
			vertex 9.912496566772461 -11.582585334777832 7.195124626159668
			vertex 9.278799057006836 -11.66711711883545 7.1999993324279785
			vertex 9.48928451538086 -11.931779861450195 7.195124626159668
		endloop
	endfacet
	facet normal 0.9482971526064351 0.3173838533361892 0
		outer loop
			vertex 10.571220397949219 -14.033276557922363 0.2702690660953522
			vertex 10.756155014038086 -14.585834503173828 6.8050947189331055
			vertex 10.756155014038086 -14.585834503173828 0.39490529894828796
		endloop
	endfacet
	facet normal 0.9534784575253697 0.301457461492182 -0.001493300281757208
		outer loop
			vertex 10.571220397949219 -14.033276557922363 0.2702690660953522
			vertex 10.474023818969727 -13.692554473876953 6.9925408363342285
			vertex 10.756155014038086 -14.585834503173828 6.8050947189331055
		endloop
	endfacet
	facet normal 0.9731591500163403 0.230132374987713 -0.0005989340437696926
		outer loop
			vertex 10.415316581726074 -13.462054252624512 0.1705513596534729
			vertex 10.336759567260742 -13.111885070800781 7.0774688720703125
			vertex 10.474023818969727 -13.692554473876953 6.9925408363342285
		endloop
	endfacet
	facet normal 0.9646874207225656 0.2633967023629779 0.0005978996173250798
		outer loop
			vertex 10.415316581726074 -13.462054252624512 0.1705513596534729
			vertex 10.474023818969727 -13.692554473876953 6.9925408363342285
			vertex 10.571220397949219 -14.033276557922363 0.2702690660953522
		endloop
	endfacet
	facet normal 0.9848253476062344 0.17354836418779598 0
		outer loop
			vertex 10.232207298278809 -12.518588066101074 0.06144355982542038
			vertex 10.232207298278809 -12.518588066101074 7.138556480407715
			vertex 10.336759567260742 -13.111885070800781 7.0774688720703125
		endloop
	endfacet
	facet normal 0.981648597723891 0.1906929185060538 0.0014971367212413835
		outer loop
			vertex 10.232207298278809 -12.518588066101074 0.06144355982542038
			vertex 10.336759567260742 -13.111885070800781 7.0774688720703125
			vertex 10.415316581726074 -13.462054252624512 0.1705513596534729
		endloop
	endfacet
	facet normal -0.004999069567640622 -0.012804288942415424 -0.9999055252813324
		outer loop
			vertex -4.728830337524414 -14.137040138244629 8.907265964808175e-7
			vertex -5.760725975036621 -14.114811897277832 0.004875252489000559
			vertex -6.100841522216797 -13.601377487182617 8.907265964808175e-7
		endloop
	endfacet
	facet normal -0.0054777659244539915 -0.03514472391923067 -0.9993672210259441
		outer loop
			vertex -5.502936840057373 -14.67355728149414 0.023111635819077492
			vertex -5.760725975036621 -14.114811897277832 0.004875252489000559
			vertex -4.728830337524414 -14.137040138244629 8.907265964808175e-7
		endloop
	endfacet
	facet normal -0.006872766781656994 -0.03489874625283596 -0.9993672210887974
		outer loop
			vertex 0.585761547088623 -15.233868598937988 0.004875252489000559
			vertex 0.15241706371307373 -15.670748710632324 0.023111635819077492
			vertex -0.3915056884288788 -14.901827812194824 8.907265964808175e-7
		endloop
	endfacet
	facet normal 0.00031826994835167506 -0.013741885477807117 -0.9999055251811317
		outer loop
			vertex 1.0809705257415771 -14.867724418640137 8.907265964808175e-7
			vertex 0.585761547088623 -15.233868598937988 0.004875252489000559
			vertex -0.3915056884288788 -14.901827812194824 8.907265964808175e-7
		endloop
	endfacet
	facet normal -0.02619915864807107 -0.07233786981662409 -0.9970360257666351
		outer loop
			vertex -5.169643402099609 -14.794268608093262 0.023111628368496895
			vertex -5.333520889282227 -15.263246536254883 0.06144355982542038
			vertex -5.502936840057373 -14.67355728149414 0.023111635819077492
		endloop
	endfacet
	facet normal -0.010241900124602594 -0.02827862763761292 -0.9995476090215868
		outer loop
			vertex -5.169643402099609 -14.794268608093262 0.023111628368496895
			vertex -5.502936840057373 -14.67355728149414 0.023111635819077492
			vertex -4.728830337524414 -14.137040138244629 8.907265964808175e-7
		endloop
	endfacet
	facet normal 0.00046657652600406936 -0.11412280168832688 -0.99346654117849
		outer loop
			vertex -4.772047519683838 -14.927262306213379 0.023111628368496895
			vertex -5.1829023361206055 -16.212440490722656 0.1705513596534729
			vertex -5.333520889282227 -15.263246536254883 0.06144355982542038
		endloop
	endfacet
	facet normal -0.009602443300715415 -0.02870731449280489 -0.9995417365859557
		outer loop
			vertex -4.772047519683838 -14.927262306213379 0.023111628368496895
			vertex -5.169643402099609 -14.794268608093262 0.023111628368496895
			vertex -4.728830337524414 -14.137040138244629 8.907265964808175e-7
		endloop
	endfacet
	facet normal -0.024406195942967963 -0.07296438214382378 -0.9970358752512187
		outer loop
			vertex -4.772047519683838 -14.927262306213379 0.023111628368496895
			vertex -5.333520889282227 -15.263246536254883 0.06144355982542038
			vertex -5.169643402099609 -14.794268608093262 0.023111628368496895
		endloop
	endfacet
	facet normal -0.008826788171620704 -0.028749908327626163 -0.9995476629864763
		outer loop
			vertex -4.4264140129089355 -15.033378601074219 0.023111628368496895
			vertex -4.772047519683838 -14.927262306213379 0.023111628368496895
			vertex -4.728830337524414 -14.137040138244629 8.907265964808175e-7
		endloop
	endfacet
	facet normal -0.007980932379333472 -0.02846293900371595 -0.9995629874208166
		outer loop
			vertex -4.039554595947266 -15.141915321350098 0.023111628368496895
			vertex -4.728830337524414 -14.137040138244629 8.907265964808175e-7
			vertex -3.310654878616333 -14.534692764282227 8.907265964808175e-7
		endloop
	endfacet
	facet normal -0.007986613401533341 -0.028466832203534888 -0.9995628311770453
		outer loop
			vertex -4.039554595947266 -15.141915321350098 0.023111628368496895
			vertex -4.4264140129089355 -15.033378601074219 0.023111628368496895
			vertex -4.728830337524414 -14.137040138244629 8.907265964808175e-7
		endloop
	endfacet
	facet normal -0.0074372938915771005 -0.029114958319496627 -0.9995484009599658
		outer loop
			vertex -3.7173757553100586 -15.224214553833008 0.023111628368496895
			vertex -4.039554595947266 -15.141915321350098 0.023111628368496895
			vertex -3.310654878616333 -14.534692764282227 8.907265964808175e-7
		endloop
	endfacet
	facet normal -0.0069392682436182785 -0.02940855536846923 -0.9995433874661885
		outer loop
			vertex -3.480445384979248 -15.280120849609375 0.023111628368496895
			vertex -3.7173757553100586 -15.224214553833008 0.023111628368496895
			vertex -3.310654878616333 -14.534692764282227 8.907265964808175e-7
		endloop
	endfacet
	facet normal -0.05238030317671089 -0.17061047090101442 -0.9839453089771046
		outer loop
			vertex -4.807510852813721 -16.32769203186035 0.1705513596534729
			vertex -5.134034633636475 -16.802536010742188 0.2702690660953522
			vertex -5.1829023361206055 -16.212440490722656 0.1705513596534729
		endloop
	endfacet
	facet normal -0.031884100078077994 -0.10385127612232989 -0.994081644841094
		outer loop
			vertex -4.807510852813721 -16.32769203186035 0.1705513596534729
			vertex -5.1829023361206055 -16.212440490722656 0.1705513596534729
			vertex -4.772047519683838 -14.927262306213379 0.023111628368496895
		endloop
	endfacet
	facet normal -0.031884384946824294 -0.10385126803554297 -0.9940816365490174
		outer loop
			vertex -4.807510852813721 -16.32769203186035 0.1705513596534729
			vertex -4.772047519683838 -14.927262306213379 0.023111628368496895
			vertex -4.4264140129089355 -15.033378601074219 0.023111628368496895
		endloop
	endfacet
	facet normal -0.029346032561851407 -0.10459860053039625 -0.9940814569943258
		outer loop
			vertex -4.3873443603515625 -16.445573806762695 0.1705513596534729
			vertex -4.4264140129089355 -15.033378601074219 0.023111628368496895
			vertex -4.039554595947266 -15.141915321350098 0.023111628368496895
		endloop
	endfacet
	facet normal -0.02934615025567063 -0.10459860339231661 -0.9940814532187735
		outer loop
			vertex -4.3873443603515625 -16.445573806762695 0.1705513596534729
			vertex -4.807510852813721 -16.32769203186035 0.1705513596534729
			vertex -4.4264140129089355 -15.033378601074219 0.023111628368496895
		endloop
	endfacet
	facet normal -0.0485839754889802 -0.17316806256084302 -0.9836932547469308
		outer loop
			vertex -4.3873443603515625 -16.445573806762695 0.1705513596534729
			vertex -5.134034633636475 -16.802536010742188 0.2702690660953522
			vertex -4.807510852813721 -16.32769203186035 0.1705513596534729
		endloop
	endfacet
	facet normal -0.024947702914582454 -0.10572813684704391 -0.9940820756849702
		outer loop
			vertex -4.037426948547363 -16.53495979309082 0.1705513596534729
			vertex -3.7173757553100586 -15.224214553833008 0.023111628368496895
			vertex -3.480445384979248 -15.280120849609375 0.023111628368496895
		endloop
	endfacet
	facet normal -0.02688684869828733 -0.10525461150322388 -0.9940817693350888
		outer loop
			vertex -4.037426948547363 -16.53495979309082 0.1705513596534729
			vertex -4.039554595947266 -15.141915321350098 0.023111628368496895
			vertex -3.7173757553100586 -15.224214553833008 0.023111628368496895
		endloop
	endfacet
	facet normal -0.02688716511402179 -0.10525461108538862 -0.9940817608212088
		outer loop
			vertex -4.037426948547363 -16.53495979309082 0.1705513596534729
			vertex -4.3873443603515625 -16.445573806762695 0.1705513596534729
			vertex -4.039554595947266 -15.141915321350098 0.023111628368496895
		endloop
	endfacet
	facet normal -0.02494731787581518 -0.10572830676498923 -0.9940820672758419
		outer loop
			vertex -3.7800979614257812 -16.595678329467773 0.1705513596534729
			vertex -4.037426948547363 -16.53495979309082 0.1705513596534729
			vertex -3.480445384979248 -15.280120849609375 0.023111628368496895
		endloop
	endfacet
	facet normal -0.00521060023553856 -0.02955069959643063 -0.9995497015149106
		outer loop
			vertex -2.0935187339782715 -15.531025886535645 0.023111628368496895
			vertex -3.310654878616333 -14.534692764282227 8.907265964808175e-7
			vertex -1.860159993171692 -14.790454864501953 8.907265964808175e-7
		endloop
	endfacet
	facet normal -0.005384289698860544 -0.029762714099096102 -0.9995424904794665
		outer loop
			vertex -2.0935187339782715 -15.531025886535645 0.023111628368496895
			vertex -3.480445384979248 -15.280120849609375 0.023111628368496895
			vertex -3.310654878616333 -14.534692764282227 8.907265964808175e-7
		endloop
	endfacet
	facet normal -0.05901398708789383 -0.21034438298823105 -0.9758445521051446
		outer loop
			vertex -4.671454906463623 -17.51053810119629 0.39490529894828796
			vertex -5.118829727172852 -17.38502311706543 0.39490529894828796
			vertex -5.134034633636475 -16.802536010742188 0.2702690660953522
		endloop
	endfacet
	facet normal -0.07062299669717884 -0.25172253897915936 -0.9652192267601158
		outer loop
			vertex -4.671454906463623 -17.51053810119629 0.39490529894828796
			vertex -5.12001895904541 -17.9982852935791 0.554926872253418
			vertex -5.118829727172852 -17.38502311706543 0.39490529894828796
		endloop
	endfacet
	facet normal -0.03687381093070806 -0.19657438126341578 -0.9797953024475836
		outer loop
			vertex -4.671454906463623 -17.51053810119629 0.39490529894828796
			vertex -5.134034633636475 -16.802536010742188 0.2702690660953522
			vertex -4.3873443603515625 -16.445573806762695 0.1705513596534729
		endloop
	endfacet
	facet normal -0.0036758270876303062 -0.030034079879513377 -0.9995421163417842
		outer loop
			vertex -1.713797688484192 -15.577499389648438 0.023111628368496895
			vertex -2.0935187339782715 -15.531025886535645 0.023111628368496895
			vertex -1.860159993171692 -14.790454864501953 8.907265964808175e-7
		endloop
	endfacet
	facet normal -0.04936906913303568 -0.19326404063831285 -0.9799039267239877
		outer loop
			vertex -4.298878192901611 -17.605710983276367 0.39490529894828796
			vertex -4.3873443603515625 -16.445573806762695 0.1705513596534729
			vertex -4.037426948547363 -16.53495979309082 0.1705513596534729
		endloop
	endfacet
	facet normal -0.06544842278330887 -0.2562133008424104 -0.964402015980169
		outer loop
			vertex -4.298878192901611 -17.605710983276367 0.39490529894828796
			vertex -5.12001895904541 -17.9982852935791 0.554926872253418
			vertex -4.671454906463623 -17.51053810119629 0.39490529894828796
		endloop
	endfacet
	facet normal -0.0493683329950775 -0.19326399347520845 -0.9799039731133363
		outer loop
			vertex -4.298878192901611 -17.605710983276367 0.39490529894828796
			vertex -4.671454906463623 -17.51053810119629 0.39490529894828796
			vertex -4.3873443603515625 -16.445573806762695 0.1705513596534729
		endloop
	endfacet
	facet normal -0.002969160537527454 -0.029902849530114524 -0.9995483998665007
		outer loop
			vertex -1.3829002380371094 -15.610355377197266 0.023111628368496895
			vertex -1.713797688484192 -15.577499389648438 0.023111628368496895
			vertex -1.860159993171692 -14.790454864501953 8.907265964808175e-7
		endloop
	endfacet
	facet normal -0.045807201079050466 -0.19413380756359727 -0.9799049775820939
		outer loop
			vertex -4.024885177612305 -17.67036247253418 0.39490529894828796
			vertex -4.037426948547363 -16.53495979309082 0.1705513596534729
			vertex -3.7800979614257812 -16.595678329467773 0.1705513596534729
		endloop
	endfacet
	facet normal -0.04580788250282885 -0.19413380874983754 -0.979904945492617
		outer loop
			vertex -4.024885177612305 -17.67036247253418 0.39490529894828796
			vertex -4.298878192901611 -17.605710983276367 0.39490529894828796
			vertex -4.037426948547363 -16.53495979309082 0.1705513596534729
		endloop
	endfacet
	facet normal -0.0022319982756317668 -0.029432945285104945 -0.9995642650252868
		outer loop
			vertex -1.1260368824005127 -15.630983352661133 0.023111628368496895
			vertex -1.860159993171692 -14.790454864501953 8.907265964808175e-7
			vertex -0.3915056884288788 -14.901827812194824 8.907265964808175e-7
		endloop
	endfacet
	facet normal -0.002373600595143373 -0.029556512459378757 -0.9995602926244387
		outer loop
			vertex -1.1260368824005127 -15.630983352661133 0.023111628368496895
			vertex -1.3829002380371094 -15.610355377197266 0.023111628368496895
			vertex -1.860159993171692 -14.790454864501953 8.907265964808175e-7
		endloop
	endfacet
	facet normal -0.01935724427344027 -0.10700029981144055 -0.9940705372026677
		outer loop
			vertex -2.2737624645233154 -16.868186950683594 0.1705513596534729
			vertex -3.7800979614257812 -16.595678329467773 0.1705513596534729
			vertex -3.480445384979248 -15.280120849609375 0.023111628368496895
		endloop
	endfacet
	facet normal -0.019357107617651564 -0.10700019724635561 -0.994070550903667
		outer loop
			vertex -2.2737624645233154 -16.868186950683594 0.1705513596534729
			vertex -3.480445384979248 -15.280120849609375 0.023111628368496895
			vertex -2.0935187339782715 -15.531025886535645 0.023111628368496895
		endloop
	endfacet
	facet normal -0.01319736625978221 -0.10783171868430344 -0.9940815610247453
		outer loop
			vertex -2.2737624645233154 -16.868186950683594 0.1705513596534729
			vertex -2.0935187339782715 -15.531025886535645 0.023111628368496895
			vertex -1.713797688484192 -15.577499389648438 0.023111628368496895
		endloop
	endfacet
	facet normal -0.03554196848208085 -0.19646398163655204 -0.9798666605186297
		outer loop
			vertex -2.2737624645233154 -16.868186950683594 0.1705513596534729
			vertex -4.024885177612305 -17.67036247253418 0.39490529894828796
			vertex -3.7800979614257812 -16.595678329467773 0.1705513596534729
		endloop
	endfacet
	facet normal -0.0018571319558818038 -0.029810245197374758 -0.9995538506464627
		outer loop
			vertex -0.8227517008781433 -15.649877548217773 0.023111628368496895
			vertex -1.1260368824005127 -15.630983352661133 0.023111628368496895
			vertex -0.3915056884288788 -14.901827812194824 8.907265964808175e-7
		endloop
	endfacet
	facet normal -0.013197234662871588 -0.1078317752759481 -0.9940815566331017
		outer loop
			vertex -1.8613488674163818 -16.91866111755371 0.1705513596534729
			vertex -2.2737624645233154 -16.868186950683594 0.1705513596534729
			vertex -1.713797688484192 -15.577499389648438 0.023111628368496895
		endloop
	endfacet
	facet normal -0.0011901563108703305 -0.030194427647745586 -0.9995433357623775
		outer loop
			vertex -0.4115844666957855 -15.666084289550781 0.023111628368496895
			vertex -0.8227517008781433 -15.649877548217773 0.023111628368496895
			vertex -0.3915056884288788 -14.901827812194824 8.907265964808175e-7
		endloop
	endfacet
	facet normal -0.0006332079595069538 -0.07656634782610319 -0.9970642875102148
		outer loop
			vertex -0.4115844666957855 -15.666084289550781 0.023111628368496895
			vertex 0.15241706371307373 -15.670748710632324 0.023111635819077492
			vertex -0.20846766233444214 -16.16693115234375 0.06144355982542038
		endloop
	endfacet
	facet normal -0.0002499058662225569 -0.030219128102112955 -0.9995432666192126
		outer loop
			vertex -0.4115844666957855 -15.666084289550781 0.023111628368496895
			vertex -0.3915056884288788 -14.901827812194824 8.907265964808175e-7
			vertex 0.15241706371307373 -15.670748710632324 0.023111635819077492
		endloop
	endfacet
	facet normal -0.0030564665527042624 -0.07754297258306785 -0.9969843255614372
		outer loop
			vertex -0.4115844666957855 -15.666084289550781 0.023111628368496895
			vertex -0.20846766233444214 -16.16693115234375 0.06144355982542038
			vertex -0.8227517008781433 -15.649877548217773 0.023111628368496895
		endloop
	endfacet
	facet normal -0.07807250962662342 -0.3056338640108614 -0.9489428983929388
		outer loop
			vertex -4.651941776275635 -19.051654815673828 0.8556841015815735
			vertex -5.055118083953857 -18.948665618896484 0.8556841015815735
			vertex -5.12001895904541 -17.9982852935791 0.554926872253418
		endloop
	endfacet
	facet normal -0.09466143059106849 -0.3705752375926985 -0.9239660203933734
		outer loop
			vertex -4.651941776275635 -19.051654815673828 0.8556841015815735
			vertex -4.856036186218262 -19.887508392333984 1.2118297815322876
			vertex -5.055118083953857 -18.948665618896484 0.8556841015815735
		endloop
	endfacet
	facet normal -0.04597888986985232 -0.2930955202218608 -0.9549769409321949
		outer loop
			vertex -4.651941776275635 -19.051654815673828 0.8556841015815735
			vertex -5.12001895904541 -17.9982852935791 0.554926872253418
			vertex -4.298878192901611 -17.605710983276367 0.39490529894828796
		endloop
	endfacet
	facet normal -0.010733864353464533 -0.10810281246148765 -0.9940817703257403
		outer loop
			vertex -1.5019625425338745 -16.954345703125 0.1705513596534729
			vertex -1.8613488674163818 -16.91866111755371 0.1705513596534729
			vertex -1.713797688484192 -15.577499389648438 0.023111628368496895
		endloop
	endfacet
	facet normal -0.010733914400453471 -0.10810282001564618 -0.9940817689638558
		outer loop
			vertex -1.5019625425338745 -16.954345703125 0.1705513596534729
			vertex -1.713797688484192 -15.577499389648438 0.023111628368496895
			vertex -1.3829002380371094 -15.610355377197266 0.023111628368496895
		endloop
	endfacet
	facet normal -0.0878350594583025 -0.37224356915208645 -0.9239695490409152
		outer loop
			vertex -4.355445861816406 -19.12161636352539 0.8556841015815735
			vertex -4.856036186218262 -19.887508392333984 1.2118297815322876
			vertex -4.651941776275635 -19.051654815673828 0.8556841015815735
		endloop
	endfacet
	facet normal -0.06791719744873884 -0.2878319903355607 -0.9552695952610336
		outer loop
			vertex -4.355445861816406 -19.12161636352539 0.8556841015815735
			vertex -4.651941776275635 -19.051654815673828 0.8556841015815735
			vertex -4.298878192901611 -17.605710983276367 0.39490529894828796
		endloop
	endfacet
	facet normal -0.06791694198183837 -0.2878320041264031 -0.9552696092687205
		outer loop
			vertex -4.355445861816406 -19.12161636352539 0.8556841015815735
			vertex -4.298878192901611 -17.605710983276367 0.39490529894828796
			vertex -4.024885177612305 -17.67036247253418 0.39490529894828796
		endloop
	endfacet
	facet normal -0.006754599705125617 -0.10842324519923618 -0.9940818755431013
		outer loop
			vertex -1.2229841947555542 -16.976749420166016 0.1705513596534729
			vertex -1.1260368824005127 -15.630983352661133 0.023111628368496895
			vertex -0.8227517008781433 -15.649877548217773 0.023111628368496895
		endloop
	endfacet
	facet normal -0.008695838437469267 -0.10828339937480354 -0.9940820327385997
		outer loop
			vertex -1.2229841947555542 -16.976749420166016 0.1705513596534729
			vertex -1.5019625425338745 -16.954345703125 0.1705513596534729
			vertex -1.3829002380371094 -15.610355377197266 0.023111628368496895
		endloop
	endfacet
	facet normal -0.014470718008583652 -0.1801940719841212 -0.9835246284369791
		outer loop
			vertex -1.2229841947555542 -16.976749420166016 0.1705513596534729
			vertex -0.922391414642334 -17.545162200927734 0.2702690660953522
			vertex -1.5019625425338745 -16.954345703125 0.1705513596534729
		endloop
	endfacet
	facet normal -0.00869593692342276 -0.10828341067532957 -0.9940820306461343
		outer loop
			vertex -1.2229841947555542 -16.976749420166016 0.1705513596534729
			vertex -1.3829002380371094 -15.610355377197266 0.023111628368496895
			vertex -1.1260368824005127 -15.630983352661133 0.023111628368496895
		endloop
	endfacet
	facet normal -0.03554197008021796 -0.1964639783177645 -0.979866661126081
		outer loop
			vertex -2.421004295349121 -17.96051788330078 0.39490529894828796
			vertex -4.024885177612305 -17.67036247253418 0.39490529894828796
			vertex -2.2737624645233154 -16.868186950683594 0.1705513596534729
		endloop
	endfacet
	facet normal -0.005791725342086306 -0.12558018011418354 -0.992066567464125
		outer loop
			vertex -0.8935873508453369 -16.997270584106445 0.1705513596534729
			vertex -0.20846766233444214 -16.16693115234375 0.06144355982542038
			vertex -0.6746463179588318 -17.007368087768555 0.1705513596534729
		endloop
	endfacet
	facet normal -0.0082386343840598 -0.1786357481987304 -0.9838807825996835
		outer loop
			vertex -0.8935873508453369 -16.997270584106445 0.1705513596534729
			vertex -0.6746463179588318 -17.007368087768555 0.1705513596534729
			vertex -0.922391414642334 -17.545162200927734 0.2702690660953522
		endloop
	endfacet
	facet normal -0.006754681262984376 -0.10842322083217788 -0.9940818776466114
		outer loop
			vertex -0.8935873508453369 -16.997270584106445 0.1705513596534729
			vertex -1.2229841947555542 -16.976749420166016 0.1705513596534729
			vertex -0.8227517008781433 -15.649877548217773 0.023111628368496895
		endloop
	endfacet
	facet normal -0.011119421805897473 -0.17848414737104742 -0.9838799558868616
		outer loop
			vertex -0.8935873508453369 -16.997270584106445 0.1705513596534729
			vertex -0.922391414642334 -17.545162200927734 0.2702690660953522
			vertex -1.2229841947555542 -16.976749420166016 0.1705513596534729
		endloop
	endfacet
	facet normal -0.028270406554167817 -0.10726436490431446 -0.9938285265250422
		outer loop
			vertex -0.8935873508453369 -16.997270584106445 0.1705513596534729
			vertex -0.8227517008781433 -15.649877548217773 0.023111628368496895
			vertex -0.20846766233444214 -16.16693115234375 0.06144355982542038
		endloop
	endfacet
	facet normal -0.02423221385250332 -0.19799622461311084 -0.9799032068784964
		outer loop
			vertex -1.9818840026855469 -18.014259338378906 0.39490529894828796
			vertex -2.2737624645233154 -16.868186950683594 0.1705513596534729
			vertex -1.8613488674163818 -16.91866111755371 0.1705513596534729
		endloop
	endfacet
	facet normal -0.019709085795098884 -0.1984939938995275 -0.9799039168831482
		outer loop
			vertex -1.9818840026855469 -18.014259338378906 0.39490529894828796
			vertex -1.8613488674163818 -16.91866111755371 0.1705513596534729
			vertex -1.5019625425338745 -16.954345703125 0.1705513596534729
		endloop
	endfacet
	facet normal -0.024231623459736878 -0.19799608272393712 -0.9799032501479324
		outer loop
			vertex -1.9818840026855469 -18.014259338378906 0.39490529894828796
			vertex -2.421004295349121 -17.96051788330078 0.39490529894828796
			vertex -2.2737624645233154 -16.868186950683594 0.1705513596534729
		endloop
	endfacet
	facet normal -0.026129284011752095 -0.2631469325843079 -0.9644018624974254
		outer loop
			vertex -1.5992249250411987 -18.052255630493164 0.39490529894828796
			vertex -1.3445321321487427 -18.664005279541016 0.554926872253418
			vertex -1.9818840026855469 -18.014259338378906 0.39490529894828796
		endloop
	endfacet
	facet normal -0.01970952450937233 -0.19849380162900168 -0.9799039470062774
		outer loop
			vertex -1.5992249250411987 -18.052255630493164 0.39490529894828796
			vertex -1.9818840026855469 -18.014259338378906 0.39490529894828796
			vertex -1.5019625425338745 -16.954345703125 0.1705513596534729
		endloop
	endfacet
	facet normal -0.03258204399429948 -0.1973312367904739 -0.9797952813704991
		outer loop
			vertex -1.5992249250411987 -18.052255630493164 0.39490529894828796
			vertex -1.5019625425338745 -16.954345703125 0.1705513596534729
			vertex -0.922391414642334 -17.545162200927734 0.2702690660953522
		endloop
	endfacet
	facet normal -0.0878342316768719 -0.372244055645792 -0.9239694317357616
		outer loop
			vertex -4.546532154083252 -19.960538864135742 1.2118299007415771
			vertex -4.856036186218262 -19.887508392333984 1.2118297815322876
			vertex -4.355445861816406 -19.12161636352539 0.8556841015815735
		endloop
	endfacet
	facet normal -0.10206912887874683 -0.4325716780019528 -0.8958033469018235
		outer loop
			vertex -4.546532154083252 -19.960538864135742 1.2118299007415771
			vertex -4.53662633895874 -20.7667293548584 1.600000023841858
			vertex -4.856036186218262 -19.887508392333984 1.2118297815322876
		endloop
	endfacet
	facet normal -0.017401425181319746 -0.21668188338672936 -0.976087164045117
		outer loop
			vertex -1.3021807670593262 -18.07611083984375 0.39490529894828796
			vertex -1.5992249250411987 -18.052255630493164 0.39490529894828796
			vertex -0.922391414642334 -17.545162200927734 0.2702690660953522
		endloop
	endfacet
	facet normal -0.014730343263362094 -0.21850729775261263 -0.975724129975371
		outer loop
			vertex -1.3021807670593262 -18.07611083984375 0.39490529894828796
			vertex -0.922391414642334 -17.545162200927734 0.2702690660953522
			vertex -1.1359012126922607 -18.08732032775879 0.39490529894828796
		endloop
	endfacet
	facet normal -0.01762295916426865 -0.26141584866978035 -0.9650653788083755
		outer loop
			vertex -1.3021807670593262 -18.07611083984375 0.39490529894828796
			vertex -1.1359012126922607 -18.08732032775879 0.39490529894828796
			vertex -1.3445321321487427 -18.664005279541016 0.554926872253418
		endloop
	endfacet
	facet normal -0.020974525027373136 -0.26117398653945306 -0.9650638414400188
		outer loop
			vertex -1.3021807670593262 -18.07611083984375 0.39490529894828796
			vertex -1.3445321321487427 -18.664005279541016 0.554926872253418
			vertex -1.5992249250411987 -18.052255630493164 0.39490529894828796
		endloop
	endfacet
	facet normal -0.05269350382188099 -0.2912734670004935 -0.9551875010051619
		outer loop
			vertex -2.6198394298553467 -19.43560028076172 0.8556841015815735
			vertex -4.355445861816406 -19.12161636352539 0.8556841015815735
			vertex -4.024885177612305 -17.67036247253418 0.39490529894828796
		endloop
	endfacet
	facet normal -0.05269384035069703 -0.29127371062362895 -0.9551874081501692
		outer loop
			vertex -2.6198394298553467 -19.43560028076172 0.8556841015815735
			vertex -4.024885177612305 -17.67036247253418 0.39490529894828796
			vertex -2.421004295349121 -17.96051788330078 0.39490529894828796
		endloop
	endfacet
	facet normal -0.03116775713457005 -0.3139050661430018 -0.9489426644244415
		outer loop
			vertex -2.1446545124053955 -19.493757247924805 0.8556841015815735
			vertex -1.3445321321487427 -18.664005279541016 0.554926872253418
			vertex -1.7305680513381958 -19.53487205505371 0.8556841015815735
		endloop
	endfacet
	facet normal -0.03779024617537705 -0.38060325207310414 -0.9239659419076992
		outer loop
			vertex -2.1446545124053955 -19.493757247924805 0.8556841015815735
			vertex -1.7305680513381958 -19.53487205505371 0.8556841015815735
			vertex -2.2387468814849854 -20.34900665283203 1.2118297815322876
		endloop
	endfacet
	facet normal -0.05703850963642512 -0.2911453599106069 -0.9549769566963271
		outer loop
			vertex -2.1446545124053955 -19.493757247924805 0.8556841015815735
			vertex -1.9818840026855469 -18.014259338378906 0.39490529894828796
			vertex -1.3445321321487427 -18.664005279541016 0.554926872253418
		endloop
	endfacet
	facet normal -0.03592690687659221 -0.2935579961356076 -0.9552659107636614
		outer loop
			vertex -2.1446545124053955 -19.493757247924805 0.8556841015815735
			vertex -2.421004295349121 -17.96051788330078 0.39490529894828796
			vertex -1.9818840026855469 -18.014259338378906 0.39490529894828796
		endloop
	endfacet
	facet normal -0.03592801900366647 -0.29355816813009383 -0.9552658160818779
		outer loop
			vertex -2.1446545124053955 -19.493757247924805 0.8556841015815735
			vertex -2.6198394298553467 -19.43560028076172 0.8556841015815735
			vertex -2.421004295349121 -17.96051788330078 0.39490529894828796
		endloop
	endfacet
	facet normal -0.0681429185057527 -0.37667307514405035 -0.923836531600176
		outer loop
			vertex -2.7347795963287354 -20.288297653198242 1.2118299007415771
			vertex -4.355445861816406 -19.12161636352539 0.8556841015815735
			vertex -2.6198394298553467 -19.43560028076172 0.8556841015815735
		endloop
	endfacet
	facet normal -0.05386786094218751 -0.4401343230513261 -0.8963146943064496
		outer loop
			vertex -2.7347795963287354 -20.288297653198242 1.2118299007415771
			vertex -2.2387468814849854 -20.34900665283203 1.2118297815322876
			vertex -2.8396050930023193 -21.065959930419922 1.600000023841858
		endloop
	endfacet
	facet normal -0.07704505981479369 -0.4369443301585531 -0.8961828558393807
		outer loop
			vertex -2.7347795963287354 -20.288297653198242 1.2118299007415771
			vertex -2.8396050930023193 -21.065959930419922 1.600000023841858
			vertex -4.53662633895874 -20.7667293548584 1.600000023841858
		endloop
	endfacet
	facet normal -0.04646498285888226 -0.3796478542993769 -0.923963479848529
		outer loop
			vertex -2.7347795963287354 -20.288297653198242 1.2118299007415771
			vertex -2.1446545124053955 -19.493757247924805 0.8556841015815735
			vertex -2.2387468814849854 -20.34900665283203 1.2118297815322876
		endloop
	endfacet
	facet normal -0.07838097012026402 -0.4332665601458197 -0.8978510518913565
		outer loop
			vertex -2.7347795963287354 -20.288297653198242 1.2118299007415771
			vertex -4.53662633895874 -20.7667293548584 1.600000023841858
			vertex -4.546532154083252 -19.960538864135742 1.2118299007415771
		endloop
	endfacet
	facet normal -0.04646441486742674 -0.3796482213596726 -0.923963357590259
		outer loop
			vertex -2.7347795963287354 -20.288297653198242 1.2118299007415771
			vertex -2.6198394298553467 -19.43560028076172 0.8556841015815735
			vertex -2.1446545124053955 -19.493757247924805 0.8556841015815735
		endloop
	endfacet
	facet normal -0.06814277989523067 -0.3766729066848766 -0.9238366105095188
		outer loop
			vertex -2.7347795963287354 -20.288297653198242 1.2118299007415771
			vertex -4.546532154083252 -19.960538864135742 1.2118299007415771
			vertex -4.355445861816406 -19.12161636352539 0.8556841015815735
		endloop
	endfacet
	facet normal -0.6427103141773398 -0.7661092951074704 0
		outer loop
			vertex 5.725311756134033 -15.120645523071289 0.06144355982542038
			vertex 6.186845779418945 -15.50783920288086 7.0774688720703125
			vertex 5.725311756134033 -15.120645523071289 7.138556480407715
		endloop
	endfacet
	facet normal -0.6858799239357534 -0.7277144846687027 -0.0005989534620482862
		outer loop
			vertex 6.450822353363037 -15.750955581665039 0.1705513596534729
			vertex 6.62108850479126 -15.917048454284668 6.9925408363342285
			vertex 6.186845779418945 -15.50783920288086 7.0774688720703125
		endloop
	endfacet
	facet normal -0.6559692443801602 -0.7547861346856912 0.0014971017184633691
		outer loop
			vertex 6.450822353363037 -15.750955581665039 0.1705513596534729
			vertex 6.186845779418945 -15.50783920288086 7.0774688720703125
			vertex 5.725311756134033 -15.120645523071289 0.06144355982542038
		endloop
	endfacet
	facet normal -0.7378089446887774 -0.6750079490038833 -0.0014932912654360565
		outer loop
			vertex 6.867563247680664 -16.17158317565918 0.2702690660953522
			vertex 7.253625869750977 -16.608020782470703 6.8050947189331055
			vertex 6.62108850479126 -15.917048454284668 6.9925408363342285
		endloop
	endfacet
	facet normal -0.7104519477255763 -0.7037454600194076 0.0005978921369221512
		outer loop
			vertex 6.867563247680664 -16.17158317565918 0.2702690660953522
			vertex 6.62108850479126 -15.917048454284668 6.9925408363342285
			vertex 6.450822353363037 -15.750955581665039 0.1705513596534729
		endloop
	endfacet
	facet normal -0.7490108700975578 -0.6625577080343262 0
		outer loop
			vertex 7.253625869750977 -16.608020782470703 0.39490529894828796
			vertex 7.253625869750977 -16.608020782470703 6.8050947189331055
			vertex 6.867563247680664 -16.17158317565918 0.2702690660953522
		endloop
	endfacet
	facet normal -0.09993835906493703 -0.4323855746586721 0.8961333824908532
		outer loop
			vertex -4.3712992668151855 -20.009933471679688 5.983592510223389
			vertex -4.85283088684082 -19.898635864257812 5.983592510223389
			vertex -4.53662633895874 -20.7667293548584 5.599999904632568
		endloop
	endfacet
	facet normal -0.09481330144805689 -0.37175404390661043 0.9234767829824428
		outer loop
			vertex -4.651787757873535 -19.074275970458984 6.336087226867676
			vertex -5.051792144775391 -18.972257614135742 6.336087226867676
			vertex -4.85283088684082 -19.898635864257812 5.983592510223389
		endloop
	endfacet
	facet normal -0.0824469337363704 -0.3232666783677764 0.9427094768668316
		outer loop
			vertex -4.651787757873535 -19.074275970458984 6.336087226867676
			vertex -5.103142738342285 -18.490360260009766 6.49684476852417
			vertex -5.051792144775391 -18.972257614135742 6.336087226867676
		endloop
	endfacet
	facet normal -0.08639853077971633 -0.37380520082963153 0.9234743990559918
		outer loop
			vertex -4.651787757873535 -19.074275970458984 6.336087226867676
			vertex -4.85283088684082 -19.898635864257812 5.983592510223389
			vertex -4.3712992668151855 -20.009933471679688 5.983592510223389
		endloop
	endfacet
	facet normal -0.08127434457593566 -0.2900292277775516 0.953560447978265
		outer loop
			vertex -4.978295803070068 -18.038000106811523 6.645072937011719
			vertex -5.12001895904541 -17.9982852935791 6.645072937011719
			vertex -5.103142738342285 -18.490360260009766 6.49684476852417
		endloop
	endfacet
	facet normal -0.0705402756422893 -0.2517244744143576 0.965224770969501
		outer loop
			vertex -4.978295803070068 -18.038000106811523 6.645072937011719
			vertex -5.118829727172852 -17.38502311706543 6.8050947189331055
			vertex -5.12001895904541 -17.9982852935791 6.645072937011719
		endloop
	endfacet
	facet normal -0.08639767050963816 -0.37380500337314426 0.9234745594675101
		outer loop
			vertex -4.1902055740356445 -19.18096160888672 6.336087226867676
			vertex -4.651787757873535 -19.074275970458984 6.336087226867676
			vertex -4.3712992668151855 -20.009933471679688 5.983592510223389
		endloop
	endfacet
	facet normal -0.06515518514000279 -0.25072213903129686 0.9658639711931194
		outer loop
			vertex -4.4335856437683105 -18.179553985595703 6.645072937011719
			vertex -5.118829727172852 -17.38502311706543 6.8050947189331055
			vertex -4.978295803070068 -18.038000106811523 6.645072937011719
		endloop
	endfacet
	facet normal -0.07576433236902917 -0.2915469495332372 0.9535513316851586
		outer loop
			vertex -4.4335856437683105 -18.179553985595703 6.645072937011719
			vertex -4.978295803070068 -18.038000106811523 6.645072937011719
			vertex -5.103142738342285 -18.490360260009766 6.49684476852417
		endloop
	endfacet
	facet normal -0.06529169296915613 -0.3114657622881225 0.9480116422025103
		outer loop
			vertex -4.4335856437683105 -18.179553985595703 6.645072937011719
			vertex -5.103142738342285 -18.490360260009766 6.49684476852417
			vertex -4.651787757873535 -19.074275970458984 6.336087226867676
		endloop
	endfacet
	facet normal -0.07710867893940937 -0.43730513221201756 0.8960013800063309
		outer loop
			vertex -2.7361221313476562 -20.29825782775879 5.983592510223389
			vertex -4.53662633895874 -20.7667293548584 5.599999904632568
			vertex -2.8396050930023193 -21.065959930419922 5.599999904632568
		endloop
	endfacet
	facet normal -0.05397340383173179 -0.4404897869215445 0.89613370614916
		outer loop
			vertex -2.7361221313476562 -20.29825782775879 5.983592510223389
			vertex -2.8396050930023193 -21.065959930419922 5.599999904632568
			vertex -2.2455649375915527 -20.358366012573242 5.983592510223389
		endloop
	endfacet
	facet normal -0.0771084216744965 -0.4373058516067021 0.896001051035882
		outer loop
			vertex -2.7361221313476562 -20.29825782775879 5.983592510223389
			vertex -4.3712992668151855 -20.009933471679688 5.983592510223389
			vertex -4.53662633895874 -20.7667293548584 5.599999904632568
		endloop
	endfacet
	facet normal -0.07163520990859866 -0.3099342809078681 0.9480554510256634
		outer loop
			vertex -3.993654489517212 -18.28123664855957 6.645072937011719
			vertex -4.651787757873535 -19.074275970458984 6.336087226867676
			vertex -4.1902055740356445 -19.18096160888672 6.336087226867676
		endloop
	endfacet
	facet normal -0.07163594902459272 -0.30993371752528465 0.9480555793561383
		outer loop
			vertex -3.993654489517212 -18.28123664855957 6.645072937011719
			vertex -4.4335856437683105 -18.179553985595703 6.645072937011719
			vertex -4.651787757873535 -19.074275970458984 6.336087226867676
		endloop
	endfacet
	facet normal -0.060357273009397056 -0.19853000290934886 0.9782345513933164
		outer loop
			vertex -4.869223594665527 -16.537288665771484 6.9925408363342285
			vertex -5.159233570098877 -16.449119567871094 6.9925408363342285
			vertex -5.118829727172852 -17.38502311706543 6.8050947189331055
		endloop
	endfacet
	facet normal -0.04464900272826569 -0.14686161583479834 0.9881488411923396
		outer loop
			vertex -4.869223594665527 -16.537288665771484 6.9925408363342285
			vertex -5.228847980499268 -15.856522560119629 7.0774688720703125
			vertex -5.159233570098877 -16.449119567871094 6.9925408363342285
		endloop
	endfacet
	facet normal -0.0666646917440717 -0.37807245049571664 0.9233726447382075
		outer loop
			vertex -2.622770309448242 -19.45734405517578 6.336087226867676
			vertex -4.1902055740356445 -19.18096160888672 6.336087226867676
			vertex -4.3712992668151855 -20.009933471679688 5.983592510223389
		endloop
	endfacet
	facet normal -0.06666423425207067 -0.3780736150245006 0.9233722009535975
		outer loop
			vertex -2.622770309448242 -19.45734405517578 6.336087226867676
			vertex -4.3712992668151855 -20.009933471679688 5.983592510223389
			vertex -2.7361221313476562 -20.29825782775879 5.983592510223389
		endloop
	endfacet
	facet normal -0.05690895792336506 -0.1995453429218437 0.9782346480401728
		outer loop
			vertex -4.58637809753418 -16.61795425415039 6.9925408363342285
			vertex -4.869223594665527 -16.537288665771484 6.9925408363342285
			vertex -5.118829727172852 -17.38502311706543 6.8050947189331055
		endloop
	endfacet
	facet normal -0.0369460675689065 -0.10880306075966661 0.993376505691836
		outer loop
			vertex -5.063450813293457 -15.35495376586914 7.138556480407715
			vertex -5.333520889282227 -15.263246536254883 7.138556480407715
			vertex -5.228847980499268 -15.856522560119629 7.0774688720703125
		endloop
	endfacet
	facet normal -0.004993737694528694 -0.012790632232300536 0.9999057267117418
		outer loop
			vertex -5.353222370147705 -14.274343490600586 7.195124626159668
			vertex -4.728830337524414 -14.137040138244629 7.1999993324279785
			vertex -6.100841522216797 -13.601377487182617 7.1999993324279785
		endloop
	endfacet
	facet normal -0.01557945964359116 -0.039795791132986036 0.9990863703631
		outer loop
			vertex -5.353222370147705 -14.274343490600586 7.195124626159668
			vertex -5.760725975036621 -14.114811897277832 7.195124626159668
			vertex -5.502936840057373 -14.67355728149414 7.176888465881348
		endloop
	endfacet
	facet normal -0.005017810190592586 -0.012817371773990628 0.999905263793375
		outer loop
			vertex -5.353222370147705 -14.274343490600586 7.195124626159668
			vertex -6.100841522216797 -13.601377487182617 7.1999993324279785
			vertex -5.760725975036621 -14.114811897277832 7.195124626159668
		endloop
	endfacet
	facet normal -0.03805156122015605 -0.3817629991383959 0.9234766327187526
		outer loop
			vertex -2.152535915374756 -19.51496124267578 6.336087226867676
			vertex -2.2455649375915527 -20.358366012573242 5.983592510223389
			vertex -1.7417622804641724 -19.555904388427734 6.336087226867676
		endloop
	endfacet
	facet normal -0.033088549296149176 -0.33197018496432573 0.9427093635899815
		outer loop
			vertex -2.152535915374756 -19.51496124267578 6.336087226867676
			vertex -1.7417622804641724 -19.555904388427734 6.336087226867676
			vertex -1.5286903381347656 -19.12063217163086 6.49684476852417
		endloop
	endfacet
	facet normal -0.04666047527524525 -0.38081276213344917 0.9234741145497156
		outer loop
			vertex -2.152535915374756 -19.51496124267578 6.336087226867676
			vertex -2.622770309448242 -19.45734405517578 6.336087226867676
			vertex -2.7361221313476562 -20.29825782775879 5.983592510223389
		endloop
	endfacet
	facet normal -0.046661102444587536 -0.38081235597849894 0.9234742503463543
		outer loop
			vertex -2.152535915374756 -19.51496124267578 6.336087226867676
			vertex -2.7361221313476562 -20.29825782775879 5.983592510223389
			vertex -2.2455649375915527 -20.358366012573242 5.983592510223389
		endloop
	endfacet
	facet normal -0.05260867914892059 -0.20244361735474872 0.977879802772575
		outer loop
			vertex -4.084549903869629 -16.748363494873047 6.9925408363342285
			vertex -4.58637809753418 -16.61795425415039 6.9925408363342285
			vertex -5.118829727172852 -17.38502311706543 6.8050947189331055
		endloop
	endfacet
	facet normal -0.03639630370571305 -0.22738148187562313 0.973125362312897
		outer loop
			vertex -4.084549903869629 -16.748363494873047 6.9925408363342285
			vertex -5.118829727172852 -17.38502311706543 6.8050947189331055
			vertex -4.4335856437683105 -18.179553985595703 6.645072937011719
		endloop
	endfacet
	facet normal -0.020921661303620456 -0.13464225541099042 0.9906733806589022
		outer loop
			vertex -4.566730976104736 -15.50993537902832 7.138556480407715
			vertex -5.228847980499268 -15.856522560119629 7.0774688720703125
			vertex -4.869223594665527 -16.537288665771484 6.9925408363342285
		endloop
	endfacet
	facet normal -0.03422733608325216 -0.10969944408318111 0.9933753175071772
		outer loop
			vertex -4.566730976104736 -15.50993537902832 7.138556480407715
			vertex -5.063450813293457 -15.35495376586914 7.138556480407715
			vertex -5.228847980499268 -15.856522560119629 7.0774688720703125
		endloop
	endfacet
	facet normal 0.00014561401475347963 -0.06482514204773045 0.9978966277901988
		outer loop
			vertex -5.028996467590332 -14.39177131652832 7.195124626159668
			vertex -5.502936840057373 -14.67355728149414 7.176888465881348
			vertex -5.333520889282227 -15.263246536254883 7.138556480407715
		endloop
	endfacet
	facet normal -0.0048572316028827455 -0.013411133927864917 0.9998982692193865
		outer loop
			vertex -5.028996467590332 -14.39177131652832 7.195124626159668
			vertex -4.728830337524414 -14.137040138244629 7.1999993324279785
			vertex -5.353222370147705 -14.274343490600586 7.195124626159668
		endloop
	endfacet
	facet normal -0.014552667250949754 -0.04018086545313378 0.9990864416692483
		outer loop
			vertex -5.028996467590332 -14.39177131652832 7.195124626159668
			vertex -5.353222370147705 -14.274343490600586 7.195124626159668
			vertex -5.502936840057373 -14.67355728149414 7.176888465881348
		endloop
	endfacet
	facet normal -0.055275748709635544 -0.3134828530801056 0.9479836983985254
		outer loop
			vertex -2.4997434616088867 -18.544652938842773 6.645072937011719
			vertex -4.1902055740356445 -19.18096160888672 6.336087226867676
			vertex -2.622770309448242 -19.45734405517578 6.336087226867676
		endloop
	endfacet
	facet normal -0.05527548229895432 -0.3134834694186141 0.947983510119183
		outer loop
			vertex -2.4997434616088867 -18.544652938842773 6.645072937011719
			vertex -3.993654489517212 -18.28123664855957 6.645072937011719
			vertex -4.1902055740356445 -19.18096160888672 6.336087226867676
		endloop
	endfacet
	facet normal -0.03989536309746859 -0.22625830327212534 0.9732499885454611
		outer loop
			vertex -3.679252862930298 -16.842041015625 6.9925408363342285
			vertex -3.993654489517212 -18.28123664855957 6.645072937011719
			vertex -2.4997434616088867 -18.544652938842773 6.645072937011719
		endloop
	endfacet
	facet normal -0.05170179887751421 -0.22368839873052374 0.9732884589196584
		outer loop
			vertex -3.679252862930298 -16.842041015625 6.9925408363342285
			vertex -4.4335856437683105 -18.179553985595703 6.645072937011719
			vertex -3.993654489517212 -18.28123664855957 6.645072937011719
		endloop
	endfacet
	facet normal -0.051701773717709905 -0.2236884124483601 0.97328845710343
		outer loop
			vertex -3.679252862930298 -16.842041015625 6.9925408363342285
			vertex -4.084549903869629 -16.748363494873047 6.9925408363342285
			vertex -4.4335856437683105 -18.179553985595703 6.645072937011719
		endloop
	endfacet
	facet normal -0.03705106331521001 -0.1299157005265956 0.9908325436035579
		outer loop
			vertex -4.301456451416016 -15.585589408874512 7.138556480407715
			vertex -4.869223594665527 -16.537288665771484 6.9925408363342285
			vertex -4.58637809753418 -16.61795425415039 6.9925408363342285
		endloop
	endfacet
	facet normal -0.037050879652814915 -0.1299158089685591 0.99083253625272
		outer loop
			vertex -4.301456451416016 -15.585589408874512 7.138556480407715
			vertex -4.566730976104736 -15.50993537902832 7.138556480407715
			vertex -4.869223594665527 -16.537288665771484 6.9925408363342285
		endloop
	endfacet
	facet normal -0.019666761428023517 -0.05791695786319493 0.9981276694325261
		outer loop
			vertex -4.774346351623535 -14.478241920471191 7.195124626159668
			vertex -5.333520889282227 -15.263246536254883 7.138556480407715
			vertex -5.063450813293457 -15.35495376586914 7.138556480407715
		endloop
	endfacet
	facet normal -0.019666670468185935 -0.05791702251453065 0.9981276674733285
		outer loop
			vertex -4.774346351623535 -14.478241920471191 7.195124626159668
			vertex -5.028996467590332 -14.39177131652832 7.195124626159668
			vertex -5.333520889282227 -15.263246536254883 7.138556480407715
		endloop
	endfacet
	facet normal -0.004640625073759394 -0.013666328894522321 0.9998958426023541
		outer loop
			vertex -4.774346351623535 -14.478241920471191 7.195124626159668
			vertex -4.728830337524414 -14.137040138244629 7.1999993324279785
			vertex -5.028996467590332 -14.39177131652832 7.195124626159668
		endloop
	endfacet
	facet normal -0.0386888706714456 -0.31574304879978554 0.9480556409941266
		outer loop
			vertex -2.0515663623809814 -18.59956932067871 6.645072937011719
			vertex -2.4997434616088867 -18.544652938842773 6.645072937011719
			vertex -2.622770309448242 -19.45734405517578 6.336087226867676
		endloop
	endfacet
	facet normal -0.04517300036931362 -0.31501360850220217 0.9480115117951128
		outer loop
			vertex -2.0515663623809814 -18.59956932067871 6.645072937011719
			vertex -2.152535915374756 -19.51496124267578 6.336087226867676
			vertex -1.5286903381347656 -19.12063217163086 6.49684476852417
		endloop
	endfacet
	facet normal -0.038687660944600334 -0.3157437839603785 0.9480554455204705
		outer loop
			vertex -2.0515663623809814 -18.59956932067871 6.645072937011719
			vertex -2.622770309448242 -19.45734405517578 6.336087226867676
			vertex -2.152535915374756 -19.51496124267578 6.336087226867676
		endloop
	endfacet
	facet normal -0.033981372530680946 -0.13076270615578175 0.9908311566557381
		outer loop
			vertex -3.830803871154785 -15.707898139953613 7.138556480407715
			vertex -4.301456451416016 -15.585589408874512 7.138556480407715
			vertex -4.58637809753418 -16.61795425415039 6.9925408363342285
		endloop
	endfacet
	facet normal -0.033981133324769215 -0.13076290192739853 0.9908311390229365
		outer loop
			vertex -3.830803871154785 -15.707898139953613 7.138556480407715
			vertex -4.58637809753418 -16.61795425415039 6.9925408363342285
			vertex -4.084549903869629 -16.748363494873047 6.9925408363342285
		endloop
	endfacet
	facet normal -0.01821964603209359 -0.05839413675225464 0.9981273312014978
		outer loop
			vertex -4.305987358093262 -14.624375343322754 7.195124626159668
			vertex -4.774346351623535 -14.478241920471191 7.195124626159668
			vertex -5.063450813293457 -15.35495376586914 7.138556480407715
		endloop
	endfacet
	facet normal -0.0042791041654192475 -0.013714569063113751 0.9998967946058007
		outer loop
			vertex -4.305987358093262 -14.624375343322754 7.195124626159668
			vertex -4.728830337524414 -14.137040138244629 7.1999993324279785
			vertex -4.774346351623535 -14.478241920471191 7.195124626159668
		endloop
	endfacet
	facet normal -0.01821958194636913 -0.058394202986852765 0.9981273284963347
		outer loop
			vertex -4.305987358093262 -14.624375343322754 7.195124626159668
			vertex -5.063450813293457 -15.35495376586914 7.138556480407715
			vertex -4.566730976104736 -15.50993537902832 7.138556480407715
		endloop
	endfacet
	facet normal -0.02414994307667931 -0.2998407604818633 0.9536835421684968
		outer loop
			vertex -1.6600611209869385 -18.638591766357422 6.645072937011719
			vertex -1.5286903381347656 -19.12063217163086 6.49684476852417
			vertex -1.3445321321487427 -18.664005279541016 6.645072937011719
		endloop
	endfacet
	facet normal -0.02096320071492484 -0.2602748182279069 0.9653069787441797
		outer loop
			vertex -1.6600611209869385 -18.638591766357422 6.645072937011719
			vertex -1.3445321321487427 -18.664005279541016 6.645072937011719
			vertex -1.1359012126922607 -18.08732032775879 6.8050947189331055
		endloop
	endfacet
	facet normal -0.030026851579739666 -0.30125404934428535 0.9530710287999942
		outer loop
			vertex -1.6600611209869385 -18.638591766357422 6.645072937011719
			vertex -2.0515663623809814 -18.59956932067871 6.645072937011719
			vertex -1.5286903381347656 -19.12063217163086 6.49684476852417
		endloop
	endfacet
	facet normal -0.025537124726182654 -0.25620942015657366 0.9662839066670581
		outer loop
			vertex -1.6600611209869385 -18.638591766357422 6.645072937011719
			vertex -1.1359012126922607 -18.08732032775879 6.8050947189331055
			vertex -2.0515663623809814 -18.59956932067871 6.645072937011719
		endloop
	endfacet
	facet normal -0.016774860031593283 -0.058819642927781815 0.9981276740361269
		outer loop
			vertex -4.055859565734863 -14.695710182189941 7.195124626159668
			vertex -4.566730976104736 -15.50993537902832 7.138556480407715
			vertex -4.301456451416016 -15.585589408874512 7.138556480407715
		endloop
	endfacet
	facet normal -0.0036941472225996285 -0.013174687125513673 0.9999063860659371
		outer loop
			vertex -4.055859565734863 -14.695710182189941 7.195124626159668
			vertex -3.310654878616333 -14.534692764282227 7.1999993324279785
			vertex -4.728830337524414 -14.137040138244629 7.1999993324279785
		endloop
	endfacet
	facet normal -0.0037903974245348765 -0.013290613044280192 0.9999044916852167
		outer loop
			vertex -4.055859565734863 -14.695710182189941 7.195124626159668
			vertex -4.728830337524414 -14.137040138244629 7.1999993324279785
			vertex -4.305987358093262 -14.624375343322754 7.195124626159668
		endloop
	endfacet
	facet normal -0.016774965340699426 -0.05881957700037385 0.9981276761513607
		outer loop
			vertex -4.055859565734863 -14.695710182189941 7.195124626159668
			vertex -4.305987358093262 -14.624375343322754 7.195124626159668
			vertex -4.566730976104736 -15.50993537902832 7.138556480407715
		endloop
	endfacet
	facet normal -0.030424126846156013 -0.1316303899263133 0.990831879257776
		outer loop
			vertex -3.4506852626800537 -15.795755386352539 7.138556480407715
			vertex -4.084549903869629 -16.748363494873047 6.9925408363342285
			vertex -3.679252862930298 -16.842041015625 6.9925408363342285
		endloop
	endfacet
	facet normal -0.030423914064546125 -0.13163052966694713 0.9908318672270247
		outer loop
			vertex -3.4506852626800537 -15.795755386352539 7.138556480407715
			vertex -3.830803871154785 -15.707898139953613 7.138556480407715
			vertex -4.084549903869629 -16.748363494873047 6.9925408363342285
		endloop
	endfacet
	facet normal -0.03989551618356107 -0.22625840329847596 0.9732499590163216
		outer loop
			vertex -2.302950382232666 -17.084720611572266 6.9925408363342285
			vertex -3.679252862930298 -16.842041015625 6.9925408363342285
			vertex -2.4997434616088867 -18.544652938842773 6.645072937011719
		endloop
	endfacet
	facet normal -0.003571341135489162 -0.013742827951042265 0.9998991850193709
		outer loop
			vertex -3.61207914352417 -14.81103515625 7.195124626159668
			vertex -3.310654878616333 -14.534692764282227 7.1999993324279785
			vertex -4.055859565734863 -14.695710182189941 7.195124626159668
		endloop
	endfacet
	facet normal -0.015385098726378395 -0.05920318356186878 0.9981273875579807
		outer loop
			vertex -3.61207914352417 -14.81103515625 7.195124626159668
			vertex -4.055859565734863 -14.695710182189941 7.195124626159668
			vertex -4.301456451416016 -15.585589408874512 7.138556480407715
		endloop
	endfacet
	facet normal -0.015385150254777505 -0.05920313784005084 0.9981273894756771
		outer loop
			vertex -3.61207914352417 -14.81103515625 7.195124626159668
			vertex -4.301456451416016 -15.585589408874512 7.138556480407715
			vertex -3.830803871154785 -15.707898139953613 7.138556480407715
		endloop
	endfacet
	facet normal -0.027922929863167606 -0.22788132228750044 0.9732884531013183
		outer loop
			vertex -1.8900562524795532 -17.135313034057617 6.9925408363342285
			vertex -2.4997434616088867 -18.544652938842773 6.645072937011719
			vertex -2.0515663623809814 -18.59956932067871 6.645072937011719
		endloop
	endfacet
	facet normal -0.02792259410818354 -0.227881461855003 0.9732884300561149
		outer loop
			vertex -1.8900562524795532 -17.135313034057617 6.9925408363342285
			vertex -2.302950382232666 -17.084720611572266 6.9925408363342285
			vertex -2.4997434616088867 -18.544652938842773 6.645072937011719
		endloop
	endfacet
	facet normal -0.04356727839498871 -0.22611702264318118 0.973125369273783
		outer loop
			vertex -1.8900562524795532 -17.135313034057617 6.9925408363342285
			vertex -2.0515663623809814 -18.59956932067871 6.645072937011719
			vertex -1.1359012126922607 -18.08732032775879 6.8050947189331055
		endloop
	endfacet
	facet normal -0.003255903821640223 -0.014086830089170587 0.9998954746914015
		outer loop
			vertex -3.2536637783050537 -14.893876075744629 7.195124626159668
			vertex -3.310654878616333 -14.534692764282227 7.1999993324279785
			vertex -3.61207914352417 -14.81103515625 7.195124626159668
		endloop
	endfacet
	facet normal -0.0024616844648086564 -0.01396086723840597 0.9998995120988645
		outer loop
			vertex -3.2536637783050537 -14.893876075744629 7.195124626159668
			vertex -1.860159993171692 -14.790454864501953 7.1999993324279785
			vertex -3.310654878616333 -14.534692764282227 7.1999993324279785
		endloop
	endfacet
	facet normal -0.013774480067204475 -0.05959595150335499 0.9981275400785654
		outer loop
			vertex -3.2536637783050537 -14.893876075744629 7.195124626159668
			vertex -3.830803871154785 -15.707898139953613 7.138556480407715
			vertex -3.4506852626800537 -15.795755386352539 7.138556480407715
		endloop
	endfacet
	facet normal -0.013774475550755488 -0.059595954696590625 0.998127539950233
		outer loop
			vertex -3.2536637783050537 -14.893876075744629 7.195124626159668
			vertex -3.61207914352417 -14.81103515625 7.195124626159668
			vertex -3.830803871154785 -15.707898139953613 7.138556480407715
		endloop
	endfacet
	facet normal -0.02083180113629433 -0.20900582387592243 0.9776924882842074
		outer loop
			vertex -1.529372215270996 -17.171262741088867 6.9925408363342285
			vertex -1.8900562524795532 -17.135313034057617 6.9925408363342285
			vertex -1.1359012126922607 -18.08732032775879 6.8050947189331055
		endloop
	endfacet
	facet normal -0.023477316200545467 -0.13314607134292755 0.9908183180129261
		outer loop
			vertex -2.1598832607269287 -16.023359298706055 7.138556480407715
			vertex -3.4506852626800537 -15.795755386352539 7.138556480407715
			vertex -3.679252862930298 -16.842041015625 6.9925408363342285
		endloop
	endfacet
	facet normal -0.023477286631375327 -0.13314612505714155 0.9908183114954509
		outer loop
			vertex -2.1598832607269287 -16.023359298706055 7.138556480407715
			vertex -3.679252862930298 -16.842041015625 6.9925408363342285
			vertex -2.302950382232666 -17.084720611572266 6.9925408363342285
		endloop
	endfacet
	facet normal -0.010629518819824341 -0.06028281337763985 0.9981247395696271
		outer loop
			vertex -2.1598832607269287 -16.023359298706055 7.138556480407715
			vertex -3.2536637783050537 -14.893876075744629 7.195124626159668
			vertex -3.4506852626800537 -15.795755386352539 7.138556480407715
		endloop
	endfacet
	facet normal -0.012117847763270809 -0.20682896496510975 0.9783020683904576
		outer loop
			vertex -1.2386833429336548 -17.194677352905273 6.9925408363342285
			vertex -1.1359012126922607 -18.08732032775879 6.8050947189331055
			vertex -0.7778366208076477 -17.221677780151367 6.9925408363342285
		endloop
	endfacet
	facet normal -0.008960394859908858 -0.15293715771631466 0.9881952930031643
		outer loop
			vertex -1.2386833429336548 -17.194677352905273 6.9925408363342285
			vertex -0.7778366208076477 -17.221677780151367 6.9925408363342285
			vertex -0.5097400546073914 -16.688627243041992 7.0774688720703125
		endloop
	endfacet
	facet normal -0.016699395985914627 -0.20732048115608287 0.9781305374370622
		outer loop
			vertex -1.2386833429336548 -17.194677352905273 6.9925408363342285
			vertex -1.529372215270996 -17.171262741088867 6.9925408363342285
			vertex -1.1359012126922607 -18.08732032775879 6.8050947189331055
		endloop
	endfacet
	facet normal -0.01643115952914642 -0.13409773601147087 0.990831879883326
		outer loop
			vertex -1.7726393938064575 -16.07080841064453 7.138556480407715
			vertex -2.302950382232666 -17.084720611572266 6.9925408363342285
			vertex -1.8900562524795532 -17.135313034057617 6.9925408363342285
		endloop
	endfacet
	facet normal -0.016431044718435643 -0.13409779518234946 0.990831873779146
		outer loop
			vertex -1.7726393938064575 -16.07080841064453 7.138556480407715
			vertex -2.1598832607269287 -16.023359298706055 7.138556480407715
			vertex -2.302950382232666 -17.084720611572266 6.9925408363342285
		endloop
	endfacet
	facet normal -0.013398981295510537 -0.1344322128674283 0.9908321994383353
		outer loop
			vertex -1.4343624114990234 -16.104524612426758 7.138556480407715
			vertex -1.8900562524795532 -17.135313034057617 6.9925408363342285
			vertex -1.529372215270996 -17.171262741088867 6.9925408363342285
		endloop
	endfacet
	facet normal -0.01339891515979297 -0.13443224167786952 0.9908321964237958
		outer loop
			vertex -1.4343624114990234 -16.104524612426758 7.138556480407715
			vertex -1.7726393938064575 -16.07080841064453 7.138556480407715
			vertex -1.8900562524795532 -17.135313034057617 6.9925408363342285
		endloop
	endfacet
	facet normal -0.0024616834565951416 -0.01396088081431974 0.9998995119117962
		outer loop
			vertex -2.036561965942383 -15.108484268188477 7.195124626159668
			vertex -1.860159993171692 -14.790454864501953 7.1999993324279785
			vertex -3.2536637783050537 -14.893876075744629 7.195124626159668
		endloop
	endfacet
	facet normal -0.010629498022430378 -0.060282793309442084 0.9981247410031485
		outer loop
			vertex -2.036561965942383 -15.108484268188477 7.195124626159668
			vertex -3.2536637783050537 -14.893876075744629 7.195124626159668
			vertex -2.1598832607269287 -16.023359298706055 7.138556480407715
		endloop
	endfacet
	facet normal -0.022539464774938844 -0.13380603898185986 0.9907511879678189
		outer loop
			vertex -1.1617320775985718 -16.126483917236328 7.138556480407715
			vertex -1.2386833429336548 -17.194677352905273 6.9925408363342285
			vertex -0.5097400546073914 -16.688627243041992 7.0774688720703125
		endloop
	endfacet
	facet normal -0.010846647983037118 -0.13465949790463322 0.9908325639842507
		outer loop
			vertex -1.1617320775985718 -16.126483917236328 7.138556480407715
			vertex -1.529372215270996 -17.171262741088867 6.9925408363342285
			vertex -1.2386833429336548 -17.194677352905273 6.9925408363342285
		endloop
	endfacet
	facet normal -0.010846304352109122 -0.1346596170846309 0.9908325515487075
		outer loop
			vertex -1.1617320775985718 -16.126483917236328 7.138556480407715
			vertex -1.4343624114990234 -16.104524612426758 7.138556480407715
			vertex -1.529372215270996 -17.171262741088867 6.9925408363342285
		endloop
	endfacet
	facet normal -0.007439182030821107 -0.0607129933237891 0.9981275424575649
		outer loop
			vertex -1.6714283227920532 -15.153223991394043 7.195124626159668
			vertex -2.1598832607269287 -16.023359298706055 7.138556480407715
			vertex -1.7726393938064575 -16.07080841064453 7.138556480407715
		endloop
	endfacet
	facet normal -0.007439148402801146 -0.06071301214292682 0.9981275415634888
		outer loop
			vertex -1.6714283227920532 -15.153223991394043 7.195124626159668
			vertex -2.036561965942383 -15.108484268188477 7.195124626159668
			vertex -2.1598832607269287 -16.023359298706055 7.138556480407715
		endloop
	endfacet
	facet normal -0.0017584122200893439 -0.014350903717736868 0.9998954743116646
		outer loop
			vertex -1.6714283227920532 -15.153223991394043 7.195124626159668
			vertex -1.860159993171692 -14.790454864501953 7.1999993324279785
			vertex -2.036561965942383 -15.108484268188477 7.195124626159668
		endloop
	endfacet
	facet normal -0.006785631005333892 -0.11580563670781133 0.9932487149342595
		outer loop
			vertex -0.7295147180557251 -16.151809692382812 7.138556480407715
			vertex -1.1617320775985718 -16.126483917236328 7.138556480407715
			vertex -0.5097400546073914 -16.688627243041992 7.0774688720703125
		endloop
	endfacet
	facet normal -0.0014124940166148582 -0.014170980641020473 0.9998985889420612
		outer loop
			vertex -1.3524656295776367 -15.185016632080078 7.195124626159668
			vertex -1.860159993171692 -14.790454864501953 7.1999993324279785
			vertex -1.6714283227920532 -15.153223991394043 7.195124626159668
		endloop
	endfacet
	facet normal -0.006066390764159563 -0.06086451773103807 0.9981276017546379
		outer loop
			vertex -1.3524656295776367 -15.185016632080078 7.195124626159668
			vertex -1.7726393938064575 -16.07080841064453 7.138556480407715
			vertex -1.4343624114990234 -16.104524612426758 7.138556480407715
		endloop
	endfacet
	facet normal -0.004910689595089697 -0.06096745573690932 0.9981276744328197
		outer loop
			vertex -1.3524656295776367 -15.185016632080078 7.195124626159668
			vertex -1.4343624114990234 -16.104524612426758 7.138556480407715
			vertex -1.1617320775985718 -16.126483917236328 7.138556480407715
		endloop
	endfacet
	facet normal -0.006066664438626044 -0.06086438831179729 0.9981276079830775
		outer loop
			vertex -1.3524656295776367 -15.185016632080078 7.195124626159668
			vertex -1.6714283227920532 -15.153223991394043 7.195124626159668
			vertex -1.7726393938064575 -16.07080841064453 7.138556480407715
		endloop
	endfacet
	facet normal -0.002251975391091528 -0.11501637334641117 0.9933610433619174
		outer loop
			vertex -0.42463168501853943 -16.16269874572754 7.138556480407715
			vertex -0.5097400546073914 -16.688627243041992 7.0774688720703125
			vertex -0.20846766233444214 -16.16693115234375 7.138556480407715
		endloop
	endfacet
	facet normal -0.00409732029788679 -0.11472103223275362 0.9933892976722812
		outer loop
			vertex -0.42463168501853943 -16.16269874572754 7.138556480407715
			vertex -0.7295147180557251 -16.151809692382812 7.138556480407715
			vertex -0.5097400546073914 -16.688627243041992 7.0774688720703125
		endloop
	endfacet
	facet normal -0.0010345892853680062 -0.013642936090608404 0.9999063955790254
		outer loop
			vertex -1.095401406288147 -15.205721855163574 7.195124626159668
			vertex -0.3915056884288788 -14.901827812194824 7.1999993324279785
			vertex -1.860159993171692 -14.790454864501953 7.1999993324279785
		endloop
	endfacet
	facet normal -0.0011100627665768903 -0.013781905258491309 0.9999044088552166
		outer loop
			vertex -1.095401406288147 -15.205721855163574 7.195124626159668
			vertex -1.860159993171692 -14.790454864501953 7.1999993324279785
			vertex -1.3524656295776367 -15.185016632080078 7.195124626159668
		endloop
	endfacet
	facet normal -0.004910619071761376 -0.06096744152247721 0.9981276756480284
		outer loop
			vertex -1.095401406288147 -15.205721855163574 7.195124626159668
			vertex -1.3524656295776367 -15.185016632080078 7.195124626159668
			vertex -1.1617320775985718 -16.126483917236328 7.138556480407715
		endloop
	endfacet
	facet normal -0.003578005046397977 -0.06106331927217596 0.9981274812965288
		outer loop
			vertex -0.6878621578216553 -15.229599952697754 7.195124626159668
			vertex -1.1617320775985718 -16.126483917236328 7.138556480407715
			vertex -0.7295147180557251 -16.151809692382812 7.138556480407715
		endloop
	endfacet
	facet normal -0.0008274563407524602 -0.014122604816668693 0.9998999286674624
		outer loop
			vertex -0.6878621578216553 -15.229599952697754 7.195124626159668
			vertex -0.3915056884288788 -14.901827812194824 7.1999993324279785
			vertex -1.095401406288147 -15.205721855163574 7.195124626159668
		endloop
	endfacet
	facet normal -0.002183158092527753 -0.06112632933072039 0.9981276499943761
		outer loop
			vertex -0.6878621578216553 -15.229599952697754 7.195124626159668
			vertex -0.7295147180557251 -16.151809692382812 7.138556480407715
			vertex -0.42463168501853943 -16.16269874572754 7.138556480407715
		endloop
	endfacet
	facet normal -0.003577763219842429 -0.061063446604927775 0.9981274743734239
		outer loop
			vertex -0.6878621578216553 -15.229599952697754 7.195124626159668
			vertex -1.095401406288147 -15.205721855163574 7.195124626159668
			vertex -1.1617320775985718 -16.126483917236328 7.138556480407715
		endloop
	endfacet
	facet normal -0.01733727294008039 -0.06447166239287667 0.997768923005372
		outer loop
			vertex -0.400386780500412 -15.2398681640625 7.195124626159668
			vertex -0.20846766233444214 -16.16693115234375 7.138556480407715
			vertex 0.15241706371307373 -15.670748710632324 7.176888465881348
		endloop
	endfacet
	facet normal -0.0005145428826381147 -0.01440546986033043 0.9998961034446154
		outer loop
			vertex -0.400386780500412 -15.2398681640625 7.195124626159668
			vertex -0.3915056884288788 -14.901827812194824 7.1999993324279785
			vertex -0.6878621578216553 -15.229599952697754 7.195124626159668
		endloop
	endfacet
	facet normal -0.0021833473928391752 -0.06112638251046706 0.9981276463235284
		outer loop
			vertex -0.400386780500412 -15.2398681640625 7.195124626159668
			vertex -0.6878621578216553 -15.229599952697754 7.195124626159668
			vertex -0.42463168501853943 -16.16269874572754 7.138556480407715
		endloop
	endfacet
	facet normal -0.001197337852539231 -0.06115229234485237 0.9981277290622862
		outer loop
			vertex -0.400386780500412 -15.2398681640625 7.195124626159668
			vertex -0.42463168501853943 -16.16269874572754 7.138556480407715
			vertex -0.20846766233444214 -16.16693115234375 7.138556480407715
		endloop
	endfacet
	facet normal 0.0010290330110591618 -0.04272436398304131 0.9990863675445216
		outer loop
			vertex 0.14827030897140503 -15.244405746459961 7.195124626159668
			vertex 0.15241706371307373 -15.670748710632324 7.176888465881348
			vertex 0.585761547088623 -15.233868598937988 7.195124626159668
		endloop
	endfacet
	facet normal 0.000331429953183464 -0.013760621673465978 0.9999052632351456
		outer loop
			vertex 0.14827030897140503 -15.244405746459961 7.195124626159668
			vertex 0.585761547088623 -15.233868598937988 7.195124626159668
			vertex 1.0809705257415771 -14.867724418640137 7.1999993324279785
		endloop
	endfacet
	facet normal 0.0003179298247803063 -0.013727200022299116 0.9999057270063886
		outer loop
			vertex 0.14827030897140503 -15.244405746459961 7.195124626159668
			vertex 1.0809705257415771 -14.867724418640137 7.1999993324279785
			vertex -0.3915056884288788 -14.901827812194824 7.1999993324279785
		endloop
	endfacet
	facet normal -0.00035345632027951215 -0.04273780594011681 0.9990862600456754
		outer loop
			vertex 0.14827030897140503 -15.244405746459961 7.195124626159668
			vertex -0.400386780500412 -15.2398681640625 7.195124626159668
			vertex 0.15241706371307373 -15.670748710632324 7.176888465881348
		endloop
	endfacet
	facet normal -0.00011922407115202674 -0.014415855436554622 0.9998960790490447
		outer loop
			vertex 0.14827030897140503 -15.244405746459961 7.195124626159668
			vertex -0.3915056884288788 -14.901827812194824 7.1999993324279785
			vertex -0.400386780500412 -15.2398681640625 7.195124626159668
		endloop
	endfacet
	facet normal 0.9304479772484223 -0.366424018910223 0
		outer loop
			vertex -0.922391414642334 -17.545162200927734 0.2702690660953522
			vertex -1.1359012126922607 -18.08732032775879 6.8050947189331055
			vertex -1.1359012126922607 -18.08732032775879 0.39490529894828796
		endloop
	endfacet
	facet normal 0.9241798698618146 -0.38195462851760903 -0.0014932836886500682
		outer loop
			vertex -0.922391414642334 -17.545162200927734 0.2702690660953522
			vertex -0.7778366208076477 -17.221677780151367 6.9925408363342285
			vertex -1.1359012126922607 -18.08732032775879 6.8050947189331055
		endloop
	endfacet
	facet normal 0.8934094778648273 -0.4492428587550114 -0.0005989314832651647
		outer loop
			vertex -0.6746463179588318 -17.007368087768555 0.1705513596534729
			vertex -0.5097400546073914 -16.688627243041992 7.0774688720703125
			vertex -0.7778366208076477 -17.221677780151367 6.9925408363342285
		endloop
	endfacet
	facet normal 0.9083015710112411 -0.4183155491006207 0.0005978956077177203
		outer loop
			vertex -0.6746463179588318 -17.007368087768555 0.1705513596534729
			vertex -0.7778366208076477 -17.221677780151367 6.9925408363342285
			vertex -0.922391414642334 -17.545162200927734 0.2702690660953522
		endloop
	endfacet
	facet normal 0.8659743568484906 -0.5000884054653171 0
		outer loop
			vertex -0.20846766233444214 -16.16693115234375 0.06144355982542038
			vertex -0.20846766233444214 -16.16693115234375 7.138556480407715
			vertex -0.5097400546073914 -16.688627243041992 7.0774688720703125
		endloop
	endfacet
	facet normal 0.8745613273978023 -0.4849126138886225 0.0014971679592216888
		outer loop
			vertex -0.20846766233444214 -16.16693115234375 0.06144355982542038
			vertex -0.5097400546073914 -16.688627243041992 7.0774688720703125
			vertex -0.6746463179588318 -17.007368087768555 0.1705513596534729
		endloop
	endfacet
	facet normal -0.012059962651630752 -0.006595331500099845 -0.9999055249888588
		outer loop
			vertex -12.70960807800293 -7.7899675369262695 8.907265964808175e-7
			vertex -13.485797882080078 -7.109650135040283 0.004875252489000559
			vertex -13.416313171386719 -6.497714519500732 8.907265964808175e-7
		endloop
	endfacet
	facet normal -0.02678679157425855 -0.023401366902641794 -0.9993672217079391
		outer loop
			vertex -13.647475242614746 -7.7033772468566895 0.023111635819077492
			vertex -13.485797882080078 -7.109650135040283 0.004875252489000559
			vertex -12.70960807800293 -7.7899675369262695 8.907265964808175e-7
		endloop
	endfacet
	facet normal -0.027697327691872792 -0.02231623599275802 -0.9993672216206836
		outer loop
			vertex -9.343422889709473 -12.046340942382812 0.004875252489000559
			vertex -9.956205368041992 -12.102461814880371 0.023111635819077492
			vertex -9.878621101379395 -11.163806915283203 8.907265964808175e-7
		endloop
	endfacet
	facet normal -0.008589300077060465 -0.010731460780911395 -0.9999055253741196
		outer loop
			vertex -8.728717803955078 -12.084172248840332 8.907265964808175e-7
			vertex -9.343422889709473 -12.046340942382812 0.004875252489000559
			vertex -9.878621101379395 -11.163806915283203 8.907265964808175e-7
		endloop
	endfacet
	facet normal -0.06656783448844047 -0.03857355892398772 -0.997036009361476
		outer loop
			vertex -13.469749450683594 -8.010085105895996 0.023111628368496895
			vertex -13.89673900604248 -8.26400375366211 0.06144355982542038
			vertex -13.647475242614746 -7.7033772468566895 0.023111635819077492
		endloop
	endfacet
	facet normal -0.02602288382821166 -0.015079268604260147 -0.9995476102595735
		outer loop
			vertex -13.469749450683594 -8.010085105895996 0.023111628368496895
			vertex -13.647475242614746 -7.7033772468566895 0.023111635819077492
			vertex -12.70960807800293 -7.7899675369262695 8.907265964808175e-7
		endloop
	endfacet
	facet normal -0.07299935386064386 -0.08772290402095868 -0.9934665502401469
		outer loop
			vertex -13.250659942626953 -8.367532730102539 0.023111628368496895
			vertex -14.391489028930664 -9.087944984436035 0.1705513596534729
			vertex -13.89673900604248 -8.26400375366211 0.06144355982542038
		endloop
	endfacet
	facet normal -0.02580856179387596 -0.015818779379555857 -0.9995417371761286
		outer loop
			vertex -13.250659942626953 -8.367532730102539 0.023111628368496895
			vertex -13.469749450683594 -8.010085105895996 0.023111628368496895
			vertex -12.70960807800293 -7.7899675369262695 8.907265964808175e-7
		endloop
	endfacet
	facet normal -0.06559694800244151 -0.0402061787367417 -0.9970358587353588
		outer loop
			vertex -13.250659942626953 -8.367532730102539 0.023111628368496895
			vertex -13.89673900604248 -8.26400375366211 0.06144355982542038
			vertex -13.469749450683594 -8.010085105895996 0.023111628368496895
		endloop
	endfacet
	facet normal -0.025241782711210907 -0.01634996415092699 -0.9995476632346372
		outer loop
			vertex -13.054099082946777 -8.670991897583008 0.023111628368496895
			vertex -13.250659942626953 -8.367532730102539 0.023111628368496895
			vertex -12.70960807800293 -7.7899675369262695 8.907265964808175e-7
		endloop
	endfacet
	facet normal -0.024409376355923818 -0.016673824867102303 -0.9995629874651303
		outer loop
			vertex -12.827513694763184 -9.00280475616455 0.023111628368496895
			vertex -12.70960807800293 -7.7899675369262695 8.907265964808175e-7
			vertex -11.878829002380371 -9.006173133850098 8.907265964808175e-7
		endloop
	endfacet
	facet normal -0.024416254996347142 -0.016673153174313615 -0.9995628306690778
		outer loop
			vertex -12.827513694763184 -9.00280475616455 0.023111628368496895
			vertex -13.054099082946777 -8.670991897583008 0.023111628368496895
			vertex -12.70960807800293 -7.7899675369262695 8.907265964808175e-7
		endloop
	endfacet
	facet normal -0.02441203502629335 -0.01752269778147635 -0.9995484018337153
		outer loop
			vertex -12.633611679077148 -9.272942543029785 0.023111628368496895
			vertex -12.827513694763184 -9.00280475616455 0.023111628368496895
			vertex -11.878829002380371 -9.006173133850098 8.907265964808175e-7
		endloop
	endfacet
	facet normal -0.024219214793637023 -0.018067818332414436 -0.9995433875402742
		outer loop
			vertex -12.488048553466797 -9.468064308166504 0.023111628368496895
			vertex -12.633611679077148 -9.272942543029785 0.023111628368496895
			vertex -11.878829002380371 -9.006173133850098 8.907265964808175e-7
		endloop
	endfacet
	facet normal -0.14979195414913515 -0.09702550124886211 -0.9839453351582041
		outer loop
			vertex -14.17800521850586 -9.417530059814453 0.1705513596534729
			vertex -14.73336124420166 -9.571395874023438 0.2702690660953522
			vertex -14.391489028930664 -9.087944984436035 0.1705513596534729
		endloop
	endfacet
	facet normal -0.09117902873594749 -0.059059854160670125 -0.9940816457139171
		outer loop
			vertex -14.17800521850586 -9.417530059814453 0.1705513596534729
			vertex -14.391489028930664 -9.087944984436035 0.1705513596534729
			vertex -13.250659942626953 -8.367532730102539 0.023111628368496895
		endloop
	endfacet
	facet normal -0.09117908429202987 -0.05905980479052792 -0.9940816435513593
		outer loop
			vertex -14.17800521850586 -9.417530059814453 0.1705513596534729
			vertex -13.250659942626953 -8.367532730102539 0.023111628368496895
			vertex -13.054099082946777 -8.670991897583008 0.023111628368496895
		endloop
	endfacet
	facet normal -0.08971505198661568 -0.061263809869209686 -0.9940814629834662
		outer loop
			vertex -13.931912422180176 -9.777910232543945 0.1705513596534729
			vertex -13.054099082946777 -8.670991897583008 0.023111628368496895
			vertex -12.827513694763184 -9.00280475616455 0.023111628368496895
		endloop
	endfacet
	facet normal -0.08971511636171067 -0.061263758466284415 -0.9940814603415504
		outer loop
			vertex -13.931912422180176 -9.777910232543945 0.1705513596534729
			vertex -14.17800521850586 -9.417530059814453 0.1705513596534729
			vertex -13.054099082946777 -8.670991897583008 0.023111628368496895
		endloop
	endfacet
	facet normal -0.1485277412803891 -0.10142513364925022 -0.9836932714695051
		outer loop
			vertex -13.931912422180176 -9.777910232543945 0.1705513596534729
			vertex -14.73336124420166 -9.571395874023438 0.2702690660953522
			vertex -14.17800521850586 -9.417530059814453 0.1705513596534729
		endloop
	endfacet
	facet normal -0.08825302448009421 -0.0633470775623711 -0.9940817629523353
		outer loop
			vertex -13.721315383911133 -10.071306228637695 0.1705513596534729
			vertex -12.827513694763184 -9.00280475616455 0.023111628368496895
			vertex -12.633611679077148 -9.272942543029785 0.023111628368496895
		endloop
	endfacet
	facet normal -0.08825292249492615 -0.0633471633678329 -0.9940817665385248
		outer loop
			vertex -13.721315383911133 -10.071306228637695 0.1705513596534729
			vertex -13.931912422180176 -9.777910232543945 0.1705513596534729
			vertex -12.827513694763184 -9.00280475616455 0.023111628368496895
		endloop
	endfacet
	facet normal -0.08707187612268283 -0.06495634996686893 -0.9940820695432838
		outer loop
			vertex -13.563220024108887 -10.283227920532227 0.1705513596534729
			vertex -13.721315383911133 -10.071306228637695 0.1705513596534729
			vertex -12.633611679077148 -9.272942543029785 0.023111628368496895
		endloop
	endfacet
	facet normal -0.08707170188938257 -0.06495651097841652 -0.9940820742834052
		outer loop
			vertex -13.563220024108887 -10.283227920532227 0.1705513596534729
			vertex -12.633611679077148 -9.272942543029785 0.023111628368496895
			vertex -12.488048553466797 -9.468064308166504 0.023111628368496895
		endloop
	endfacet
	facet normal -0.022986342016140967 -0.0192878299256251 -0.9995497024648037
		outer loop
			vertex -11.58687973022461 -10.55176830291748 0.023111628368496895
			vertex -11.878829002380371 -9.006173133850098 8.907265964808175e-7
			vertex -10.932085990905762 -10.1344575881958 8.907265964808175e-7
		endloop
	endfacet
	facet normal -0.023255711229531316 -0.01933860355215598 -0.9995424904964577
		outer loop
			vertex -11.58687973022461 -10.55176830291748 0.023111628368496895
			vertex -12.488048553466797 -9.468064308166504 0.023111628368496895
			vertex -11.878829002380371 -9.006173133850098 8.907265964808175e-7
		endloop
	endfacet
	facet normal -0.08360686169708206 -0.06952442506022595 -0.9940705442760137
		outer loop
			vertex -11.58687973022461 -10.55176830291748 0.023111628368496895
			vertex -13.563220024108887 -10.283227920532227 0.1705513596534729
			vertex -12.488048553466797 -9.468064308166504 0.023111628368496895
		endloop
	endfacet
	facet normal -0.18041419684066395 -0.12319996196290635 -0.9758444993699954
		outer loop
			vertex -14.834098815917969 -10.411096572875977 0.39490529894828796
			vertex -15.096128463745117 -10.027379989624023 0.39490529894828796
			vertex -14.73336124420166 -9.571395874023438 0.2702690660953522
		endloop
	endfacet
	facet normal -0.21590405821347294 -0.1474350257647889 -0.965219327834192
		outer loop
			vertex -14.834098815917969 -10.411096572875977 0.39490529894828796
			vertex -15.49123764038086 -10.4964017868042 0.554926872253418
			vertex -15.096128463745117 -10.027379989624023 0.39490529894828796
		endloop
	endfacet
	facet normal -0.1546026178902889 -0.12688294512274428 -0.9797952586017388
		outer loop
			vertex -14.834098815917969 -10.411096572875977 0.39490529894828796
			vertex -14.73336124420166 -9.571395874023438 0.2702690660953522
			vertex -13.931912422180176 -9.777910232543945 0.1705513596534729
		endloop
	endfacet
	facet normal -0.022121353603031847 -0.02064464555375745 -0.9995421173340969
		outer loop
			vertex -11.325868606567383 -10.831449508666992 0.023111628368496895
			vertex -11.58687973022461 -10.55176830291748 0.023111628368496895
			vertex -10.932085990905762 -10.1344575881958 8.907265964808175e-7
		endloop
	endfacet
	facet normal -0.1620462248761065 -0.11631533993627774 -0.9799039558543025
		outer loop
			vertex -14.609865188598633 -10.723491668701172 0.39490529894828796
			vertex -13.931912422180176 -9.777910232543945 0.1705513596534729
			vertex -13.721315383911133 -10.071306228637695 0.1705513596534729
		endloop
	endfacet
	facet normal -0.2148268711020042 -0.1542002713762855 -0.9644022458289917
		outer loop
			vertex -14.609865188598633 -10.723491668701172 0.39490529894828796
			vertex -15.49123764038086 -10.4964017868042 0.554926872253418
			vertex -14.834098815917969 -10.411096572875977 0.39490529894828796
		endloop
	endfacet
	facet normal -0.1620465089479963 -0.11631513100377501 -0.979903933677859
		outer loop
			vertex -14.609865188598633 -10.723491668701172 0.39490529894828796
			vertex -14.834098815917969 -10.411096572875977 0.39490529894828796
			vertex -13.931912422180176 -9.777910232543945 0.1705513596534729
		endloop
	endfacet
	facet normal -0.021495639443690512 -0.020998366411896376 -0.9995484010756751
		outer loop
			vertex -11.093505859375 -11.069314956665039 0.023111628368496895
			vertex -11.325868606567383 -10.831449508666992 0.023111628368496895
			vertex -10.932085990905762 -10.1344575881958 8.907265964808175e-7
		endloop
	endfacet
	facet normal -0.15987741030277805 -0.11927052386648546 -0.9799049728476182
		outer loop
			vertex -14.44153118133545 -10.949136734008789 0.39490529894828796
			vertex -14.609865188598633 -10.723491668701172 0.39490529894828796
			vertex -13.721315383911133 -10.071306228637695 0.1705513596534729
		endloop
	endfacet
	facet normal -0.1598778114611292 -0.11927018844263552 -0.979904948222662
		outer loop
			vertex -14.44153118133545 -10.949136734008789 0.39490529894828796
			vertex -13.721315383911133 -10.071306228637695 0.1705513596534729
			vertex -13.563220024108887 -10.283227920532227 0.1705513596534729
		endloop
	endfacet
	facet normal -0.02062893641882818 -0.021112230467958543 -0.9995642654211364
		outer loop
			vertex -10.90999698638916 -11.250225067138672 0.023111628368496895
			vertex -10.932085990905762 -10.1344575881958 8.907265964808175e-7
			vertex -9.878621101379395 -11.163806915283203 8.907265964808175e-7
		endloop
	endfacet
	facet normal -0.020816835503131077 -0.021115868053532407 -0.9995602930668972
		outer loop
			vertex -10.90999698638916 -11.250225067138672 0.023111628368496895
			vertex -11.093505859375 -11.069314956665039 0.023111628368496895
			vertex -10.932085990905762 -10.1344575881958 8.907265964808175e-7
		endloop
	endfacet
	facet normal -0.0836068696274061 -0.06952448613541531 -0.994070539337482
		outer loop
			vertex -12.584464073181152 -11.460233688354492 0.1705513596534729
			vertex -13.563220024108887 -10.283227920532227 0.1705513596534729
			vertex -11.58687973022461 -10.55176830291748 0.023111628368496895
		endloop
	endfacet
	facet normal -0.02058429584995362 -0.02164221776512736 -0.9995538510628472
		outer loop
			vertex -10.689811706542969 -11.459647178649902 0.023111628368496895
			vertex -10.90999698638916 -11.250225067138672 0.023111628368496895
			vertex -9.878621101379395 -11.163806915283203 8.907265964808175e-7
		endloop
	endfacet
	facet normal -0.07942270637160916 -0.07412085405738017 -0.9940815523418659
		outer loop
			vertex -12.300981521606445 -11.763994216918945 0.1705513596534729
			vertex -11.58687973022461 -10.55176830291748 0.023111628368496895
			vertex -11.325868606567383 -10.831449508666992 0.023111628368496895
		endloop
	endfacet
	facet normal -0.0794227890708396 -0.07412080498208656 -0.9940815493937187
		outer loop
			vertex -12.300981521606445 -11.763994216918945 0.1705513596534729
			vertex -12.584464073181152 -11.460233688354492 0.1705513596534729
			vertex -11.58687973022461 -10.55176830291748 0.023111628368496895
		endloop
	endfacet
	facet normal -0.020320313985652053 -0.022365231607802852 -0.9995433363564853
		outer loop
			vertex -10.38525676727295 -11.736355781555176 0.023111628368496895
			vertex -10.689811706542969 -11.459647178649902 0.023111628368496895
			vertex -9.878621101379395 -11.163806915283203 8.907265964808175e-7
		endloop
	endfacet
	facet normal -0.049700996694580404 -0.05824621192393548 -0.9970642856526741
		outer loop
			vertex -10.38525676727295 -11.736355781555176 0.023111628368496895
			vertex -9.956205368041992 -12.102461814880371 0.023111635819077492
			vertex -10.55159854888916 -12.250587463378906 0.06144355982542038
		endloop
	endfacet
	facet normal -0.019615912865098152 -0.022988537590323738 -0.9995432672485605
		outer loop
			vertex -10.38525676727295 -11.736355781555176 0.023111628368496895
			vertex -9.878621101379395 -11.163806915283203 8.907265964808175e-7
			vertex -9.956205368041992 -12.102461814880371 0.023111635819077492
		endloop
	endfacet
	facet normal -0.0521850994908369 -0.057436702868513774 -0.9969843231238521
		outer loop
			vertex -10.38525676727295 -11.736355781555176 0.023111628368496895
			vertex -10.55159854888916 -12.250587463378906 0.06144355982542038
			vertex -10.689811706542969 -11.459647178649902 0.023111628368496895
		endloop
	endfacet
	facet normal -0.25626568123602433 -0.1839448170570123 -0.9489426773512186
		outer loop
			vertex -15.809762001037598 -11.604204177856445 0.8556841015815735
			vertex -16.052412033081055 -11.266152381896973 0.8556841015815735
			vertex -15.49123764038086 -10.4964017868042 0.554926872253418
		endloop
	endfacet
	facet normal -0.31071683960420865 -0.22302928719077625 -0.9239658990685461
		outer loop
			vertex -15.809762001037598 -11.604204177856445 0.8556841015815735
			vertex -16.50338363647461 -12.113314628601074 1.2118297815322876
			vertex -16.052412033081055 -11.266152381896973 0.8556841015815735
		endloop
	endfacet
	facet normal -0.22362003008447473 -0.19496959950830503 -0.9549769303038634
		outer loop
			vertex -15.809762001037598 -11.604204177856445 0.8556841015815735
			vertex -15.49123764038086 -10.4964017868042 0.554926872253418
			vertex -14.609865188598633 -10.723491668701172 0.39490529894828796
		endloop
	endfacet
	facet normal -0.237042068397237 -0.17683631241331452 -0.9552695831135943
		outer loop
			vertex -15.809762001037598 -11.604204177856445 0.8556841015815735
			vertex -14.609865188598633 -10.723491668701172 0.39490529894828796
			vertex -14.44153118133545 -10.949136734008789 0.39490529894828796
		endloop
	endfacet
	facet normal -0.07770963937647049 -0.07591215179707425 -0.9940817658309183
		outer loop
			vertex -12.048612594604492 -12.0223388671875 0.1705513596534729
			vertex -12.300981521606445 -11.763994216918945 0.1705513596534729
			vertex -11.325868606567383 -10.831449508666992 0.023111628368496895
		endloop
	endfacet
	facet normal -0.07770977894166986 -0.07591206655094965 -0.9940817614305179
		outer loop
			vertex -12.048612594604492 -12.0223388671875 0.1705513596534729
			vertex -11.325868606567383 -10.831449508666992 0.023111628368496895
			vertex -11.093505859375 -11.069314956665039 0.023111628368496895
		endloop
	endfacet
	facet normal -0.30655913523051687 -0.22869629017167506 -0.9239694277780142
		outer loop
			vertex -15.627603530883789 -11.848381042480469 0.8556841015815735
			vertex -16.50338363647461 -12.113314628601074 1.2118297815322876
			vertex -15.809762001037598 -11.604204177856445 0.8556841015815735
		endloop
	endfacet
	facet normal -0.23704224090834297 -0.17683596696263784 -0.9552696042550187
		outer loop
			vertex -15.627603530883789 -11.848381042480469 0.8556841015815735
			vertex -15.809762001037598 -11.604204177856445 0.8556841015815735
			vertex -14.44153118133545 -10.949136734008789 0.39490529894828796
		endloop
	endfacet
	facet normal -0.12691222479873163 -0.12873492756277902 -0.9835245831305095
		outer loop
			vertex -11.84930419921875 -12.218825340270996 0.1705513596534729
			vertex -11.984405517578125 -12.847472190856934 0.2702690660953522
			vertex -12.048612594604492 -12.0223388671875 0.1705513596534729
		endloop
	endfacet
	facet normal -0.07486746623716947 -0.07871525067649048 -0.9940818737961997
		outer loop
			vertex -11.84930419921875 -12.218825340270996 0.1705513596534729
			vertex -10.90999698638916 -11.250225067138672 0.023111628368496895
			vertex -10.689811706542969 -11.459647178649902 0.023111628368496895
		endloop
	endfacet
	facet normal -0.0762648672547413 -0.07736017690332223 -0.9940820253138589
		outer loop
			vertex -11.84930419921875 -12.218825340270996 0.1705513596534729
			vertex -12.048612594604492 -12.0223388671875 0.1705513596534729
			vertex -11.093505859375 -11.069314956665039 0.023111628368496895
		endloop
	endfacet
	facet normal -0.07626472968874165 -0.07736026779879986 -0.9940820287942044
		outer loop
			vertex -11.84930419921875 -12.218825340270996 0.1705513596534729
			vertex -11.093505859375 -11.069314956665039 0.023111628368496895
			vertex -10.90999698638916 -11.250225067138672 0.023111628368496895
		endloop
	endfacet
	facet normal -0.22759266330970632 -0.18925756288940165 -0.9551874970374974
		outer loop
			vertex -13.399394989013672 -12.202363014221191 0.39490529894828796
			vertex -15.627603530883789 -11.848381042480469 0.8556841015815735
			vertex -14.44153118133545 -10.949136734008789 0.39490529894828796
		endloop
	endfacet
	facet normal -0.15351108243125283 -0.12765433234957202 -0.9798666843010688
		outer loop
			vertex -13.399394989013672 -12.202363014221191 0.39490529894828796
			vertex -13.563220024108887 -10.283227920532227 0.1705513596534729
			vertex -12.584464073181152 -11.460233688354492 0.1705513596534729
		endloop
	endfacet
	facet normal -0.14583249645511986 -0.13609723551964029 -0.9799032735232488
		outer loop
			vertex -13.399394989013672 -12.202363014221191 0.39490529894828796
			vertex -12.584464073181152 -11.460233688354492 0.1705513596534729
			vertex -12.300981521606445 -11.763994216918945 0.1705513596534729
		endloop
	endfacet
	facet normal -0.1535114046841 -0.12765435363224376 -0.9798666310425356
		outer loop
			vertex -13.399394989013672 -12.202363014221191 0.39490529894828796
			vertex -14.44153118133545 -10.949136734008789 0.39490529894828796
			vertex -13.563220024108887 -10.283227920532227 0.1705513596534729
		endloop
	endfacet
	facet normal -0.08515812848772265 -0.09247708891401846 -0.9920665709409109
		outer loop
			vertex -11.610162734985352 -12.446277618408203 0.1705513596534729
			vertex -10.55159854888916 -12.250587463378906 0.06144355982542038
			vertex -11.448934555053711 -12.594745635986328 0.1705513596534729
		endloop
	endfacet
	facet normal -0.12113609751029543 -0.13154720352704616 -0.9838807748524158
		outer loop
			vertex -11.610162734985352 -12.446277618408203 0.1705513596534729
			vertex -11.448934555053711 -12.594745635986328 0.1705513596534729
			vertex -11.984405517578125 -12.847472190856934 0.2702690660953522
		endloop
	endfacet
	facet normal -0.12324549612692062 -0.12957930624104033 -0.9838799474928434
		outer loop
			vertex -11.610162734985352 -12.446277618408203 0.1705513596534729
			vertex -11.984405517578125 -12.847472190856934 0.2702690660953522
			vertex -11.84930419921875 -12.218825340270996 0.1705513596534729
		endloop
	endfacet
	facet normal -0.09060459989611237 -0.06399739119459578 -0.9938285266573662
		outer loop
			vertex -11.610162734985352 -12.446277618408203 0.1705513596534729
			vertex -10.689811706542969 -11.459647178649902 0.023111628368496895
			vertex -10.55159854888916 -12.250587463378906 0.06144355982542038
		endloop
	endfacet
	facet normal -0.07486754765289998 -0.0787151270407499 -0.9940818774544679
		outer loop
			vertex -11.610162734985352 -12.446277618408203 0.1705513596534729
			vertex -11.84930419921875 -12.218825340270996 0.1705513596534729
			vertex -10.689811706542969 -11.459647178649902 0.023111628368496895
		endloop
	endfacet
	facet normal -0.1458322582954046 -0.13609780960506235 -0.9799032292329518
		outer loop
			vertex -13.097554206848145 -12.525793075561523 0.39490529894828796
			vertex -13.399394989013672 -12.202363014221191 0.39490529894828796
			vertex -12.300981521606445 -11.763994216918945 0.1705513596534729
		endloop
	endfacet
	facet normal -0.14268715590430633 -0.13938668517074862 -0.9799039379128196
		outer loop
			vertex -13.097554206848145 -12.525793075561523 0.39490529894828796
			vertex -12.300981521606445 -11.763994216918945 0.1705513596534729
			vertex -12.048612594604492 -12.0223388671875 0.1705513596534729
		endloop
	endfacet
	facet normal -0.151801428083639 -0.1302209748518929 -0.9797952970597432
		outer loop
			vertex -12.828843116760254 -12.800868034362793 0.39490529894828796
			vertex -12.048612594604492 -12.0223388671875 0.1705513596534729
			vertex -11.984405517578125 -12.847472190856934 0.2702690660953522
		endloop
	endfacet
	facet normal -0.18916282709609683 -0.18478653852974694 -0.964402073838089
		outer loop
			vertex -12.828843116760254 -12.800868034362793 0.39490529894828796
			vertex -13.026963233947754 -13.433209419250488 0.554926872253418
			vertex -13.097554206848145 -12.525793075561523 0.39490529894828796
		endloop
	endfacet
	facet normal -0.14268735661557186 -0.1393862796708813 -0.9799039663668944
		outer loop
			vertex -12.828843116760254 -12.800868034362793 0.39490529894828796
			vertex -13.097554206848145 -12.525793075561523 0.39490529894828796
			vertex -12.048612594604492 -12.0223388671875 0.1705513596534729
		endloop
	endfacet
	facet normal -0.35624078991077357 -0.265760164155525 -0.8958035692894825
		outer loop
			vertex -16.313232421875 -12.368205070495605 1.2118299007415771
			vertex -16.823854446411133 -12.99215030670166 1.600000023841858
			vertex -16.50338363647461 -12.113314628601074 1.2118297815322876
		endloop
	endfacet
	facet normal -0.30655891092662635 -0.22869692159300795 -0.9239693459121697
		outer loop
			vertex -16.313232421875 -12.368205070495605 1.2118299007415771
			vertex -16.50338363647461 -12.113314628601074 1.2118297815322876
			vertex -15.627603530883789 -11.848381042480469 0.8556841015815735
		endloop
	endfacet
	facet normal -0.15261077301918946 -0.15480282284201846 -0.9760871057434517
		outer loop
			vertex -12.61662769317627 -13.010078430175781 0.39490529894828796
			vertex -12.828843116760254 -12.800868034362793 0.39490529894828796
			vertex -11.984405517578125 -12.847472190856934 0.2702690660953522
		endloop
	endfacet
	facet normal -0.15173835050629472 -0.15791671395491944 -0.9757242358572985
		outer loop
			vertex -12.61662769317627 -13.010078430175781 0.39490529894828796
			vertex -11.984405517578125 -12.847472190856934 0.2702690660953522
			vertex -12.496456146240234 -13.125548362731934 0.39490529894828796
		endloop
	endfacet
	facet normal -0.18153540320818073 -0.18892701973801937 -0.9650655307257396
		outer loop
			vertex -12.61662769317627 -13.010078430175781 0.39490529894828796
			vertex -12.496456146240234 -13.125548362731934 0.39490529894828796
			vertex -13.026963233947754 -13.433209419250488 0.554926872253418
		endloop
	endfacet
	facet normal -0.18394630195469272 -0.18658844477746142 -0.9650639928381545
		outer loop
			vertex -12.61662769317627 -13.010078430175781 0.39490529894828796
			vertex -13.026963233947754 -13.433209419250488 0.554926872253418
			vertex -12.828843116760254 -12.800868034362793 0.39490529894828796
		endloop
	endfacet
	facet normal -0.22759267852781842 -0.1892576983365986 -0.9551874665744241
		outer loop
			vertex -14.499876976013184 -13.204533576965332 0.8556841015815735
			vertex -15.627603530883789 -11.848381042480469 0.8556841015815735
			vertex -13.399394989013672 -12.202363014221191 0.39490529894828796
		endloop
	endfacet
	facet normal -0.22565035412860282 -0.2204306647195247 -0.9489426957055652
		outer loop
			vertex -14.173246383666992 -13.554527282714844 0.8556841015815735
			vertex -13.026963233947754 -13.433209419250488 0.554926872253418
			vertex -13.882466316223145 -13.852192878723145 0.8556841015815735
		endloop
	endfacet
	facet normal -0.2735965456630091 -0.26726777654907424 -0.9239658358509708
		outer loop
			vertex -14.173246383666992 -13.554527282714844 0.8556841015815735
			vertex -13.882466316223145 -13.852192878723145 0.8556841015815735
			vertex -14.795068740844727 -14.14920425415039 1.2118297815322876
		endloop
	endfacet
	facet normal -0.23083880114998806 -0.1863665443125715 -0.9549769416298106
		outer loop
			vertex -14.173246383666992 -13.554527282714844 0.8556841015815735
			vertex -13.097554206848145 -12.525793075561523 0.39490529894828796
			vertex -13.026963233947754 -13.433209419250488 0.554926872253418
		endloop
	endfacet
	facet normal -0.2162177314764731 -0.20178455940134774 -0.9552658709397986
		outer loop
			vertex -14.173246383666992 -13.554527282714844 0.8556841015815735
			vertex -14.499876976013184 -13.204533576965332 0.8556841015815735
			vertex -13.399394989013672 -12.202363014221191 0.39490529894828796
		endloop
	endfacet
	facet normal -0.21621745673426196 -0.20178472584784532 -0.9552658979665702
		outer loop
			vertex -14.173246383666992 -13.554527282714844 0.8556841015815735
			vertex -13.399394989013672 -12.202363014221191 0.39490529894828796
			vertex -13.097554206848145 -12.525793075561523 0.39490529894828796
		endloop
	endfacet
	facet normal -0.2796268699335725 -0.2609609506168716 -0.9239633087218841
		outer loop
			vertex -15.136029243469238 -13.783855438232422 1.2118299007415771
			vertex -14.499876976013184 -13.204533576965332 0.8556841015815735
			vertex -14.173246383666992 -13.554527282714844 0.8556841015815735
		endloop
	endfacet
	facet normal -0.32417768593134727 -0.3025373973309611 -0.89631464964063
		outer loop
			vertex -15.136029243469238 -13.783855438232422 1.2118299007415771
			vertex -14.795068740844727 -14.14920425415039 1.2118297815322876
			vertex -15.716201782226562 -14.312198638916016 1.600000023841858
		endloop
	endfacet
	facet normal -0.3398823367191931 -0.28519529670914984 -0.8961828161269783
		outer loop
			vertex -15.136029243469238 -13.783855438232422 1.2118299007415771
			vertex -15.716201782226562 -14.312198638916016 1.600000023841858
			vertex -16.823854446411133 -12.99215030670166 1.600000023841858
		endloop
	endfacet
	facet normal -0.2796269788975741 -0.2609605970330555 -0.9239633756100764
		outer loop
			vertex -15.136029243469238 -13.783855438232422 1.2118299007415771
			vertex -14.173246383666992 -13.554527282714844 0.8556841015815735
			vertex -14.795068740844727 -14.14920425415039 1.2118297815322876
		endloop
	endfacet
	facet normal -0.3385414941151483 -0.2815187506585518 -0.897851240345488
		outer loop
			vertex -15.136029243469238 -13.783855438232422 1.2118299007415771
			vertex -16.823854446411133 -12.99215030670166 1.600000023841858
			vertex -16.313232421875 -12.368205070495605 1.2118299007415771
		endloop
	endfacet
	facet normal -0.29432145031516743 -0.24474689000564526 -0.9238364810489684
		outer loop
			vertex -15.136029243469238 -13.783855438232422 1.2118299007415771
			vertex -15.627603530883789 -11.848381042480469 0.8556841015815735
			vertex -14.499876976013184 -13.204533576965332 0.8556841015815735
		endloop
	endfacet
	facet normal -0.29432131682290086 -0.24474686513902097 -0.9238365301655136
		outer loop
			vertex -15.136029243469238 -13.783855438232422 1.2118299007415771
			vertex -16.313232421875 -12.368205070495605 1.2118299007415771
			vertex -15.627603530883789 -11.848381042480469 0.8556841015815735
		endloop
	endfacet
	facet normal -0.98479005223894 -0.17374853383906871 0
		outer loop
			vertex -5.333520889282227 -15.263246536254883 0.06144355982542038
			vertex -5.228847980499268 -15.856522560119629 7.0774688720703125
			vertex -5.333520889282227 -15.263246536254883 7.138556480407715
		endloop
	endfacet
	facet normal -0.9931803639835507 -0.11658647358165564 -0.0005989785438342943
		outer loop
			vertex -5.1829023361206055 -16.212440490722656 0.1705513596534729
			vertex -5.159233570098877 -16.449119567871094 6.9925408363342285
			vertex -5.228847980499268 -15.856522560119629 7.0774688720703125
		endloop
	endfacet
	facet normal -0.9876686394307149 -0.15655164427462895 0.0014971172267363943
		outer loop
			vertex -5.1829023361206055 -16.212440490722656 0.1705513596534729
			vertex -5.228847980499268 -15.856522560119629 7.0774688720703125
			vertex -5.333520889282227 -15.263246536254883 0.06144355982542038
		endloop
	endfacet
	facet normal -0.9990811641497505 -0.042832202615052425 -0.0014932716841482344
		outer loop
			vertex -5.134034633636475 -16.802536010742188 0.2702690660953522
			vertex -5.118829727172852 -17.38502311706543 6.8050947189331055
			vertex -5.159233570098877 -16.449119567871094 6.9925408363342285
		endloop
	endfacet
	facet normal -0.9965966499896587 -0.08243033287710431 0.0005978721934699651
		outer loop
			vertex -5.134034633636475 -16.802536010742188 0.2702690660953522
			vertex -5.159233570098877 -16.449119567871094 6.9925408363342285
			vertex -5.1829023361206055 -16.212440490722656 0.1705513596534729
		endloop
	endfacet
	facet normal -0.999659479702708 -0.02609453277051407 0
		outer loop
			vertex -5.118829727172852 -17.38502311706543 0.39490529894828796
			vertex -5.118829727172852 -17.38502311706543 6.8050947189331055
			vertex -5.134034633636475 -16.802536010742188 0.2702690660953522
		endloop
	endfacet
	facet normal -0.35448932028156216 -0.26698665642433367 0.8961336100703237
		outer loop
			vertex -16.21074676513672 -12.518680572509766 5.983592510223389
			vertex -16.508079528808594 -12.123899459838867 5.983592510223389
			vertex -16.823854446411133 -12.99215030670166 5.599999904632568
		endloop
	endfacet
	facet normal -0.3115907673609838 -0.2238351858241592 0.9234765851295079
		outer loop
			vertex -15.82418441772461 -11.621631622314453 6.336087226867676
			vertex -16.06502914428711 -11.286362648010254 6.336087226867676
			vertex -16.508079528808594 -12.123899459838867 5.983592510223389
		endloop
	endfacet
	facet normal -0.27095073136197545 -0.1946408997200402 0.9427091923443751
		outer loop
			vertex -15.82418441772461 -11.621631622314453 6.336087226867676
			vertex -15.794609069824219 -10.884201049804688 6.49684476852417
			vertex -16.06502914428711 -11.286362648010254 6.336087226867676
		endloop
	endfacet
	facet normal -0.30646315831816046 -0.23081534273477694 0.9234742065439
		outer loop
			vertex -15.82418441772461 -11.621631622314453 6.336087226867676
			vertex -16.508079528808594 -12.123899459838867 5.983592510223389
			vertex -16.21074676513672 -12.518680572509766 5.983592510223389
		endloop
	endfacet
	facet normal -0.24868647057715987 -0.16993367313923957 0.9535604784623164
		outer loop
			vertex -15.408199310302734 -10.61792278289795 6.645072937011719
			vertex -15.49123764038086 -10.4964017868042 6.645072937011719
			vertex -15.794609069824219 -10.884201049804688 6.49684476852417
		endloop
	endfacet
	facet normal -0.21584161236530242 -0.14748996163887187 0.96522490103981
		outer loop
			vertex -15.408199310302734 -10.61792278289795 6.645072937011719
			vertex -15.096128463745117 -10.027379989624023 6.8050947189331055
			vertex -15.49123764038086 -10.4964017868042 6.645072937011719
		endloop
	endfacet
	facet normal -0.3064621388698249 -0.23081586380510152 0.9234744146186386
		outer loop
			vertex -15.539168357849121 -12.000057220458984 6.336087226867676
			vertex -15.82418441772461 -11.621631622314453 6.336087226867676
			vertex -16.21074676513672 -12.518680572509766 5.983592510223389
		endloop
	endfacet
	facet normal -0.21107284094841974 -0.1501831860766351 0.9658639999678184
		outer loop
			vertex -15.081915855407715 -11.076493263244629 6.645072937011719
			vertex -15.096128463745117 -10.027379989624023 6.8050947189331055
			vertex -15.408199310302734 -10.61792278289795 6.645072937011719
		endloop
	endfacet
	facet normal -0.24544162037398262 -0.17463736394482182 0.953551363117162
		outer loop
			vertex -15.081915855407715 -11.076493263244629 6.645072937011719
			vertex -15.408199310302734 -10.61792278289795 6.645072937011719
			vertex -15.794609069824219 -10.884201049804688 6.49684476852417
		endloop
	endfacet
	facet normal -0.2502227768710394 -0.19662811650983067 0.9480115746828952
		outer loop
			vertex -15.081915855407715 -11.076493263244629 6.645072937011719
			vertex -15.794609069824219 -10.884201049804688 6.49684476852417
			vertex -15.82418441772461 -11.621631622314453 6.336087226867676
		endloop
	endfacet
	facet normal -0.3401631443770001 -0.2854309224379226 0.8960012409164337
		outer loop
			vertex -15.143460273742676 -13.79062271118164 5.983592510223389
			vertex -16.823854446411133 -12.99215030670166 5.599999904632568
			vertex -15.716201782226562 -14.312198638916016 5.599999904632568
		endloop
	endfacet
	facet normal -0.3244879293594266 -0.30274116492623515 0.8961335674770463
		outer loop
			vertex -15.143460273742676 -13.79062271118164 5.983592510223389
			vertex -15.716201782226562 -14.312198638916016 5.599999904632568
			vertex -14.80630874633789 -14.151992797851562 5.983592510223389
		endloop
	endfacet
	facet normal -0.3401631067509213 -0.2854308208429795 0.8960012875651823
		outer loop
			vertex -15.143460273742676 -13.79062271118164 5.983592510223389
			vertex -16.21074676513672 -12.518680572509766 5.983592510223389
			vertex -16.823854446411133 -12.99215030670166 5.599999904632568
		endloop
	endfacet
	facet normal -0.25409774715339234 -0.19137695513197817 0.9480554814650795
		outer loop
			vertex -14.810269355773926 -11.43716812133789 6.645072937011719
			vertex -15.82418441772461 -11.621631622314453 6.336087226867676
			vertex -15.539168357849121 -12.000057220458984 6.336087226867676
		endloop
	endfacet
	facet normal -0.25409779653796855 -0.19137673570900737 0.9480555125222965
		outer loop
			vertex -14.810269355773926 -11.43716812133789 6.645072937011719
			vertex -15.081915855407715 -11.076493263244629 6.645072937011719
			vertex -15.82418441772461 -11.621631622314453 6.336087226867676
		endloop
	endfacet
	facet normal -0.17384829513733302 -0.11328658971576527 0.9782345929624524
		outer loop
			vertex -14.360005378723145 -9.538420677185059 6.9925408363342285
			vertex -14.525492668151855 -9.284465789794922 6.9925408363342285
			vertex -15.096128463745117 -10.027379989624023 6.8050947189331055
		endloop
	endfacet
	facet normal -0.12860301837634386 -0.08380293501009588 0.9881489420872682
		outer loop
			vertex -14.360005378723145 -9.538420677185059 6.9925408363342285
			vertex -14.197905540466309 -8.785761833190918 7.0774688720703125
			vertex -14.525492668151855 -9.284465789794922 6.9925408363342285
		endloop
	endfacet
	facet normal -0.294088493739704 -0.24676953239851657 0.9233724902387603
		outer loop
			vertex -14.516098022460938 -13.219305038452148 6.336087226867676
			vertex -15.539168357849121 -12.000057220458984 6.336087226867676
			vertex -16.21074676513672 -12.518680572509766 5.983592510223389
		endloop
	endfacet
	facet normal -0.29408853408460295 -0.24676965261180378 0.9233724452623759
		outer loop
			vertex -14.516098022460938 -13.219305038452148 6.336087226867676
			vertex -16.21074676513672 -12.518680572509766 5.983592510223389
			vertex -15.143460273742676 -13.79062271118164 5.983592510223389
		endloop
	endfacet
	facet normal -0.17185977352142115 -0.1162803243793364 0.9782346877960332
		outer loop
			vertex -14.195183753967285 -9.782023429870605 6.9925408363342285
			vertex -14.360005378723145 -9.538420677185059 6.9925408363342285
			vertex -15.096128463745117 -10.027379989624023 6.8050947189331055
		endloop
	endfacet
	facet normal -0.09823982953658762 -0.05959935500187365 0.9933764909519367
		outer loop
			vertex -13.748802185058594 -8.507853507995605 7.138556480407715
			vertex -13.89673900604248 -8.26400375366211 7.138556480407715
			vertex -14.197905540466309 -8.785761833190918 7.0774688720703125
		endloop
	endfacet
	facet normal -0.012047075351374675 -0.006588283715642681 0.9999057268028624
		outer loop
			vertex -13.276177406311035 -7.4937968254089355 7.195124626159668
			vertex -12.70960807800293 -7.7899675369262695 7.1999993324279785
			vertex -13.416313171386719 -6.497714519500732 7.1999993324279785
		endloop
	endfacet
	facet normal -0.037514825711731814 -0.0204710226880759 0.9990863701812385
		outer loop
			vertex -13.276177406311035 -7.4937968254089355 7.195124626159668
			vertex -13.485797882080078 -7.109650135040283 7.195124626159668
			vertex -13.647475242614746 -7.7033772468566895 7.176888465881348
		endloop
	endfacet
	facet normal -0.01208276751448535 -0.0065933028670962105 0.9999052630557026
		outer loop
			vertex -13.276177406311035 -7.4937968254089355 7.195124626159668
			vertex -13.416313171386719 -6.497714519500732 7.1999993324279785
			vertex -13.485797882080078 -7.109650135040283 7.195124626159668
		endloop
	endfacet
	facet normal -0.2745411203284687 -0.2679885576413416 0.9234767491507855
		outer loop
			vertex -14.192914009094238 -13.565704345703125 6.336087226867676
			vertex -14.80630874633789 -14.151992797851562 5.983592510223389
			vertex -13.904560089111328 -13.861108779907227 6.336087226867676
		endloop
	endfacet
	facet normal -0.23873395999775865 -0.23303601851431235 0.9427090274410157
		outer loop
			vertex -14.192914009094238 -13.565704345703125 6.336087226867676
			vertex -13.904560089111328 -13.861108779907227 6.336087226867676
			vertex -13.46155071258545 -13.664631843566895 6.49684476852417
		endloop
	endfacet
	facet normal -0.2805260282673924 -0.26172548781568156 0.9234743724068177
		outer loop
			vertex -14.192914009094238 -13.565704345703125 6.336087226867676
			vertex -14.516098022460938 -13.219305038452148 6.336087226867676
			vertex -15.143460273742676 -13.79062271118164 5.983592510223389
		endloop
	endfacet
	facet normal -0.28052601724106524 -0.2617255237177285 0.923474365581171
		outer loop
			vertex -14.192914009094238 -13.565704345703125 6.336087226867676
			vertex -15.143460273742676 -13.79062271118164 5.983592510223389
			vertex -14.80630874633789 -14.151992797851562 5.983592510223389
		endloop
	endfacet
	facet normal -0.17042877361990155 -0.12126388253360844 0.9778799026032245
		outer loop
			vertex -13.894587516784668 -10.204492568969727 6.9925408363342285
			vertex -14.195183753967285 -9.782023429870605 6.9925408363342285
			vertex -15.096128463745117 -10.027379989624023 6.8050947189331055
		endloop
	endfacet
	facet normal -0.17403919202828003 -0.15078906464274525 0.9731253863826128
		outer loop
			vertex -13.894587516784668 -10.204492568969727 6.9925408363342285
			vertex -15.096128463745117 -10.027379989624023 6.8050947189331055
			vertex -15.081915855407715 -11.076493263244629 6.645072937011719
		endloop
	endfacet
	facet normal -0.18338977821407051 -0.13812216239255484 0.9732884759939363
		outer loop
			vertex -13.894587516784668 -10.204492568969727 6.9925408363342285
			vertex -15.081915855407715 -11.076493263244629 6.645072937011719
			vertex -14.810269355773926 -11.43716812133789 6.645072937011719
		endloop
	endfacet
	facet normal -0.10257351141670848 -0.08969374830563245 0.990673360028689
		outer loop
			vertex -13.467913627624512 -8.94586181640625 7.138556480407715
			vertex -14.197905540466309 -8.785761833190918 7.0774688720703125
			vertex -14.360005378723145 -9.538420677185059 6.9925408363342285
		endloop
	endfacet
	facet normal -0.0967332832288106 -0.06203369173657156 0.9933753031987995
		outer loop
			vertex -13.467913627624512 -8.94586181640625 7.138556480407715
			vertex -13.748802185058594 -8.507853507995605 7.138556480407715
			vertex -14.197905540466309 -8.785761833190918 7.0774688720703125
		endloop
	endfacet
	facet normal -0.04155725390978841 -0.04975262678861154 0.9978966232907648
		outer loop
			vertex -13.103286743164062 -7.7921600341796875 7.195124626159668
			vertex -13.647475242614746 -7.7033772468566895 7.176888465881348
			vertex -13.89673900604248 -8.26400375366211 7.138556480407715
		endloop
	endfacet
	facet normal -0.012341362199242029 -0.00715137199239392 0.9998982691542643
		outer loop
			vertex -13.103286743164062 -7.7921600341796875 7.195124626159668
			vertex -12.70960807800293 -7.7899675369262695 7.1999993324279785
			vertex -13.276177406311035 -7.4937968254089355 7.195124626159668
		endloop
	endfacet
	facet normal -0.03697573384772336 -0.021426097311450842 0.9990864414355861
		outer loop
			vertex -13.103286743164062 -7.7921600341796875 7.195124626159668
			vertex -13.276177406311035 -7.4937968254089355 7.195124626159668
			vertex -13.647475242614746 -7.7033772468566895 7.176888465881348
		endloop
	endfacet
	facet normal -0.24384677058761559 -0.20461172346325746 0.9479835415741069
		outer loop
			vertex -13.835187911987305 -12.599225044250488 6.645072937011719
			vertex -15.539168357849121 -12.000057220458984 6.336087226867676
			vertex -14.516098022460938 -13.219305038452148 6.336087226867676
		endloop
	endfacet
	facet normal -0.24384676762838997 -0.2046117135517248 0.9479835444745933
		outer loop
			vertex -13.835187911987305 -12.599225044250488 6.645072937011719
			vertex -14.810269355773926 -11.43716812133789 6.645072937011719
			vertex -15.539168357849121 -12.000057220458984 6.336087226867676
		endloop
	endfacet
	facet normal -0.1833898183702119 -0.13812213165952283 0.9732884727890134
		outer loop
			vertex -13.644326210021973 -10.536773681640625 6.9925408363342285
			vertex -13.894587516784668 -10.204492568969727 6.9925408363342285
			vertex -14.810269355773926 -11.43716812133789 6.645072937011719
		endloop
	endfacet
	facet normal -0.11189097849862326 -0.07570543710346254 0.9908325265773194
		outer loop
			vertex -13.31333065032959 -9.174330711364746 7.138556480407715
			vertex -14.360005378723145 -9.538420677185059 6.9925408363342285
			vertex -14.195183753967285 -9.782023429870605 6.9925408363342285
		endloop
	endfacet
	facet normal -0.11008403380506387 -0.07832725108927388 0.9908311396186554
		outer loop
			vertex -13.31333065032959 -9.174330711364746 7.138556480407715
			vertex -14.195183753967285 -9.782023429870605 6.9925408363342285
			vertex -13.894587516784668 -10.204492568969727 6.9925408363342285
		endloop
	endfacet
	facet normal -0.11189085001302028 -0.07570580113417326 0.9908325132725494
		outer loop
			vertex -13.31333065032959 -9.174330711364746 7.138556480407715
			vertex -13.467913627624512 -8.94586181640625 7.138556480407715
			vertex -14.360005378723145 -9.538420677185059 6.9925408363342285
		endloop
	endfacet
	facet normal -0.05229402935190753 -0.031725323980351404 0.998127666339574
		outer loop
			vertex -12.963796615600586 -8.022086143493652 7.195124626159668
			vertex -13.89673900604248 -8.26400375366211 7.138556480407715
			vertex -13.748802185058594 -8.507853507995605 7.138556480407715
		endloop
	endfacet
	facet normal -0.05229400928664089 -0.03172540103411442 0.9981276649416915
		outer loop
			vertex -12.963796615600586 -8.022086143493652 7.195124626159668
			vertex -13.103286743164062 -7.7921600341796875 7.195124626159668
			vertex -13.89673900604248 -8.26400375366211 7.138556480407715
		endloop
	endfacet
	facet normal -0.01233946835509914 -0.007486031143022173 0.9998958430048798
		outer loop
			vertex -12.963796615600586 -8.022086143493652 7.195124626159668
			vertex -12.70960807800293 -7.7899675369262695 7.1999993324279785
			vertex -13.103286743164062 -7.7921600341796875 7.195124626159668
		endloop
	endfacet
	facet normal -0.23259287382186503 -0.217005475471646 0.948055472355184
		outer loop
			vertex -13.5271635055542 -12.929374694824219 6.645072937011719
			vertex -13.835187911987305 -12.599225044250488 6.645072937011719
			vertex -14.516098022460938 -13.219305038452148 6.336087226867676
		endloop
	endfacet
	facet normal -0.2370915537454398 -0.21227711247927308 0.9480116152558657
		outer loop
			vertex -13.5271635055542 -12.929374694824219 6.645072937011719
			vertex -14.192914009094238 -13.565704345703125 6.336087226867676
			vertex -13.46155071258545 -13.664631843566895 6.49684476852417
		endloop
	endfacet
	facet normal -0.2325930580425193 -0.21700493160903425 0.9480555516465202
		outer loop
			vertex -13.5271635055542 -12.929374694824219 6.645072937011719
			vertex -14.516098022460938 -13.219305038452148 6.336087226867676
			vertex -14.192914009094238 -13.565704345703125 6.336087226867676
		endloop
	endfacet
	facet normal -0.11008401416888015 -0.07832726235179313 0.9908311409099632
		outer loop
			vertex -13.031408309936523 -9.570554733276367 7.138556480407715
			vertex -13.31333065032959 -9.174330711364746 7.138556480407715
			vertex -13.894587516784668 -10.204492568969727 6.9925408363342285
		endloop
	endfacet
	facet normal -0.05149210037855501 -0.03302121091398267 0.9981273281642876
		outer loop
			vertex -12.698945045471191 -8.435086250305176 7.195124626159668
			vertex -12.963796615600586 -8.022086143493652 7.195124626159668
			vertex -13.748802185058594 -8.507853507995605 7.138556480407715
		endloop
	endfacet
	facet normal -0.012093501606738086 -0.007755404504940357 0.9998967951343042
		outer loop
			vertex -12.698945045471191 -8.435086250305176 7.195124626159668
			vertex -12.70960807800293 -7.7899675369262695 7.1999993324279785
			vertex -12.963796615600586 -8.022086143493652 7.195124626159668
		endloop
	endfacet
	facet normal -0.05149210393012818 -0.033021160819213434 0.9981273296383586
		outer loop
			vertex -12.698945045471191 -8.435086250305176 7.195124626159668
			vertex -13.748802185058594 -8.507853507995605 7.138556480407715
			vertex -13.467913627624512 -8.94586181640625 7.138556480407715
		endloop
	endfacet
	facet normal -0.2112342640153479 -0.2141669026594205 0.9536837125122589
		outer loop
			vertex -13.252336502075195 -13.210922241210938 6.645072937011719
			vertex -13.46155071258545 -13.664631843566895 6.49684476852417
			vertex -13.026963233947754 -13.433209419250488 6.645072937011719
		endloop
	endfacet
	facet normal -0.18336053879380024 -0.18590619683072557 0.9653071007680316
		outer loop
			vertex -13.252336502075195 -13.210922241210938 6.645072937011719
			vertex -13.026963233947754 -13.433209419250488 6.645072937011719
			vertex -12.496456146240234 -13.125548362731934 6.8050947189331055
		endloop
	endfacet
	facet normal -0.216643714136012 -0.2114724263900412 0.9530713058329175
		outer loop
			vertex -13.252336502075195 -13.210922241210938 6.645072937011719
			vertex -13.5271635055542 -12.929374694824219 6.645072937011719
			vertex -13.46155071258545 -13.664631843566895 6.49684476852417
		endloop
	endfacet
	facet normal -0.18425101269528868 -0.17985293907504202 0.9662838530301693
		outer loop
			vertex -13.252336502075195 -13.210922241210938 6.645072937011719
			vertex -12.496456146240234 -13.125548362731934 6.8050947189331055
			vertex -13.5271635055542 -12.929374694824219 6.645072937011719
		endloop
	endfacet
	facet normal -0.05065871828901444 -0.034275893444852296 0.9981276758961608
		outer loop
			vertex -12.55318832397461 -8.650510787963867 7.195124626159668
			vertex -13.467913627624512 -8.94586181640625 7.138556480407715
			vertex -13.31333065032959 -9.174330711364746 7.138556480407715
		endloop
	endfacet
	facet normal -0.01129842763629741 -0.007717854030118738 0.9999063857492446
		outer loop
			vertex -12.55318832397461 -8.650510787963867 7.195124626159668
			vertex -11.878829002380371 -9.006173133850098 7.1999993324279785
			vertex -12.70960807800293 -7.7899675369262695 7.1999993324279785
		endloop
	endfacet
	facet normal -0.011446562338663667 -0.007744769546787754 0.9999044928168362
		outer loop
			vertex -12.55318832397461 -8.650510787963867 7.195124626159668
			vertex -12.70960807800293 -7.7899675369262695 7.1999993324279785
			vertex -12.698945045471191 -8.435086250305176 7.195124626159668
		endloop
	endfacet
	facet normal -0.05065874271980454 -0.034275818039243906 0.9981276772456464
		outer loop
			vertex -12.55318832397461 -8.650510787963867 7.195124626159668
			vertex -12.698945045471191 -8.435086250305176 7.195124626159668
			vertex -13.467913627624512 -8.94586181640625 7.138556480407715
		endloop
	endfacet
	facet normal -0.10791672671303468 -0.08127844124579921 0.9908318702404549
		outer loop
			vertex -12.7966947555542 -9.882193565368652 7.138556480407715
			vertex -13.031408309936523 -9.570554733276367 7.138556480407715
			vertex -13.894587516784668 -10.204492568969727 6.9925408363342285
		endloop
	endfacet
	facet normal -0.10791666029568131 -0.08127866254562599 0.9908318593209551
		outer loop
			vertex -12.7966947555542 -9.882193565368652 7.138556480407715
			vertex -13.894587516784668 -10.204492568969727 6.9925408363342285
			vertex -13.644326210021973 -10.536773681640625 6.9925408363342285
		endloop
	endfacet
	facet normal -0.1759976565078783 -0.1476795547851758 0.9732500059091638
		outer loop
			vertex -12.74600887298584 -11.607346534729004 6.9925408363342285
			vertex -14.810269355773926 -11.43716812133789 6.645072937011719
			vertex -13.835187911987305 -12.599225044250488 6.645072937011719
		endloop
	endfacet
	facet normal -0.1759976577955947 -0.14767957810572604 0.9732500021376727
		outer loop
			vertex -12.74600887298584 -11.607346534729004 6.9925408363342285
			vertex -13.644326210021973 -10.536773681640625 6.9925408363342285
			vertex -14.810269355773926 -11.43716812133789 6.645072937011719
		endloop
	endfacet
	facet normal -0.16786898175498075 -0.1566191070435804 0.9732884774173676
		outer loop
			vertex -12.74600887298584 -11.607346534729004 6.9925408363342285
			vertex -13.835187911987305 -12.599225044250488 6.645072937011719
			vertex -13.5271635055542 -12.929374694824219 6.645072937011719
		endloop
	endfacet
	facet normal -0.04885950673719565 -0.03679897147175262 0.9981275390950893
		outer loop
			vertex -12.287363052368164 -9.0241117477417 7.195124626159668
			vertex -13.031408309936523 -9.570554733276367 7.138556480407715
			vertex -12.7966947555542 -9.882193565368652 7.138556480407715
		endloop
	endfacet
	facet normal -0.049840779195101714 -0.03546284006180548 0.9981273885151014
		outer loop
			vertex -12.287363052368164 -9.0241117477417 7.195124626159668
			vertex -13.31333065032959 -9.174330711364746 7.138556480407715
			vertex -13.031408309936523 -9.570554733276367 7.138556480407715
		endloop
	endfacet
	facet normal -0.04984078364450447 -0.03546280999186185 0.9981273893612894
		outer loop
			vertex -12.287363052368164 -9.0241117477417 7.195124626159668
			vertex -12.55318832397461 -8.650510787963867 7.195124626159668
			vertex -13.31333065032959 -9.174330711364746 7.138556480407715
		endloop
	endfacet
	facet normal -0.011569524475484016 -0.008231970249438962 0.9998991853028103
		outer loop
			vertex -12.287363052368164 -9.0241117477417 7.195124626159668
			vertex -11.878829002380371 -9.006173133850098 7.1999993324279785
			vertex -12.55318832397461 -8.650510787963867 7.195124626159668
		endloop
	endfacet
	facet normal -0.16786911192625853 -0.15661902758808247 0.9732884677517004
		outer loop
			vertex -12.462233543395996 -11.911505699157715 6.9925408363342285
			vertex -12.74600887298584 -11.607346534729004 6.9925408363342285
			vertex -13.5271635055542 -12.929374694824219 6.645072937011719
		endloop
	endfacet
	facet normal -0.17871981278979054 -0.14521097323102497 0.973125378237399
		outer loop
			vertex -12.462233543395996 -11.911505699157715 6.9925408363342285
			vertex -13.5271635055542 -12.929374694824219 6.645072937011719
			vertex -12.496456146240234 -13.125548362731934 6.8050947189331055
		endloop
	endfacet
	facet normal -0.0488594551825349 -0.036799002164827864 0.9981275404871559
		outer loop
			vertex -12.06605052947998 -9.317956924438477 7.195124626159668
			vertex -12.287363052368164 -9.0241117477417 7.195124626159668
			vertex -12.7966947555542 -9.882193565368652 7.138556480407715
		endloop
	endfacet
	facet normal -0.010859605612660757 -0.0091122905057831 0.9998995125149706
		outer loop
			vertex -12.06605052947998 -9.317956924438477 7.195124626159668
			vertex -10.932085990905762 -10.1344575881958 7.1999993324279785
			vertex -11.878829002380371 -9.006173133850098 7.1999993324279785
		endloop
	endfacet
	facet normal -0.011549005869704726 -0.008698252782662829 0.9998954749682342
		outer loop
			vertex -12.06605052947998 -9.317956924438477 7.195124626159668
			vertex -11.878829002380371 -9.006173133850098 7.1999993324279785
			vertex -12.287363052368164 -9.0241117477417 7.195124626159668
		endloop
	endfacet
	facet normal -0.15030476054147296 -0.14671711533778287 0.9776924705783154
		outer loop
			vertex -12.209041595458984 -12.170888900756836 6.9925408363342285
			vertex -12.462233543395996 -11.911505699157715 6.9925408363342285
			vertex -12.496456146240234 -13.125548362731934 6.8050947189331055
		endloop
	endfacet
	facet normal -0.10356937436777784 -0.08690504187567762 0.9908182973631714
		outer loop
			vertex -11.954183578491211 -10.886259078979492 7.138556480407715
			vertex -12.7966947555542 -9.882193565368652 7.138556480407715
			vertex -13.644326210021973 -10.536773681640625 6.9925408363342285
		endloop
	endfacet
	facet normal -0.10356937126292594 -0.08690502614840509 0.9908182990671637
		outer loop
			vertex -11.954183578491211 -10.886259078979492 7.138556480407715
			vertex -13.644326210021973 -10.536773681640625 6.9925408363342285
			vertex -12.74600887298584 -11.607346534729004 6.9925408363342285
		endloop
	endfacet
	facet normal -0.142230484231099 -0.15065030838652857 0.9783020872605922
		outer loop
			vertex -12.001411437988281 -12.375676155090332 6.9925408363342285
			vertex -12.496456146240234 -13.125548362731934 6.8050947189331055
			vertex -11.665739059448242 -12.692587852478027 6.9925408363342285
		endloop
	endfacet
	facet normal -0.10517047036994492 -0.1113963991618342 0.9881953321160457
		outer loop
			vertex -12.001411437988281 -12.375676155090332 6.9925408363342285
			vertex -11.665739059448242 -12.692587852478027 6.9925408363342285
			vertex -11.117727279663086 -12.456576347351074 7.0774688720703125
		endloop
	endfacet
	facet normal -0.1460550210238308 -0.14808258997007637 0.9781306034377428
		outer loop
			vertex -12.001411437988281 -12.375676155090332 6.9925408363342285
			vertex -12.209041595458984 -12.170888900756836 6.9925408363342285
			vertex -12.496456146240234 -13.125548362731934 6.8050947189331055
		endloop
	endfacet
	facet normal -0.09878339228224547 -0.09216322564387917 0.9908318632584076
		outer loop
			vertex -11.688036918640137 -11.171523094177246 7.138556480407715
			vertex -12.74600887298584 -11.607346534729004 6.9925408363342285
			vertex -12.462233543395996 -11.911505699157715 6.9925408363342285
		endloop
	endfacet
	facet normal -0.09878337316398433 -0.09216327127061934 0.9908318609204305
		outer loop
			vertex -11.688036918640137 -11.171523094177246 7.138556480407715
			vertex -11.954183578491211 -10.886259078979492 7.138556480407715
			vertex -12.74600887298584 -11.607346534729004 6.9925408363342285
		endloop
	endfacet
	facet normal -0.09667586646262992 -0.09436829677968872 0.9908321762067482
		outer loop
			vertex -11.45057487487793 -11.41479206085205 7.138556480407715
			vertex -12.462233543395996 -11.911505699157715 6.9925408363342285
			vertex -12.209041595458984 -12.170888900756836 6.9925408363342285
		endloop
	endfacet
	facet normal -0.09667590668689231 -0.094368215963699 0.99083217997908
		outer loop
			vertex -11.45057487487793 -11.41479206085205 7.138556480407715
			vertex -11.688036918640137 -11.171523094177246 7.138556480407715
			vertex -12.462233543395996 -11.911505699157715 6.9925408363342285
		endloop
	endfacet
	facet normal -0.04689167646256287 -0.03934679659383548 0.9981247418415866
		outer loop
			vertex -11.27164363861084 -10.264693260192871 7.195124626159668
			vertex -12.7966947555542 -9.882193565368652 7.138556480407715
			vertex -11.954183578491211 -10.886259078979492 7.138556480407715
		endloop
	endfacet
	facet normal -0.04689168605874816 -0.03934683514587926 0.9981247398710097
		outer loop
			vertex -11.27164363861084 -10.264693260192871 7.195124626159668
			vertex -12.06605052947998 -9.317956924438477 7.195124626159668
			vertex -12.7966947555542 -9.882193565368652 7.138556480407715
		endloop
	endfacet
	facet normal -0.01085962291515897 -0.009112314538100443 0.9998995121080415
		outer loop
			vertex -11.27164363861084 -10.264693260192871 7.195124626159668
			vertex -10.932085990905762 -10.1344575881958 7.1999993324279785
			vertex -12.06605052947998 -9.317956924438477 7.195124626159668
		endloop
	endfacet
	facet normal -0.04472430102467117 -0.041727041259089485 0.9981275424141031
		outer loop
			vertex -11.27164363861084 -10.264693260192871 7.195124626159668
			vertex -11.954183578491211 -10.886259078979492 7.138556480407715
			vertex -11.688036918640137 -11.171523094177246 7.138556480407715
		endloop
	endfacet
	facet normal -0.10327540982618084 -0.0880133180118786 0.9907511521960368
		outer loop
			vertex -11.255843162536621 -11.606857299804688 7.138556480407715
			vertex -12.001411437988281 -12.375676155090332 6.9925408363342285
			vertex -11.117727279663086 -12.456576347351074 7.0774688720703125
		endloop
	endfacet
	facet normal -0.0948664613654069 -0.09618341911020993 0.9908325309537812
		outer loop
			vertex -11.255843162536621 -11.606857299804688 7.138556480407715
			vertex -12.209041595458984 -12.170888900756836 6.9925408363342285
			vertex -12.001411437988281 -12.375676155090332 6.9925408363342285
		endloop
	endfacet
	facet normal -0.09486642824401761 -0.09618347451314184 0.9908325287468124
		outer loop
			vertex -11.255843162536621 -11.606857299804688 7.138556480407715
			vertex -11.45057487487793 -11.41479206085205 7.138556480407715
			vertex -12.209041595458984 -12.170888900756836 6.9925408363342285
		endloop
	endfacet
	facet normal -0.010571590619027486 -0.009863137146529637 0.99989547453592
		outer loop
			vertex -11.020692825317383 -10.533669471740723 7.195124626159668
			vertex -10.932085990905762 -10.1344575881958 7.1999993324279785
			vertex -11.27164363861084 -10.264693260192871 7.195124626159668
		endloop
	endfacet
	facet normal -0.04472425237220711 -0.04172706367659764 0.99812754365696
		outer loop
			vertex -11.020692825317383 -10.533669471740723 7.195124626159668
			vertex -11.27164363861084 -10.264693260192871 7.195124626159668
			vertex -11.688036918640137 -11.171523094177246 7.138556480407715
		endloop
	endfacet
	facet normal -0.079635814614509 -0.08435042573188431 0.9932487818817266
		outer loop
			vertex -10.941023826599121 -11.904080390930176 7.138556480407715
			vertex -11.255843162536621 -11.606857299804688 7.138556480407715
			vertex -11.117727279663086 -12.456576347351074 7.0774688720703125
		endloop
	endfacet
	facet normal -0.010190949468870386 -0.009947660157080805 0.9998985891610819
		outer loop
			vertex -10.796789169311523 -10.763049125671387 7.195124626159668
			vertex -10.932085990905762 -10.1344575881958 7.1999993324279785
			vertex -11.020692825317383 -10.533669471740723 7.195124626159668
		endloop
	endfacet
	facet normal -0.04377014315649078 -0.04272533316425337 0.9981276073098388
		outer loop
			vertex -10.796789169311523 -10.763049125671387 7.195124626159668
			vertex -11.688036918640137 -11.171523094177246 7.138556480407715
			vertex -11.45057487487793 -11.41479206085205 7.138556480407715
		endloop
	endfacet
	facet normal -0.043770180591244275 -0.04272525174084836 0.9981276091536048
		outer loop
			vertex -10.796789169311523 -10.763049125671387 7.195124626159668
			vertex -11.020692825317383 -10.533669471740723 7.195124626159668
			vertex -11.688036918640137 -11.171523094177246 7.138556480407715
		endloop
	endfacet
	facet normal -0.07565613450634816 -0.08665973133774087 0.9933610825253968
		outer loop
			vertex -10.714468955993652 -12.108397483825684 7.138556480407715
			vertex -11.117727279663086 -12.456576347351074 7.0774688720703125
			vertex -10.55159854888916 -12.250587463378906 7.138556480407715
		endloop
	endfacet
	facet normal -0.07687983774523637 -0.08524740365921878 0.9933893349123638
		outer loop
			vertex -10.714468955993652 -12.108397483825684 7.138556480407715
			vertex -10.941023826599121 -11.904080390930176 7.138556480407715
			vertex -11.117727279663086 -12.456576347351074 7.0774688720703125
		endloop
	endfacet
	facet normal -0.009562053694792613 -0.009786073176666648 0.9999063955695648
		outer loop
			vertex -10.613175392150879 -10.944148063659668 7.195124626159668
			vertex -9.878621101379395 -11.163806915283203 7.1999993324279785
			vertex -10.932085990905762 -10.1344575881958 7.1999993324279785
		endloop
	endfacet
	facet normal -0.009709183965421331 -0.00984401101873902 0.9999044090280773
		outer loop
			vertex -10.613175392150879 -10.944148063659668 7.195124626159668
			vertex -10.932085990905762 -10.1344575881958 7.1999993324279785
			vertex -10.796789169311523 -10.763049125671387 7.195124626159668
		endloop
	endfacet
	facet normal -0.04295085823172066 -0.04354715208020692 0.9981276818738483
		outer loop
			vertex -10.613175392150879 -10.944148063659668 7.195124626159668
			vertex -11.45057487487793 -11.41479206085205 7.138556480407715
			vertex -11.255843162536621 -11.606857299804688 7.138556480407715
		endloop
	endfacet
	facet normal -0.04295080612572402 -0.04354724457494641 0.9981276800806
		outer loop
			vertex -10.613175392150879 -10.944148063659668 7.195124626159668
			vertex -10.796789169311523 -10.763049125671387 7.195124626159668
			vertex -11.45057487487793 -11.41479206085205 7.138556480407715
		endloop
	endfacet
	facet normal -0.04199151336572533 -0.04447750106746215 0.9981274791849237
		outer loop
			vertex -10.316330909729004 -11.224401473999023 7.195124626159668
			vertex -11.255843162536621 -11.606857299804688 7.138556480407715
			vertex -10.941023826599121 -11.904080390930176 7.138556480407715
		endloop
	endfacet
	facet normal -0.009711696001871368 -0.01028663083750979 0.9998999290862962
		outer loop
			vertex -10.316330909729004 -11.224401473999023 7.195124626159668
			vertex -9.878621101379395 -11.163806915283203 7.1999993324279785
			vertex -10.613175392150879 -10.944148063659668 7.195124626159668
		endloop
	endfacet
	facet normal -0.04096370407511841 -0.04542217464402465 0.9981276476478617
		outer loop
			vertex -10.316330909729004 -11.224401473999023 7.195124626159668
			vertex -10.941023826599121 -11.904080390930176 7.138556480407715
			vertex -10.714468955993652 -12.108397483825684 7.138556480407715
		endloop
	endfacet
	facet normal -0.04199153606897788 -0.04447744552118588 0.9981274807049838
		outer loop
			vertex -10.316330909729004 -11.224401473999023 7.195124626159668
			vertex -10.613175392150879 -10.944148063659668 7.195124626159668
			vertex -11.255843162536621 -11.606857299804688 7.138556480407715
		endloop
	endfacet
	facet normal -0.054722757627369535 -0.038243931079479807 0.9977689219119046
		outer loop
			vertex -10.102712631225586 -11.417052268981934 7.195124626159668
			vertex -10.55159854888916 -12.250587463378906 7.138556480407715
			vertex -9.956205368041992 -12.102461814880371 7.176888465881348
		endloop
	endfacet
	facet normal -0.009653806188507374 -0.010704494934357921 0.9998961035098972
		outer loop
			vertex -10.102712631225586 -11.417052268981934 7.195124626159668
			vertex -9.878621101379395 -11.163806915283203 7.1999993324279785
			vertex -10.316330909729004 -11.224401473999023 7.195124626159668
		endloop
	endfacet
	facet normal -0.04096377761669626 -0.04542214142563886 0.9981276461413535
		outer loop
			vertex -10.102712631225586 -11.417052268981934 7.195124626159668
			vertex -10.316330909729004 -11.224401473999023 7.195124626159668
			vertex -10.714468955993652 -12.108397483825684 7.138556480407715
		endloop
	endfacet
	facet normal -0.040225227927594254 -0.04607567473477268 0.9981277289184529
		outer loop
			vertex -10.102712631225586 -11.417052268981934 7.195124626159668
			vertex -10.714468955993652 -12.108397483825684 7.138556480407715
			vertex -10.55159854888916 -12.250587463378906 7.138556480407715
		endloop
	endfacet
	facet normal -0.02667442226527337 -0.03339008346789594 0.9990863714028037
		outer loop
			vertex -9.685333251953125 -11.773198127746582 7.195124626159668
			vertex -9.956205368041992 -12.102461814880371 7.176888465881348
			vertex -9.343422889709473 -12.046340942382812 7.195124626159668
		endloop
	endfacet
	facet normal -0.00859125971209675 -0.010754230252054617 0.9999052639066589
		outer loop
			vertex -9.685333251953125 -11.773198127746582 7.195124626159668
			vertex -9.343422889709473 -12.046340942382812 7.195124626159668
			vertex -8.728717803955078 -12.084172248840332 7.1999993324279785
		endloop
	endfacet
	facet normal -0.008580139749236979 -0.010720015878777802 0.999905726787002
		outer loop
			vertex -9.685333251953125 -11.773198127746582 7.195124626159668
			vertex -8.728717803955078 -12.084172248840332 7.1999993324279785
			vertex -9.878621101379395 -11.163806915283203 7.1999993324279785
		endloop
	endfacet
	facet normal -0.02774201785660469 -0.03251180915852485 0.9990862638984103
		outer loop
			vertex -9.685333251953125 -11.773198127746582 7.195124626159668
			vertex -10.102712631225586 -11.417052268981934 7.195124626159668
			vertex -9.956205368041992 -12.102461814880371 7.176888465881348
		endloop
	endfacet
	facet normal -0.009357655017322181 -0.010966552457252513 0.9998960791101139
		outer loop
			vertex -9.685333251953125 -11.773198127746582 7.195124626159668
			vertex -9.878621101379395 -11.163806915283203 7.1999993324279785
			vertex -10.102712631225586 -11.417052268981934 7.195124626159668
		endloop
	endfacet
	facet normal 0.47723214145230236 -0.8787772659581321 0
		outer loop
			vertex -11.984405517578125 -12.847472190856934 0.2702690660953522
			vertex -12.496456146240234 -13.125548362731934 6.8050947189331055
			vertex -12.496456146240234 -13.125548362731934 0.39490529894828796
		endloop
	endfacet
	facet normal 0.4624468684051005 -0.8866457374736857 -0.0014933593204702366
		outer loop
			vertex -11.984405517578125 -12.847472190856934 0.2702690660953522
			vertex -11.665739059448242 -12.692587852478027 6.9925408363342285
			vertex -12.496456146240234 -13.125548362731934 6.8050947189331055
		endloop
	endfacet
	facet normal 0.3956242258495922 -0.9184122784015196 -0.0005990010354272056
		outer loop
			vertex -11.448934555053711 -12.594745635986328 0.1705513596534729
			vertex -11.117727279663086 -12.456576347351074 7.0774688720703125
			vertex -11.665739059448242 -12.692587852478027 6.9925408363342285
		endloop
	endfacet
	facet normal 0.4269112065837344 -0.9042933508130093 0.0005978031446028505
		outer loop
			vertex -11.448934555053711 -12.594745635986328 0.1705513596534729
			vertex -11.665739059448242 -12.692587852478027 6.9925408363342285
			vertex -11.984405517578125 -12.847472190856934 0.2702690660953522
		endloop
	endfacet
	facet normal 0.3419246881786788 -0.9397273581278314 0
		outer loop
			vertex -10.55159854888916 -12.250587463378906 0.06144355982542038
			vertex -10.55159854888916 -12.250587463378906 7.138556480407715
			vertex -11.117727279663086 -12.456576347351074 7.0774688720703125
		endloop
	endfacet
	facet normal 0.3582570174905885 -0.9336218013900913 0.0014971265374480478
		outer loop
			vertex -10.55159854888916 -12.250587463378906 0.06144355982542038
			vertex -11.117727279663086 -12.456576347351074 7.0774688720703125
			vertex -11.448934555053711 -12.594745635986328 0.1705513596534729
		endloop
	endfacet
	facet normal -0.013477856184984219 0.0026996800009872826 -0.999905525097521
		outer loop
			vertex -14.743419647216797 2.202117443084717 8.907265964808175e-7
			vertex -14.900715827941895 3.222196102142334 0.004875252489000559
			vertex -14.454142570495605 3.646301507949829 8.907265964808175e-7
		endloop
	endfacet
	facet normal -0.035562000217795736 -0.0007082683653207814 -0.9993672210436123
		outer loop
			vertex -15.406208038330078 2.8712985515594482 0.023111635819077492
			vertex -14.900715827941895 3.222196102142334 0.004875252489000559
			vertex -14.743419647216797 2.202117443084717 8.907265964808175e-7
		endloop
	endfacet
	facet normal -0.035562000217795736 0.0007082683653207814 -0.9993672210436123
		outer loop
			vertex -14.900715827941895 -3.222196102142334 0.004875252489000559
			vertex -15.406208038330078 -2.8712985515594482 0.023111635819077492
			vertex -14.743419647216797 -2.202117443084717 8.907265964808175e-7
		endloop
	endfacet
	facet normal -0.013477856184984219 -0.0026996800009872826 -0.999905525097521
		outer loop
			vertex -14.454142570495605 -3.646301507949829 8.907265964808175e-7
			vertex -14.900715827941895 -3.222196102142334 0.004875252489000559
			vertex -14.743419647216797 -2.202117443084717 8.907265964808175e-7
		endloop
	endfacet
	facet normal -0.07578838677642108 0.01323981698820084 -0.997036021252967
		outer loop
			vertex -15.467209815979004 2.522106885910034 0.023111628368496895
			vertex -15.95751953125 2.602057695388794 0.06144355982542038
			vertex -15.406208038330078 2.8712985515594482 0.023111635819077492
		endloop
	endfacet
	facet normal -0.029627494691049278 0.005175774419721383 -0.9995476091299944
		outer loop
			vertex -15.467209815979004 2.522106885910034 0.023111628368496895
			vertex -15.406208038330078 2.8712985515594482 0.023111635819077492
			vertex -14.743419647216797 2.202117443084717 8.907265964808175e-7
		endloop
	endfacet
	facet normal -0.11230803307380328 -0.02027660724188132 -0.9934665393992151
		outer loop
			vertex -15.529141426086426 2.1074576377868652 0.023111628368496895
			vertex -16.866138458251953 2.2889015674591064 0.1705513596534729
			vertex -15.95751953125 2.602057695388794 0.06144355982542038
		endloop
	endfacet
	facet normal -0.029938622818590197 0.0044716037083065655 -0.9995417368094252
		outer loop
			vertex -15.529141426086426 2.1074576377868652 0.023111628368496895
			vertex -15.467209815979004 2.522106885910034 0.023111628368496895
			vertex -14.743419647216797 2.202117443084717 8.907265964808175e-7
		endloop
	endfacet
	facet normal -0.07609403217114692 0.01136533094719427 -0.9970358707290311
		outer loop
			vertex -15.529141426086426 2.1074576377868652 0.023111628368496895
			vertex -15.95751953125 2.602057695388794 0.06144355982542038
			vertex -15.467209815979004 2.522106885910034 0.023111628368496895
		endloop
	endfacet
	facet normal -0.1078101877997799 0.01336627077289884 -0.9940816396112554
		outer loop
			vertex -15.573626518249512 1.7486480474472046 0.023111628368496895
			vertex -16.866138458251953 2.2889015674591064 0.1705513596534729
			vertex -15.529141426086426 2.1074576377868652 0.023111628368496895
		endloop
	endfacet
	facet normal -0.029845872088678914 0.0037002811694517856 -0.9995476636151642
		outer loop
			vertex -15.573626518249512 1.7486480474472046 0.023111628368496895
			vertex -15.529141426086426 2.1074576377868652 0.023111628368496895
			vertex -14.743419647216797 2.202117443084717 8.907265964808175e-7
		endloop
	endfacet
	facet normal -0.02941640991757719 0.0029171434884340537 -0.9995629870605599
		outer loop
			vertex -15.613336563110352 1.3488187789916992 0.023111628368496895
			vertex -14.743419647216797 2.202117443084717 8.907265964808175e-7
			vertex -14.88876724243164 0.7364355325698853 8.907265964808175e-7
		endloop
	endfacet
	facet normal -0.029421209854760554 0.0029220411194653202 -0.999562831485034
		outer loop
			vertex -15.613336563110352 1.3488187789916992 0.023111628368496895
			vertex -15.573626518249512 1.7486480474472046 0.023111628368496895
			vertex -14.743419647216797 2.202117443084717 8.907265964808175e-7
		endloop
	endfacet
	facet normal -0.02996409012900234 0.002268580084367951 -0.9995484014529471
		outer loop
			vertex -15.638440132141113 1.0172432661056519 0.023111628368496895
			vertex -15.613336563110352 1.3488187789916992 0.023111628368496895
			vertex -14.88876724243164 0.7364355325698853 8.907265964808175e-7
		endloop
	endfacet
	facet normal -0.030166772875162937 0.0017270649371107093 -0.999543387282914
		outer loop
			vertex -15.65235424041748 0.7742044925689697 0.023111628368496895
			vertex -15.638440132141113 1.0172432661056519 0.023111628368496895
			vertex -14.88876724243164 0.7364355325698853 8.907265964808175e-7
		endloop
	endfacet
	facet normal -0.17711420773416772 0.021958534799595735 -0.9839453136064795
		outer loop
			vertex -16.914453506469727 1.8991997241973877 0.1705513596534729
			vertex -17.438783645629883 2.1383073329925537 0.2702690660953522
			vertex -16.866138458251953 2.2889015674591064 0.1705513596534729
		endloop
	endfacet
	facet normal -0.10781019380327224 0.013366256285512095 -0.9940816391549595
		outer loop
			vertex -16.914453506469727 1.8991997241973877 0.1705513596534729
			vertex -16.866138458251953 2.2889015674591064 0.1705513596534729
			vertex -15.573626518249512 1.7486480474472046 0.023111628368496895
		endloop
	endfacet
	facet normal -0.10810526660882504 0.010736745219559187 -0.9940814723318836
		outer loop
			vertex -16.957584381103516 1.4649467468261719 0.1705513596534729
			vertex -15.573626518249512 1.7486480474472046 0.023111628368496895
			vertex -15.613336563110352 1.3488187789916992 0.023111628368496895
		endloop
	endfacet
	facet normal -0.10810536657729554 0.010737241322583517 -0.9940814561020488
		outer loop
			vertex -16.957584381103516 1.4649467468261719 0.1705513596534729
			vertex -16.914453506469727 1.8991997241973877 0.1705513596534729
			vertex -15.573626518249512 1.7486480474472046 0.023111628368496895
		endloop
	endfacet
	facet normal -0.1789736073475521 0.017776016800146243 -0.9836932759248308
		outer loop
			vertex -16.957584381103516 1.4649467468261719 0.1705513596534729
			vertex -17.438783645629883 2.1383073329925537 0.2702690660953522
			vertex -16.914453506469727 1.8991997241973877 0.1705513596534729
		endloop
	endfacet
	facet normal -0.10832433991430246 0.008201231511583126 -0.9940817759036851
		outer loop
			vertex -16.957584381103516 1.4649467468261719 0.1705513596534729
			vertex -15.613336563110352 1.3488187789916992 0.023111628368496895
			vertex -15.638440132141113 1.0172432661056519 0.023111628368496895
		endloop
	endfacet
	facet normal -0.10832446325942127 0.008200864649390315 -0.9940817654894194
		outer loop
			vertex -16.984848022460938 1.1048238277435303 0.1705513596534729
			vertex -16.957584381103516 1.4649467468261719 0.1705513596534729
			vertex -15.638440132141113 1.0172432661056519 0.023111628368496895
		endloop
	endfacet
	facet normal -0.10845406948999732 0.006209057278955995 -0.994082070263198
		outer loop
			vertex -16.99995994567871 0.8408604264259338 0.1705513596534729
			vertex -15.638440132141113 1.0172432661056519 0.023111628368496895
			vertex -15.65235424041748 0.7742044925689697 0.023111628368496895
		endloop
	endfacet
	facet normal -0.10845406253562836 0.006209002678072243 -0.9940820713629543
		outer loop
			vertex -16.99995994567871 0.8408604264259338 0.1705513596534729
			vertex -16.984848022460938 1.1048238277435303 0.1705513596534729
			vertex -15.638440132141113 1.0172432661056519 0.023111628368496895
		endloop
	endfacet
	facet normal -0.030006544040240807 0 -0.9995497022733594
		outer loop
			vertex -15.658610343933105 -0.6352208256721497 0.023111628368496895
			vertex -14.88876724243164 0.7364355325698853 8.907265964808175e-7
			vertex -14.88876724243164 -0.7364355325698853 8.907265964808175e-7
		endloop
	endfacet
	facet normal -0.030245530280732024 0.00013425270986146644 -0.9995424902795514
		outer loop
			vertex -15.658610343933105 -0.6352208256721497 0.023111628368496895
			vertex -15.65235424041748 0.7742044925689697 0.023111628368496895
			vertex -14.88876724243164 0.7364355325698853 8.907265964808175e-7
		endloop
	endfacet
	facet normal -0.10873605016919985 0.0004826534452975751 -0.9940705399715117
		outer loop
			vertex -15.658610343933105 -0.6352208256721497 0.023111628368496895
			vertex -16.99995994567871 0.8408604264259338 0.1705513596534729
			vertex -15.65235424041748 0.7742044925689697 0.023111628368496895
		endloop
	endfacet
	facet normal -0.2173966282397281 0.02159196185963828 -0.9758445025786894
		outer loop
			vertex -18.05570411682129 1.559812068939209 0.39490529894828796
			vertex -18.009780883789062 2.022185802459717 0.39490529894828796
			vertex -17.438783645629883 2.1383073329925537 0.2702690660953522
		endloop
	endfacet
	facet normal -0.2601616121854418 0.02583940539066519 -0.9652192811346699
		outer loop
			vertex -18.05570411682129 1.559812068939209 0.39490529894828796
			vertex -18.613933563232422 1.9168649911880493 0.554926872253418
			vertex -18.009780883789062 2.022185802459717 0.39490529894828796
		endloop
	endfacet
	facet normal -0.1999911291949979 0.002179150819734804 -0.9797952845084604
		outer loop
			vertex -18.05570411682129 1.559812068939209 0.39490529894828796
			vertex -17.438783645629883 2.1383073329925537 0.2702690660953522
			vertex -16.957584381103516 1.4649467468261719 0.1705513596534729
		endloop
	endfacet
	facet normal -0.030216065821738157 -0.0015953629489766146 -0.9995421172633585
		outer loop
			vertex -15.638440132141113 -1.0172432661056519 0.023111628368496895
			vertex -15.658610343933105 -0.6352208256721497 0.023111628368496895
			vertex -14.88876724243164 -0.7364355325698853 8.907265964808175e-7
		endloop
	endfacet
	facet normal -0.19890061431239747 0.015058066918367042 -0.9799039750132832
		outer loop
			vertex -18.084733963012695 1.1763687133789062 0.39490529894828796
			vertex -16.957584381103516 1.4649467468261719 0.1705513596534729
			vertex -16.984848022460938 1.1048238277435303 0.1705513596534729
		endloop
	endfacet
	facet normal -0.2636858490678434 0.019963208464270864 -0.964402013327006
		outer loop
			vertex -18.084733963012695 1.1763687133789062 0.39490529894828796
			vertex -18.613933563232422 1.9168649911880493 0.554926872253418
			vertex -18.05570411682129 1.559812068939209 0.39490529894828796
		endloop
	endfacet
	facet normal -0.1989007038041473 0.01505843498151002 -0.979903951192219
		outer loop
			vertex -18.084733963012695 1.1763687133789062 0.39490529894828796
			vertex -18.05570411682129 1.559812068939209 0.39490529894828796
			vertex -16.957584381103516 1.4649467468261719 0.1705513596534729
		endloop
	endfacet
	facet normal -0.02996409012900234 -0.002268580084367951 -0.9995484014529471
		outer loop
			vertex -15.613336563110352 -1.3488187789916992 0.023111628368496895
			vertex -15.638440132141113 -1.0172432661056519 0.023111628368496895
			vertex -14.88876724243164 -0.7364355325698853 8.907265964808175e-7
		endloop
	endfacet
	facet normal -0.19913874649632451 0.011400707187869886 -0.9799049869857227
		outer loop
			vertex -18.1008243560791 0.8953118920326233 0.39490529894828796
			vertex -16.984848022460938 1.1048238277435303 0.1705513596534729
			vertex -16.99995994567871 0.8408604264259338 0.1705513596534729
		endloop
	endfacet
	facet normal -0.19913872996570256 0.01140061438304409 -0.9799049914248504
		outer loop
			vertex -18.1008243560791 0.8953118920326233 0.39490529894828796
			vertex -18.084733963012695 1.1763687133789062 0.39490529894828796
			vertex -16.984848022460938 1.1048238277435303 0.1705513596534729
		endloop
	endfacet
	facet normal -0.029373375182843654 -0.0029128758535813923 -0.9995642650598459
		outer loop
			vertex -15.5890474319458 -1.6053619384765625 0.023111628368496895
			vertex -14.88876724243164 -0.7364355325698853 8.907265964808175e-7
			vertex -14.743419647216797 -2.202117443084717 8.907265964808175e-7
		endloop
	endfacet
	facet normal -0.02951965881922989 -0.0027948781266778164 -0.9995602925283964
		outer loop
			vertex -15.5890474319458 -1.6053619384765625 0.023111628368496895
			vertex -15.613336563110352 -1.3488187789916992 0.023111628368496895
			vertex -14.88876724243164 -0.7364355325698853 8.907265964808175e-7
		endloop
	endfacet
	facet normal -0.10873596146379433 0.0004827350192140191 -0.9940705496349068
		outer loop
			vertex -17.006755828857422 -0.6899108290672302 0.1705513596534729
			vertex -16.99995994567871 0.8408604264259338 0.1705513596534729
			vertex -15.658610343933105 -0.6352208256721497 0.023111628368496895
		endloop
	endfacet
	facet normal -0.029679774321594837 -0.0033474596118722635 -0.9995538532317138
		outer loop
			vertex -15.554990768432617 -1.907320499420166 0.023111628368496895
			vertex -15.5890474319458 -1.6053619384765625 0.023111628368496895
			vertex -14.743419647216797 -2.202117443084717 8.907265964808175e-7
		endloop
	endfacet
	facet normal -0.10848530267086173 -0.00572786124476514 -0.9940815513377022
		outer loop
			vertex -16.984848022460938 -1.1048238277435303 0.1705513596534729
			vertex -15.658610343933105 -0.6352208256721497 0.023111628368496895
			vertex -15.638440132141113 -1.0172432661056519 0.023111628368496895
		endloop
	endfacet
	facet normal -0.10848521067733001 -0.005728123727102025 -0.9940815598646131
		outer loop
			vertex -16.984848022460938 -1.1048238277435303 0.1705513596534729
			vertex -17.006755828857422 -0.6899108290672302 0.1705513596534729
			vertex -15.658610343933105 -0.6352208256721497 0.023111628368496895
		endloop
	endfacet
	facet normal -0.029942372222977624 -0.0040712118418260125 -0.9995433355186756
		outer loop
			vertex -15.499551773071289 -2.3150553703308105 0.023111628368496895
			vertex -15.554990768432617 -1.907320499420166 0.023111628368496895
			vertex -14.743419647216797 -2.202117443084717 8.907265964808175e-7
		endloop
	endfacet
	facet normal -0.07551301660354137 -0.012671929576715523 -0.9970642940774863
		outer loop
			vertex -15.499551773071289 -2.3150553703308105 0.023111628368496895
			vertex -15.406208038330078 -2.8712985515594482 0.023111635819077492
			vertex -15.95751953125 -2.602057695388794 0.06144355982542038
		endloop
	endfacet
	facet normal -0.029803440807422206 -0.005001359143201013 -0.99954326635857
		outer loop
			vertex -15.499551773071289 -2.3150553703308105 0.023111628368496895
			vertex -14.743419647216797 -2.202117443084717 8.907265964808175e-7
			vertex -15.406208038330078 -2.8712985515594482 0.023111635819077492
		endloop
	endfacet
	facet normal -0.07689543363937479 -0.010455337261979869 -0.9969843420075116
		outer loop
			vertex -15.499551773071289 -2.3150553703308105 0.023111628368496895
			vertex -15.95751953125 -2.602057695388794 0.06144355982542038
			vertex -15.554990768432617 -1.907320499420166 0.023111628368496895
		endloop
	endfacet
	facet normal -0.31454805205595787 0.023813891480142815 -0.9489427914897581
		outer loop
			vertex -19.570018768310547 1.2729830741882324 0.8556841015815735
			vertex -19.538604736328125 1.6879183053970337 0.8556841015815735
			vertex -18.613933563232422 1.9168649911880493 0.554926872253418
		endloop
	endfacet
	facet normal -0.38138343665388447 0.028873883381047943 -0.923965893907654
		outer loop
			vertex -19.570018768310547 1.2729830741882324 0.8556841015815735
			vertex -20.428613662719727 1.3288325071334839 1.2118297815322876
			vertex -19.538604736328125 1.6879183053970337 0.8556841015815735
		endloop
	endfacet
	facet normal -0.2966270270417138 -0.005615150894477453 -0.9549768986257348
		outer loop
			vertex -19.570018768310547 1.2729830741882324 0.8556841015815735
			vertex -18.613933563232422 1.9168649911880493 0.554926872253418
			vertex -18.084733963012695 1.1763687133789062 0.39490529894828796
		endloop
	endfacet
	facet normal -0.10832446325942127 -0.008200864649390315 -0.9940817654894194
		outer loop
			vertex -16.957584381103516 -1.4649467468261719 0.1705513596534729
			vertex -16.984848022460938 -1.1048238277435303 0.1705513596534729
			vertex -15.638440132141113 -1.0172432661056519 0.023111628368496895
		endloop
	endfacet
	facet normal -0.10832433991430246 -0.008201231511583126 -0.9940817759036851
		outer loop
			vertex -16.957584381103516 -1.4649467468261719 0.1705513596534729
			vertex -15.638440132141113 -1.0172432661056519 0.023111628368496895
			vertex -15.613336563110352 -1.3488187789916992 0.023111628368496895
		endloop
	endfacet
	facet normal -0.29525303664124636 0.016903406913414503 -0.9552695531570355
		outer loop
			vertex -19.587430953979492 0.9688431620597839 0.8556841015815735
			vertex -19.570018768310547 1.2729830741882324 0.8556841015815735
			vertex -18.084733963012695 1.1763687133789062 0.39490529894828796
		endloop
	endfacet
	facet normal -0.2952530017294165 0.0169031188394797 -0.9552695690449202
		outer loop
			vertex -19.587430953979492 0.9688431620597839 0.8556841015815735
			vertex -18.084733963012695 1.1763687133789062 0.39490529894828796
			vertex -18.1008243560791 0.8953118920326233 0.39490529894828796
		endloop
	endfacet
	facet normal -0.1799694568866669 -0.01703938136516571 -0.983524607760584
		outer loop
			vertex -16.931203842163086 -1.743577241897583 0.1705513596534729
			vertex -17.438783645629883 -2.1383073329925537 0.2702690660953522
			vertex -16.957584381103516 -1.4649467468261719 0.1705513596534729
		endloop
	endfacet
	facet normal -0.10794895212622463 -0.012175118094599181 -0.9940818830630769
		outer loop
			vertex -16.931203842163086 -1.743577241897583 0.1705513596534729
			vertex -15.5890474319458 -1.6053619384765625 0.023111628368496895
			vertex -15.554990768432617 -1.907320499420166 0.023111628368496895
		endloop
	endfacet
	facet normal -0.10814829351064556 -0.010239404224463646 -0.9940820394775591
		outer loop
			vertex -16.931203842163086 -1.743577241897583 0.1705513596534729
			vertex -16.957584381103516 -1.4649467468261719 0.1705513596534729
			vertex -15.613336563110352 -1.3488187789916992 0.023111628368496895
		endloop
	endfacet
	facet normal -0.10814831719139939 -0.010239324512733038 -0.9940820377223359
		outer loop
			vertex -16.931203842163086 -1.743577241897583 0.1705513596534729
			vertex -15.613336563110352 -1.3488187789916992 0.023111628368496895
			vertex -15.5890474319458 -1.6053619384765625 0.023111628368496895
		endloop
	endfacet
	facet normal -0.2959986360520894 0.001313838207464799 -0.955187458713978
		outer loop
			vertex -18.10805892944336 -0.7345873117446899 0.39490529894828796
			vertex -19.587430953979492 0.9688431620597839 0.8556841015815735
			vertex -18.1008243560791 0.8953118920326233 0.39490529894828796
		endloop
	endfacet
	facet normal -0.1996512453875651 0.0008863548588785886 -0.979866620816455
		outer loop
			vertex -18.10805892944336 -0.7345873117446899 0.39490529894828796
			vertex -16.99995994567871 0.8408604264259338 0.1705513596534729
			vertex -17.006755828857422 -0.6899108290672302 0.1705513596534729
		endloop
	endfacet
	facet normal -0.19919607012724405 -0.01051774457105592 -0.9799032108810544
		outer loop
			vertex -18.10805892944336 -0.7345873117446899 0.39490529894828796
			vertex -17.006755828857422 -0.6899108290672302 0.1705513596534729
			vertex -16.984848022460938 -1.1048238277435303 0.1705513596534729
		endloop
	endfacet
	facet normal -0.1996510115307836 0.0008861835669471728 -0.9798666686204919
		outer loop
			vertex -18.10805892944336 -0.7345873117446899 0.39490529894828796
			vertex -18.1008243560791 0.8953118920326233 0.39490529894828796
			vertex -16.99995994567871 0.8408604264259338 0.1705513596534729
		endloop
	endfacet
	facet normal -0.12467812141351091 -0.016102833417991635 -0.9920665626845361
		outer loop
			vertex -16.89421272277832 -2.071533203125 0.1705513596534729
			vertex -15.95751953125 -2.602057695388794 0.06144355982542038
			vertex -16.866138458251953 -2.2889015674591064 0.1705513596534729
		endloop
	endfacet
	facet normal -0.17735213677522993 -0.022905958819707684 -0.9838808548964708
		outer loop
			vertex -16.89421272277832 -2.071533203125 0.1705513596534729
			vertex -16.866138458251953 -2.2889015674591064 0.1705513596534729
			vertex -17.438783645629883 -2.1383073329925537 0.2702690660953522
		endloop
	endfacet
	facet normal -0.17770295697917488 -0.020043640225476077 -0.9838800290520024
		outer loop
			vertex -16.89421272277832 -2.071533203125 0.1705513596534729
			vertex -17.438783645629883 -2.1383073329925537 0.2702690660953522
			vertex -16.931203842163086 -1.743577241897583 0.1705513596534729
		endloop
	endfacet
	facet normal -0.11054401816611596 0.00921467935507451 -0.9938285112292123
		outer loop
			vertex -16.89421272277832 -2.071533203125 0.1705513596534729
			vertex -15.554990768432617 -1.907320499420166 0.023111628368496895
			vertex -15.95751953125 -2.602057695388794 0.06144355982542038
		endloop
	endfacet
	facet normal -0.10794904197848505 -0.012175890581016799 -0.9940818638444655
		outer loop
			vertex -16.89421272277832 -2.071533203125 0.1705513596534729
			vertex -16.931203842163086 -1.743577241897583 0.1705513596534729
			vertex -15.554990768432617 -1.907320499420166 0.023111628368496895
		endloop
	endfacet
	facet normal -0.1991958511539171 -0.010517048757837108 -0.9799032628624583
		outer loop
			vertex -18.084733963012695 -1.1763687133789062 0.39490529894828796
			vertex -18.10805892944336 -0.7345873117446899 0.39490529894828796
			vertex -16.984848022460938 -1.1048238277435303 0.1705513596534729
		endloop
	endfacet
	facet normal -0.1999911291949979 -0.002179150819734804 -0.9797952845084604
		outer loop
			vertex -18.05570411682129 -1.559812068939209 0.39490529894828796
			vertex -16.957584381103516 -1.4649467468261719 0.1705513596534729
			vertex -17.438783645629883 -2.1383073329925537 0.2702690660953522
		endloop
	endfacet
	facet normal -0.19890073466093144 -0.015058076029531853 -0.979903950444956
		outer loop
			vertex -18.05570411682129 -1.559812068939209 0.39490529894828796
			vertex -16.984848022460938 -1.1048238277435303 0.1705513596534729
			vertex -16.957584381103516 -1.4649467468261719 0.1705513596534729
		endloop
	endfacet
	facet normal -0.2636858490678434 -0.019963208464270864 -0.964402013327006
		outer loop
			vertex -18.05570411682129 -1.559812068939209 0.39490529894828796
			vertex -18.613933563232422 -1.9168649911880493 0.554926872253418
			vertex -18.084733963012695 -1.1763687133789062 0.39490529894828796
		endloop
	endfacet
	facet normal -0.1989005907750574 -0.015058426424269303 -0.979903974266335
		outer loop
			vertex -18.05570411682129 -1.559812068939209 0.39490529894828796
			vertex -18.084733963012695 -1.1763687133789062 0.39490529894828796
			vertex -16.984848022460938 -1.1048238277435303 0.1705513596534729
		endloop
	endfacet
	facet normal -0.38184104560007853 0.021861391793267283 -0.9239694234355919
		outer loop
			vertex -20.44679069519043 1.0113492012023926 1.2118299007415771
			vertex -20.428613662719727 1.3288325071334839 1.2118297815322876
			vertex -19.570018768310547 1.2729830741882324 0.8556841015815735
		endloop
	endfacet
	facet normal -0.4437248970265106 0.025404469849618014 -0.8958028961052049
		outer loop
			vertex -20.44679069519043 1.0113492012023926 1.2118299007415771
			vertex -21.239011764526367 0.8616002798080444 1.600000023841858
			vertex -20.428613662719727 1.3288325071334839 1.2118297815322876
		endloop
	endfacet
	facet normal -0.3818408521193118 0.02186060937073522 -0.9239695219057488
		outer loop
			vertex -20.44679069519043 1.0113492012023926 1.2118299007415771
			vertex -19.570018768310547 1.2729830741882324 0.8556841015815735
			vertex -19.587430953979492 0.9688431620597839 0.8556841015815735
		endloop
	endfacet
	facet normal -0.21641253807355051 -0.020490267600232596 -0.9760869645160901
		outer loop
			vertex -18.02761459350586 -1.8564858436584473 0.39490529894828796
			vertex -18.05570411682129 -1.559812068939209 0.39490529894828796
			vertex -17.438783645629883 -2.1383073329925537 0.2702690660953522
		endloop
	endfacet
	facet normal -0.21774522384171263 -0.023435160408635594 -0.9757242493403269
		outer loop
			vertex -18.02761459350586 -1.8564858436584473 0.39490529894828796
			vertex -17.438783645629883 -2.1383073329925537 0.2702690660953522
			vertex -18.009780883789062 -2.022185802459717 0.39490529894828796
		endloop
	endfacet
	facet normal -0.2605040282138918 -0.028037141667576655 -0.9650655780678578
		outer loop
			vertex -18.02761459350586 -1.8564858436584473 0.39490529894828796
			vertex -18.009780883789062 -2.022185802459717 0.39490529894828796
			vertex -18.613933563232422 -1.9168649911880493 0.554926872253418
		endloop
	endfacet
	facet normal -0.26084753110191117 -0.02469744018861627 -0.9650640403445605
		outer loop
			vertex -18.02761459350586 -1.8564858436584473 0.39490529894828796
			vertex -18.613933563232422 -1.9168649911880493 0.554926872253418
			vertex -18.05570411682129 -1.559812068939209 0.39490529894828796
		endloop
	endfacet
	facet normal -0.29599847407662583 0.0013139923977819737 -0.9551875086956947
		outer loop
			vertex -19.595260620117188 -0.7949183583259583 0.8556841015815735
			vertex -19.587430953979492 0.9688431620597839 0.8556841015815735
			vertex -18.10805892944336 -0.7345873117446899 0.39490529894828796
		endloop
	endfacet
	facet normal -0.31454805205595787 -0.023813891480142815 -0.9489427914897581
		outer loop
			vertex -19.570018768310547 -1.2729830741882324 0.8556841015815735
			vertex -18.613933563232422 -1.9168649911880493 0.554926872253418
			vertex -19.538604736328125 -1.6879183053970337 0.8556841015815735
		endloop
	endfacet
	facet normal -0.38138343665388447 -0.028873883381047943 -0.923965893907654
		outer loop
			vertex -19.570018768310547 -1.2729830741882324 0.8556841015815735
			vertex -19.538604736328125 -1.6879183053970337 0.8556841015815735
			vertex -20.428613662719727 -1.3288325071334839 1.2118297815322876
		endloop
	endfacet
	facet normal -0.2966270270417138 0.005615150894477453 -0.9549768986257348
		outer loop
			vertex -19.570018768310547 -1.2729830741882324 0.8556841015815735
			vertex -18.084733963012695 -1.1763687133789062 0.39490529894828796
			vertex -18.613933563232422 -1.9168649911880493 0.554926872253418
		endloop
	endfacet
	facet normal -0.2953368705355426 -0.01559380826850824 -0.9552659137883844
		outer loop
			vertex -19.570018768310547 -1.2729830741882324 0.8556841015815735
			vertex -19.595260620117188 -0.7949183583259583 0.8556841015815735
			vertex -18.10805892944336 -0.7345873117446899 0.39490529894828796
		endloop
	endfacet
	facet normal -0.2953371216396989 -0.015593070288818124 -0.9552658482017171
		outer loop
			vertex -19.570018768310547 -1.2729830741882324 0.8556841015815735
			vertex -18.10805892944336 -0.7345873117446899 0.39490529894828796
			vertex -18.084733963012695 -1.1763687133789062 0.39490529894828796
		endloop
	endfacet
	facet normal -0.38194933149936805 -0.020166952513872648 -0.9239632039174986
		outer loop
			vertex -20.4549617767334 -0.8297938108444214 1.2118299007415771
			vertex -19.595260620117188 -0.7949183583259583 0.8556841015815735
			vertex -19.570018768310547 -1.2729830741882324 0.8556841015815735
		endloop
	endfacet
	facet normal -0.44280204373849696 -0.023378731893226527 -0.896314556925232
		outer loop
			vertex -20.4549617767334 -0.8297938108444214 1.2118299007415771
			vertex -20.428613662719727 -1.3288325071334839 1.2118297815322876
			vertex -21.239011764526367 -0.8616002798080444 1.600000023841858
		endloop
	endfacet
	facet normal -0.4436851752420726 0 -0.8961827186854315
		outer loop
			vertex -20.4549617767334 -0.8297938108444214 1.2118299007415771
			vertex -21.239011764526367 -0.8616002798080444 1.600000023841858
			vertex -21.239011764526367 0.8616002798080444 1.600000023841858
		endloop
	endfacet
	facet normal -0.4402956018339386 0.001954053130069473 -0.8978507474419424
		outer loop
			vertex -20.4549617767334 -0.8297938108444214 1.2118299007415771
			vertex -21.239011764526367 0.8616002798080444 1.600000023841858
			vertex -20.44679069519043 1.0113492012023926 1.2118299007415771
		endloop
	endfacet
	facet normal -0.38278383553608575 0.0016992487932827507 -0.9238363750176876
		outer loop
			vertex -20.4549617767334 -0.8297938108444214 1.2118299007415771
			vertex -19.587430953979492 0.9688431620597839 0.8556841015815735
			vertex -19.595260620117188 -0.7949183583259583 0.8556841015815735
		endloop
	endfacet
	facet normal -0.3819488513995255 -0.02016581442256094 -0.9239634272216938
		outer loop
			vertex -20.4549617767334 -0.8297938108444214 1.2118299007415771
			vertex -19.570018768310547 -1.2729830741882324 0.8556841015815735
			vertex -20.428613662719727 -1.3288325071334839 1.2118297815322876
		endloop
	endfacet
	facet normal -0.3827830577670172 0.0016988096838843974 -0.9238366980869457
		outer loop
			vertex -20.4549617767334 -0.8297938108444214 1.2118299007415771
			vertex -20.44679069519043 1.0113492012023926 1.2118299007415771
			vertex -19.587430953979492 0.9688431620597839 0.8556841015815735
		endloop
	endfacet
	facet normal -0.8660761680962513 0.49991206332285476 0
		outer loop
			vertex -13.89673900604248 -8.26400375366211 0.06144355982542038
			vertex -14.197905540466309 -8.785761833190918 7.0774688720703125
			vertex -13.89673900604248 -8.26400375366211 7.138556480407715
		endloop
	endfacet
	facet normal -0.8357605059276711 0.5490938152010939 -0.0005990320777712032
		outer loop
			vertex -14.391489028930664 -9.087944984436035 0.1705513596534729
			vertex -14.525492668151855 -9.284465789794922 6.9925408363342285
			vertex -14.197905540466309 -8.785761833190918 7.0774688720703125
		endloop
	endfacet
	facet normal -0.8572275445900508 0.5149356227125579 0.001497083078122671
		outer loop
			vertex -14.391489028930664 -9.087944984436035 0.1705513596534729
			vertex -14.197905540466309 -8.785761833190918 7.0774688720703125
			vertex -13.89673900604248 -8.26400375366211 0.06144355982542038
		endloop
	endfacet
	facet normal -0.792872489999673 0.609385743923518 -0.0014932195081395778
		outer loop
			vertex -14.73336124420166 -9.571395874023438 0.2702690660953522
			vertex -15.096128463745117 -10.027379989624023 6.8050947189331055
			vertex -14.525492668151855 -9.284465789794922 6.9925408363342285
		endloop
	endfacet
	facet normal -0.8164217277375644 0.5774558035391371 0.000597860335101602
		outer loop
			vertex -14.73336124420166 -9.571395874023438 0.2702690660953522
			vertex -14.525492668151855 -9.284465789794922 6.9925408363342285
			vertex -14.391489028930664 -9.087944984436035 0.1705513596534729
		endloop
	endfacet
	facet normal -0.7825570878648568 0.6225788337491687 0
		outer loop
			vertex -15.096128463745117 -10.027379989624023 0.39490529894828796
			vertex -15.096128463745117 -10.027379989624023 6.8050947189331055
			vertex -14.73336124420166 -9.571395874023438 0.2702690660953522
		endloop
	endfacet
	facet normal -0.44317058458881675 0.023335288771642464 0.896133526464193
		outer loop
			vertex -20.465003967285156 0.8302012085914612 5.983592510223389
			vertex -20.439016342163086 1.323743462562561 5.983592510223389
			vertex -21.239011764526367 0.8616002798080444 5.599999904632568
		endloop
	endfacet
	facet normal -0.382570484765861 0.02881962169777261 0.9234767206547285
		outer loop
			vertex -19.592269897460938 1.2689034938812256 6.336087226867676
			vertex -19.561260223388672 1.6805461645126343 6.336087226867676
			vertex -20.439016342163086 1.323743462562561 5.983592510223389
		endloop
	endfacet
	facet normal -0.33267326145204096 0.02506078729486863 0.9427091057452578
		outer loop
			vertex -19.592269897460938 1.2689034938812256 6.336087226867676
			vertex -19.09560203552246 1.8147969245910645 6.49684476852417
			vertex -19.561260223388672 1.6805461645126343 6.336087226867676
		endloop
	endfacet
	facet normal -0.2997363689126469 0.029676766762098586 0.9535603801886957
		outer loop
			vertex -18.628435134887695 1.7703986167907715 6.645072937011719
			vertex -18.613933563232422 1.9168649911880493 6.645072937011719
			vertex -19.09560203552246 1.8147969245910645 6.49684476852417
		endloop
	endfacet
	facet normal -0.2601490982023247 0.025757248407084852 0.9652248498971693
		outer loop
			vertex -18.628435134887695 1.7703986167907715 6.645072937011719
			vertex -18.009780883789062 2.022185802459717 6.8050947189331055
			vertex -18.613933563232422 1.9168649911880493 6.645072937011719
		endloop
	endfacet
	facet normal -0.3831297764634775 0.020173820830381176 0.9234741963585933
		outer loop
			vertex -19.6171817779541 0.7958076596260071 6.336087226867676
			vertex -20.439016342163086 1.323743462562561 5.983592510223389
			vertex -20.465003967285156 0.8302012085914612 5.983592510223389
		endloop
	endfacet
	facet normal -0.3831293984804506 0.020174503974207288 0.9234743382516934
		outer loop
			vertex -19.6171817779541 0.7958076596260071 6.336087226867676
			vertex -19.592269897460938 1.2689034938812256 6.336087226867676
			vertex -20.439016342163086 1.323743462562561 5.983592510223389
		endloop
	endfacet
	facet normal -0.25822674815855384 0.0206276671625578 0.9658640928634264
		outer loop
			vertex -18.673250198364258 1.2093827724456787 6.645072937011719
			vertex -18.009780883789062 2.022185802459717 6.8050947189331055
			vertex -18.628435134887695 1.7703986167907715 6.645072937011719
		endloop
	endfacet
	facet normal -0.3002742638692341 0.023986506497667176 0.9535512644655384
		outer loop
			vertex -18.673250198364258 1.2093827724456787 6.645072937011719
			vertex -18.628435134887695 1.7703986167907715 6.645072937011719
			vertex -19.09560203552246 1.8147969245910645 6.49684476852417
		endloop
	endfacet
	facet normal -0.3180716282060401 0.010214322676050672 0.9480116597081643
		outer loop
			vertex -18.673250198364258 1.2093827724456787 6.645072937011719
			vertex -19.09560203552246 1.8147969245910645 6.49684476852417
			vertex -19.592269897460938 1.2689034938812256 6.336087226867676
		endloop
	endfacet
	facet normal -0.4440516412168168 0 0.89600119415805
		outer loop
			vertex -20.465003967285156 -0.8302012085914612 5.983592510223389
			vertex -21.239011764526367 0.8616002798080444 5.599999904632568
			vertex -21.239011764526367 -0.8616002798080444 5.599999904632568
		endloop
	endfacet
	facet normal -0.44317058458881675 -0.023335288771642464 0.896133526464193
		outer loop
			vertex -20.465003967285156 -0.8302012085914612 5.983592510223389
			vertex -21.239011764526367 -0.8616002798080444 5.599999904632568
			vertex -20.439016342163086 -1.323743462562561 5.983592510223389
		endloop
	endfacet
	facet normal -0.38390578840911926 0 0.9233722681703045
		outer loop
			vertex -20.465003967285156 -0.8302012085914612 5.983592510223389
			vertex -19.6171817779541 0.7958076596260071 6.336087226867676
			vertex -20.465003967285156 0.8302012085914612 5.983592510223389
		endloop
	endfacet
	facet normal -0.44405164121681673 0 0.8960011941580499
		outer loop
			vertex -20.465003967285156 -0.8302012085914612 5.983592510223389
			vertex -20.465003967285156 0.8302012085914612 5.983592510223389
			vertex -21.239011764526367 0.8616002798080444 5.599999904632568
		endloop
	endfacet
	facet normal -0.3176645271199002 0.016728189563945093 0.948055597464412
		outer loop
			vertex -18.69699478149414 0.7584785223007202 6.645072937011719
			vertex -18.673250198364258 1.2093827724456787 6.645072937011719
			vertex -19.592269897460938 1.2689034938812256 6.336087226867676
		endloop
	endfacet
	facet normal -0.3176649693195441 0.01672733340595002 0.9480554644029744
		outer loop
			vertex -18.69699478149414 0.7584785223007202 6.645072937011719
			vertex -19.592269897460938 1.2689034938812256 6.336087226867676
			vertex -19.6171817779541 0.7958076596260071 6.336087226867676
		endloop
	endfacet
	facet normal -0.20599488416169232 0.02496631709005622 0.9782345274575877
		outer loop
			vertex -17.131582260131836 1.9235793352127075 6.9925408363342285
			vertex -17.095111846923828 2.2244935035705566 6.9925408363342285
			vertex -18.009780883789062 2.022185802459717 6.8050947189331055
		endloop
	endfacet
	facet normal -0.15238355191332112 0.018468692035044774 0.988148855446787
		outer loop
			vertex -17.131582260131836 1.9235793352127075 6.9925408363342285
			vertex -16.523605346679688 2.395953893661499 7.0774688720703125
			vertex -17.095111846923828 2.2244935035705566 6.9925408363342285
		endloop
	endfacet
	facet normal -0.38390578840911926 0 0.9233722681703045
		outer loop
			vertex -19.6171817779541 -0.7958076596260071 6.336087226867676
			vertex -19.6171817779541 0.7958076596260071 6.336087226867676
			vertex -20.465003967285156 -0.8302012085914612 5.983592510223389
		endloop
	endfacet
	facet normal -0.2063961614686687 0.02139268459766603 0.978234622969717
		outer loop
			vertex -17.16190528869629 1.6310234069824219 6.9925408363342285
			vertex -17.131582260131836 1.9235793352127075 6.9925408363342285
			vertex -18.009780883789062 2.022185802459717 6.8050947189331055
		endloop
	endfacet
	facet normal -0.1135658933800484 0.01749141824524277 0.9933764835894604
		outer loop
			vertex -16.00093650817871 2.3201658725738525 7.138556480407715
			vertex -15.95751953125 2.602057695388794 7.138556480407715
			vertex -16.523605346679688 2.395953893661499 7.0774688720703125
		endloop
	endfacet
	facet normal -0.013463477853271727 0.002696799951368188 0.9999057265733189
		outer loop
			vertex -14.987061500549316 2.7931809425354004 7.195124626159668
			vertex -14.743419647216797 2.202117443084717 7.1999993324279785
			vertex -14.454142570495605 3.646301507949829 7.1999993324279785
		endloop
	endfacet
	facet normal -0.041896536135569665 0.008432300144967772 0.9990863709280124
		outer loop
			vertex -14.987061500549316 2.7931809425354004 7.195124626159668
			vertex -14.900715827941895 3.222196102142334 7.195124626159668
			vertex -15.406208038330078 2.8712985515594482 7.176888465881348
		endloop
	endfacet
	facet normal -0.013493997739184048 0.002715867457971399 0.9999052635569862
		outer loop
			vertex -14.987061500549316 2.7931809425354004 7.195124626159668
			vertex -14.454142570495605 3.646301507949829 7.1999993324279785
			vertex -14.900715827941895 3.222196102142334 7.195124626159668
		endloop
	endfacet
	facet normal -0.382570484765861 -0.02881962169777261 0.9234767206547285
		outer loop
			vertex -19.592269897460938 -1.2689034938812256 6.336087226867676
			vertex -20.439016342163086 -1.323743462562561 5.983592510223389
			vertex -19.561260223388672 -1.6805461645126343 6.336087226867676
		endloop
	endfacet
	facet normal -0.33267326145204096 -0.02506078729486863 0.9427091057452578
		outer loop
			vertex -19.592269897460938 -1.2689034938812256 6.336087226867676
			vertex -19.561260223388672 -1.6805461645126343 6.336087226867676
			vertex -19.09560203552246 -1.8147969245910645 6.49684476852417
		endloop
	endfacet
	facet normal -0.3831294426134589 -0.020173803251401744 0.9234743352498078
		outer loop
			vertex -19.592269897460938 -1.2689034938812256 6.336087226867676
			vertex -20.465003967285156 -0.8302012085914612 5.983592510223389
			vertex -20.439016342163086 -1.323743462562561 5.983592510223389
		endloop
	endfacet
	facet normal -0.38312974675884787 -0.0201745223135567 0.9234741933578442
		outer loop
			vertex -19.592269897460938 -1.2689034938812256 6.336087226867676
			vertex -19.6171817779541 -0.7958076596260071 6.336087226867676
			vertex -20.465003967285156 -0.8302012085914612 5.983592510223389
		endloop
	endfacet
	facet normal -0.2302472412816149 -0.003640825050826623 0.9731253528066954
		outer loop
			vertex -17.20319366455078 1.1141737699508667 6.9925408363342285
			vertex -18.009780883789062 2.022185802459717 6.8050947189331055
			vertex -18.673250198364258 1.2093827724456787 6.645072937011719
		endloop
	endfacet
	facet normal -0.20850289558910148 0.016656190317315002 0.9778799076855367
		outer loop
			vertex -17.20319366455078 1.1141737699508667 6.9925408363342285
			vertex -17.16190528869629 1.6310234069824219 6.9925408363342285
			vertex -18.009780883789062 2.022185802459717 6.8050947189331055
		endloop
	endfacet
	facet normal -0.13622959379998592 -0.0027763945030903374 0.9906734019880892
		outer loop
			vertex -16.06730842590332 1.8040800094604492 7.138556480407715
			vertex -16.523605346679688 2.395953893661499 7.0774688720703125
			vertex -17.131582260131836 1.9235793352127075 6.9925408363342285
		endloop
	endfacet
	facet normal -0.1139765893867002 0.014658112833529356 0.9933752950420779
		outer loop
			vertex -16.06730842590332 1.8040800094604492 7.138556480407715
			vertex -16.00093650817871 2.3201658725738525 7.138556480407715
			vertex -16.523605346679688 2.395953893661499 7.0774688720703125
		endloop
	endfacet
	facet normal -0.06381502459726594 -0.011400210821868454 0.9978966268250773
		outer loop
			vertex -15.046403884887695 2.4534897804260254 7.195124626159668
			vertex -15.406208038330078 2.8712985515594482 7.176888465881348
			vertex -15.95751953125 2.602057695388794 7.138556480407715
		endloop
	endfacet
	facet normal -0.014050855862358295 0.0024546157859672447 0.9998982689808391
		outer loop
			vertex -15.046403884887695 2.4534897804260254 7.195124626159668
			vertex -14.743419647216797 2.202117443084717 7.1999993324279785
			vertex -14.987061500549316 2.7931809425354004 7.195124626159668
		endloop
	endfacet
	facet normal -0.04209746410026077 0.0073542210483074485 0.9990864421806053
		outer loop
			vertex -15.046403884887695 2.4534897804260254 7.195124626159668
			vertex -14.987061500549316 2.7931809425354004 7.195124626159668
			vertex -15.406208038330078 2.8712985515594482 7.176888465881348
		endloop
	endfacet
	facet normal -0.3183193896574555 0 0.9479835263168369
		outer loop
			vertex -18.69699478149414 -0.7584785223007202 6.645072937011719
			vertex -19.6171817779541 0.7958076596260071 6.336087226867676
			vertex -19.6171817779541 -0.7958076596260071 6.336087226867676
		endloop
	endfacet
	facet normal -0.3183193896574555 0 0.9479835263168369
		outer loop
			vertex -18.69699478149414 -0.7584785223007202 6.645072937011719
			vertex -18.69699478149414 0.7584785223007202 6.645072937011719
			vertex -19.6171817779541 0.7958076596260071 6.336087226867676
		endloop
	endfacet
	facet normal -0.3176649693195441 -0.01672733340595002 0.9480554644029744
		outer loop
			vertex -18.69699478149414 -0.7584785223007202 6.645072937011719
			vertex -19.6171817779541 -0.7958076596260071 6.336087226867676
			vertex -19.592269897460938 -1.2689034938812256 6.336087226867676
		endloop
	endfacet
	facet normal -0.2297484848370396 0 0.9732500365862232
		outer loop
			vertex -17.225067138671875 0.6987670660018921 6.9925408363342285
			vertex -18.69699478149414 0.7584785223007202 6.645072937011719
			vertex -18.69699478149414 -0.7584785223007202 6.645072937011719
		endloop
	endfacet
	facet normal -0.22926779348733195 0.01207322437017314 0.9732885061084189
		outer loop
			vertex -17.225067138671875 0.6987670660018921 6.9925408363342285
			vertex -18.673250198364258 1.2093827724456787 6.645072937011719
			vertex -18.69699478149414 0.7584785223007202 6.645072937011719
		endloop
	endfacet
	facet normal -0.2292681240035137 0.01207224228571564 0.9732884404338236
		outer loop
			vertex -17.225067138671875 0.6987670660018921 6.9925408363342285
			vertex -17.20319366455078 1.1141737699508667 6.9925408363342285
			vertex -18.673250198364258 1.2093827724456787 6.645072937011719
		endloop
	endfacet
	facet normal -0.1343757661946492 0.013928461233784495 0.9908325546868453
		outer loop
			vertex -16.095748901367188 1.5296986103057861 7.138556480407715
			vertex -16.06730842590332 1.8040800094604492 7.138556480407715
			vertex -17.131582260131836 1.9235793352127075 6.9925408363342285
		endloop
	endfacet
	facet normal -0.13437598056088637 0.013927889691289257 0.9908325336488742
		outer loop
			vertex -16.095748901367188 1.5296986103057861 7.138556480407715
			vertex -17.131582260131836 1.9235793352127075 6.9925408363342285
			vertex -17.16190528869629 1.6310234069824219 6.9925408363342285
		endloop
	endfacet
	facet normal -0.06045215284967749 0.009310840234228453 0.9981276699250312
		outer loop
			vertex -15.08734130859375 2.187692880630493 7.195124626159668
			vertex -15.95751953125 2.602057695388794 7.138556480407715
			vertex -16.00093650817871 2.3201658725738525 7.138556480407715
		endloop
	endfacet
	facet normal -0.06045221457690681 0.009310710260382682 0.9981276673989129
		outer loop
			vertex -15.08734130859375 2.187692880630493 7.195124626159668
			vertex -15.046403884887695 2.4534897804260254 7.195124626159668
			vertex -15.95751953125 2.602057695388794 7.138556480407715
		endloop
	endfacet
	facet normal -0.014264554268800092 0.0021969936539105415 0.999895842430799
		outer loop
			vertex -15.08734130859375 2.187692880630493 7.195124626159668
			vertex -14.743419647216797 2.202117443084717 7.1999993324279785
			vertex -15.046403884887695 2.4534897804260254 7.195124626159668
		endloop
	endfacet
	facet normal -0.3176645271199002 -0.016728189563945093 0.948055597464412
		outer loop
			vertex -18.673250198364258 -1.2093827724456787 6.645072937011719
			vertex -18.69699478149414 -0.7584785223007202 6.645072937011719
			vertex -19.592269897460938 -1.2689034938812256 6.336087226867676
		endloop
	endfacet
	facet normal -0.3180716282060401 -0.010214322676050672 0.9480116597081643
		outer loop
			vertex -18.673250198364258 -1.2093827724456787 6.645072937011719
			vertex -19.592269897460938 -1.2689034938812256 6.336087226867676
			vertex -19.09560203552246 -1.8147969245910645 6.49684476852417
		endloop
	endfacet
	facet normal -0.134676999450785 0.010758519246007342 0.9908311461003669
		outer loop
			vertex -16.134471893310547 1.0449575185775757 7.138556480407715
			vertex -16.095748901367188 1.5296986103057861 7.138556480407715
			vertex -17.16190528869629 1.6310234069824219 6.9925408363342285
		endloop
	endfacet
	facet normal -0.13467693938677813 0.01075862628881844 0.990831153102176
		outer loop
			vertex -16.134471893310547 1.0449575185775757 7.138556480407715
			vertex -17.16190528869629 1.6310234069824219 6.9925408363342285
			vertex -17.20319366455078 1.1141737699508667 6.9925408363342285
		endloop
	endfacet
	facet normal -0.06067079318819269 0.007802850635710294 0.9981273317447392
		outer loop
			vertex -15.149925231933594 1.7010737657546997 7.195124626159668
			vertex -15.08734130859375 2.187692880630493 7.195124626159668
			vertex -16.00093650817871 2.3201658725738525 7.138556480407715
		endloop
	endfacet
	facet normal -0.014249284397084535 0.0018325957511603106 0.999896794417796
		outer loop
			vertex -15.149925231933594 1.7010737657546997 7.195124626159668
			vertex -14.743419647216797 2.202117443084717 7.1999993324279785
			vertex -15.08734130859375 2.187692880630493 7.195124626159668
		endloop
	endfacet
	facet normal -0.060670926853460996 0.007802666287157837 0.9981273250610632
		outer loop
			vertex -15.149925231933594 1.7010737657546997 7.195124626159668
			vertex -16.00093650817871 2.3201658725738525 7.138556480407715
			vertex -16.06730842590332 1.8040800094604492 7.138556480407715
		endloop
	endfacet
	facet normal -0.29947884138144654 -0.028282434964983165 0.9536836621423678
		outer loop
			vertex -18.643695831298828 -1.60171639919281 6.645072937011719
			vertex -19.09560203552246 -1.8147969245910645 6.49684476852417
			vertex -18.613933563232422 -1.9168649911880493 6.645072937011719
		endloop
	endfacet
	facet normal -0.25996049381444136 -0.024550367985453746 0.9653071123158321
		outer loop
			vertex -18.643695831298828 -1.60171639919281 6.645072937011719
			vertex -18.613933563232422 -1.9168649911880493 6.645072937011719
			vertex -18.009780883789062 -2.022185802459717 6.8050947189331055
		endloop
	endfacet
	facet normal -0.3018906868144843 -0.022741329224630832 0.9530712697168958
		outer loop
			vertex -18.643695831298828 -1.60171639919281 6.645072937011719
			vertex -18.673250198364258 -1.2093827724456787 6.645072937011719
			vertex -19.09560203552246 -1.8147969245910645 6.49684476852417
		endloop
	endfacet
	facet normal -0.25675175065729094 -0.019341027549769504 0.9662838419365893
		outer loop
			vertex -18.643695831298828 -1.60171639919281 6.645072937011719
			vertex -18.009780883789062 -2.022185802459717 6.8050947189331055
			vertex -18.673250198364258 -1.2093827724456787 6.645072937011719
		endloop
	endfacet
	facet normal -0.060838964116437154 0.0063061456481067766 0.9981276736832337
		outer loop
			vertex -15.176741600036621 1.4423584938049316 7.195124626159668
			vertex -16.06730842590332 1.8040800094604492 7.138556480407715
			vertex -16.095748901367188 1.5296986103057861 7.138556480407715
		endloop
	endfacet
	facet normal -0.013616030611269536 0.001350263854334238 0.9999063858671554
		outer loop
			vertex -15.176741600036621 1.4423584938049316 7.195124626159668
			vertex -14.88876724243164 0.7364355325698853 7.1999993324279785
			vertex -14.743419647216797 2.202117443084717 7.1999993324279785
		endloop
	endfacet
	facet normal -0.013746853130590564 0.0014248894973611969 0.9999044922986027
		outer loop
			vertex -15.176741600036621 1.4423584938049316 7.195124626159668
			vertex -14.743419647216797 2.202117443084717 7.1999993324279785
			vertex -15.149925231933594 1.7010737657546997 7.195124626159668
		endloop
	endfacet
	facet normal -0.06083898834901368 0.006306085815064329 0.9981276725842048
		outer loop
			vertex -15.176741600036621 1.4423584938049316 7.195124626159668
			vertex -15.149925231933594 1.7010737657546997 7.195124626159668
			vertex -16.06730842590332 1.8040800094604492 7.138556480407715
		endloop
	endfacet
	facet normal -0.13491383677495855 0.007103964113292222 0.9908318678466782
		outer loop
			vertex -16.154987335205078 0.655357301235199 7.138556480407715
			vertex -17.20319366455078 1.1141737699508667 6.9925408363342285
			vertex -17.225067138671875 0.6987670660018921 6.9925408363342285
		endloop
	endfacet
	facet normal -0.13491371681005193 0.007104242746249644 0.9908318821836021
		outer loop
			vertex -16.154987335205078 0.655357301235199 7.138556480407715
			vertex -16.134471893310547 1.0449575185775757 7.138556480407715
			vertex -17.20319366455078 1.1141737699508667 6.9925408363342285
		endloop
	endfacet
	facet normal -0.1352001715225588 0 0.9908183050490492
		outer loop
			vertex -17.225067138671875 -0.6987670660018921 6.9925408363342285
			vertex -16.154987335205078 0.655357301235199 7.138556480407715
			vertex -17.225067138671875 0.6987670660018921 6.9925408363342285
		endloop
	endfacet
	facet normal -0.2297484848370396 0 0.9732500365862231
		outer loop
			vertex -17.225067138671875 -0.6987670660018921 6.9925408363342285
			vertex -17.225067138671875 0.6987670660018921 6.9925408363342285
			vertex -18.69699478149414 -0.7584785223007202 6.645072937011719
		endloop
	endfacet
	facet normal -0.014154201326349574 0.0011306726573049699 0.9998991850002455
		outer loop
			vertex -15.213253021240234 0.9852942824363708 7.195124626159668
			vertex -14.88876724243164 0.7364355325698853 7.1999993324279785
			vertex -15.176741600036621 1.4423584938049316 7.195124626159668
		endloop
	endfacet
	facet normal -0.06097535217724987 0.004870862148047333 0.9981273872250952
		outer loop
			vertex -15.213253021240234 0.9852942824363708 7.195124626159668
			vertex -15.176741600036621 1.4423584938049316 7.195124626159668
			vertex -16.095748901367188 1.5296986103057861 7.138556480407715
		endloop
	endfacet
	facet normal -0.06108246523928384 0.003216460645066867 0.99812754035805
		outer loop
			vertex -15.213253021240234 0.9852942824363708 7.195124626159668
			vertex -16.134471893310547 1.0449575185775757 7.138556480407715
			vertex -16.154987335205078 0.655357301235199 7.138556480407715
		endloop
	endfacet
	facet normal -0.06097530256798328 0.0048709428401580365 0.998127389861931
		outer loop
			vertex -15.213253021240234 0.9852942824363708 7.195124626159668
			vertex -16.095748901367188 1.5296986103057861 7.138556480407715
			vertex -16.134471893310547 1.0449575185775757 7.138556480407715
		endloop
	endfacet
	facet normal -0.2302472412816149 0.003640825050826623 0.9731253528066954
		outer loop
			vertex -17.20319366455078 -1.1141737699508667 6.9925408363342285
			vertex -18.673250198364258 -1.2093827724456787 6.645072937011719
			vertex -18.009780883789062 -2.022185802459717 6.8050947189331055
		endloop
	endfacet
	facet normal -0.22926806012501202 -0.012073238411292864 0.9732884431250471
		outer loop
			vertex -17.20319366455078 -1.1141737699508667 6.9925408363342285
			vertex -18.69699478149414 -0.7584785223007202 6.645072937011719
			vertex -18.673250198364258 -1.2093827724456787 6.645072937011719
		endloop
	endfacet
	facet normal -0.22926783458084168 -0.012072227046001726 0.9732885087992984
		outer loop
			vertex -17.20319366455078 -1.1141737699508667 6.9925408363342285
			vertex -17.225067138671875 -0.6987670660018921 6.9925408363342285
			vertex -18.69699478149414 -0.7584785223007202 6.645072937011719
		endloop
	endfacet
	facet normal -0.014438202755658287 0.000760291821545418 0.9998954746659937
		outer loop
			vertex -15.232597351074219 0.6179388165473938 7.195124626159668
			vertex -14.88876724243164 0.7364355325698853 7.1999993324279785
			vertex -15.213253021240234 0.9852942824363708 7.195124626159668
		endloop
	endfacet
	facet normal -0.061082479708572675 0.003216502119278098 0.9981275393389206
		outer loop
			vertex -15.232597351074219 0.6179388165473938 7.195124626159668
			vertex -15.213253021240234 0.9852942824363708 7.195124626159668
			vertex -16.154987335205078 0.655357301235199 7.138556480407715
		endloop
	endfacet
	facet normal -0.20944847389503188 -0.015777522318370547 0.977692388521326
		outer loop
			vertex -17.175966262817383 -1.4756207466125488 6.9925408363342285
			vertex -17.20319366455078 -1.1141737699508667 6.9925408363342285
			vertex -18.009780883789062 -2.022185802459717 6.8050947189331055
		endloop
	endfacet
	facet normal -0.13520017152255884 0 0.9908183050490492
		outer loop
			vertex -16.154987335205078 -0.655357301235199 7.138556480407715
			vertex -16.154987335205078 0.655357301235199 7.138556480407715
			vertex -17.225067138671875 -0.6987670660018921 6.9925408363342285
		endloop
	endfacet
	facet normal -0.20579089492044828 -0.023981437164257588 0.9783020996805527
		outer loop
			vertex -17.14854621887207 -1.76595938205719 6.9925408363342285
			vertex -18.009780883789062 -2.022185802459717 6.8050947189331055
			vertex -17.095111846923828 -2.2244935035705566 6.9925408363342285
		endloop
	endfacet
	facet normal -0.15216967240190435 -0.01773279346699282 0.9881952938751298
		outer loop
			vertex -17.14854621887207 -1.76595938205719 6.9925408363342285
			vertex -17.095111846923828 -2.2244935035705566 6.9925408363342285
			vertex -16.523605346679688 -2.395953893661499 7.0774688720703125
		endloop
	endfacet
	facet normal -0.20707017517512055 -0.019556037708760136 0.9781306170149662
		outer loop
			vertex -17.14854621887207 -1.76595938205719 6.9925408363342285
			vertex -17.175966262817383 -1.4756207466125488 6.9925408363342285
			vertex -18.009780883789062 -2.022185802459717 6.8050947189331055
		endloop
	endfacet
	facet normal -0.13491373513964175 -0.007103958761627335 0.99083188172393
		outer loop
			vertex -16.134471893310547 -1.0449575185775757 7.138556480407715
			vertex -17.225067138671875 -0.6987670660018921 6.9925408363342285
			vertex -17.20319366455078 -1.1141737699508667 6.9925408363342285
		endloop
	endfacet
	facet normal -0.13491382517750325 -0.007104248452627752 0.9908318673871452
		outer loop
			vertex -16.134471893310547 -1.0449575185775757 7.138556480407715
			vertex -16.154987335205078 -0.655357301235199 7.138556480407715
			vertex -17.225067138671875 -0.6987670660018921 6.9925408363342285
		endloop
	endfacet
	facet normal -0.13471667106181134 -0.010148058110939185 0.9908321933882654
		outer loop
			vertex -16.108936309814453 -1.3839502334594727 7.138556480407715
			vertex -17.20319366455078 -1.1141737699508667 6.9925408363342285
			vertex -17.175966262817383 -1.4756207466125488 6.9925408363342285
		endloop
	endfacet
	facet normal -0.13471663563514966 -0.01014791099204802 0.9908321997117594
		outer loop
			vertex -16.108936309814453 -1.3839502334594727 7.138556480407715
			vertex -16.134471893310547 -1.0449575185775757 7.138556480407715
			vertex -17.20319366455078 -1.1141737699508667 6.9925408363342285
		endloop
	endfacet
	facet normal -0.014176234997895807 0 0.9998995121317364
		outer loop
			vertex -15.232597351074219 -0.6179388165473938 7.195124626159668
			vertex -14.88876724243164 -0.7364355325698853 7.1999993324279785
			vertex -14.88876724243164 0.7364355325698853 7.1999993324279785
		endloop
	endfacet
	facet normal -0.061212791415131466 0 0.9981247387812646
		outer loop
			vertex -15.232597351074219 -0.6179388165473938 7.195124626159668
			vertex -15.232597351074219 0.6179388165473938 7.195124626159668
			vertex -16.154987335205078 0.655357301235199 7.138556480407715
		endloop
	endfacet
	facet normal -0.06121279141513147 0 0.9981247387812647
		outer loop
			vertex -15.232597351074219 -0.6179388165473938 7.195124626159668
			vertex -16.154987335205078 0.655357301235199 7.138556480407715
			vertex -16.154987335205078 -0.655357301235199 7.138556480407715
		endloop
	endfacet
	facet normal -0.06108248135845563 -0.0032164614938649874 0.9981275393688688
		outer loop
			vertex -15.232597351074219 -0.6179388165473938 7.195124626159668
			vertex -16.154987335205078 -0.655357301235199 7.138556480407715
			vertex -16.134471893310547 -1.0449575185775757 7.138556480407715
		endloop
	endfacet
	facet normal -0.014176234997895809 0 0.9998995121317366
		outer loop
			vertex -15.232597351074219 -0.6179388165473938 7.195124626159668
			vertex -14.88876724243164 0.7364355325698853 7.1999993324279785
			vertex -15.232597351074219 0.6179388165473938 7.195124626159668
		endloop
	endfacet
	facet normal -0.13568728488934764 -0.001038071417239442 0.9907511711459592
		outer loop
			vertex -16.083219528198242 -1.6562519073486328 7.138556480407715
			vertex -17.14854621887207 -1.76595938205719 6.9925408363342285
			vertex -16.523605346679688 -2.395953893661499 7.0774688720703125
		endloop
	endfacet
	facet normal -0.1344972717384207 -0.012702136923472964 0.9908325487248079
		outer loop
			vertex -16.083219528198242 -1.6562519073486328 7.138556480407715
			vertex -17.175966262817383 -1.4756207466125488 6.9925408363342285
			vertex -17.14854621887207 -1.76595938205719 6.9925408363342285
		endloop
	endfacet
	facet normal -0.1344972860095054 -0.012702225744258281 0.9908325456489707
		outer loop
			vertex -16.083219528198242 -1.6562519073486328 7.138556480407715
			vertex -16.108936309814453 -1.3839502334594727 7.138556480407715
			vertex -17.175966262817383 -1.4756207466125488 6.9925408363342285
		endloop
	endfacet
	facet normal -0.014438202755658287 -0.000760291821545418 0.9998954746659937
		outer loop
			vertex -15.213253021240234 -0.9852942824363708 7.195124626159668
			vertex -14.88876724243164 -0.7364355325698853 7.1999993324279785
			vertex -15.232597351074219 -0.6179388165473938 7.195124626159668
		endloop
	endfacet
	facet normal -0.06108246261332578 -0.003216501219070737 0.9981275403880006
		outer loop
			vertex -15.213253021240234 -0.9852942824363708 7.195124626159668
			vertex -15.232597351074219 -0.6179388165473938 7.195124626159668
			vertex -16.134471893310547 -1.0449575185775757 7.138556480407715
		endloop
	endfacet
	facet normal -0.11522425038819226 -0.0134271168006252 0.9932487526581152
		outer loop
			vertex -16.033105850219727 -2.0863003730773926 7.138556480407715
			vertex -16.083219528198242 -1.6562519073486328 7.138556480407715
			vertex -16.523605346679688 -2.395953893661499 7.0774688720703125
		endloop
	endfacet
	facet normal -0.014200909824837673 -0.0010697580010916338 0.9998985897469633
		outer loop
			vertex -15.18917465209961 -1.3049317598342896 7.195124626159668
			vertex -14.88876724243164 -0.7364355325698853 7.1999993324279785
			vertex -15.213253021240234 -0.9852942824363708 7.195124626159668
		endloop
	endfacet
	facet normal -0.06099316989680731 -0.00459448275498775 0.9981276090531478
		outer loop
			vertex -15.18917465209961 -1.3049317598342896 7.195124626159668
			vertex -16.134471893310547 -1.0449575185775757 7.138556480407715
			vertex -16.108936309814453 -1.3839502334594727 7.138556480407715
		endloop
	endfacet
	facet normal -0.060993211154991976 -0.0045946334742020655 0.9981276058381716
		outer loop
			vertex -15.18917465209961 -1.3049317598342896 7.195124626159668
			vertex -15.213253021240234 -0.9852942824363708 7.195124626159668
			vertex -16.134471893310547 -1.0449575185775757 7.138556480407715
		endloop
	endfacet
	facet normal -0.11365980096042334 -0.017753908864961733 0.9933610865972413
		outer loop
			vertex -15.990886688232422 -2.3884425163269043 7.138556480407715
			vertex -16.523605346679688 -2.395953893661499 7.0774688720703125
			vertex -15.95751953125 -2.602057695388794 7.138556480407715
		endloop
	endfacet
	facet normal -0.1136893752295114 -0.01588613259119709 0.9933893278826879
		outer loop
			vertex -15.990886688232422 -2.3884425163269043 7.138556480407715
			vertex -16.033105850219727 -2.0863003730773926 7.138556480407715
			vertex -16.523605346679688 -2.395953893661499 7.0774688720703125
		endloop
	endfacet
	facet normal -0.013615298100634289 -0.0013501912132935464 0.9999063959397991
		outer loop
			vertex -15.16492748260498 -1.5616860389709473 7.195124626159668
			vertex -14.743419647216797 -2.202117443084717 7.1999993324279785
			vertex -14.88876724243164 -0.7364355325698853 7.1999993324279785
		endloop
	endfacet
	facet normal -0.013765360521640393 -0.0012999628705126197 0.9999044079041979
		outer loop
			vertex -15.16492748260498 -1.5616860389709473 7.195124626159668
			vertex -14.88876724243164 -0.7364355325698853 7.1999993324279785
			vertex -15.18917465209961 -1.3049317598342896 7.195124626159668
		endloop
	endfacet
	facet normal -0.06089390397599239 -0.0057509570468029896 0.9981276766784941
		outer loop
			vertex -15.16492748260498 -1.5616860389709473 7.195124626159668
			vertex -16.108936309814453 -1.3839502334594727 7.138556480407715
			vertex -16.083219528198242 -1.6562519073486328 7.138556480407715
		endloop
	endfacet
	facet normal -0.060757022983824065 -0.007080034292379087 0.9981274754622087
		outer loop
			vertex -15.16492748260498 -1.5616860389709473 7.195124626159668
			vertex -16.083219528198242 -1.6562519073486328 7.138556480407715
			vertex -16.033105850219727 -2.0863003730773926 7.138556480407715
		endloop
	endfacet
	facet normal -0.060893846052646756 -0.005750647706371799 0.9981276819945802
		outer loop
			vertex -15.16492748260498 -1.5616860389709473 7.195124626159668
			vertex -15.18917465209961 -1.3049317598342896 7.195124626159668
			vertex -16.108936309814453 -1.3839502334594727 7.138556480407715
		endloop
	endfacet
	facet normal -0.014051690301360704 -0.0016374573489113765 0.9998999293594861
		outer loop
			vertex -15.117674827575684 -1.9671803712844849 7.195124626159668
			vertex -14.743419647216797 -2.202117443084717 7.1999993324279785
			vertex -15.16492748260498 -1.5616860389709473 7.195124626159668
		endloop
	endfacet
	facet normal -0.060756999568485945 -0.007080073166115023 0.9981274766117791
		outer loop
			vertex -15.117674827575684 -1.9671803712844849 7.195124626159668
			vertex -15.16492748260498 -1.5616860389709473 7.195124626159668
			vertex -16.033105850219727 -2.0863003730773926 7.138556480407715
		endloop
	endfacet
	facet normal -0.06650274502666562 0.00587851458728139 0.997768925137562
		outer loop
			vertex -15.077866554260254 -2.2520713806152344 7.195124626159668
			vertex -15.95751953125 -2.602057695388794 7.138556480407715
			vertex -15.406208038330078 -2.8712985515594482 7.176888465881348
		endloop
	endfacet
	facet normal -0.014275962615529146 -0.001994802935251848 0.9998961034290761
		outer loop
			vertex -15.077866554260254 -2.2520713806152344 7.195124626159668
			vertex -14.743419647216797 -2.202117443084717 7.1999993324279785
			vertex -15.117674827575684 -1.9671803712844849 7.195124626159668
		endloop
	endfacet
	facet normal -0.06057687474951479 -0.008464575183814795 0.9981276437473011
		outer loop
			vertex -15.077866554260254 -2.2520713806152344 7.195124626159668
			vertex -16.033105850219727 -2.0863003730773926 7.138556480407715
			vertex -15.990886688232422 -2.3884425163269043 7.138556480407715
		endloop
	endfacet
	facet normal -0.06057686198631255 -0.008464501158555562 0.9981276451496713
		outer loop
			vertex -15.077866554260254 -2.2520713806152344 7.195124626159668
			vertex -15.117674827575684 -1.9671803712844849 7.195124626159668
			vertex -16.033105850219727 -2.0863003730773926 7.138556480407715
		endloop
	endfacet
	facet normal -0.060431263214694074 -0.009439495148172716 0.9981277264747355
		outer loop
			vertex -15.077866554260254 -2.2520713806152344 7.195124626159668
			vertex -15.990886688232422 -2.3884425163269043 7.138556480407715
			vertex -15.95751953125 -2.602057695388794 7.138556480407715
		endloop
	endfacet
	facet normal -0.041896536135569665 -0.008432300144967772 0.9990863709280124
		outer loop
			vertex -14.987061500549316 -2.7931809425354004 7.195124626159668
			vertex -15.406208038330078 -2.8712985515594482 7.176888465881348
			vertex -14.900715827941895 -3.222196102142334 7.195124626159668
		endloop
	endfacet
	facet normal -0.013493997739184048 -0.002715867457971399 0.9999052635569862
		outer loop
			vertex -14.987061500549316 -2.7931809425354004 7.195124626159668
			vertex -14.900715827941895 -3.222196102142334 7.195124626159668
			vertex -14.454142570495605 -3.646301507949829 7.1999993324279785
		endloop
	endfacet
	facet normal -0.013463477853271727 -0.002696799951368188 0.9999057265733189
		outer loop
			vertex -14.987061500549316 -2.7931809425354004 7.195124626159668
			vertex -14.454142570495605 -3.646301507949829 7.1999993324279785
			vertex -14.743419647216797 -2.202117443084717 7.1999993324279785
		endloop
	endfacet
	facet normal -0.01421754910085218 -0.0023858852265694172 0.9998960790248407
		outer loop
			vertex -14.987061500549316 -2.7931809425354004 7.195124626159668
			vertex -14.743419647216797 -2.202117443084717 7.1999993324279785
			vertex -15.077866554260254 -2.2520713806152344 7.195124626159668
		endloop
	endfacet
	facet normal -0.04214981719794722 -0.007073274404880101 0.9990862633923925
		outer loop
			vertex -14.987061500549316 -2.7931809425354004 7.195124626159668
			vertex -15.077866554260254 -2.2520713806152344 7.195124626159668
			vertex -15.406208038330078 -2.8712985515594482 7.176888465881348
		endloop
	endfacet
	facet normal -0.1992869017738149 -0.9799411874094252 0
		outer loop
			vertex -17.438783645629883 -2.1383073329925537 0.2702690660953522
			vertex -18.009780883789062 -2.022185802459717 6.8050947189331055
			vertex -18.009780883789062 -2.022185802459717 0.39490529894828796
		endloop
	endfacet
	facet normal -0.2156698379206375 -0.9764652022274332 -0.001493268302877943
		outer loop
			vertex -17.438783645629883 -2.1383073329925537 0.2702690660953522
			vertex -17.095111846923828 -2.2244935035705566 6.9925408363342285
			vertex -18.009780883789062 -2.022185802459717 6.8050947189331055
		endloop
	endfacet
	facet normal -0.2872791497523695 -0.9578467159946843 -0.0005989789266488282
		outer loop
			vertex -16.866138458251953 -2.2889015674591064 0.1705513596534729
			vertex -16.523605346679688 -2.395953893661499 7.0774688720703125
			vertex -17.095111846923828 -2.2244935035705566 6.9925408363342285
		endloop
	endfacet
	facet normal -0.2542349744905888 -0.9671422957803908 0.0005978782526514297
		outer loop
			vertex -16.866138458251953 -2.2889015674591064 0.1705513596534729
			vertex -17.095111846923828 -2.2244935035705566 6.9925408363342285
			vertex -17.438783645629883 -2.1383073329925537 0.2702690660953522
		endloop
	endfacet
	facet normal -0.34211602320246765 -0.939657717825022 0
		outer loop
			vertex -15.95751953125 -2.602057695388794 0.06144355982542038
			vertex -15.95751953125 -2.602057695388794 7.138556480407715
			vertex -16.523605346679688 -2.395953893661499 7.0774688720703125
		endloop
	endfacet
	facet normal -0.32568013984675465 -0.9454788232021868 0.0014971257817275438
		outer loop
			vertex -15.95751953125 -2.602057695388794 0.06144355982542038
			vertex -16.523605346679688 -2.395953893661499 7.0774688720703125
			vertex -16.866138458251953 -2.2889015674591064 0.1705513596534729
		endloop
	endfacet
	facet normal -0.008589300077060465 0.010731460780911395 -0.9999055253741196
		outer loop
			vertex -9.878621101379395 11.163806915283203 8.907265964808175e-7
			vertex -9.343422889709473 12.046340942382812 0.004875252489000559
			vertex -8.728717803955078 12.084172248840332 8.907265964808175e-7
		endloop
	endfacet
	facet normal -0.027697327691872792 0.022316235992758022 -0.9993672216206836
		outer loop
			vertex -9.956205368041992 12.102461814880371 0.023111635819077492
			vertex -9.343422889709473 12.046340942382812 0.004875252489000559
			vertex -9.878621101379395 11.163806915283203 8.907265964808175e-7
		endloop
	endfacet
	facet normal -0.02678679157425855 0.023401366902641798 -0.9993672217079391
		outer loop
			vertex -13.485797882080078 7.109650135040283 0.004875252489000559
			vertex -13.647475242614746 7.7033772468566895 0.023111635819077492
			vertex -12.70960807800293 7.7899675369262695 8.907265964808175e-7
		endloop
	endfacet
	facet normal -0.012059962651630752 0.006595331500099845 -0.9999055249888588
		outer loop
			vertex -13.416313171386719 6.497714519500732 8.907265964808175e-7
			vertex -13.485797882080078 7.109650135040283 0.004875252489000559
			vertex -12.70960807800293 7.7899675369262695 8.907265964808175e-7
		endloop
	endfacet
	facet normal -0.04954692372288365 0.058858194591974645 -0.9970360150360528
		outer loop
			vertex -10.227391242980957 11.874176979064941 0.023111628368496895
			vertex -10.55159854888916 12.250587463378906 0.06144355982542038
			vertex -9.956205368041992 12.102461814880371 0.023111635819077492
		endloop
	endfacet
	facet normal -0.019369038724873243 0.02300904982049818 -0.9995476096541036
		outer loop
			vertex -10.227391242980957 11.874176979064941 0.023111628368496895
			vertex -9.956205368041992 12.102461814880371 0.023111635819077492
			vertex -9.878621101379395 11.163806915283203 8.907265964808175e-7
		endloop
	endfacet
	facet normal -0.09906637484507691 0.05665744974322718 -0.9934665503999862
		outer loop
			vertex -10.541364669799805 11.596345901489258 0.023111628368496895
			vertex -11.448934555053711 12.594745635986328 0.1705513596534729
			vertex -10.55159854888916 12.250587463378906 0.06144355982542038
		endloop
	endfacet
	facet normal -0.020060038602354873 0.022669598797434784 -0.9995417370683605
		outer loop
			vertex -10.541364669799805 11.596345901489258 0.023111628368496895
			vertex -10.227391242980957 11.874176979064941 0.023111628368496895
			vertex -9.878621101379395 11.163806915283203 8.907265964808175e-7
		endloop
	endfacet
	facet normal -0.05098602150899844 0.05761866538734828 -0.9970358644550682
		outer loop
			vertex -10.541364669799805 11.596345901489258 0.023111628368496895
			vertex -10.55159854888916 12.250587463378906 0.06144355982542038
			vertex -10.227391242980957 11.874176979064941 0.023111628368496895
		endloop
	endfacet
	facet normal -0.020484780706527508 0.022019118410948144 -0.9995476637878807
		outer loop
			vertex -10.80608081817627 11.350075721740723 0.023111628368496895
			vertex -10.541364669799805 11.596345901489258 0.023111628368496895
			vertex -9.878621101379395 11.163806915283203 8.907265964808175e-7
		endloop
	endfacet
	facet normal -0.02065915835797824 0.021143160445712624 -0.9995629874811828
		outer loop
			vertex -11.093505859375 11.069314956665039 0.023111628368496895
			vertex -9.878621101379395 11.163806915283203 8.907265964808175e-7
			vertex -10.932085990905762 10.1344575881958 8.907265964808175e-7
		endloop
	endfacet
	facet normal -0.020659693743827125 0.02115008243360482 -0.9995628299749161
		outer loop
			vertex -11.093505859375 11.069314956665039 0.023111628368496895
			vertex -10.80608081817627 11.350075721740723 0.023111628368496895
			vertex -9.878621101379395 11.163806915283203 8.907265964808175e-7
		endloop
	endfacet
	facet normal -0.021495639443690512 0.020998366411896376 -0.9995484010756751
		outer loop
			vertex -11.325868606567383 10.831449508666992 0.023111628368496895
			vertex -11.093505859375 11.069314956665039 0.023111628368496895
			vertex -10.932085990905762 10.1344575881958 8.907265964808175e-7
		endloop
	endfacet
	facet normal -0.021998918203160186 0.02071386054182322 -0.999543387542204
		outer loop
			vertex -11.49275016784668 10.654214859008789 0.023111628368496895
			vertex -11.325868606567383 10.831449508666992 0.023111628368496895
			vertex -10.932085990905762 10.1344575881958 8.907265964808175e-7
		endloop
	endfacet
	facet normal -0.12156300830666564 0.13066811949838986 -0.9839452614643704
		outer loop
			vertex -11.736441612243652 12.327272415161133 0.1705513596534729
			vertex -11.984405517578125 12.847472190856934 0.2702690660953522
			vertex -11.448934555053711 12.594745635986328 0.1705513596534729
		endloop
	endfacet
	facet normal -0.07399577086962981 0.07953807959388984 -0.9940816464395293
		outer loop
			vertex -11.736441612243652 12.327272415161133 0.1705513596534729
			vertex -11.448934555053711 12.594745635986328 0.1705513596534729
			vertex -10.541364669799805 11.596345901489258 0.023111628368496895
		endloop
	endfacet
	facet normal -0.073995743331428 0.07953812431107227 -0.994081644911476
		outer loop
			vertex -11.736441612243652 12.327272415161133 0.1705513596534729
			vertex -10.541364669799805 11.596345901489258 0.023111628368496895
			vertex -10.80608081817627 11.350075721740723 0.023111628368496895
		endloop
	endfacet
	facet normal -0.07591192241633846 0.07771380528226318 -0.9940814576802076
		outer loop
			vertex -12.048612594604492 12.0223388671875 0.1705513596534729
			vertex -10.80608081817627 11.350075721740723 0.023111628368496895
			vertex -11.093505859375 11.069314956665039 0.023111628368496895
		endloop
	endfacet
	facet normal -0.07591197633339462 0.07771370642038282 -0.9940814612915607
		outer loop
			vertex -12.048612594604492 12.0223388671875 0.1705513596534729
			vertex -11.736441612243652 12.327272415161133 0.1705513596534729
			vertex -10.80608081817627 11.350075721740723 0.023111628368496895
		endloop
	endfacet
	facet normal -0.12567627075553506 0.12865912970846566 -0.9836931957229561
		outer loop
			vertex -12.048612594604492 12.0223388671875 0.1705513596534729
			vertex -11.984405517578125 12.847472190856934 0.2702690660953522
			vertex -11.736441612243652 12.327272415161133 0.1705513596534729
		endloop
	endfacet
	facet normal -0.07908941591893615 0.07446944056748024 -0.9940820724221759
		outer loop
			vertex -12.300981521606445 11.763994216918945 0.1705513596534729
			vertex -11.325868606567383 10.831449508666992 0.023111628368496895
			vertex -11.49275016784668 10.654214859008789 0.023111628368496895
		endloop
	endfacet
	facet normal -0.07770974894872401 0.07591203725185072 -0.9940817660125347
		outer loop
			vertex -12.300981521606445 11.763994216918945 0.1705513596534729
			vertex -11.093505859375 11.069314956665039 0.023111628368496895
			vertex -11.325868606567383 10.831449508666992 0.023111628368496895
		endloop
	endfacet
	facet normal -0.07770966699177105 0.0759121787736103 -0.9940817616121279
		outer loop
			vertex -12.300981521606445 11.763994216918945 0.1705513596534729
			vertex -12.048612594604492 12.0223388671875 0.1705513596534729
			vertex -11.093505859375 11.069314956665039 0.023111628368496895
		endloop
	endfacet
	facet normal -0.07908926759608101 0.07446954907604675 -0.9940820760940848
		outer loop
			vertex -12.482231140136719 11.571500778198242 0.1705513596534729
			vertex -12.300981521606445 11.763994216918945 0.1705513596534729
			vertex -11.49275016784668 10.654214859008789 0.023111628368496895
		endloop
	endfacet
	facet normal -0.02298635792845822 0.01928784327764382 -0.9995497018412252
		outer loop
			vertex -12.40350341796875 9.578553199768066 0.023111628368496895
			vertex -10.932085990905762 10.1344575881958 8.907265964808175e-7
			vertex -11.878829002380371 9.006173133850098 8.907265964808175e-7
		endloop
	endfacet
	facet normal -0.08298639249329276 0.07026384740023355 -0.9940705459923185
		outer loop
			vertex -12.40350341796875 9.578553199768066 0.023111628368496895
			vertex -12.482231140136719 11.571500778198242 0.1705513596534729
			vertex -11.49275016784668 10.654214859008789 0.023111628368496895
		endloop
	endfacet
	facet normal -0.023083127089133612 0.019544280340203606 -0.999542490517422
		outer loop
			vertex -12.40350341796875 9.578553199768066 0.023111628368496895
			vertex -11.49275016784668 10.654214859008789 0.023111628368496895
			vertex -10.932085990905762 10.1344575881958 8.907265964808175e-7
		endloop
	endfacet
	facet normal -0.15265649397197736 0.15627996256017054 -0.9758445409748293
		outer loop
			vertex -12.828843116760254 12.800868034362793 0.39490529894828796
			vertex -12.496456146240234 13.125548362731934 0.39490529894828796
			vertex -11.984405517578125 12.847472190856934 0.2702690660953522
		endloop
	endfacet
	facet normal -0.18268627178236946 0.1870225299399756 -0.9652193011938319
		outer loop
			vertex -12.828843116760254 12.800868034362793 0.39490529894828796
			vertex -13.026963233947754 13.433209419250488 0.554926872253418
			vertex -12.496456146240234 13.125548362731934 0.39490529894828796
		endloop
	endfacet
	facet normal -0.151801428083639 0.1302209748518929 -0.9797952970597432
		outer loop
			vertex -12.828843116760254 12.800868034362793 0.39490529894828796
			vertex -11.984405517578125 12.847472190856934 0.2702690660953522
			vertex -12.048612594604492 12.0223388671875 0.1705513596534729
		endloop
	endfacet
	facet normal -0.02417230407323343 0.018200434882212225 -0.9995421171145764
		outer loop
			vertex -12.633611679077148 9.272942543029785 0.023111628368496895
			vertex -12.40350341796875 9.578553199768066 0.023111628368496895
			vertex -11.878829002380371 9.006173133850098 8.907265964808175e-7
		endloop
	endfacet
	facet normal -0.14268715590430633 0.13938668517074862 -0.9799039379128196
		outer loop
			vertex -13.097554206848145 12.525793075561523 0.39490529894828796
			vertex -12.048612594604492 12.0223388671875 0.1705513596534729
			vertex -12.300981521606445 11.763994216918945 0.1705513596534729
		endloop
	endfacet
	facet normal -0.18916282709609683 0.18478653852974694 -0.964402073838089
		outer loop
			vertex -13.097554206848145 12.525793075561523 0.39490529894828796
			vertex -13.026963233947754 13.433209419250488 0.554926872253418
			vertex -12.828843116760254 12.800868034362793 0.39490529894828796
		endloop
	endfacet
	facet normal -0.14268735661557186 0.1393862796708813 -0.9799039663668944
		outer loop
			vertex -13.097554206848145 12.525793075561523 0.39490529894828796
			vertex -12.828843116760254 12.800868034362793 0.39490529894828796
			vertex -12.048612594604492 12.0223388671875 0.1705513596534729
		endloop
	endfacet
	facet normal -0.02441203502629335 0.01752269778147635 -0.9995484018337153
		outer loop
			vertex -12.827513694763184 9.00280475616455 0.023111628368496895
			vertex -12.633611679077148 9.272942543029785 0.023111628368496895
			vertex -11.878829002380371 9.006173133850098 8.907265964808175e-7
		endloop
	endfacet
	facet normal -0.14522056499732144 0.13673802173956587 -0.9799049448352677
		outer loop
			vertex -13.29054069519043 12.320834159851074 0.39490529894828796
			vertex -12.300981521606445 11.763994216918945 0.1705513596534729
			vertex -12.482231140136719 11.571500778198242 0.1705513596534729
		endloop
	endfacet
	facet normal -0.1452206920377555 0.13673780081172668 -0.9799049568367578
		outer loop
			vertex -13.29054069519043 12.320834159851074 0.39490529894828796
			vertex -13.097554206848145 12.525793075561523 0.39490529894828796
			vertex -12.300981521606445 11.763994216918945 0.1705513596534729
		endloop
	endfacet
	facet normal -0.024373656979188512 0.016649425282968644 -0.9995642658094614
		outer loop
			vertex -12.973810195922852 8.790668487548828 0.023111628368496895
			vertex -11.878829002380371 9.006173133850098 8.907265964808175e-7
			vertex -12.70960807800293 7.7899675369262695 8.907265964808175e-7
		endloop
	endfacet
	facet normal -0.024409879042173906 0.01683389606550323 -0.9995602922027278
		outer loop
			vertex -12.973810195922852 8.790668487548828 0.023111628368496895
			vertex -12.827513694763184 9.00280475616455 0.023111628368496895
			vertex -11.878829002380371 9.006173133850098 8.907265964808175e-7
		endloop
	endfacet
	facet normal -0.08298635362006132 0.07026384916669338 -0.9940705491126504
		outer loop
			vertex -13.471396446228027 10.403229713439941 0.1705513596534729
			vertex -12.482231140136719 11.571500778198242 0.1705513596534729
			vertex -12.40350341796875 9.578553199768066 0.023111628368496895
		endloop
	endfacet
	facet normal -0.15237208727926765 0.12901216755252817 -0.9798666274761876
		outer loop
			vertex -13.471396446228027 10.403229713439941 0.1705513596534729
			vertex -13.29054069519043 12.320834159851074 0.39490529894828796
			vertex -12.482231140136719 11.571500778198242 0.1705513596534729
		endloop
	endfacet
	facet normal -0.024887769256111865 0.01651345039280412 -0.9995538529251833
		outer loop
			vertex -13.141816139221191 8.537463188171387 0.023111628368496895
			vertex -12.973810195922852 8.790668487548828 0.023111628368496895
			vertex -12.70960807800293 7.7899675369262695 8.907265964808175e-7
		endloop
	endfacet
	facet normal -0.0867862750104343 0.06534536146044279 -0.9940815490720153
		outer loop
			vertex -13.721315383911133 10.071306228637695 0.1705513596534729
			vertex -12.40350341796875 9.578553199768066 0.023111628368496895
			vertex -12.633611679077148 9.272942543029785 0.023111628368496895
		endloop
	endfacet
	facet normal -0.08678638700028483 0.0653450648645374 -0.9940815587914739
		outer loop
			vertex -13.721315383911133 10.071306228637695 0.1705513596534729
			vertex -13.471396446228027 10.403229713439941 0.1705513596534729
			vertex -12.40350341796875 9.578553199768066 0.023111628368496895
		endloop
	endfacet
	facet normal -0.025554064167856792 0.01612786811907202 -0.9995433365664738
		outer loop
			vertex -13.361434936523438 8.189484596252441 0.023111628368496895
			vertex -13.141816139221191 8.537463188171387 0.023111628368496895
			vertex -12.70960807800293 7.7899675369262695 8.907265964808175e-7
		endloop
	endfacet
	facet normal -0.06599184393259877 0.038831586958655386 -0.9970642829771047
		outer loop
			vertex -13.361434936523438 8.189484596252441 0.023111628368496895
			vertex -13.647475242614746 7.7033772468566895 0.023111635819077492
			vertex -13.89673900604248 8.26400375366211 0.06144355982542038
		endloop
	endfacet
	facet normal -0.02604555479653216 0.015325978980570913 -0.999543267419489
		outer loop
			vertex -13.361434936523438 8.189484596252441 0.023111628368496895
			vertex -12.70960807800293 7.7899675369262695 8.907265964808175e-7
			vertex -13.647475242614746 7.7033772468566895 0.023111635819077492
		endloop
	endfacet
	facet normal -0.06562601465665996 0.04141837097263842 -0.9969843252259571
		outer loop
			vertex -13.361434936523438 8.189484596252441 0.023111628368496895
			vertex -13.89673900604248 8.26400375366211 0.06144355982542038
			vertex -13.141816139221191 8.537463188171387 0.023111628368496895
		endloop
	endfacet
	facet normal -0.22565035412860282 0.2204306647195247 -0.9489426957055652
		outer loop
			vertex -14.173246383666992 13.554527282714844 0.8556841015815735
			vertex -13.882466316223145 13.852192878723145 0.8556841015815735
			vertex -13.026963233947754 13.433209419250488 0.554926872253418
		endloop
	endfacet
	facet normal -0.2735965456630091 0.26726777654907424 -0.9239658358509708
		outer loop
			vertex -14.173246383666992 13.554527282714844 0.8556841015815735
			vertex -14.795068740844727 14.14920425415039 1.2118297815322876
			vertex -13.882466316223145 13.852192878723145 0.8556841015815735
		endloop
	endfacet
	facet normal -0.23083880114998806 0.1863665443125715 -0.9549769416298106
		outer loop
			vertex -14.173246383666992 13.554527282714844 0.8556841015815735
			vertex -13.026963233947754 13.433209419250488 0.554926872253418
			vertex -13.097554206848145 12.525793075561523 0.39490529894828796
		endloop
	endfacet
	facet normal -0.21531117571830136 0.20273403359249556 -0.9552696002878559
		outer loop
			vertex -14.173246383666992 13.554527282714844 0.8556841015815735
			vertex -13.097554206848145 12.525793075561523 0.39490529894828796
			vertex -13.29054069519043 12.320834159851074 0.39490529894828796
		endloop
	endfacet
	facet normal -0.0882529480539775 0.06334718171389278 -0.9940817631003444
		outer loop
			vertex -13.931912422180176 9.777910232543945 0.1705513596534729
			vertex -13.721315383911133 10.071306228637695 0.1705513596534729
			vertex -12.633611679077148 9.272942543029785 0.023111628368496895
		endloop
	endfacet
	facet normal -0.08825299672042304 0.06334705763677588 -0.9940817666865377
		outer loop
			vertex -13.931912422180176 9.777910232543945 0.1705513596534729
			vertex -12.633611679077148 9.272942543029785 0.023111628368496895
			vertex -12.827513694763184 9.00280475616455 0.023111628368496895
		endloop
	endfacet
	facet normal -0.215311141694607 0.20273405880234743 -0.9552696026063487
		outer loop
			vertex -14.38208293914795 13.332735061645508 0.8556841015815735
			vertex -14.173246383666992 13.554527282714844 0.8556841015815735
			vertex -13.29054069519043 12.320834159851074 0.39490529894828796
		endloop
	endfacet
	facet normal -0.1488170328045144 0.10262925028792402 -0.9835246452085472
		outer loop
			vertex -14.090804100036621 9.547510147094727 0.1705513596534729
			vertex -14.73336124420166 9.571395874023438 0.2702690660953522
			vertex -13.931912422180176 9.777910232543945 0.1705513596534729
		endloop
	endfacet
	facet normal -0.09051988098756493 0.06006145222853186 -0.9940818744460623
		outer loop
			vertex -14.090804100036621 9.547510147094727 0.1705513596534729
			vertex -12.973810195922852 8.790668487548828 0.023111628368496895
			vertex -13.141816139221191 8.537463188171387 0.023111628368496895
		endloop
	endfacet
	facet normal -0.08942816641647328 0.06167268289781372 -0.994082030435906
		outer loop
			vertex -14.090804100036621 9.547510147094727 0.1705513596534729
			vertex -13.931912422180176 9.777910232543945 0.1705513596534729
			vertex -12.827513694763184 9.00280475616455 0.023111628368496895
		endloop
	endfacet
	facet normal -0.08942814276186131 0.06167273741845169 -0.9940820291814347
		outer loop
			vertex -14.090804100036621 9.547510147094727 0.1705513596534729
			vertex -12.827513694763184 9.00280475616455 0.023111628368496895
			vertex -12.973810195922852 8.790668487548828 0.023111628368496895
		endloop
	endfacet
	facet normal -0.15237198916823547 0.1290121601976114 -0.9798666437011013
		outer loop
			vertex -14.343761444091797 11.076910018920898 0.39490529894828796
			vertex -13.29054069519043 12.320834159851074 0.39490529894828796
			vertex -13.471396446228027 10.403229713439941 0.1705513596534729
		endloop
	endfacet
	facet normal -0.22590346570826242 0.191270680826851 -0.9551874951217845
		outer loop
			vertex -14.343761444091797 11.076910018920898 0.39490529894828796
			vertex -14.38208293914795 13.332735061645508 0.8556841015815735
			vertex -13.29054069519043 12.320834159851074 0.39490529894828796
		endloop
	endfacet
	facet normal -0.10586008944012541 0.06780570524081966 -0.9920665440385155
		outer loop
			vertex -14.273274421691895 9.272504806518555 0.1705513596534729
			vertex -13.89673900604248 8.26400375366211 0.06144355982542038
			vertex -14.391489028930664 9.087944984436035 0.1705513596534729
		endloop
	endfacet
	facet normal -0.15058381545905386 0.09645223104435056 -0.9838808269543426
		outer loop
			vertex -14.273274421691895 9.272504806518555 0.1705513596534729
			vertex -14.391489028930664 9.087944984436035 0.1705513596534729
			vertex -14.73336124420166 9.571395874023438 0.2702690660953522
		endloop
	endfacet
	facet normal -0.14901185958186935 0.09887168696937687 -0.9838800004166073
		outer loop
			vertex -14.273274421691895 9.272504806518555 0.1705513596534729
			vertex -14.73336124420166 9.571395874023438 0.2702690660953522
			vertex -14.090804100036621 9.547510147094727 0.1705513596534729
		endloop
	endfacet
	facet normal -0.07875857378837937 0.07811499167039841 -0.9938285240076149
		outer loop
			vertex -14.273274421691895 9.272504806518555 0.1705513596534729
			vertex -13.141816139221191 8.537463188171387 0.023111628368496895
			vertex -13.89673900604248 8.26400375366211 0.06144355982542038
		endloop
	endfacet
	facet normal -0.09051994504139252 0.06006139172902927 -0.9940818722687158
		outer loop
			vertex -14.273274421691895 9.272504806518555 0.1705513596534729
			vertex -14.090804100036621 9.547510147094727 0.1705513596534729
			vertex -13.141816139221191 8.537463188171387 0.023111628368496895
		endloop
	endfacet
	facet normal -0.1620462248761065 0.11631533993627774 -0.9799039558543025
		outer loop
			vertex -14.609865188598633 10.723491668701172 0.39490529894828796
			vertex -13.721315383911133 10.071306228637695 0.1705513596534729
			vertex -13.931912422180176 9.777910232543945 0.1705513596534729
		endloop
	endfacet
	facet normal -0.15935338915616074 0.11998396101375532 -0.9799032332143287
		outer loop
			vertex -14.609865188598633 10.723491668701172 0.39490529894828796
			vertex -14.343761444091797 11.076910018920898 0.39490529894828796
			vertex -13.471396446228027 10.403229713439941 0.1705513596534729
		endloop
	endfacet
	facet normal -0.1593534363512881 0.11998380154629176 -0.9799032450653158
		outer loop
			vertex -14.609865188598633 10.723491668701172 0.39490529894828796
			vertex -13.471396446228027 10.403229713439941 0.1705513596534729
			vertex -13.721315383911133 10.071306228637695 0.1705513596534729
		endloop
	endfacet
	facet normal -0.1546026178902889 0.12688294512274428 -0.9797952586017388
		outer loop
			vertex -14.834098815917969 10.411096572875977 0.39490529894828796
			vertex -13.931912422180176 9.777910232543945 0.1705513596534729
			vertex -14.73336124420166 9.571395874023438 0.2702690660953522
		endloop
	endfacet
	facet normal -0.2148268711020042 0.1542002713762855 -0.9644022458289917
		outer loop
			vertex -14.834098815917969 10.411096572875977 0.39490529894828796
			vertex -15.49123764038086 10.4964017868042 0.554926872253418
			vertex -14.609865188598633 10.723491668701172 0.39490529894828796
		endloop
	endfacet
	facet normal -0.1620465089479963 0.11631513100377501 -0.979903933677859
		outer loop
			vertex -14.834098815917969 10.411096572875977 0.39490529894828796
			vertex -14.609865188598633 10.723491668701172 0.39490529894828796
			vertex -13.931912422180176 9.777910232543945 0.1705513596534729
		endloop
	endfacet
	facet normal -0.2784553440028578 0.262189302088629 -0.9239693670606877
		outer loop
			vertex -15.013067245483398 13.917681694030762 1.2118299007415771
			vertex -14.795068740844727 14.14920425415039 1.2118297815322876
			vertex -14.173246383666992 13.554527282714844 0.8556841015815735
		endloop
	endfacet
	facet normal -0.3235829417349726 0.30468085097312253 -0.8958033594871339
		outer loop
			vertex -15.013067245483398 13.917681694030762 1.2118299007415771
			vertex -15.716201782226562 14.312198638916016 1.600000023841858
			vertex -14.795068740844727 14.14920425415039 1.2118297815322876
		endloop
	endfacet
	facet normal -0.2784551818443775 0.2621896329449001 -0.9239693220449655
		outer loop
			vertex -15.013067245483398 13.917681694030762 1.2118299007415771
			vertex -14.173246383666992 13.554527282714844 0.8556841015815735
			vertex -14.38208293914795 13.332735061645508 0.8556841015815735
		endloop
	endfacet
	facet normal -0.18186590518166176 0.12201216010709423 -0.9757242568054028
		outer loop
			vertex -15.003279685974121 10.165776252746582 0.39490529894828796
			vertex -14.73336124420166 9.571395874023438 0.2702690660953522
			vertex -15.096128463745117 10.027379989624023 0.39490529894828796
		endloop
	endfacet
	facet normal -0.2175789036805163 0.1459716817469207 -0.965065639633471
		outer loop
			vertex -15.003279685974121 10.165776252746582 0.39490529894828796
			vertex -15.096128463745117 10.027379989624023 0.39490529894828796
			vertex -15.49123764038086 10.4964017868042 0.554926872253418
		endloop
	endfacet
	facet normal -0.1789523045445001 0.12341132836213209 -0.9760869411738416
		outer loop
			vertex -15.003279685974121 10.165776252746582 0.39490529894828796
			vertex -14.834098815917969 10.411096572875977 0.39490529894828796
			vertex -14.73336124420166 9.571395874023438 0.2702690660953522
		endloop
	endfacet
	facet normal -0.21569547737431044 0.14875061515538315 -0.965064099182621
		outer loop
			vertex -15.003279685974121 10.165776252746582 0.39490529894828796
			vertex -15.49123764038086 10.4964017868042 0.554926872253418
			vertex -14.834098815917969 10.411096572875977 0.39490529894828796
		endloop
	endfacet
	facet normal -0.22590359565854515 0.19127067267503622 -0.9551874660206655
		outer loop
			vertex -15.521803855895996 11.986647605895996 0.8556841015815735
			vertex -14.38208293914795 13.332735061645508 0.8556841015815735
			vertex -14.343761444091797 11.076910018920898 0.39490529894828796
		endloop
	endfacet
	facet normal -0.22362003008447473 0.19496959950830503 -0.9549769303038634
		outer loop
			vertex -15.809762001037598 11.604204177856445 0.8556841015815735
			vertex -14.609865188598633 10.723491668701172 0.39490529894828796
			vertex -15.49123764038086 10.4964017868042 0.554926872253418
		endloop
	endfacet
	facet normal -0.25626568123602433 0.1839448170570123 -0.9489426773512186
		outer loop
			vertex -15.809762001037598 11.604204177856445 0.8556841015815735
			vertex -15.49123764038086 10.4964017868042 0.554926872253418
			vertex -16.052412033081055 11.266152381896973 0.8556841015815735
		endloop
	endfacet
	facet normal -0.31071683960420865 0.22302928719077625 -0.9239658990685461
		outer loop
			vertex -15.809762001037598 11.604204177856445 0.8556841015815735
			vertex -16.052412033081055 11.266152381896973 0.8556841015815735
			vertex -16.50338363647461 12.113314628601074 1.2118297815322876
		endloop
	endfacet
	facet normal -0.23626456195355103 0.17789366225896106 -0.9552658801051107
		outer loop
			vertex -15.809762001037598 11.604204177856445 0.8556841015815735
			vertex -14.343761444091797 11.076910018920898 0.39490529894828796
			vertex -14.609865188598633 10.723491668701172 0.39490529894828796
		endloop
	endfacet
	facet normal -0.23626452818714463 0.17789374927496457 -0.9552658722520146
		outer loop
			vertex -15.809762001037598 11.604204177856445 0.8556841015815735
			vertex -15.521803855895996 11.986647605895996 0.8556841015815735
			vertex -14.343761444091797 11.076910018920898 0.39490529894828796
		endloop
	endfacet
	facet normal -0.3542329902092407 0.26671816622761846 -0.8963149047358281
		outer loop
			vertex -16.202791213989258 12.512537002563477 1.2118299007415771
			vertex -16.50338363647461 12.113314628601074 1.2118297815322876
			vertex -16.823854446411133 12.99215030670166 1.600000023841858
		endloop
	endfacet
	facet normal -0.33988195440722957 0.28519497591114973 -0.8961830632093872
		outer loop
			vertex -16.202791213989258 12.512537002563477 1.2118299007415771
			vertex -16.823854446411133 12.99215030670166 1.600000023841858
			vertex -15.716201782226562 14.312198638916016 1.600000023841858
		endloop
	endfacet
	facet normal -0.3360292329134965 0.2845130718163715 -0.8978511383259363
		outer loop
			vertex -16.202791213989258 12.512537002563477 1.2118299007415771
			vertex -15.716201782226562 14.312198638916016 1.600000023841858
			vertex -15.013067245483398 13.917681694030762 1.2118299007415771
		endloop
	endfacet
	facet normal -0.2921371474261884 0.2473500633696516 -0.9238364753811786
		outer loop
			vertex -16.202791213989258 12.512537002563477 1.2118299007415771
			vertex -14.38208293914795 13.332735061645508 0.8556841015815735
			vertex -15.521803855895996 11.986647605895996 0.8556841015815735
		endloop
	endfacet
	facet normal -0.30555207624553965 0.23006413199614356 -0.9239634321069752
		outer loop
			vertex -16.202791213989258 12.512537002563477 1.2118299007415771
			vertex -15.809762001037598 11.604204177856445 0.8556841015815735
			vertex -16.50338363647461 12.113314628601074 1.2118297815322876
		endloop
	endfacet
	facet normal -0.3055527090023889 0.23006380781164906 -0.9239633035767741
		outer loop
			vertex -16.202791213989258 12.512537002563477 1.2118299007415771
			vertex -15.521803855895996 11.986647605895996 0.8556841015815735
			vertex -15.809762001037598 11.604204177856445 0.8556841015815735
		endloop
	endfacet
	facet normal -0.2921371231529835 0.24734999862720153 -0.9238365003911796
		outer loop
			vertex -16.202791213989258 12.512537002563477 1.2118299007415771
			vertex -15.013067245483398 13.917681694030762 1.2118299007415771
			vertex -14.38208293914795 13.332735061645508 0.8556841015815735
		endloop
	endfacet
	facet normal -0.34211602320246765 0.939657717825022 0
		outer loop
			vertex -15.95751953125 2.602057695388794 0.06144355982542038
			vertex -16.523605346679688 2.395953893661499 7.0774688720703125
			vertex -15.95751953125 2.602057695388794 7.138556480407715
		endloop
	endfacet
	facet normal -0.2872791497523695 0.9578467159946843 -0.0005989789266488282
		outer loop
			vertex -16.866138458251953 2.2889015674591064 0.1705513596534729
			vertex -17.095111846923828 2.2244935035705566 6.9925408363342285
			vertex -16.523605346679688 2.395953893661499 7.0774688720703125
		endloop
	endfacet
	facet normal -0.32568013984675465 0.9454788232021868 0.0014971257817275438
		outer loop
			vertex -16.866138458251953 2.2889015674591064 0.1705513596534729
			vertex -16.523605346679688 2.395953893661499 7.0774688720703125
			vertex -15.95751953125 2.602057695388794 0.06144355982542038
		endloop
	endfacet
	facet normal -0.2156698379206375 0.9764652022274332 -0.001493268302877943
		outer loop
			vertex -17.438783645629883 2.1383073329925537 0.2702690660953522
			vertex -18.009780883789062 2.022185802459717 6.8050947189331055
			vertex -17.095111846923828 2.2244935035705566 6.9925408363342285
		endloop
	endfacet
	facet normal -0.2542349744905888 0.9671422957803908 0.0005978782526514297
		outer loop
			vertex -17.438783645629883 2.1383073329925537 0.2702690660953522
			vertex -17.095111846923828 2.2244935035705566 6.9925408363342285
			vertex -16.866138458251953 2.2889015674591064 0.1705513596534729
		endloop
	endfacet
	facet normal -0.1992869017738149 0.9799411874094252 0
		outer loop
			vertex -18.009780883789062 2.022185802459717 0.39490529894828796
			vertex -18.009780883789062 2.022185802459717 6.8050947189331055
			vertex -17.438783645629883 2.1383073329925537 0.2702690660953522
		endloop
	endfacet
	facet normal -0.3244879293594266 0.30274116492623515 0.8961335674770463
		outer loop
			vertex -15.143460273742676 13.79062271118164 5.983592510223389
			vertex -14.80630874633789 14.151992797851562 5.983592510223389
			vertex -15.716201782226562 14.312198638916016 5.599999904632568
		endloop
	endfacet
	facet normal -0.2745411203284687 0.2679885576413416 0.9234767491507855
		outer loop
			vertex -14.192914009094238 13.565704345703125 6.336087226867676
			vertex -13.904560089111328 13.861108779907227 6.336087226867676
			vertex -14.80630874633789 14.151992797851562 5.983592510223389
		endloop
	endfacet
	facet normal -0.23873395999775865 0.23303601851431235 0.9427090274410157
		outer loop
			vertex -14.192914009094238 13.565704345703125 6.336087226867676
			vertex -13.46155071258545 13.664631843566895 6.49684476852417
			vertex -13.904560089111328 13.861108779907227 6.336087226867676
		endloop
	endfacet
	facet normal -0.21053592180527833 0.21539942728507694 0.9535605446718436
		outer loop
			vertex -13.132218360900879 13.330330848693848 6.645072937011719
			vertex -13.026963233947754 13.433209419250488 6.645072937011719
			vertex -13.46155071258545 13.664631843566895 6.49684476852417
		endloop
	endfacet
	facet normal -0.18272982894328857 0.18695099707824606 0.9652249138443362
		outer loop
			vertex -13.132218360900879 13.330330848693848 6.645072937011719
			vertex -12.496456146240234 13.125548362731934 6.8050947189331055
			vertex -13.026963233947754 13.433209419250488 6.645072937011719
		endloop
	endfacet
	facet normal -0.28052600548221884 0.2617255127469449 0.923474372262457
		outer loop
			vertex -14.516098022460938 13.219305038452148 6.336087226867676
			vertex -14.80630874633789 14.151992797851562 5.983592510223389
			vertex -15.143460273742676 13.79062271118164 5.983592510223389
		endloop
	endfacet
	facet normal -0.2805260405344378 0.2617254992606033 0.9234743654367776
		outer loop
			vertex -14.516098022460938 13.219305038452148 6.336087226867676
			vertex -14.192914009094238 13.565704345703125 6.336087226867676
			vertex -14.80630874633789 14.151992797851562 5.983592510223389
		endloop
	endfacet
	facet normal -0.2325930580425193 0.21700493160903425 0.9480555516465202
		outer loop
			vertex -13.5271635055542 12.929374694824219 6.645072937011719
			vertex -14.192914009094238 13.565704345703125 6.336087226867676
			vertex -14.516098022460938 13.219305038452148 6.336087226867676
		endloop
	endfacet
	facet normal -0.18455397280911515 0.18178719738802343 0.9658639893826565
		outer loop
			vertex -13.5271635055542 12.929374694824219 6.645072937011719
			vertex -12.496456146240234 13.125548362731934 6.8050947189331055
			vertex -13.132218360900879 13.330330848693848 6.645072937011719
		endloop
	endfacet
	facet normal -0.2146045309600163 0.21138724697269615 0.9535514286648288
		outer loop
			vertex -13.5271635055542 12.929374694824219 6.645072937011719
			vertex -13.132218360900879 13.330330848693848 6.645072937011719
			vertex -13.46155071258545 13.664631843566895 6.49684476852417
		endloop
	endfacet
	facet normal -0.2370915537454398 0.21227711247927308 0.9480116152558657
		outer loop
			vertex -13.5271635055542 12.929374694824219 6.645072937011719
			vertex -13.46155071258545 13.664631843566895 6.49684476852417
			vertex -14.192914009094238 13.565704345703125 6.336087226867676
		endloop
	endfacet
	facet normal -0.34016307360963227 0.2854308630570184 0.8960012866993963
		outer loop
			vertex -16.21074676513672 12.518680572509766 5.983592510223389
			vertex -15.716201782226562 14.312198638916016 5.599999904632568
			vertex -16.823854446411133 12.99215030670166 5.599999904632568
		endloop
	endfacet
	facet normal -0.35448932028156216 0.26698665642433367 0.8961336100703237
		outer loop
			vertex -16.21074676513672 12.518680572509766 5.983592510223389
			vertex -16.823854446411133 12.99215030670166 5.599999904632568
			vertex -16.508079528808594 12.123899459838867 5.983592510223389
		endloop
	endfacet
	facet normal -0.29408853408460295 0.24676965261180378 0.9233724452623759
		outer loop
			vertex -16.21074676513672 12.518680572509766 5.983592510223389
			vertex -14.516098022460938 13.219305038452148 6.336087226867676
			vertex -15.143460273742676 13.79062271118164 5.983592510223389
		endloop
	endfacet
	facet normal -0.3401631801948006 0.28543088246972953 0.896001240050655
		outer loop
			vertex -16.21074676513672 12.518680572509766 5.983592510223389
			vertex -15.143460273742676 13.79062271118164 5.983592510223389
			vertex -15.716201782226562 14.312198638916016 5.599999904632568
		endloop
	endfacet
	facet normal -0.23259287382186503 0.217005475471646 0.948055472355184
		outer loop
			vertex -13.835187911987305 12.599225044250488 6.645072937011719
			vertex -13.5271635055542 12.929374694824219 6.645072937011719
			vertex -14.516098022460938 13.219305038452148 6.336087226867676
		endloop
	endfacet
	facet normal -0.14175387895159397 0.15153552398768613 0.9782345438451631
		outer loop
			vertex -11.887100219726562 12.485515594482422 6.9925408363342285
			vertex -11.665739059448242 12.692587852478027 6.9925408363342285
			vertex -12.496456146240234 13.125548362731934 6.8050947189331055
		endloop
	endfacet
	facet normal -0.10486141393538255 0.11209731560301102 0.9881489137281241
		outer loop
			vertex -11.887100219726562 12.485515594482422 6.9925408363342285
			vertex -11.117727279663086 12.456576347351074 7.0774688720703125
			vertex -11.665739059448242 12.692587852478027 6.9925408363342285
		endloop
	endfacet
	facet normal -0.294088493739704 0.24676953239851657 0.9233724902387603
		outer loop
			vertex -15.539168357849121 12.000057220458984 6.336087226867676
			vertex -14.516098022460938 13.219305038452148 6.336087226867676
			vertex -16.21074676513672 12.518680572509766 5.983592510223389
		endloop
	endfacet
	facet normal -0.24384677058761559 0.20461172346325746 0.9479835415741069
		outer loop
			vertex -15.539168357849121 12.000057220458984 6.336087226867676
			vertex -13.835187911987305 12.599225044250488 6.645072937011719
			vertex -14.516098022460938 13.219305038452148 6.336087226867676
		endloop
	endfacet
	facet normal -0.1443569699542926 0.14905722719056758 0.9782346386465137
		outer loop
			vertex -12.098381042480469 12.28089714050293 6.9925408363342285
			vertex -11.887100219726562 12.485515594482422 6.9925408363342285
			vertex -12.496456146240234 13.125548362731934 6.8050947189331055
		endloop
	endfacet
	facet normal -0.07575317492810955 0.0863976086667653 0.9933765196062246
		outer loop
			vertex -10.766054153442383 12.062553405761719 7.138556480407715
			vertex -10.55159854888916 12.250587463378906 7.138556480407715
			vertex -11.117727279663086 12.456576347351074 7.0774688720703125
		endloop
	endfacet
	facet normal -0.008580139749236979 0.010720015878777802 0.999905726787002
		outer loop
			vertex -9.685333251953125 11.773198127746582 7.195124626159668
			vertex -9.878621101379395 11.163806915283203 7.1999993324279785
			vertex -8.728717803955078 12.084172248840332 7.1999993324279785
		endloop
	endfacet
	facet normal -0.02667442226527337 0.03339008346789594 0.9990863714028037
		outer loop
			vertex -9.685333251953125 11.773198127746582 7.195124626159668
			vertex -9.343422889709473 12.046340942382812 7.195124626159668
			vertex -9.956205368041992 12.102461814880371 7.176888465881348
		endloop
	endfacet
	facet normal -0.00859125971209675 0.010754230252054617 0.9999052639066589
		outer loop
			vertex -9.685333251953125 11.773198127746582 7.195124626159668
			vertex -8.728717803955078 12.084172248840332 7.1999993324279785
			vertex -9.343422889709473 12.046340942382812 7.195124626159668
		endloop
	endfacet
	facet normal -0.3115907673609838 0.2238351858241592 0.9234765851295079
		outer loop
			vertex -15.82418441772461 11.621631622314453 6.336087226867676
			vertex -16.508079528808594 12.123899459838867 5.983592510223389
			vertex -16.06502914428711 11.286362648010254 6.336087226867676
		endloop
	endfacet
	facet normal -0.27095073136197545 0.1946408997200402 0.9427091923443751
		outer loop
			vertex -15.82418441772461 11.621631622314453 6.336087226867676
			vertex -16.06502914428711 11.286362648010254 6.336087226867676
			vertex -15.794609069824219 10.884201049804688 6.49684476852417
		endloop
	endfacet
	facet normal -0.30646315831816046 0.23081534273477694 0.9234742065439
		outer loop
			vertex -15.82418441772461 11.621631622314453 6.336087226867676
			vertex -16.21074676513672 12.518680572509766 5.983592510223389
			vertex -16.508079528808594 12.123899459838867 5.983592510223389
		endloop
	endfacet
	facet normal -0.3064621388698249 0.23081586380510152 0.9234744146186386
		outer loop
			vertex -15.82418441772461 11.621631622314453 6.336087226867676
			vertex -15.539168357849121 12.000057220458984 6.336087226867676
			vertex -16.21074676513672 12.518680572509766 5.983592510223389
		endloop
	endfacet
	facet normal -0.17871981278979054 0.14521097323102497 0.973125378237399
		outer loop
			vertex -12.462233543395996 11.911505699157715 6.9925408363342285
			vertex -12.496456146240234 13.125548362731934 6.8050947189331055
			vertex -13.5271635055542 12.929374694824219 6.645072937011719
		endloop
	endfacet
	facet normal -0.1678690104882431 0.15661913385126008 0.9732884681477426
		outer loop
			vertex -12.462233543395996 11.911505699157715 6.9925408363342285
			vertex -13.5271635055542 12.929374694824219 6.645072937011719
			vertex -13.835187911987305 12.599225044250488 6.645072937011719
		endloop
	endfacet
	facet normal -0.1490168197530905 0.14678234652158303 0.977879813770738
		outer loop
			vertex -12.462233543395996 11.911505699157715 6.9925408363342285
			vertex -12.098381042480469 12.28089714050293 6.9925408363342285
			vertex -12.496456146240234 13.125548362731934 6.8050947189331055
		endloop
	endfacet
	facet normal -0.1061427703466707 0.0854399584491698 0.9906733698870371
		outer loop
			vertex -11.148633003234863 11.70987319946289 7.138556480407715
			vertex -11.117727279663086 12.456576347351074 7.0774688720703125
			vertex -11.887100219726562 12.485515594482422 6.9925408363342285
		endloop
	endfacet
	facet normal -0.0939849200002361 0.0970450652808672 0.9908325237481769
		outer loop
			vertex -11.148633003234863 11.70987319946289 7.138556480407715
			vertex -11.887100219726562 12.485515594482422 6.9925408363342285
			vertex -12.098381042480469 12.28089714050293 6.9925408363342285
		endloop
	endfacet
	facet normal -0.07788853455188062 0.08449157460124626 0.9933753318895949
		outer loop
			vertex -11.148633003234863 11.70987319946289 7.138556480407715
			vertex -10.766054153442383 12.062553405761719 7.138556480407715
			vertex -11.117727279663086 12.456576347351074 7.0774688720703125
		endloop
	endfacet
	facet normal -0.0562131193122127 0.032286447346513876 0.9978966231704223
		outer loop
			vertex -9.949141502380371 11.551124572753906 7.195124626159668
			vertex -9.956205368041992 12.102461814880371 7.176888465881348
			vertex -10.55159854888916 12.250587463378906 7.138556480407715
		endloop
	endfacet
	facet normal -0.009185749739164339 0.010912044739552167 0.9998982694661149
		outer loop
			vertex -9.949141502380371 11.551124572753906 7.195124626159668
			vertex -9.878621101379395 11.163806915283203 7.1999993324279785
			vertex -9.685333251953125 11.773198127746582 7.195124626159668
		endloop
	endfacet
	facet normal -0.027521283014977173 0.03269340882093623 0.9990864427069746
		outer loop
			vertex -9.949141502380371 11.551124572753906 7.195124626159668
			vertex -9.685333251953125 11.773198127746582 7.195124626159668
			vertex -9.956205368041992 12.102461814880371 7.176888465881348
		endloop
	endfacet
	facet normal -0.24384676762838997 0.2046117135517248 0.9479835444745933
		outer loop
			vertex -14.810269355773926 11.43716812133789 6.645072937011719
			vertex -13.835187911987305 12.599225044250488 6.645072937011719
			vertex -15.539168357849121 12.000057220458984 6.336087226867676
		endloop
	endfacet
	facet normal -0.16786908073769358 0.15661899848968158 0.9732884778134234
		outer loop
			vertex -12.74600887298584 11.607346534729004 6.9925408363342285
			vertex -12.462233543395996 11.911505699157715 6.9925408363342285
			vertex -13.835187911987305 12.599225044250488 6.645072937011719
		endloop
	endfacet
	facet normal -0.09398510147209696 0.09704476653070505 0.9908325357951671
		outer loop
			vertex -11.34678840637207 11.517965316772461 7.138556480407715
			vertex -11.148633003234863 11.70987319946289 7.138556480407715
			vertex -12.098381042480469 12.28089714050293 6.9925408363342285
		endloop
	endfacet
	facet normal -0.04032426162281595 0.045990412662843316 0.998127665114877
		outer loop
			vertex -10.151352882385254 11.373826026916504 7.195124626159668
			vertex -10.55159854888916 12.250587463378906 7.138556480407715
			vertex -10.766054153442383 12.062553405761719 7.138556480407715
		endloop
	endfacet
	facet normal -0.040324292314706044 0.04599039861361824 0.9981276645222688
		outer loop
			vertex -10.151352882385254 11.373826026916504 7.195124626159668
			vertex -9.949141502380371 11.551124572753906 7.195124626159668
			vertex -10.55159854888916 12.250587463378906 7.138556480407715
		endloop
	endfacet
	facet normal -0.04146097401164868 0.04497584912721874 0.9981273268623052
		outer loop
			vertex -10.151352882385254 11.373826026916504 7.195124626159668
			vertex -10.766054153442383 12.062553405761719 7.138556480407715
			vertex -11.148633003234863 11.70987319946289 7.138556480407715
		endloop
	endfacet
	facet normal -0.009515060992664814 0.010852055244276515 0.9998958428312827
		outer loop
			vertex -10.151352882385254 11.373826026916504 7.195124626159668
			vertex -9.878621101379395 11.163806915283203 7.1999993324279785
			vertex -9.949141502380371 11.551124572753906 7.195124626159668
		endloop
	endfacet
	facet normal -0.2540978722497261 0.19137679273220554 0.948055480719191
		outer loop
			vertex -15.081915855407715 11.076493263244629 6.645072937011719
			vertex -14.810269355773926 11.43716812133789 6.645072937011719
			vertex -15.539168357849121 12.000057220458984 6.336087226867676
		endloop
	endfacet
	facet normal -0.2502227768710394 0.19662811650983067 0.9480115746828952
		outer loop
			vertex -15.081915855407715 11.076493263244629 6.645072937011719
			vertex -15.82418441772461 11.621631622314453 6.336087226867676
			vertex -15.794609069824219 10.884201049804688 6.49684476852417
		endloop
	endfacet
	facet normal -0.25409767499310226 0.19137690078353647 0.9480555117763876
		outer loop
			vertex -15.081915855407715 11.076493263244629 6.645072937011719
			vertex -15.539168357849121 12.000057220458984 6.336087226867676
			vertex -15.82418441772461 11.621631622314453 6.336087226867676
		endloop
	endfacet
	facet normal -0.09625314837340436 0.09481016325749486 0.9908311482645742
		outer loop
			vertex -11.688036918640137 11.171523094177246 7.138556480407715
			vertex -11.34678840637207 11.517965316772461 7.138556480407715
			vertex -12.098381042480469 12.28089714050293 6.9925408363342285
		endloop
	endfacet
	facet normal -0.09625337501558952 0.09481007760613634 0.9908311344434162
		outer loop
			vertex -11.688036918640137 11.171523094177246 7.138556480407715
			vertex -12.098381042480469 12.28089714050293 6.9925408363342285
			vertex -12.462233543395996 11.911505699157715 6.9925408363342285
		endloop
	endfacet
	facet normal -0.04146100243828681 0.04497576520388491 0.9981273294630989
		outer loop
			vertex -10.512086868286133 11.041282653808594 7.195124626159668
			vertex -10.151352882385254 11.373826026916504 7.195124626159668
			vertex -11.148633003234863 11.70987319946289 7.138556480407715
		endloop
	endfacet
	facet normal -0.009737601735654253 0.01056308491246948 0.9998967948491333
		outer loop
			vertex -10.512086868286133 11.041282653808594 7.195124626159668
			vertex -9.878621101379395 11.163806915283203 7.1999993324279785
			vertex -10.151352882385254 11.373826026916504 7.195124626159668
		endloop
	endfacet
	facet normal -0.24587955883689364 0.17663055840783914 0.9530712923924998
		outer loop
			vertex -15.311463356018066 10.756950378417969 6.645072937011719
			vertex -15.081915855407715 11.076493263244629 6.645072937011719
			vertex -15.794609069824219 10.884201049804688 6.49684476852417
		endloop
	endfacet
	facet normal -0.2475937033034053 0.17083562243961503 0.9536836730227558
		outer loop
			vertex -15.311463356018066 10.756950378417969 6.645072937011719
			vertex -15.794609069824219 10.884201049804688 6.49684476852417
			vertex -15.49123764038086 10.4964017868042 6.645072937011719
		endloop
	endfacet
	facet normal -0.21492201335283975 0.14829268853463062 0.9653071048653549
		outer loop
			vertex -15.311463356018066 10.756950378417969 6.645072937011719
			vertex -15.49123764038086 10.4964017868042 6.645072937011719
			vertex -15.096128463745117 10.027379989624023 6.8050947189331055
		endloop
	endfacet
	facet normal -0.20911557502794692 0.1502207054693172 0.9662838174827476
		outer loop
			vertex -15.311463356018066 10.756950378417969 6.645072937011719
			vertex -15.096128463745117 10.027379989624023 6.8050947189331055
			vertex -15.081915855407715 11.076493263244629 6.645072937011719
		endloop
	endfacet
	facet normal -0.0425519086350525 0.043937177001937305 0.9981276769775571
		outer loop
			vertex -10.698927879333496 10.860332489013672 7.195124626159668
			vertex -11.148633003234863 11.70987319946289 7.138556480407715
			vertex -11.34678840637207 11.517965316772461 7.138556480407715
		endloop
	endfacet
	facet normal -0.009562554775420928 0.009786585996595569 0.9999063857585362
		outer loop
			vertex -10.698927879333496 10.860332489013672 7.195124626159668
			vertex -10.932085990905762 10.1344575881958 7.1999993324279785
			vertex -9.878621101379395 11.163806915283203 7.1999993324279785
		endloop
	endfacet
	facet normal -0.00961478362318016 0.009927793628663367 0.9999044928639665
		outer loop
			vertex -10.698927879333496 10.860332489013672 7.195124626159668
			vertex -9.878621101379395 11.163806915283203 7.1999993324279785
			vertex -10.512086868286133 11.041282653808594 7.195124626159668
		endloop
	endfacet
	facet normal -0.04255190081404915 0.04393718115202944 0.9981276771282946
		outer loop
			vertex -10.698927879333496 10.860332489013672 7.195124626159668
			vertex -10.512086868286133 11.041282653808594 7.195124626159668
			vertex -11.148633003234863 11.70987319946289 7.138556480407715
		endloop
	endfacet
	facet normal -0.09878340441773749 0.09216323696608691 0.9908318609953833
		outer loop
			vertex -11.954183578491211 10.886259078979492 7.138556480407715
			vertex -12.462233543395996 11.911505699157715 6.9925408363342285
			vertex -12.74600887298584 11.607346534729004 6.9925408363342285
		endloop
	endfacet
	facet normal -0.09878336022467706 0.09216325919845732 0.9908318633333507
		outer loop
			vertex -11.954183578491211 10.886259078979492 7.138556480407715
			vertex -11.688036918640137 11.171523094177246 7.138556480407715
			vertex -12.462233543395996 11.911505699157715 6.9925408363342285
		endloop
	endfacet
	facet normal -0.1759976450553047 0.1476795674153528 0.9732500060637047
		outer loop
			vertex -13.644326210021973 10.536773681640625 6.9925408363342285
			vertex -12.74600887298584 11.607346534729004 6.9925408363342285
			vertex -13.835187911987305 12.599225044250488 6.645072937011719
		endloop
	endfacet
	facet normal -0.17599766824517796 0.1476795646339387 0.9732500022922121
		outer loop
			vertex -13.644326210021973 10.536773681640625 6.9925408363342285
			vertex -13.835187911987305 12.599225044250488 6.645072937011719
			vertex -14.810269355773926 11.43716812133789 6.645072937011719
		endloop
	endfacet
	facet normal -0.010115987373328547 0.009964305595184625 0.9998991846248643
		outer loop
			vertex -11.020692825317383 10.533669471740723 7.195124626159668
			vertex -10.932085990905762 10.1344575881958 7.1999993324279785
			vertex -10.698927879333496 10.860332489013672 7.195124626159668
		endloop
	endfacet
	facet normal -0.043578877359963436 0.04292544419881664 0.9981273905110408
		outer loop
			vertex -11.020692825317383 10.533669471740723 7.195124626159668
			vertex -10.698927879333496 10.860332489013672 7.195124626159668
			vertex -11.34678840637207 11.517965316772461 7.138556480407715
		endloop
	endfacet
	facet normal -0.043578788068409695 0.04292547393152412 0.9981273931308782
		outer loop
			vertex -11.020692825317383 10.533669471740723 7.195124626159668
			vertex -11.34678840637207 11.517965316772461 7.138556480407715
			vertex -11.688036918640137 11.171523094177246 7.138556480407715
		endloop
	endfacet
	facet normal -0.17403919202828003 0.15078906464274525 0.9731253863826128
		outer loop
			vertex -13.894587516784668 10.204492568969727 6.9925408363342285
			vertex -15.081915855407715 11.076493263244629 6.645072937011719
			vertex -15.096128463745117 10.027379989624023 6.8050947189331055
		endloop
	endfacet
	facet normal -0.1833898183702119 0.13812213165952283 0.9732884727890134
		outer loop
			vertex -13.894587516784668 10.204492568969727 6.9925408363342285
			vertex -13.644326210021973 10.536773681640625 6.9925408363342285
			vertex -14.810269355773926 11.43716812133789 6.645072937011719
		endloop
	endfacet
	facet normal -0.18338977821407051 0.13812216239255484 0.9732884759939363
		outer loop
			vertex -13.894587516784668 10.204492568969727 6.9925408363342285
			vertex -14.810269355773926 11.43716812133789 6.645072937011719
			vertex -15.081915855407715 11.076493263244629 6.645072937011719
		endloop
	endfacet
	facet normal -0.010571590619027486 0.009863137146529637 0.99989547453592
		outer loop
			vertex -11.27164363861084 10.264693260192871 7.195124626159668
			vertex -10.932085990905762 10.1344575881958 7.1999993324279785
			vertex -11.020692825317383 10.533669471740723 7.195124626159668
		endloop
	endfacet
	facet normal -0.010859625676085016 0.009112307340993964 0.9998995121436447
		outer loop
			vertex -11.27164363861084 10.264693260192871 7.195124626159668
			vertex -11.878829002380371 9.006173133850098 7.1999993324279785
			vertex -10.932085990905762 10.1344575881958 7.1999993324279785
		endloop
	endfacet
	facet normal -0.04472430102467117 0.041727041259089485 0.9981275424141031
		outer loop
			vertex -11.27164363861084 10.264693260192871 7.195124626159668
			vertex -11.688036918640137 11.171523094177246 7.138556480407715
			vertex -11.954183578491211 10.886259078979492 7.138556480407715
		endloop
	endfacet
	facet normal -0.04472425237220711 0.04172706367659764 0.99812754365696
		outer loop
			vertex -11.27164363861084 10.264693260192871 7.195124626159668
			vertex -11.020692825317383 10.533669471740723 7.195124626159668
			vertex -11.688036918640137 11.171523094177246 7.138556480407715
		endloop
	endfacet
	facet normal -0.17058830059025332 0.12254454386524845 0.9776924191536864
		outer loop
			vertex -14.106063842773438 9.910106658935547 6.9925408363342285
			vertex -13.894587516784668 10.204492568969727 6.9925408363342285
			vertex -15.096128463745117 10.027379989624023 6.8050947189331055
		endloop
	endfacet
	facet normal -0.10356936449494131 0.08690503359138241 0.990818299121789
		outer loop
			vertex -12.7966947555542 9.882193565368652 7.138556480407715
			vertex -11.954183578491211 10.886259078979492 7.138556480407715
			vertex -12.74600887298584 11.607346534729004 6.9925408363342285
		endloop
	endfacet
	facet normal -0.1035693805224321 0.08690503391805374 0.9908182974177968
		outer loop
			vertex -12.7966947555542 9.882193565368652 7.138556480407715
			vertex -12.74600887298584 11.607346534729004 6.9925408363342285
			vertex -13.644326210021973 10.536773681640625 6.9925408363342285
		endloop
	endfacet
	facet normal -0.17305990370110763 0.11390918553031022 0.9783020838078518
		outer loop
			vertex -14.271685600280762 9.670069694519043 6.9925408363342285
			vertex -15.096128463745117 10.027379989624023 6.8050947189331055
			vertex -14.525492668151855 9.284465789794922 6.9925408363342285
		endloop
	endfacet
	facet normal -0.12796691236226126 0.08422867718214541 0.9881953244579815
		outer loop
			vertex -14.271685600280762 9.670069694519043 6.9925408363342285
			vertex -14.525492668151855 9.284465789794922 6.9925408363342285
			vertex -14.197905540466309 8.785761833190918 7.0774688720703125
		endloop
	endfacet
	facet normal -0.17119511328113304 0.11812195512141398 0.9781305827480065
		outer loop
			vertex -14.271685600280762 9.670069694519043 6.9925408363342285
			vertex -14.106063842773438 9.910106658935547 6.9925408363342285
			vertex -15.096128463745117 10.027379989624023 6.8050947189331055
		endloop
	endfacet
	facet normal -0.109722028985183 0.07882038772550536 0.9908321870196667
		outer loop
			vertex -13.031408309936523 9.570554733276367 7.138556480407715
			vertex -13.894587516784668 10.204492568969727 6.9925408363342285
			vertex -14.106063842773438 9.910106658935547 6.9925408363342285
		endloop
	endfacet
	facet normal -0.10791659837632453 0.08127861591035677 0.9908318698904371
		outer loop
			vertex -13.031408309936523 9.570554733276367 7.138556480407715
			vertex -13.644326210021973 10.536773681640625 6.9925408363342285
			vertex -13.894587516784668 10.204492568969727 6.9925408363342285
		endloop
	endfacet
	facet normal -0.10791679273395495 0.08127849097004171 0.9908318589708598
		outer loop
			vertex -13.031408309936523 9.570554733276367 7.138556480407715
			vertex -12.7966947555542 9.882193565368652 7.138556480407715
			vertex -13.644326210021973 10.536773681640625 6.9925408363342285
		endloop
	endfacet
	facet normal -0.1097220930310865 0.07882018878088547 0.9908321957533593
		outer loop
			vertex -13.22974681854248 9.294456481933594 7.138556480407715
			vertex -13.031408309936523 9.570554733276367 7.138556480407715
			vertex -14.106063842773438 9.910106658935547 6.9925408363342285
		endloop
	endfacet
	facet normal -0.046891700353657 0.039346816640847916 0.9981247399289201
		outer loop
			vertex -12.06605052947998 9.317956924438477 7.195124626159668
			vertex -11.954183578491211 10.886259078979492 7.138556480407715
			vertex -12.7966947555542 9.882193565368652 7.138556480407715
		endloop
	endfacet
	facet normal -0.010859599004351591 0.009112294474531072 0.9998995125505733
		outer loop
			vertex -12.06605052947998 9.317956924438477 7.195124626159668
			vertex -11.878829002380371 9.006173133850098 7.1999993324279785
			vertex -11.27164363861084 10.264693260192871 7.195124626159668
		endloop
	endfacet
	facet normal -0.04689166072095618 0.03934681388492645 0.9981247418994962
		outer loop
			vertex -12.06605052947998 9.317956924438477 7.195124626159668
			vertex -11.27164363861084 10.264693260192871 7.195124626159668
			vertex -11.954183578491211 10.886259078979492 7.138556480407715
		endloop
	endfacet
	facet normal -0.10460979885522788 0.08642288129537029 0.9907511673331884
		outer loop
			vertex -13.385079383850098 9.069332122802734 7.138556480407715
			vertex -14.271685600280762 9.670069694519043 6.9925408363342285
			vertex -14.197905540466309 8.785761833190918 7.0774688720703125
		endloop
	endfacet
	facet normal -0.11119545888383775 0.07672313042260913 0.9908325444704409
		outer loop
			vertex -13.385079383850098 9.069332122802734 7.138556480407715
			vertex -14.106063842773438 9.910106658935547 6.9925408363342285
			vertex -14.271685600280762 9.670069694519043 6.9925408363342285
		endloop
	endfacet
	facet normal -0.11119537231497395 0.07672320533728005 0.9908325483846945
		outer loop
			vertex -13.385079383850098 9.069332122802734 7.138556480407715
			vertex -13.22974681854248 9.294456481933594 7.138556480407715
			vertex -14.106063842773438 9.910106658935547 6.9925408363342285
		endloop
	endfacet
	facet normal -0.0488594551825349 0.036799002164827864 0.9981275404871559
		outer loop
			vertex -12.287363052368164 9.0241117477417 7.195124626159668
			vertex -12.06605052947998 9.317956924438477 7.195124626159668
			vertex -12.7966947555542 9.882193565368652 7.138556480407715
		endloop
	endfacet
	facet normal -0.011549005869704726 0.008698252782662829 0.9998954749682342
		outer loop
			vertex -12.287363052368164 9.0241117477417 7.195124626159668
			vertex -11.878829002380371 9.006173133850098 7.1999993324279785
			vertex -12.06605052947998 9.317956924438477 7.195124626159668
		endloop
	endfacet
	facet normal -0.04885950673719565 0.03679897147175262 0.9981275390950893
		outer loop
			vertex -12.287363052368164 9.0241117477417 7.195124626159668
			vertex -12.7966947555542 9.882193565368652 7.138556480407715
			vertex -13.031408309936523 9.570554733276367 7.138556480407715
		endloop
	endfacet
	facet normal -0.096897610433002 0.06377861292323024 0.9932487813362586
		outer loop
			vertex -13.623119354248047 8.707682609558105 7.138556480407715
			vertex -13.385079383850098 9.069332122802734 7.138556480407715
			vertex -14.197905540466309 8.785761833190918 7.0774688720703125
		endloop
	endfacet
	facet normal -0.011566149812198083 0.008308663073750529 0.999898590006231
		outer loop
			vertex -12.474376678466797 8.763777732849121 7.195124626159668
			vertex -11.878829002380371 9.006173133850098 7.1999993324279785
			vertex -12.287363052368164 9.0241117477417 7.195124626159668
		endloop
	endfacet
	facet normal -0.049676881545434676 0.035685986962967375 0.9981276059574746
		outer loop
			vertex -12.474376678466797 8.763777732849121 7.195124626159668
			vertex -13.031408309936523 9.570554733276367 7.138556480407715
			vertex -13.22974681854248 9.294456481933594 7.138556480407715
		endloop
	endfacet
	facet normal -0.05034389633207268 0.034736563360058176 0.9981276788407575
		outer loop
			vertex -12.474376678466797 8.763777732849121 7.195124626159668
			vertex -13.22974681854248 9.294456481933594 7.138556480407715
			vertex -13.385079383850098 9.069332122802734 7.138556480407715
		endloop
	endfacet
	facet normal -0.04967694284564153 0.035685944531264606 0.9981276044236139
		outer loop
			vertex -12.474376678466797 8.763777732849121 7.195124626159668
			vertex -12.287363052368164 9.0241117477417 7.195124626159668
			vertex -13.031408309936523 9.570554733276367 7.138556480407715
		endloop
	endfacet
	facet normal -0.09848076723457752 0.059458477423916446 0.9933610763198439
		outer loop
			vertex -13.784991264343262 8.449090957641602 7.138556480407715
			vertex -14.197905540466309 8.785761833190918 7.0774688720703125
			vertex -13.89673900604248 8.26400375366211 7.138556480407715
		endloop
	endfacet
	facet normal -0.09730237683328206 0.06090885563426232 0.9933893288977482
		outer loop
			vertex -13.784991264343262 8.449090957641602 7.138556480407715
			vertex -13.623119354248047 8.707682609558105 7.138556480407715
			vertex -14.197905540466309 8.785761833190918 7.0774688720703125
		endloop
	endfacet
	facet normal -0.011297813547585533 0.007717434551657453 0.9999063959256311
		outer loop
			vertex -12.620841026306152 8.551506042480469 7.195124626159668
			vertex -12.70960807800293 7.7899675369262695 7.1999993324279785
			vertex -11.878829002380371 9.006173133850098 7.1999993324279785
		endloop
	endfacet
	facet normal -0.011380477177469083 0.007852362060168675 0.9999044080057299
		outer loop
			vertex -12.620841026306152 8.551506042480469 7.195124626159668
			vertex -11.878829002380371 9.006173133850098 7.1999993324279785
			vertex -12.474376678466797 8.763777732849121 7.195124626159668
		endloop
	endfacet
	facet normal -0.05109357728065369 0.033630111967509375 0.9981274777951555
		outer loop
			vertex -12.620841026306152 8.551506042480469 7.195124626159668
			vertex -13.385079383850098 9.069332122802734 7.138556480407715
			vertex -13.623119354248047 8.707682609558105 7.138556480407715
		endloop
	endfacet
	facet normal -0.05034390029325524 0.03473655159260971 0.9981276790504894
		outer loop
			vertex -12.620841026306152 8.551506042480469 7.195124626159668
			vertex -12.474376678466797 8.763777732849121 7.195124626159668
			vertex -13.385079383850098 9.069332122802734 7.138556480407715
		endloop
	endfacet
	facet normal -0.011816723133451744 0.007777878709557268 0.9998999298215631
		outer loop
			vertex -12.845290184020996 8.210506439208984 7.195124626159668
			vertex -12.70960807800293 7.7899675369262695 7.1999993324279785
			vertex -12.620841026306152 8.551506042480469 7.195124626159668
		endloop
	endfacet
	facet normal -0.051093554065797825 0.03363025958008538 0.998127474009959
		outer loop
			vertex -12.845290184020996 8.210506439208984 7.195124626159668
			vertex -12.620841026306152 8.551506042480469 7.195124626159668
			vertex -13.623119354248047 8.707682609558105 7.138556480407715
		endloop
	endfacet
	facet normal -0.04716542767325756 0.0472504091202364 0.9977689217801732
		outer loop
			vertex -12.997919082641602 7.966679096221924 7.195124626159668
			vertex -13.89673900604248 8.26400375366211 7.138556480407715
			vertex -13.647475242614746 7.7033772468566895 7.176888465881348
		endloop
	endfacet
	facet normal -0.012218264174870756 0.007648281694826527 0.9998961035065942
		outer loop
			vertex -12.997919082641602 7.966679096221924 7.195124626159668
			vertex -12.70960807800293 7.7899675369262695 7.1999993324279785
			vertex -12.845290184020996 8.210506439208984 7.195124626159668
		endloop
	endfacet
	facet normal -0.05184539996862704 0.03245392440310419 0.9981276457913241
		outer loop
			vertex -12.997919082641602 7.966679096221924 7.195124626159668
			vertex -13.623119354248047 8.707682609558105 7.138556480407715
			vertex -13.784991264343262 8.449090957641602 7.138556480407715
		endloop
	endfacet
	facet normal -0.051845533358043115 0.032453811610685175 0.9981276425301316
		outer loop
			vertex -12.997919082641602 7.966679096221924 7.195124626159668
			vertex -12.845290184020996 8.210506439208984 7.195124626159668
			vertex -13.623119354248047 8.707682609558105 7.138556480407715
		endloop
	endfacet
	facet normal -0.0523607229676157 0.031613166224164185 0.9981277285055216
		outer loop
			vertex -12.997919082641602 7.966679096221924 7.195124626159668
			vertex -13.784991264343262 8.449090957641602 7.138556480407715
			vertex -13.89673900604248 8.26400375366211 7.138556480407715
		endloop
	endfacet
	facet normal -0.037514825711731814 0.0204710226880759 0.9990863701812385
		outer loop
			vertex -13.276177406311035 7.4937968254089355 7.195124626159668
			vertex -13.647475242614746 7.7033772468566895 7.176888465881348
			vertex -13.485797882080078 7.109650135040283 7.195124626159668
		endloop
	endfacet
	facet normal -0.01208276751448535 0.0065933028670962105 0.9999052630557026
		outer loop
			vertex -13.276177406311035 7.4937968254089355 7.195124626159668
			vertex -13.485797882080078 7.109650135040283 7.195124626159668
			vertex -13.416313171386719 6.497714519500732 7.1999993324279785
		endloop
	endfacet
	facet normal -0.012047075351374675 0.006588283715642681 0.9999057268028624
		outer loop
			vertex -13.276177406311035 7.4937968254089355 7.195124626159668
			vertex -13.416313171386719 6.497714519500732 7.1999993324279785
			vertex -12.70960807800293 7.7899675369262695 7.1999993324279785
		endloop
	endfacet
	facet normal -0.012424881146144139 0.007311178305699887 0.9998960791003667
		outer loop
			vertex -13.276177406311035 7.4937968254089355 7.195124626159668
			vertex -12.70960807800293 7.7899675369262695 7.1999993324279785
			vertex -12.997919082641602 7.966679096221924 7.195124626159668
		endloop
	endfacet
	facet normal -0.036835243201602905 0.021674978441489086 0.9990862626259256
		outer loop
			vertex -13.276177406311035 7.4937968254089355 7.195124626159668
			vertex -12.997919082641602 7.966679096221924 7.195124626159668
			vertex -13.647475242614746 7.7033772468566895 7.176888465881348
		endloop
	endfacet
	facet normal -0.7825570878648568 -0.6225788337491687 0
		outer loop
			vertex -14.73336124420166 9.571395874023438 0.2702690660953522
			vertex -15.096128463745117 10.027379989624023 6.8050947189331055
			vertex -15.096128463745117 10.027379989624023 0.39490529894828796
		endloop
	endfacet
	facet normal -0.792872489999673 -0.609385743923518 -0.0014932195081395778
		outer loop
			vertex -14.73336124420166 9.571395874023438 0.2702690660953522
			vertex -14.525492668151855 9.284465789794922 6.9925408363342285
			vertex -15.096128463745117 10.027379989624023 6.8050947189331055
		endloop
	endfacet
	facet normal -0.8357605059276711 -0.5490938152010939 -0.0005990320777712032
		outer loop
			vertex -14.391489028930664 9.087944984436035 0.1705513596534729
			vertex -14.197905540466309 8.785761833190918 7.0774688720703125
			vertex -14.525492668151855 9.284465789794922 6.9925408363342285
		endloop
	endfacet
	facet normal -0.8164217277375644 -0.5774558035391371 0.000597860335101602
		outer loop
			vertex -14.391489028930664 9.087944984436035 0.1705513596534729
			vertex -14.525492668151855 9.284465789794922 6.9925408363342285
			vertex -14.73336124420166 9.571395874023438 0.2702690660953522
		endloop
	endfacet
	facet normal -0.8660761680962513 -0.49991206332285476 0
		outer loop
			vertex -13.89673900604248 8.26400375366211 0.06144355982542038
			vertex -13.89673900604248 8.26400375366211 7.138556480407715
			vertex -14.197905540466309 8.785761833190918 7.0774688720703125
		endloop
	endfacet
	facet normal -0.8572275445900508 -0.5149356227125579 0.001497083078122671
		outer loop
			vertex -13.89673900604248 8.26400375366211 0.06144355982542038
			vertex -14.197905540466309 8.785761833190918 7.0774688720703125
			vertex -14.391489028930664 9.087944984436035 0.1705513596534729
		endloop
	endfacet
	facet normal 0.00031826994835167506 0.013741885477807117 -0.9999055251811317
		outer loop
			vertex -0.3915056884288788 14.901827812194824 8.907265964808175e-7
			vertex 0.585761547088623 15.233868598937988 0.004875252489000559
			vertex 1.0809705257415771 14.867724418640137 8.907265964808175e-7
		endloop
	endfacet
	facet normal -0.006872766781656994 0.03489874625283597 -0.9993672210887974
		outer loop
			vertex 0.15241706371307373 15.670748710632324 0.023111635819077492
			vertex 0.585761547088623 15.233868598937988 0.004875252489000559
			vertex -0.3915056884288788 14.901827812194824 8.907265964808175e-7
		endloop
	endfacet
	facet normal -0.0054777659244539915 0.03514472391923067 -0.9993672210259441
		outer loop
			vertex -5.760725975036621 14.114811897277832 0.004875252489000559
			vertex -5.502936840057373 14.67355728149414 0.023111635819077492
			vertex -4.728830337524414 14.137040138244629 8.907265964808175e-7
		endloop
	endfacet
	facet normal -0.004999069567640622 0.012804288942415424 -0.9999055252813324
		outer loop
			vertex -6.100841522216797 13.601377487182617 8.907265964808175e-7
			vertex -5.760725975036621 14.114811897277832 0.004875252489000559
			vertex -4.728830337524414 14.137040138244629 8.907265964808175e-7
		endloop
	endfacet
	facet normal -0.00012189325840113219 0.07693605494988004 -0.9970360217117448
		outer loop
			vertex -0.20206229388713837 15.670186996459961 0.023111628368496895
			vertex -0.20846766233444214 16.16693115234375 0.06144355982542038
			vertex 0.15241706371307373 15.670748710632324 0.023111635819077492
		endloop
	endfacet
	facet normal -0.00004763822669546159 0.030076177596086256 -0.999547608306782
		outer loop
			vertex -0.20206229388713837 15.670186996459961 0.023111628368496895
			vertex 0.15241706371307373 15.670748710632324 0.023111635819077492
			vertex -0.3915056884288788 14.901827812194824 8.907265964808175e-7
		endloop
	endfacet
	facet normal -0.039470528355887755 0.10708076701045546 -0.9934665503819239
		outer loop
			vertex -0.6211663484573364 15.659174919128418 0.023111628368496895
			vertex -0.6746463179588318 17.007368087768555 0.1705513596534729
			vertex -0.20846766233444214 16.16693115234375 0.06144355982542038
		endloop
	endfacet
	facet normal -0.0007950976986165604 0.030260291427043867 -0.9995417362883855
		outer loop
			vertex -0.6211663484573364 15.659174919128418 0.023111628368496895
			vertex -0.20206229388713837 15.670186996459961 0.023111628368496895
			vertex -0.3915056884288788 14.901827812194824 8.907265964808175e-7
		endloop
	endfacet
	facet normal -0.0020208728579344023 0.0769115565602825 -0.997035871240532
		outer loop
			vertex -0.6211663484573364 15.659174919128418 0.023111628368496895
			vertex -0.20846766233444214 16.16693115234375 0.06144355982542038
			vertex -0.20206229388713837 15.670186996459961 0.023111628368496895
		endloop
	endfacet
	facet normal -0.0015386239918436452 0.03003500270590915 -0.9995476633200979
		outer loop
			vertex -0.9822496771812439 15.640677452087402 0.023111628368496895
			vertex -0.6211663484573364 15.659174919128418 0.023111628368496895
			vertex -0.3915056884288788 14.901827812194824 8.907265964808175e-7
		endloop
	endfacet
	facet normal -0.002235268254255598 0.029476065883794228 -0.9995629870677716
		outer loop
			vertex -1.3829002380371094 15.610355377197266 0.023111628368496895
			vertex -0.3915056884288788 14.901827812194824 8.907265964808175e-7
			vertex -1.860159993171692 14.790454864501953 8.907265964808175e-7
		endloop
	endfacet
	facet normal -0.002231237006324026 0.02948170140813384 -0.9995628298728918
		outer loop
			vertex -1.3829002380371094 15.610355377197266 0.023111628368496895
			vertex -0.9822496771812439 15.640677452087402 0.023111628368496895
			vertex -0.3915056884288788 14.901827812194824 8.907265964808175e-7
		endloop
	endfacet
	facet normal -0.002969160537527454 0.029902849530114524 -0.9995483998665007
		outer loop
			vertex -1.713797688484192 15.577499389648438 0.023111628368496895
			vertex -1.3829002380371094 15.610355377197266 0.023111628368496895
			vertex -1.860159993171692 14.790454864501953 8.907265964808175e-7
		endloop
	endfacet
	facet normal -0.003537466045326965 0.030008386963581855 -0.999543387275321
		outer loop
			vertex -1.955560326576233 15.548999786376953 0.023111628368496895
			vertex -1.713797688484192 15.577499389648438 0.023111628368496895
			vertex -1.860159993171692 14.790454864501953 8.907265964808175e-7
		endloop
	endfacet
	facet normal -0.009130693113975179 0.1782367609590613 -0.983945266509312
		outer loop
			vertex -1.0668175220489502 16.98727798461914 0.1705513596534729
			vertex -0.922391414642334 17.545162200927734 0.2702690660953522
			vertex -0.6746463179588318 17.007368087768555 0.1705513596534729
		endloop
	endfacet
	facet normal -0.005557881636488094 0.10849327737948743 -0.9940816458999596
		outer loop
			vertex -1.0668175220489502 16.98727798461914 0.1705513596534729
			vertex -0.6746463179588318 17.007368087768555 0.1705513596534729
			vertex -0.6211663484573364 15.659174919128418 0.023111628368496895
		endloop
	endfacet
	facet normal -0.005557860996796619 0.10849328423498081 -0.9940816452671523
		outer loop
			vertex -1.0668175220489502 16.98727798461914 0.1705513596534729
			vertex -0.6211663484573364 15.659174919128418 0.023111628368496895
			vertex -0.9822496771812439 15.640677452087402 0.023111628368496895
		endloop
	endfacet
	facet normal -0.008198444912690351 0.10832740055937828 -0.9940814653684384
		outer loop
			vertex -1.5019625425338745 16.954345703125 0.1705513596534729
			vertex -0.9822496771812439 15.640677452087402 0.023111628368496895
			vertex -1.3829002380371094 15.610355377197266 0.023111628368496895
		endloop
	endfacet
	facet normal -0.008198346639988401 0.10832743905808635 -0.994081461983618
		outer loop
			vertex -1.5019625425338745 16.954345703125 0.1705513596534729
			vertex -1.0668175220489502 16.98727798461914 0.1705513596534729
			vertex -0.9822496771812439 15.640677452087402 0.023111628368496895
		endloop
	endfacet
	facet normal -0.013572787489069508 0.17934168609057669 -0.983693213898503
		outer loop
			vertex -1.5019625425338745 16.954345703125 0.1705513596534729
			vertex -0.922391414642334 17.545162200927734 0.2702690660953522
			vertex -1.0668175220489502 16.98727798461914 0.1705513596534729
		endloop
	endfacet
	facet normal -0.010733913118279587 0.10810280710268566 -0.9940817703819385
		outer loop
			vertex -1.8613488674163818 16.91866111755371 0.1705513596534729
			vertex -1.3829002380371094 15.610355377197266 0.023111628368496895
			vertex -1.713797688484192 15.577499389648438 0.023111628368496895
		endloop
	endfacet
	facet normal -0.010733865533994035 0.10810282435082733 -0.9940817690200704
		outer loop
			vertex -1.8613488674163818 16.91866111755371 0.1705513596534729
			vertex -1.5019625425338745 16.954345703125 0.1705513596534729
			vertex -1.3829002380371094 15.610355377197266 0.023111628368496895
		endloop
	endfacet
	facet normal -0.01271813697506814 0.10788454152097939 -0.9940820764366952
		outer loop
			vertex -2.1239264011383057 16.887706756591797 0.1705513596534729
			vertex -1.8613488674163818 16.91866111755371 0.1705513596534729
			vertex -1.713797688484192 15.577499389648438 0.023111628368496895
		endloop
	endfacet
	facet normal -0.01271772313889587 0.10788467008802388 -0.9940820677781895
		outer loop
			vertex -2.1239264011383057 16.887706756591797 0.1705513596534729
			vertex -1.713797688484192 15.577499389648438 0.023111628368496895
			vertex -1.955560326576233 15.548999786376953 0.023111628368496895
		endloop
	endfacet
	facet normal -0.005210594650524148 0.029550667922328668 -0.9995497024804381
		outer loop
			vertex -3.3446595668792725 15.310416221618652 0.023111628368496895
			vertex -1.860159993171692 14.790454864501953 8.907265964808175e-7
			vertex -3.310654878616333 14.534692764282227 8.907265964808175e-7
		endloop
	endfacet
	facet normal -0.005119878571435402 0.02980934349450945 -0.9995424902843503
		outer loop
			vertex -3.3446595668792725 15.310416221618652 0.023111628368496895
			vertex -1.955560326576233 15.548999786376953 0.023111628368496895
			vertex -1.860159993171692 14.790454864501953 8.907265964808175e-7
		endloop
	endfacet
	facet normal -0.0164865531036705 0.21784334625694562 -0.9758444907147535
		outer loop
			vertex -1.5992249250411987 18.052255630493164 0.39490529894828796
			vertex -1.1359012126922607 18.08732032775879 0.39490529894828796
			vertex -0.922391414642334 17.545162200927734 0.2702690660953522
		endloop
	endfacet
	facet normal -0.019729702928575156 0.26069636749354147 -0.9652192200728406
		outer loop
			vertex -1.5992249250411987 18.052255630493164 0.39490529894828796
			vertex -1.3445321321487427 18.664005279541016 0.554926872253418
			vertex -1.1359012126922607 18.08732032775879 0.39490529894828796
		endloop
	endfacet
	facet normal -0.03258204399429948 0.1973312367904739 -0.9797952813704991
		outer loop
			vertex -1.5992249250411987 18.052255630493164 0.39490529894828796
			vertex -0.922391414642334 17.545162200927734 0.2702690660953522
			vertex -1.5019625425338745 16.954345703125 0.1705513596534729
		endloop
	endfacet
	facet normal -0.0068181180154611686 0.02947997439345554 -0.9995421173599883
		outer loop
			vertex -3.7173757553100586 15.224214553833008 0.023111628368496895
			vertex -3.3446595668792725 15.310416221618652 0.023111628368496895
			vertex -3.310654878616333 14.534692764282227 8.907265964808175e-7
		endloop
	endfacet
	facet normal -0.023352543566253187 0.19809335761462218 -0.9799049343573855
		outer loop
			vertex -1.9818840026855469 18.014259338378906 0.39490529894828796
			vertex -1.8613488674163818 16.91866111755371 0.1705513596534729
			vertex -2.1239264011383057 16.887706756591797 0.1705513596534729
		endloop
	endfacet
	facet normal -0.019709085795098884 0.1984939938995275 -0.9799039168831482
		outer loop
			vertex -1.9818840026855469 18.014259338378906 0.39490529894828796
			vertex -1.5019625425338745 16.954345703125 0.1705513596534729
			vertex -1.8613488674163818 16.91866111755371 0.1705513596534729
		endloop
	endfacet
	facet normal -0.026129284011752095 0.2631469325843079 -0.9644018624974254
		outer loop
			vertex -1.9818840026855469 18.014259338378906 0.39490529894828796
			vertex -1.3445321321487427 18.664005279541016 0.554926872253418
			vertex -1.5992249250411987 18.052255630493164 0.39490529894828796
		endloop
	endfacet
	facet normal -0.01970952450937233 0.19849380162900168 -0.9799039470062774
		outer loop
			vertex -1.9818840026855469 18.014259338378906 0.39490529894828796
			vertex -1.5992249250411987 18.052255630493164 0.39490529894828796
			vertex -1.5019625425338745 16.954345703125 0.1705513596534729
		endloop
	endfacet
	facet normal -0.0074372938915771005 0.029114958319496627 -0.9995484009599658
		outer loop
			vertex -4.039554595947266 15.141915321350098 0.023111628368496895
			vertex -3.7173757553100586 15.224214553833008 0.023111628368496895
			vertex -3.310654878616333 14.534692764282227 8.907265964808175e-7
		endloop
	endfacet
	facet normal -0.02335127035618343 0.1980932091023626 -0.97990499472157
		outer loop
			vertex -2.261465072631836 17.98130226135254 0.39490529894828796
			vertex -1.9818840026855469 18.014259338378906 0.39490529894828796
			vertex -2.1239264011383057 16.887706756591797 0.1705513596534729
		endloop
	endfacet
	facet normal -0.007969253691973453 0.028421288510995013 -0.9995642657453135
		outer loop
			vertex -4.28798246383667 15.073447227478027 0.023111628368496895
			vertex -3.310654878616333 14.534692764282227 8.907265964808175e-7
			vertex -4.728830337524414 14.137040138244629 8.907265964808175e-7
		endloop
	endfacet
	facet normal -0.007878427123182201 0.02858588200499915 -0.9995602921965544
		outer loop
			vertex -4.28798246383667 15.073447227478027 0.023111628368496895
			vertex -4.039554595947266 15.141915321350098 0.023111628368496895
			vertex -3.310654878616333 14.534692764282227 8.907265964808175e-7
		endloop
	endfacet
	facet normal -0.01840654437987911 0.10716793033762854 -0.9940705376537124
		outer loop
			vertex -3.6326215267181396 16.628582000732422 0.1705513596534729
			vertex -2.1239264011383057 16.887706756591797 0.1705513596534729
			vertex -1.955560326576233 15.548999786376953 0.023111628368496895
		endloop
	endfacet
	facet normal -0.018406538700498732 0.10716793904631985 -0.9940705368200143
		outer loop
			vertex -3.6326215267181396 16.628582000732422 0.1705513596534729
			vertex -1.955560326576233 15.548999786376953 0.023111628368496895
			vertex -3.3446595668792725 15.310416221618652 0.023111628368496895
		endloop
	endfacet
	facet normal -0.008450537429035967 0.02864761340833521 -0.9995538518074788
		outer loop
			vertex -4.579439640045166 14.987472534179688 0.023111628368496895
			vertex -4.28798246383667 15.073447227478027 0.023111628368496895
			vertex -4.728830337524414 14.137040138244629 8.907265964808175e-7
		endloop
	endfacet
	facet normal -0.024478967316421362 0.10584260871524792 -0.9940815471275345
		outer loop
			vertex -4.037426948547363 16.53495979309082 0.1705513596534729
			vertex -3.6326215267181396 16.628582000732422 0.1705513596534729
			vertex -3.3446595668792725 15.310416221618652 0.023111628368496895
		endloop
	endfacet
	facet normal -0.024479209526440126 0.10584247271388375 -0.9940815556435857
		outer loop
			vertex -4.037426948547363 16.53495979309082 0.1705513596534729
			vertex -3.3446595668792725 15.310416221618652 0.023111628368496895
			vertex -3.7173757553100586 15.224214553833008 0.023111628368496895
		endloop
	endfacet
	facet normal -0.02688684869828733 0.10525461150322388 -0.9940817693350888
		outer loop
			vertex -4.037426948547363 16.53495979309082 0.1705513596534729
			vertex -3.7173757553100586 15.224214553833008 0.023111628368496895
			vertex -4.039554595947266 15.141915321350098 0.023111628368496895
		endloop
	endfacet
	facet normal -0.009208751971439368 0.02878051894281668 -0.9995433360372679
		outer loop
			vertex -4.971353530883789 14.86207389831543 0.023111628368496895
			vertex -4.579439640045166 14.987472534179688 0.023111628368496895
			vertex -4.728830337524414 14.137040138244629 8.907265964808175e-7
		endloop
	endfacet
	facet normal -0.025592168424862578 0.07216532091918987 -0.9970642945025882
		outer loop
			vertex -4.971353530883789 14.86207389831543 0.023111628368496895
			vertex -5.502936840057373 14.67355728149414 0.023111635819077492
			vertex -5.333520889282227 15.263246536254883 0.06144355982542038
		endloop
	endfacet
	facet normal -0.01010070760345196 0.028482158316845776 -0.9995432668791902
		outer loop
			vertex -4.971353530883789 14.86207389831543 0.023111628368496895
			vertex -4.728830337524414 14.137040138244629 8.907265964808175e-7
			vertex -5.502936840057373 14.67355728149414 0.023111635819077492
		endloop
	endfacet
	facet normal -0.023649162676502286 0.07391177181270536 -0.9969843364327281
		outer loop
			vertex -4.971353530883789 14.86207389831543 0.023111628368496895
			vertex -5.333520889282227 15.263246536254883 0.06144355982542038
			vertex -4.579439640045166 14.987472534179688 0.023111628368496895
		endloop
	endfacet
	facet normal -0.03116775713457005 0.3139050661430018 -0.9489426644244415
		outer loop
			vertex -2.1446545124053955 19.493757247924805 0.8556841015815735
			vertex -1.7305680513381958 19.53487205505371 0.8556841015815735
			vertex -1.3445321321487427 18.664005279541016 0.554926872253418
		endloop
	endfacet
	facet normal -0.03779024617537705 0.38060325207310414 -0.9239659419076992
		outer loop
			vertex -2.1446545124053955 19.493757247924805 0.8556841015815735
			vertex -2.2387468814849854 20.34900665283203 1.2118297815322876
			vertex -1.7305680513381958 19.53487205505371 0.8556841015815735
		endloop
	endfacet
	facet normal -0.05703850963642512 0.2911453599106069 -0.9549769566963271
		outer loop
			vertex -2.1446545124053955 19.493757247924805 0.8556841015815735
			vertex -1.3445321321487427 18.664005279541016 0.554926872253418
			vertex -1.9818840026855469 18.014259338378906 0.39490529894828796
		endloop
	endfacet
	facet normal -0.02688716511402179 0.10525461108538862 -0.9940817608212088
		outer loop
			vertex -4.3873443603515625 16.445573806762695 0.1705513596534729
			vertex -4.037426948547363 16.53495979309082 0.1705513596534729
			vertex -4.039554595947266 15.141915321350098 0.023111628368496895
		endloop
	endfacet
	facet normal -0.044777270701972655 0.3798360279838703 -0.9239694734534898
		outer loop
			vertex -2.447197437286377 19.458091735839844 0.8556841015815735
			vertex -2.2387468814849854 20.34900665283203 1.2118297815322876
			vertex -2.1446545124053955 19.493757247924805 0.8556841015815735
		endloop
	endfacet
	facet normal -0.034623358831112463 0.2937025613151237 -0.9552696103719557
		outer loop
			vertex -2.447197437286377 19.458091735839844 0.8556841015815735
			vertex -2.1446545124053955 19.493757247924805 0.8556841015815735
			vertex -1.9818840026855469 18.014259338378906 0.39490529894828796
		endloop
	endfacet
	facet normal -0.03462177813257544 0.29370304186880264 -0.9552695199135954
		outer loop
			vertex -2.447197437286377 19.458091735839844 0.8556841015815735
			vertex -1.9818840026855469 18.014259338378906 0.39490529894828796
			vertex -2.261465072631836 17.98130226135254 0.39490529894828796
		endloop
	endfacet
	facet normal -0.02886305836053293 0.1047275125110557 -0.9940820247772932
		outer loop
			vertex -4.657160758972168 16.371212005615234 0.1705513596534729
			vertex -4.3873443603515625 16.445573806762695 0.1705513596534729
			vertex -4.039554595947266 15.141915321350098 0.023111628368496895
		endloop
	endfacet
	facet normal -0.048031109529797666 0.17427739504833595 -0.9835244796610315
		outer loop
			vertex -4.657160758972168 16.371212005615234 0.1705513596534729
			vertex -5.134034633636475 16.802536010742188 0.2702690660953522
			vertex -4.3873443603515625 16.445573806762695 0.1705513596534729
		endloop
	endfacet
	facet normal -0.028863430250445722 0.10472732672375105 -0.9940820335522992
		outer loop
			vertex -4.657160758972168 16.371212005615234 0.1705513596534729
			vertex -4.039554595947266 15.141915321350098 0.023111628368496895
			vertex -4.28798246383667 15.073447227478027 0.023111628368496895
		endloop
	endfacet
	facet normal -0.03379639046525322 0.1967718189951382 -0.9798666517648535
		outer loop
			vertex -3.867858648300171 17.70539665222168 0.39490529894828796
			vertex -2.1239264011383057 16.887706756591797 0.1705513596534729
			vertex -3.6326215267181396 16.628582000732422 0.1705513596534729
		endloop
	endfacet
	facet normal -0.044947188264358645 0.19434347857982193 -0.9799032414481661
		outer loop
			vertex -3.867858648300171 17.70539665222168 0.39490529894828796
			vertex -3.6326215267181396 16.628582000732422 0.1705513596534729
			vertex -4.037426948547363 16.53495979309082 0.1705513596534729
		endloop
	endfacet
	facet normal -0.03379645695511064 0.19677168399752154 -0.9798666765810853
		outer loop
			vertex -3.867858648300171 17.70539665222168 0.39490529894828796
			vertex -2.261465072631836 17.98130226135254 0.39490529894828796
			vertex -2.1239264011383057 16.887706756591797 0.1705513596534729
		endloop
	endfacet
	facet normal -0.030735622034698935 0.10419481900516374 -0.9940818684749368
		outer loop
			vertex -4.9737114906311035 16.277833938598633 0.1705513596534729
			vertex -4.28798246383667 15.073447227478027 0.023111628368496895
			vertex -4.579439640045166 14.987472534179688 0.023111628368496895
		endloop
	endfacet
	facet normal -0.037508398477682746 0.11998776399410682 -0.9920665585208152
		outer loop
			vertex -4.9737114906311035 16.277833938598633 0.1705513596534729
			vertex -5.333520889282227 15.263246536254883 0.06144355982542038
			vertex -5.1829023361206055 16.212440490722656 0.1705513596534729
		endloop
	endfacet
	facet normal -0.053354976661218315 0.17068029047805 -0.9838808286107671
		outer loop
			vertex -4.9737114906311035 16.277833938598633 0.1705513596534729
			vertex -5.1829023361206055 16.212440490722656 0.1705513596534729
			vertex -5.134034633636475 16.802536010742188 0.2702690660953522
		endloop
	endfacet
	facet normal -0.030735966245796043 0.10419462422178101 -0.9940818782485774
		outer loop
			vertex -4.9737114906311035 16.277833938598633 0.1705513596534729
			vertex -4.657160758972168 16.371212005615234 0.1705513596534729
			vertex -4.28798246383667 15.073447227478027 0.023111628368496895
		endloop
	endfacet
	facet normal -0.050596865141480526 0.17152287675152458 -0.9838800028401513
		outer loop
			vertex -4.9737114906311035 16.277833938598633 0.1705513596534729
			vertex -5.134034633636475 16.802536010742188 0.2702690660953522
			vertex -4.657160758972168 16.371212005615234 0.1705513596534729
		endloop
	endfacet
	facet normal -0.01012102707456991 0.11046469044536247 -0.9938285148735502
		outer loop
			vertex -4.9737114906311035 16.277833938598633 0.1705513596534729
			vertex -4.579439640045166 14.987472534179688 0.023111628368496895
			vertex -5.333520889282227 15.263246536254883 0.06144355982542038
		endloop
	endfacet
	facet normal -0.044947530530903786 0.1943435234508749 -0.979903216849436
		outer loop
			vertex -4.298878192901611 17.605710983276367 0.39490529894828796
			vertex -3.867858648300171 17.70539665222168 0.39490529894828796
			vertex -4.037426948547363 16.53495979309082 0.1705513596534729
		endloop
	endfacet
	facet normal -0.04936901096120668 0.19326381291429615 -0.9799039745681922
		outer loop
			vertex -4.671454906463623 17.51053810119629 0.39490529894828796
			vertex -4.037426948547363 16.53495979309082 0.1705513596534729
			vertex -4.3873443603515625 16.445573806762695 0.1705513596534729
		endloop
	endfacet
	facet normal -0.03687381093070806 0.19657438126341578 -0.9797953024475836
		outer loop
			vertex -4.671454906463623 17.51053810119629 0.39490529894828796
			vertex -4.3873443603515625 16.445573806762695 0.1705513596534729
			vertex -5.134034633636475 16.802536010742188 0.2702690660953522
		endloop
	endfacet
	facet normal -0.06544842278330887 0.2562133008424104 -0.964402015980169
		outer loop
			vertex -4.671454906463623 17.51053810119629 0.39490529894828796
			vertex -5.12001895904541 17.9982852935791 0.554926872253418
			vertex -4.298878192901611 17.605710983276367 0.39490529894828796
		endloop
	endfacet
	facet normal -0.049368387628319806 0.19326420734993224 -0.9799039281788714
		outer loop
			vertex -4.671454906463623 17.51053810119629 0.39490529894828796
			vertex -4.298878192901611 17.605710983276367 0.39490529894828796
			vertex -4.037426948547363 16.53495979309082 0.1705513596534729
		endloop
	endfacet
	facet normal -0.044779076488457865 0.3798363608112281 -0.9239692491173738
		outer loop
			vertex -2.554563283920288 20.31177520751953 1.2118299007415771
			vertex -2.2387468814849854 20.34900665283203 1.2118297815322876
			vertex -2.447197437286377 19.458091735839844 0.8556841015815735
		endloop
	endfacet
	facet normal -0.05203594871561573 0.44139299977751806 -0.8958038176903859
		outer loop
			vertex -2.554563283920288 20.31177520751953 1.2118299007415771
			vertex -2.8396050930023193 21.065959930419922 1.600000023841858
			vertex -2.2387468814849854 20.34900665283203 1.2118297815322876
		endloop
	endfacet
	facet normal -0.060891343196137905 0.21036763504548656 -0.9757241938422657
		outer loop
			vertex -4.958744049072266 17.431360244750977 0.39490529894828796
			vertex -5.134034633636475 16.802536010742188 0.2702690660953522
			vertex -5.118829727172852 17.38502311706543 0.39490529894828796
		endloop
	endfacet
	facet normal -0.07284873651428352 0.2516780811879612 -0.9650653889959057
		outer loop
			vertex -4.958744049072266 17.431360244750977 0.39490529894828796
			vertex -5.118829727172852 17.38502311706543 0.39490529894828796
			vertex -5.12001895904541 17.9982852935791 0.554926872253418
		endloop
	endfacet
	facet normal -0.06961661221082233 0.2525970988767473 -0.9650638491536915
		outer loop
			vertex -4.958744049072266 17.431360244750977 0.39490529894828796
			vertex -5.12001895904541 17.9982852935791 0.554926872253418
			vertex -4.671454906463623 17.51053810119629 0.39490529894828796
		endloop
	endfacet
	facet normal -0.05775706300680064 0.20956587934756402 -0.9760872214541643
		outer loop
			vertex -4.958744049072266 17.431360244750977 0.39490529894828796
			vertex -4.671454906463623 17.51053810119629 0.39490529894828796
			vertex -5.134034633636475 16.802536010742188 0.2702690660953522
		endloop
	endfacet
	facet normal -0.05010557527706937 0.2917300635593461 -0.9551874168673988
		outer loop
			vertex -4.18552303314209 19.159528732299805 0.8556841015815735
			vertex -2.447197437286377 19.458091735839844 0.8556841015815735
			vertex -2.261465072631836 17.98130226135254 0.39490529894828796
		endloop
	endfacet
	facet normal -0.05010591623065656 0.29172955993702504 -0.9551875527966411
		outer loop
			vertex -4.18552303314209 19.159528732299805 0.8556841015815735
			vertex -2.261465072631836 17.98130226135254 0.39490529894828796
			vertex -3.867858648300171 17.70539665222168 0.39490529894828796
		endloop
	endfacet
	facet normal -0.06664116656465106 0.2881421729753593 -0.9552659541048978
		outer loop
			vertex -4.18552303314209 19.159528732299805 0.8556841015815735
			vertex -3.867858648300171 17.70539665222168 0.39490529894828796
			vertex -4.298878192901611 17.605710983276367 0.39490529894828796
		endloop
	endfacet
	facet normal -0.07807250962662342 0.3056338640108614 -0.9489428983929388
		outer loop
			vertex -4.651941776275635 19.051654815673828 0.8556841015815735
			vertex -5.12001895904541 17.9982852935791 0.554926872253418
			vertex -5.055118083953857 18.948665618896484 0.8556841015815735
		endloop
	endfacet
	facet normal -0.09466143059106849 0.3705752375926985 -0.9239660203933734
		outer loop
			vertex -4.651941776275635 19.051654815673828 0.8556841015815735
			vertex -5.055118083953857 18.948665618896484 0.8556841015815735
			vertex -4.856036186218262 19.887508392333984 1.2118297815322876
		endloop
	endfacet
	facet normal -0.04597888986985232 0.2930955202218608 -0.9549769409321949
		outer loop
			vertex -4.651941776275635 19.051654815673828 0.8556841015815735
			vertex -4.298878192901611 17.605710983276367 0.39490529894828796
			vertex -5.12001895904541 17.9982852935791 0.554926872253418
		endloop
	endfacet
	facet normal -0.06664189414962597 0.2881422078803278 -0.9552658928183296
		outer loop
			vertex -4.651941776275635 19.051654815673828 0.8556841015815735
			vertex -4.18552303314209 19.159528732299805 0.8556841015815735
			vertex -4.298878192901611 17.605710983276367 0.39490529894828796
		endloop
	endfacet
	facet normal -0.06479625903049137 0.37726374082813896 -0.9238363029628207
		outer loop
			vertex -4.369154453277588 20.000112533569336 1.2118299007415771
			vertex -2.447197437286377 19.458091735839844 0.8556841015815735
			vertex -4.18552303314209 19.159528732299805 0.8556841015815735
		endloop
	endfacet
	facet normal -0.09991449868546096 0.43201476056958676 -0.8963148663290349
		outer loop
			vertex -4.369154453277588 20.000112533569336 1.2118299007415771
			vertex -4.856036186218262 19.887508392333984 1.2118297815322876
			vertex -4.53662633895874 20.7667293548584 1.600000023841858
		endloop
	endfacet
	facet normal -0.0770449983682731 0.4369439816779516 -0.8961830310276191
		outer loop
			vertex -4.369154453277588 20.000112533569336 1.2118299007415771
			vertex -4.53662633895874 20.7667293548584 1.600000023841858
			vertex -2.8396050930023193 21.065959930419922 1.600000023841858
		endloop
	endfacet
	facet normal -0.0745315876578912 0.43394468477095 -0.8978513535102761
		outer loop
			vertex -4.369154453277588 20.000112533569336 1.2118299007415771
			vertex -2.8396050930023193 21.065959930419922 1.600000023841858
			vertex -2.554563283920288 20.31177520751953 1.2118299007415771
		endloop
	endfacet
	facet normal -0.0861835144925963 0.37264427908036707 -0.9239635507412497
		outer loop
			vertex -4.369154453277588 20.000112533569336 1.2118299007415771
			vertex -4.651941776275635 19.051654815673828 0.8556841015815735
			vertex -4.856036186218262 19.887508392333984 1.2118297815322876
		endloop
	endfacet
	facet normal -0.08618575862498311 0.37264479191252126 -0.9239631345842269
		outer loop
			vertex -4.369154453277588 20.000112533569336 1.2118299007415771
			vertex -4.18552303314209 19.159528732299805 0.8556841015815735
			vertex -4.651941776275635 19.051654815673828 0.8556841015815735
		endloop
	endfacet
	facet normal -0.06479637277875658 0.37726341868421787 -0.923836426537411
		outer loop
			vertex -4.369154453277588 20.000112533569336 1.2118299007415771
			vertex -2.554563283920288 20.31177520751953 1.2118299007415771
			vertex -2.447197437286377 19.458091735839844 0.8556841015815735
		endloop
	endfacet
	facet normal 0.3419246881786788 0.9397273581278314 0
		outer loop
			vertex -10.55159854888916 12.250587463378906 0.06144355982542038
			vertex -11.117727279663086 12.456576347351074 7.0774688720703125
			vertex -10.55159854888916 12.250587463378906 7.138556480407715
		endloop
	endfacet
	facet normal 0.3956242258495922 0.9184122784015196 -0.0005990010354272056
		outer loop
			vertex -11.448934555053711 12.594745635986328 0.1705513596534729
			vertex -11.665739059448242 12.692587852478027 6.9925408363342285
			vertex -11.117727279663086 12.456576347351074 7.0774688720703125
		endloop
	endfacet
	facet normal 0.3582570174905885 0.9336218013900913 0.0014971265374480478
		outer loop
			vertex -11.448934555053711 12.594745635986328 0.1705513596534729
			vertex -11.117727279663086 12.456576347351074 7.0774688720703125
			vertex -10.55159854888916 12.250587463378906 0.06144355982542038
		endloop
	endfacet
	facet normal 0.4624468684051005 0.8866457374736857 -0.0014933593204702366
		outer loop
			vertex -11.984405517578125 12.847472190856934 0.2702690660953522
			vertex -12.496456146240234 13.125548362731934 6.8050947189331055
			vertex -11.665739059448242 12.692587852478027 6.9925408363342285
		endloop
	endfacet
	facet normal 0.4269112065837344 0.9042933508130093 0.0005978031446028505
		outer loop
			vertex -11.984405517578125 12.847472190856934 0.2702690660953522
			vertex -11.665739059448242 12.692587852478027 6.9925408363342285
			vertex -11.448934555053711 12.594745635986328 0.1705513596534729
		endloop
	endfacet
	facet normal 0.47723214145230236 0.8787772659581321 0
		outer loop
			vertex -12.496456146240234 13.125548362731934 0.39490529894828796
			vertex -12.496456146240234 13.125548362731934 6.8050947189331055
			vertex -11.984405517578125 12.847472190856934 0.2702690660953522
		endloop
	endfacet
	facet normal -0.05397340383173179 0.4404897869215445 0.89613370614916
		outer loop
			vertex -2.7361221313476562 20.29825782775879 5.983592510223389
			vertex -2.2455649375915527 20.358366012573242 5.983592510223389
			vertex -2.8396050930023193 21.065959930419922 5.599999904632568
		endloop
	endfacet
	facet normal -0.03805156122015605 0.3817629991383959 0.9234766327187526
		outer loop
			vertex -2.152535915374756 19.51496124267578 6.336087226867676
			vertex -1.7417622804641724 19.555904388427734 6.336087226867676
			vertex -2.2455649375915527 20.358366012573242 5.983592510223389
		endloop
	endfacet
	facet normal -0.033088549296149176 0.33197018496432573 0.9427093635899815
		outer loop
			vertex -2.152535915374756 19.51496124267578 6.336087226867676
			vertex -1.5286903381347656 19.12063217163086 6.49684476852417
			vertex -1.7417622804641724 19.555904388427734 6.336087226867676
		endloop
	endfacet
	facet normal -0.046661102444587536 0.38081235597849894 0.9234742503463543
		outer loop
			vertex -2.152535915374756 19.51496124267578 6.336087226867676
			vertex -2.2455649375915527 20.358366012573242 5.983592510223389
			vertex -2.7361221313476562 20.29825782775879 5.983592510223389
		endloop
	endfacet
	facet normal -0.022822583836000134 0.30033609883900525 0.953560358551684
		outer loop
			vertex -1.4912915229797363 18.65285301208496 6.645072937011719
			vertex -1.3445321321487427 18.664005279541016 6.645072937011719
			vertex -1.5286903381347656 19.12063217163086 6.49684476852417
		endloop
	endfacet
	facet normal -0.01980833692779287 0.26066981197798333 0.9652247815465151
		outer loop
			vertex -1.4912915229797363 18.65285301208496 6.645072937011719
			vertex -1.1359012126922607 18.08732032775879 6.8050947189331055
			vertex -1.3445321321487427 18.664005279541016 6.645072937011719
		endloop
	endfacet
	facet normal -0.04666047527524525 0.38081276213344917 0.9234741145497156
		outer loop
			vertex -2.622770309448242 19.45734405517578 6.336087226867676
			vertex -2.152535915374756 19.51496124267578 6.336087226867676
			vertex -2.7361221313476562 20.29825782775879 5.983592510223389
		endloop
	endfacet
	facet normal -0.024525693598794845 0.25788620644734717 0.9658639629252633
		outer loop
			vertex -2.0515663623809814 18.59956932067871 6.645072937011719
			vertex -1.1359012126922607 18.08732032775879 6.8050947189331055
			vertex -1.4912915229797363 18.65285301208496 6.645072937011719
		endloop
	endfacet
	facet normal -0.02851920757123163 0.2998777678520287 0.9535512462094494
		outer loop
			vertex -2.0515663623809814 18.59956932067871 6.645072937011719
			vertex -1.4912915229797363 18.65285301208496 6.645072937011719
			vertex -1.5286903381347656 19.12063217163086 6.49684476852417
		endloop
	endfacet
	facet normal -0.04517300036931362 0.31501360850220217 0.9480115117951128
		outer loop
			vertex -2.0515663623809814 18.59956932067871 6.645072937011719
			vertex -1.5286903381347656 19.12063217163086 6.49684476852417
			vertex -2.152535915374756 19.51496124267578 6.336087226867676
		endloop
	endfacet
	facet normal -0.07710879206634619 0.4373057737868798 0.8960010571415233
		outer loop
			vertex -4.3712992668151855 20.009933471679688 5.983592510223389
			vertex -2.8396050930023193 21.065959930419922 5.599999904632568
			vertex -4.53662633895874 20.7667293548584 5.599999904632568
		endloop
	endfacet
	facet normal -0.09993835906493703 0.4323855746586721 0.8961333824908532
		outer loop
			vertex -4.3712992668151855 20.009933471679688 5.983592510223389
			vertex -4.53662633895874 20.7667293548584 5.599999904632568
			vertex -4.85283088684082 19.898635864257812 5.983592510223389
		endloop
	endfacet
	facet normal -0.0771083042695301 0.4373051857666071 0.8960013861118246
		outer loop
			vertex -4.3712992668151855 20.009933471679688 5.983592510223389
			vertex -2.7361221313476562 20.29825782775879 5.983592510223389
			vertex -2.8396050930023193 21.065959930419922 5.599999904632568
		endloop
	endfacet
	facet normal -0.03868759179399495 0.31574321959765217 0.9480556362995212
		outer loop
			vertex -2.4997434616088867 18.544652938842773 6.645072937011719
			vertex -2.152535915374756 19.51496124267578 6.336087226867676
			vertex -2.622770309448242 19.45734405517578 6.336087226867676
		endloop
	endfacet
	facet normal -0.03868894322770349 0.31574364093736096 0.9480554408258742
		outer loop
			vertex -2.4997434616088867 18.544652938842773 6.645072937011719
			vertex -2.0515663623809814 18.59956932067871 6.645072937011719
			vertex -2.152535915374756 19.51496124267578 6.336087226867676
		endloop
	endfacet
	facet normal -0.011184627320024365 0.207200370458342 0.9782345887330083
		outer loop
			vertex -1.0805120468139648 17.205339431762695 6.9925408363342285
			vertex -0.7778366208076477 17.221677780151367 6.9925408363342285
			vertex -1.1359012126922607 18.08732032775879 6.8050947189331055
		endloop
	endfacet
	facet normal -0.008273754604454436 0.15327511324898016 0.988148918252334
		outer loop
			vertex -1.0805120468139648 17.205339431762695 6.9925408363342285
			vertex -0.5097400546073914 16.688627243041992 7.0774688720703125
			vertex -0.7778366208076477 17.221677780151367 6.9925408363342285
		endloop
	endfacet
	facet normal -0.06666488101658949 0.37807352390838445 0.9233721915666186
		outer loop
			vertex -4.1902055740356445 19.18096160888672 6.336087226867676
			vertex -2.622770309448242 19.45734405517578 6.336087226867676
			vertex -2.7361221313476562 20.29825782775879 5.983592510223389
		endloop
	endfacet
	facet normal -0.06666405282240125 0.3780725860803934 0.9233726353513926
		outer loop
			vertex -4.1902055740356445 19.18096160888672 6.336087226867676
			vertex -2.7361221313476562 20.29825782775879 5.983592510223389
			vertex -4.3712992668151855 20.009933471679688 5.983592510223389
		endloop
	endfacet
	facet normal -0.01477086313909139 0.2069751722743144 0.9782346853716364
		outer loop
			vertex -1.3738890886306763 17.184402465820312 6.9925408363342285
			vertex -1.0805120468139648 17.205339431762695 6.9925408363342285
			vertex -1.1359012126922607 18.08732032775879 6.8050947189331055
		endloop
	endfacet
	facet normal -0.0024950398954884613 0.11487781627672716 0.9933764956467466
		outer loop
			vertex -0.49361613392829895 16.160737991333008 7.138556480407715
			vertex -0.20846766233444214 16.16693115234375 7.138556480407715
			vertex -0.5097400546073914 16.688627243041992 7.0774688720703125
		endloop
	endfacet
	facet normal 0.0003179298247803063 0.013727200022299116 0.9999057270063886
		outer loop
			vertex 0.14827030897140503 15.244405746459961 7.195124626159668
			vertex -0.3915056884288788 14.901827812194824 7.1999993324279785
			vertex 1.0809705257415771 14.867724418640137 7.1999993324279785
		endloop
	endfacet
	facet normal 0.0010290330110591618 0.04272436398304131 0.9990863675445216
		outer loop
			vertex 0.14827030897140503 15.244405746459961 7.195124626159668
			vertex 0.585761547088623 15.233868598937988 7.195124626159668
			vertex 0.15241706371307373 15.670748710632324 7.176888465881348
		endloop
	endfacet
	facet normal 0.000331429953183464 0.013760621673465978 0.9999052632351456
		outer loop
			vertex 0.14827030897140503 15.244405746459961 7.195124626159668
			vertex 1.0809705257415771 14.867724418640137 7.1999993324279785
			vertex 0.585761547088623 15.233868598937988 7.195124626159668
		endloop
	endfacet
	facet normal -0.09481330144805689 0.37175404390661043 0.9234767829824428
		outer loop
			vertex -4.651787757873535 19.074275970458984 6.336087226867676
			vertex -4.85283088684082 19.898635864257812 5.983592510223389
			vertex -5.051792144775391 18.972257614135742 6.336087226867676
		endloop
	endfacet
	facet normal -0.0824469337363704 0.3232666783677764 0.9427094768668316
		outer loop
			vertex -4.651787757873535 19.074275970458984 6.336087226867676
			vertex -5.051792144775391 18.972257614135742 6.336087226867676
			vertex -5.103142738342285 18.490360260009766 6.49684476852417
		endloop
	endfacet
	facet normal -0.08639853077971633 0.37380520082963153 0.9234743990559918
		outer loop
			vertex -4.651787757873535 19.074275970458984 6.336087226867676
			vertex -4.3712992668151855 20.009933471679688 5.983592510223389
			vertex -4.85283088684082 19.898635864257812 5.983592510223389
		endloop
	endfacet
	facet normal -0.08639767050963816 0.37380500337314426 0.9234745594675101
		outer loop
			vertex -4.651787757873535 19.074275970458984 6.336087226867676
			vertex -4.1902055740356445 19.18096160888672 6.336087226867676
			vertex -4.3712992668151855 20.009933471679688 5.983592510223389
		endloop
	endfacet
	facet normal -0.019803256004468386 0.20822792441789004 0.9778798303187561
		outer loop
			vertex -1.8900562524795532 17.135313034057617 6.9925408363342285
			vertex -1.3738890886306763 17.184402465820312 6.9925408363342285
			vertex -1.1359012126922607 18.08732032775879 6.8050947189331055
		endloop
	endfacet
	facet normal -0.04356727839498871 0.22611702264318118 0.973125369273783
		outer loop
			vertex -1.8900562524795532 17.135313034057617 6.9925408363342285
			vertex -1.1359012126922607 18.08732032775879 6.8050947189331055
			vertex -2.0515663623809814 18.59956932067871 6.645072937011719
		endloop
	endfacet
	facet normal -0.026390228399387233 0.13367816872678343 0.9906733584037081
		outer loop
			vertex -1.0133869647979736 16.136486053466797 7.138556480407715
			vertex -0.5097400546073914 16.688627243041992 7.0774688720703125
			vertex -1.0805120468139648 17.205339431762695 6.9925408363342285
		endloop
	endfacet
	facet normal -0.0053559894131472285 0.11479029357399818 0.9933753076650345
		outer loop
			vertex -1.0133869647979736 16.136486053466797 7.138556480407715
			vertex -0.49361613392829895 16.160737991333008 7.138556480407715
			vertex -0.5097400546073914 16.688627243041992 7.0774688720703125
		endloop
	endfacet
	facet normal -0.022308373152213033 0.06086593411674943 0.9978966251828879
		outer loop
			vertex -0.1965649276971817 15.24385929107666 7.195124626159668
			vertex 0.15241706371307373 15.670748710632324 7.176888465881348
			vertex -0.20846766233444214 16.16693115234375 7.138556480407715
		endloop
	endfacet
	facet normal -0.000022603395781453184 0.014263648180625399 0.9998982687402084
		outer loop
			vertex -0.1965649276971817 15.24385929107666 7.195124626159668
			vertex -0.3915056884288788 14.901827812194824 7.1999993324279785
			vertex 0.14827030897140503 15.244405746459961 7.195124626159668
		endloop
	endfacet
	facet normal -0.00006772158741171913 0.042735034435260846 0.9990864388257925
		outer loop
			vertex -0.1965649276971817 15.24385929107666 7.195124626159668
			vertex 0.14827030897140503 15.244405746459961 7.195124626159668
			vertex 0.15241706371307373 15.670748710632324 7.176888465881348
		endloop
	endfacet
	facet normal -0.0552753825938643 0.3134829039618105 0.9479837029204523
		outer loop
			vertex -3.993654489517212 18.28123664855957 6.645072937011719
			vertex -2.4997434616088867 18.544652938842773 6.645072937011719
			vertex -2.622770309448242 19.45734405517578 6.336087226867676
		endloop
	endfacet
	facet normal -0.055275843738429815 0.3134833920126076 0.9479835146410904
		outer loop
			vertex -3.993654489517212 18.28123664855957 6.645072937011719
			vertex -2.622770309448242 19.45734405517578 6.336087226867676
			vertex -4.1902055740356445 19.18096160888672 6.336087226867676
		endloop
	endfacet
	facet normal -0.027922941258439696 0.22788141528525116 0.9732884310003223
		outer loop
			vertex -2.302950382232666 17.084720611572266 6.9925408363342285
			vertex -2.0515663623809814 18.59956932067871 6.645072937011719
			vertex -2.4997434616088867 18.544652938842773 6.645072937011719
		endloop
	endfacet
	facet normal -0.027922581739304956 0.2278813609102941 0.9732884540457081
		outer loop
			vertex -2.302950382232666 17.084720611572266 6.9925408363342285
			vertex -1.8900562524795532 17.135313034057617 6.9925408363342285
			vertex -2.0515663623809814 18.59956932067871 6.645072937011719
		endloop
	endfacet
	facet normal -0.009616706041197248 0.13475308591280324 0.9908325412509897
		outer loop
			vertex -1.2885384559631348 16.11684799194336 7.138556480407715
			vertex -1.0805120468139648 17.205339431762695 6.9925408363342285
			vertex -1.3738890886306763 17.184402465820312 6.9925408363342285
		endloop
	endfacet
	facet normal -0.012791366884714899 0.13449908319474946 0.990831154916413
		outer loop
			vertex -1.2885384559631348 16.11684799194336 7.138556480407715
			vertex -1.3738890886306763 17.184402465820312 6.9925408363342285
			vertex -1.8900562524795532 17.135313034057617 6.9925408363342285
		endloop
	endfacet
	facet normal -0.009617584098052422 0.1347532495927455 0.9908325104679965
		outer loop
			vertex -1.2885384559631348 16.11684799194336 7.138556480407715
			vertex -1.0133869647979736 16.136486053466797 7.138556480407715
			vertex -1.0805120468139648 17.205339431762695 6.9925408363342285
		endloop
	endfacet
	facet normal -0.0013281353383655704 0.06115064038345533 0.9981276647990558
		outer loop
			vertex -0.4654324948787689 15.238019943237305 7.195124626159668
			vertex -0.20846766233444214 16.16693115234375 7.138556480407715
			vertex -0.49361613392829895 16.160737991333008 7.138556480407715
		endloop
	endfacet
	facet normal -0.0013280879778277944 0.061150627334624806 0.998127665661515
		outer loop
			vertex -0.4654324948787689 15.238019943237305 7.195124626159668
			vertex -0.1965649276971817 15.24385929107666 7.195124626159668
			vertex -0.20846766233444214 16.16693115234375 7.138556480407715
		endloop
	endfacet
	facet normal -0.0028510505656386895 0.061104103495916016 0.9981273265704296
		outer loop
			vertex -0.4654324948787689 15.238019943237305 7.195124626159668
			vertex -0.49361613392829895 16.160737991333008 7.138556480407715
			vertex -1.0133869647979736 16.136486053466797 7.138556480407715
		endloop
	endfacet
	facet normal -0.0003133808542374924 0.014429342145410258 0.9998958425144547
		outer loop
			vertex -0.4654324948787689 15.238019943237305 7.195124626159668
			vertex -0.3915056884288788 14.901827812194824 7.1999993324279785
			vertex -0.1965649276971817 15.24385929107666 7.195124626159668
		endloop
	endfacet
	facet normal -0.07163603722305778 0.3099340991169091 0.9480554479436142
		outer loop
			vertex -4.4335856437683105 18.179553985595703 6.645072937011719
			vertex -3.993654489517212 18.28123664855957 6.645072937011719
			vertex -4.1902055740356445 19.18096160888672 6.336087226867676
		endloop
	endfacet
	facet normal -0.06529169296915613 0.3114657622881225 0.9480116422025103
		outer loop
			vertex -4.4335856437683105 18.179553985595703 6.645072937011719
			vertex -4.651787757873535 19.074275970458984 6.336087226867676
			vertex -5.103142738342285 18.490360260009766 6.49684476852417
		endloop
	endfacet
	facet normal -0.0716351258480981 0.30993391721477875 0.948055576274213
		outer loop
			vertex -4.4335856437683105 18.179553985595703 6.645072937011719
			vertex -4.1902055740356445 19.18096160888672 6.336087226867676
			vertex -4.651787757873535 19.074275970458984 6.336087226867676
		endloop
	endfacet
	facet normal -0.012791305752485207 0.13449911872192447 0.9908311508830212
		outer loop
			vertex -1.7726393938064575 16.07080841064453 7.138556480407715
			vertex -1.2885384559631348 16.11684799194336 7.138556480407715
			vertex -1.8900562524795532 17.135313034057617 6.9925408363342285
		endloop
	endfacet
	facet normal -0.004354369811574926 0.061009654405527185 0.998127677971542
		outer loop
			vertex -0.9555262923240662 15.2151517868042 7.195124626159668
			vertex -1.0133869647979736 16.136486053466797 7.138556480407715
			vertex -1.2885384559631348 16.11684799194336 7.138556480407715
		endloop
	endfacet
	facet normal -0.0006696296594751152 0.014351018791312066 0.9998967946022084
		outer loop
			vertex -0.9555262923240662 15.2151517868042 7.195124626159668
			vertex -0.3915056884288788 14.901827812194824 7.1999993324279785
			vertex -0.4654324948787689 15.238019943237305 7.195124626159668
		endloop
	endfacet
	facet normal -0.0028511616767757557 0.06110403597198826 0.9981273303867734
		outer loop
			vertex -0.9555262923240662 15.2151517868042 7.195124626159668
			vertex -0.4654324948787689 15.238019943237305 7.195124626159668
			vertex -1.0133869647979736 16.136486053466797 7.138556480407715
		endloop
	endfacet
	facet normal -0.0748183546825342 0.2933558149386978 0.9530711304222006
		outer loop
			vertex -4.814826488494873 18.082321166992188 6.645072937011719
			vertex -4.4335856437683105 18.179553985595703 6.645072937011719
			vertex -5.103142738342285 18.490360260009766 6.49684476852417
		endloop
	endfacet
	facet normal -0.07985745666314471 0.29001774481601844 0.9536836447727962
		outer loop
			vertex -4.814826488494873 18.082321166992188 6.645072937011719
			vertex -5.103142738342285 18.490360260009766 6.49684476852417
			vertex -5.12001895904541 17.9982852935791 6.645072937011719
		endloop
	endfacet
	facet normal -0.0693198214426453 0.25174829159220297 0.965306977098771
		outer loop
			vertex -4.814826488494873 18.082321166992188 6.645072937011719
			vertex -5.12001895904541 17.9982852935791 6.645072937011719
			vertex -5.118829727172852 17.38502311706543 6.8050947189331055
		endloop
	endfacet
	facet normal -0.06363130808461262 0.24949244497532996 0.9662839005859889
		outer loop
			vertex -4.814826488494873 18.082321166992188 6.645072937011719
			vertex -5.118829727172852 17.38502311706543 6.8050947189331055
			vertex -4.4335856437683105 18.179553985595703 6.645072937011719
		endloop
	endfacet
	facet normal -0.004354310859655247 0.061009676110404996 0.998127676902029
		outer loop
			vertex -1.2149676084518433 15.196635246276855 7.195124626159668
			vertex -0.9555262923240662 15.2151517868042 7.195124626159668
			vertex -1.2885384559631348 16.11684799194336 7.138556480407715
		endloop
	endfacet
	facet normal -0.0010346457619141844 0.01364368083629737 0.9999063853588418
		outer loop
			vertex -1.2149676084518433 15.196635246276855 7.195124626159668
			vertex -1.860159993171692 14.790454864501953 7.1999993324279785
			vertex -0.3915056884288788 14.901827812194824 7.1999993324279785
		endloop
	endfacet
	facet normal -0.0009838790725221157 0.013785452045362816 0.999904492086057
		outer loop
			vertex -1.2149676084518433 15.196635246276855 7.195124626159668
			vertex -0.3915056884288788 14.901827812194824 7.1999993324279785
			vertex -0.9555262923240662 15.2151517868042 7.195124626159668
		endloop
	endfacet
	facet normal -0.016431164799383845 0.13409777902285458 0.9908318739748299
		outer loop
			vertex -2.1598832607269287 16.023359298706055 7.138556480407715
			vertex -1.8900562524795532 17.135313034057617 6.9925408363342285
			vertex -2.302950382232666 17.084720611572266 6.9925408363342285
		endloop
	endfacet
	facet normal -0.016431039099148687 0.13409774932196725 0.9908318800790098
		outer loop
			vertex -2.1598832607269287 16.023359298706055 7.138556480407715
			vertex -1.7726393938064575 16.07080841064453 7.138556480407715
			vertex -1.8900562524795532 17.135313034057617 6.9925408363342285
		endloop
	endfacet
	facet normal -0.03989551618356107 0.22625840329847596 0.9732499590163216
		outer loop
			vertex -3.679252862930298 16.842041015625 6.9925408363342285
			vertex -2.302950382232666 17.084720611572266 6.9925408363342285
			vertex -2.4997434616088867 18.544652938842773 6.645072937011719
		endloop
	endfacet
	facet normal -0.05170179887751421 0.22368839873052374 0.9732884589196584
		outer loop
			vertex -3.679252862930298 16.842041015625 6.9925408363342285
			vertex -3.993654489517212 18.28123664855957 6.645072937011719
			vertex -4.4335856437683105 18.179553985595703 6.645072937011719
		endloop
	endfacet
	facet normal -0.03989536309746859 0.22625830327212534 0.9732499885454611
		outer loop
			vertex -3.679252862930298 16.842041015625 6.9925408363342285
			vertex -2.4997434616088867 18.544652938842773 6.645072937011719
			vertex -3.993654489517212 18.28123664855957 6.645072937011719
		endloop
	endfacet
	facet normal -0.0013443463532175734 0.014135534629599118 0.9998991846149382
		outer loop
			vertex -1.6714283227920532 15.153223991394043 7.195124626159668
			vertex -1.860159993171692 14.790454864501953 7.1999993324279785
			vertex -1.2149676084518433 15.196635246276855 7.195124626159668
		endloop
	endfacet
	facet normal -0.007439182030821107 0.0607129933237891 0.9981275424575649
		outer loop
			vertex -1.6714283227920532 15.153223991394043 7.195124626159668
			vertex -1.7726393938064575 16.07080841064453 7.138556480407715
			vertex -2.1598832607269287 16.023359298706055 7.138556480407715
		endloop
	endfacet
	facet normal -0.0057912896692247145 0.060894749280992956 0.9981273919064501
		outer loop
			vertex -1.6714283227920532 15.153223991394043 7.195124626159668
			vertex -1.2885384559631348 16.11684799194336 7.138556480407715
			vertex -1.7726393938064575 16.07080841064453 7.138556480407715
		endloop
	endfacet
	facet normal -0.005791338071879802 0.06089476842841826 0.9981273904574438
		outer loop
			vertex -1.6714283227920532 15.153223991394043 7.195124626159668
			vertex -1.2149676084518433 15.196635246276855 7.195124626159668
			vertex -1.2885384559631348 16.11684799194336 7.138556480407715
		endloop
	endfacet
	facet normal -0.03639630370571305 0.22738148187562313 0.973125362312897
		outer loop
			vertex -4.084549903869629 16.748363494873047 6.9925408363342285
			vertex -4.4335856437683105 18.179553985595703 6.645072937011719
			vertex -5.118829727172852 17.38502311706543 6.8050947189331055
		endloop
	endfacet
	facet normal -0.051701773717709905 0.2236884124483601 0.97328845710343
		outer loop
			vertex -4.084549903869629 16.748363494873047 6.9925408363342285
			vertex -3.679252862930298 16.842041015625 6.9925408363342285
			vertex -4.4335856437683105 18.179553985595703 6.645072937011719
		endloop
	endfacet
	facet normal -0.0017584122200893439 0.014350903717736868 0.9998954743116646
		outer loop
			vertex -2.036561965942383 15.108484268188477 7.195124626159668
			vertex -1.860159993171692 14.790454864501953 7.1999993324279785
			vertex -1.6714283227920532 15.153223991394043 7.195124626159668
		endloop
	endfacet
	facet normal -0.0024616865555678793 0.01396087909565752 0.9998995119281631
		outer loop
			vertex -2.036561965942383 15.108484268188477 7.195124626159668
			vertex -3.310654878616333 14.534692764282227 7.1999993324279785
			vertex -1.860159993171692 14.790454864501953 7.1999993324279785
		endloop
	endfacet
	facet normal -0.007439148402801146 0.06071301214292682 0.9981275415634888
		outer loop
			vertex -2.036561965942383 15.108484268188477 7.195124626159668
			vertex -1.6714283227920532 15.153223991394043 7.195124626159668
			vertex -2.1598832607269287 16.023359298706055 7.138556480407715
		endloop
	endfacet
	facet normal -0.05190823338309534 0.2035263639351304 0.9776924641677418
		outer loop
			vertex -4.43577766418457 16.658784866333008 6.9925408363342285
			vertex -4.084549903869629 16.748363494873047 6.9925408363342285
			vertex -5.118829727172852 17.38502311706543 6.8050947189331055
		endloop
	endfacet
	facet normal -0.023477324760509392 0.1331461198887476 0.9908183112865149
		outer loop
			vertex -3.4506852626800537 15.795755386352539 7.138556480407715
			vertex -2.1598832607269287 16.023359298706055 7.138556480407715
			vertex -2.302950382232666 17.084720611572266 6.9925408363342285
		endloop
	endfacet
	facet normal -0.030424126846156013 0.1316303899263133 0.990831879257776
		outer loop
			vertex -3.4506852626800537 15.795755386352539 7.138556480407715
			vertex -3.679252862930298 16.842041015625 6.9925408363342285
			vertex -4.084549903869629 16.748363494873047 6.9925408363342285
		endloop
	endfacet
	facet normal -0.023477278603197323 0.13314607952714444 0.9908183178039955
		outer loop
			vertex -3.4506852626800537 15.795755386352539 7.138556480407715
			vertex -2.302950382232666 17.084720611572266 6.9925408363342285
			vertex -3.679252862930298 16.842041015625 6.9925408363342285
		endloop
	endfacet
	facet normal -0.059352216573033606 0.19850014342642308 0.978302104386757
		outer loop
			vertex -4.716944217681885 16.58136558532715 6.9925408363342285
			vertex -5.118829727172852 17.38502311706543 6.8050947189331055
			vertex -5.159233570098877 16.449119567871094 6.9925408363342285
		endloop
	endfacet
	facet normal -0.0438873582390646 0.1467787962786756 0.9881952665084868
		outer loop
			vertex -4.716944217681885 16.58136558532715 6.9925408363342285
			vertex -5.159233570098877 16.449119567871094 6.9925408363342285
			vertex -5.228847980499268 15.856522560119629 7.0774688720703125
		endloop
	endfacet
	facet normal -0.05521563441962344 0.2005287239461477 0.9781305968980667
		outer loop
			vertex -4.716944217681885 16.58136558532715 6.9925408363342285
			vertex -4.43577766418457 16.658784866333008 6.9925408363342285
			vertex -5.118829727172852 17.38502311706543 6.8050947189331055
		endloop
	endfacet
	facet normal -0.030423914064546125 0.13163052966694713 0.9908318672270247
		outer loop
			vertex -3.830803871154785 15.707898139953613 7.138556480407715
			vertex -3.4506852626800537 15.795755386352539 7.138556480407715
			vertex -4.084549903869629 16.748363494873047 6.9925408363342285
		endloop
	endfacet
	facet normal -0.03338729450764663 0.13090783888988258 0.9908321887598527
		outer loop
			vertex -4.16021203994751 15.623884201049805 7.138556480407715
			vertex -4.084549903869629 16.748363494873047 6.9925408363342285
			vertex -4.43577766418457 16.658784866333008 6.9925408363342285
		endloop
	endfacet
	facet normal -0.03338740441667234 0.13090784568773012 0.990832184158203
		outer loop
			vertex -4.16021203994751 15.623884201049805 7.138556480407715
			vertex -3.830803871154785 15.707898139953613 7.138556480407715
			vertex -4.084549903869629 16.748363494873047 6.9925408363342285
		endloop
	endfacet
	facet normal -0.010629518819824341 0.06028281337763985 0.9981247395696271
		outer loop
			vertex -3.2536637783050537 14.893876075744629 7.195124626159668
			vertex -2.1598832607269287 16.023359298706055 7.138556480407715
			vertex -3.4506852626800537 15.795755386352539 7.138556480407715
		endloop
	endfacet
	facet normal -0.002461680964912367 0.01396086668330458 0.9998995121152316
		outer loop
			vertex -3.2536637783050537 14.893876075744629 7.195124626159668
			vertex -3.310654878616333 14.534692764282227 7.1999993324279785
			vertex -2.036561965942383 15.108484268188477 7.195124626159668
		endloop
	endfacet
	facet normal -0.010629498022430378 0.060282793309442084 0.9981247410031485
		outer loop
			vertex -3.2536637783050537 14.893876075744629 7.195124626159668
			vertex -2.036561965942383 15.108484268188477 7.195124626159668
			vertex -2.1598832607269287 16.023359298706055 7.138556480407715
		endloop
	endfacet
	facet normal -0.013774480067204475 0.05959595150335499 0.9981275400785654
		outer loop
			vertex -3.2536637783050537 14.893876075744629 7.195124626159668
			vertex -3.4506852626800537 15.795755386352539 7.138556480407715
			vertex -3.830803871154785 15.707898139953613 7.138556480407715
		endloop
	endfacet
	facet normal -0.024583991643511993 0.13344570455245724 0.9907511651728552
		outer loop
			vertex -4.4239115715026855 15.551274299621582 7.138556480407715
			vertex -4.716944217681885 16.58136558532715 6.9925408363342285
			vertex -5.228847980499268 15.856522560119629 7.0774688720703125
		endloop
	endfacet
	facet normal -0.03586393160972751 0.13024840730317946 0.9908325442800504
		outer loop
			vertex -4.4239115715026855 15.551274299621582 7.138556480407715
			vertex -4.43577766418457 16.658784866333008 6.9925408363342285
			vertex -4.716944217681885 16.58136558532715 6.9925408363342285
		endloop
	endfacet
	facet normal -0.03586401487956241 0.13024840603560583 0.9908325414326594
		outer loop
			vertex -4.4239115715026855 15.551274299621582 7.138556480407715
			vertex -4.16021203994751 15.623884201049805 7.138556480407715
			vertex -4.43577766418457 16.658784866333008 6.9925408363342285
		endloop
	endfacet
	facet normal -0.003255903821640223 0.014086830089170587 0.9998954746914015
		outer loop
			vertex -3.61207914352417 14.81103515625 7.195124626159668
			vertex -3.310654878616333 14.534692764282227 7.1999993324279785
			vertex -3.2536637783050537 14.893876075744629 7.195124626159668
		endloop
	endfacet
	facet normal -0.013774475550755488 0.059595954696590625 0.998127539950233
		outer loop
			vertex -3.61207914352417 14.81103515625 7.195124626159668
			vertex -3.2536637783050537 14.893876075744629 7.195124626159668
			vertex -3.830803871154785 15.707898139953613 7.138556480407715
		endloop
	endfacet
	facet normal -0.03323165409643559 0.11114174742030612 0.9932487951899945
		outer loop
			vertex -4.838724613189697 15.427244186401367 7.138556480407715
			vertex -4.4239115715026855 15.551274299621582 7.138556480407715
			vertex -5.228847980499268 15.856522560119629 7.0774688720703125
		endloop
	endfacet
	facet normal -0.0035194645559450746 0.01379940254375055 0.999898589787322
		outer loop
			vertex -3.9226794242858887 14.731818199157715 7.195124626159668
			vertex -3.310654878616333 14.534692764282227 7.1999993324279785
			vertex -3.61207914352417 14.81103515625 7.195124626159668
		endloop
	endfacet
	facet normal -0.015116204046925192 0.05926874943806581 0.9981276049259732
		outer loop
			vertex -3.9226794242858887 14.731818199157715 7.195124626159668
			vertex -3.830803871154785 15.707898139953613 7.138556480407715
			vertex -4.16021203994751 15.623884201049805 7.138556480407715
		endloop
	endfacet
	facet normal -0.016237493252632806 0.058970185610048256 0.9981276777156254
		outer loop
			vertex -3.9226794242858887 14.731818199157715 7.195124626159668
			vertex -4.16021203994751 15.623884201049805 7.138556480407715
			vertex -4.4239115715026855 15.551274299621582 7.138556480407715
		endloop
	endfacet
	facet normal -0.015116180171746447 0.059268747219355405 0.998127605419299
		outer loop
			vertex -3.9226794242858887 14.731818199157715 7.195124626159668
			vertex -3.61207914352417 14.81103515625 7.195124626159668
			vertex -3.830803871154785 15.707898139953613 7.138556480407715
		endloop
	endfacet
	facet normal -0.037220878588100935 0.10884996085409117 0.9933611086705543
		outer loop
			vertex -5.128945350646973 15.333200454711914 7.138556480407715
			vertex -5.228847980499268 15.856522560119629 7.0774688720703125
			vertex -5.333520889282227 15.263246536254883 7.138556480407715
		endloop
	endfacet
	facet normal -0.0353865099898378 0.10920344015274464 0.9933893514476311
		outer loop
			vertex -5.128945350646973 15.333200454711914 7.138556480407715
			vertex -4.838724613189697 15.427244186401367 7.138556480407715
			vertex -5.228847980499268 15.856522560119629 7.0774688720703125
		endloop
	endfacet
	facet normal -0.003693955615430725 0.013174003783906207 0.9999063957772313
		outer loop
			vertex -4.171322345733643 14.66335391998291 7.195124626159668
			vertex -4.728830337524414 14.137040138244629 7.1999993324279785
			vertex -3.310654878616333 14.534692764282227 7.1999993324279785
		endloop
	endfacet
	facet normal -0.0036705594558722847 0.01333043504519401 0.9999044086785431
		outer loop
			vertex -4.171322345733643 14.66335391998291 7.195124626159668
			vertex -3.310654878616333 14.534692764282227 7.1999993324279785
			vertex -3.9226794242858887 14.731818199157715 7.195124626159668
		endloop
	endfacet
	facet normal -0.016237539705937908 0.058970157259671786 0.9981276786348867
		outer loop
			vertex -4.171322345733643 14.66335391998291 7.195124626159668
			vertex -3.9226794242858887 14.731818199157715 7.195124626159668
			vertex -4.4239115715026855 15.551274299621582 7.138556480407715
		endloop
	endfacet
	facet normal -0.017522892792168485 0.058604513610087894 0.9981274764341072
		outer loop
			vertex -4.562450885772705 14.546405792236328 7.195124626159668
			vertex -4.4239115715026855 15.551274299621582 7.138556480407715
			vertex -4.838724613189697 15.427244186401367 7.138556480407715
		endloop
	endfacet
	facet normal -0.00405263464046187 0.013553881543707815 0.9998999292167043
		outer loop
			vertex -4.562450885772705 14.546405792236328 7.195124626159668
			vertex -4.728830337524414 14.137040138244629 7.1999993324279785
			vertex -4.171322345733643 14.66335391998291 7.195124626159668
		endloop
	endfacet
	facet normal -0.017522851928766476 0.05860450803513963 0.9981274774788249
		outer loop
			vertex -4.562450885772705 14.546405792236328 7.195124626159668
			vertex -4.171322345733643 14.66335391998291 7.195124626159668
			vertex -4.4239115715026855 15.551274299621582 7.138556480407715
		endloop
	endfacet
	facet normal -0.005758838806443559 0.06651317263872518 0.9977689279793857
		outer loop
			vertex -4.836101055145264 14.457731246948242 7.195124626159668
			vertex -5.333520889282227 15.263246536254883 7.138556480407715
			vertex -5.502936840057373 14.67355728149414 7.176888465881348
		endloop
	endfacet
	facet normal -0.018855020516946677 0.058186704439506895 0.9981276449571844
		outer loop
			vertex -4.836101055145264 14.457731246948242 7.195124626159668
			vertex -4.562450885772705 14.546405792236328 7.195124626159668
			vertex -4.838724613189697 15.427244186401367 7.138556480407715
		endloop
	endfacet
	facet normal -0.01885494088592008 0.05818670474173397 0.9981276464438238
		outer loop
			vertex -4.836101055145264 14.457731246948242 7.195124626159668
			vertex -4.838724613189697 15.427244186401367 7.138556480407715
			vertex -5.128945350646973 15.333200454711914 7.138556480407715
		endloop
	endfacet
	facet normal -0.004443510870325792 0.01371270073416246 0.9998961031275803
		outer loop
			vertex -4.836101055145264 14.457731246948242 7.195124626159668
			vertex -4.728830337524414 14.137040138244629 7.1999993324279785
			vertex -4.562450885772705 14.546405792236328 7.195124626159668
		endloop
	endfacet
	facet normal -0.01978981787143551 0.05787399390684978 0.9981277292700997
		outer loop
			vertex -4.836101055145264 14.457731246948242 7.195124626159668
			vertex -5.128945350646973 15.333200454711914 7.138556480407715
			vertex -5.333520889282227 15.263246536254883 7.138556480407715
		endloop
	endfacet
	facet normal -0.01557945964359116 0.039795791132986036 0.9990863703631
		outer loop
			vertex -5.353222370147705 14.274343490600586 7.195124626159668
			vertex -5.502936840057373 14.67355728149414 7.176888465881348
			vertex -5.760725975036621 14.114811897277832 7.195124626159668
		endloop
	endfacet
	facet normal -0.005017810190592586 0.012817371773990628 0.999905263793375
		outer loop
			vertex -5.353222370147705 14.274343490600586 7.195124626159668
			vertex -5.760725975036621 14.114811897277832 7.195124626159668
			vertex -6.100841522216797 13.601377487182617 7.1999993324279785
		endloop
	endfacet
	facet normal -0.004993737694528694 0.012790632232300536 0.9999057267117418
		outer loop
			vertex -5.353222370147705 14.274343490600586 7.195124626159668
			vertex -6.100841522216797 13.601377487182617 7.1999993324279785
			vertex -4.728830337524414 14.137040138244629 7.1999993324279785
		endloop
	endfacet
	facet normal -0.014285013671760929 0.04028123361062798 0.9990862628438065
		outer loop
			vertex -5.353222370147705 14.274343490600586 7.195124626159668
			vertex -4.836101055145264 14.457731246948242 7.195124626159668
			vertex -5.502936840057373 14.67355728149414 7.176888465881348
		endloop
	endfacet
	facet normal -0.004818481606691804 0.013587273187659498 0.999896078721349
		outer loop
			vertex -5.353222370147705 14.274343490600586 7.195124626159668
			vertex -4.728830337524414 14.137040138244629 7.1999993324279785
			vertex -4.836101055145264 14.457731246948242 7.195124626159668
		endloop
	endfacet
	facet normal -0.999659479702708 0.02609453277051407 0
		outer loop
			vertex -5.134034633636475 16.802536010742188 0.2702690660953522
			vertex -5.118829727172852 17.38502311706543 6.8050947189331055
			vertex -5.118829727172852 17.38502311706543 0.39490529894828796
		endloop
	endfacet
	facet normal -0.9990811641497505 0.042832202615052425 -0.0014932716841482344
		outer loop
			vertex -5.134034633636475 16.802536010742188 0.2702690660953522
			vertex -5.159233570098877 16.449119567871094 6.9925408363342285
			vertex -5.118829727172852 17.38502311706543 6.8050947189331055
		endloop
	endfacet
	facet normal -0.9931803639835507 0.11658647358165564 -0.0005989785438342943
		outer loop
			vertex -5.1829023361206055 16.212440490722656 0.1705513596534729
			vertex -5.228847980499268 15.856522560119629 7.0774688720703125
			vertex -5.159233570098877 16.449119567871094 6.9925408363342285
		endloop
	endfacet
	facet normal -0.9965966499896587 0.08243033287710431 0.0005978721934699651
		outer loop
			vertex -5.1829023361206055 16.212440490722656 0.1705513596534729
			vertex -5.159233570098877 16.449119567871094 6.9925408363342285
			vertex -5.134034633636475 16.802536010742188 0.2702690660953522
		endloop
	endfacet
	facet normal -0.98479005223894 0.17374853383906871 0
		outer loop
			vertex -5.333520889282227 15.263246536254883 0.06144355982542038
			vertex -5.333520889282227 15.263246536254883 7.138556480407715
			vertex -5.228847980499268 15.856522560119629 7.0774688720703125
		endloop
	endfacet
	facet normal -0.9876686394307149 0.15655164427462895 0.0014971172267363943
		outer loop
			vertex -5.333520889282227 15.263246536254883 0.06144355982542038
			vertex -5.228847980499268 15.856522560119629 7.0774688720703125
			vertex -5.1829023361206055 16.212440490722656 0.1705513596534729
		endloop
	endfacet
	facet normal 0.009076903233486597 0.010322310830384807 -0.9999055254006805
		outer loop
			vertex 9.278799057006836 11.66711711883545 8.907265964808175e-7
			vertex 10.240861892700195 11.29330062866211 0.004875252489000559
			vertex 10.38486099243164 10.694503784179688 8.907265964808175e-7
		endloop
	endfacet
	facet normal 0.01716761519133346 0.031151774992952897 -0.9993672197462906
		outer loop
			vertex 10.18972110748291 11.90651798248291 0.023111635819077492
			vertex 10.240861892700195 11.29330062866211 0.004875252489000559
			vertex 9.278799057006836 11.66711711883545 8.907265964808175e-7
		endloop
	endfacet
	facet normal 0.018394383964500043 0.03044344482651045 -0.9993672214484832
		outer loop
			vertex 4.659854412078857 14.515496253967285 0.004875252489000559
			vertex 5.21648645401001 14.777816772460938 0.023111635819077492
			vertex 5.464620113372803 13.869234085083008 8.907265964808175e-7
		endloop
	endfacet
	facet normal 0.004400933205620109 0.013021992871014867 -0.9999055252815573
		outer loop
			vertex 4.069281101226807 14.340805053710938 8.907265964808175e-7
			vertex 4.659854412078857 14.515496253967285 0.004875252489000559
			vertex 5.464620113372803 13.869234085083008 8.907265964808175e-7
		endloop
	endfacet
	facet normal 0.04936019312369775 0.059014781749271585 -0.9970360208487341
		outer loop
			vertex 9.917813301086426 12.133942604064941 0.023111628368496895
			vertex 10.232207298278809 12.518588066101074 0.06144355982542038
			vertex 10.18972110748291 11.90651798248291 0.023111635819077492
		endloop
	endfacet
	facet normal 0.01929609901430887 0.023070292351294885 -0.99954760875791
		outer loop
			vertex 9.917813301086426 12.133942604064941 0.023111628368496895
			vertex 10.18972110748291 11.90651798248291 0.023111635819077492
			vertex 9.278799057006836 11.66711711883545 8.907265964808175e-7
		endloop
	endfacet
	facet normal 0.03859410540048711 0.1073997270466475 -0.9934665538701551
		outer loop
			vertex 9.589682579040527 12.394902229309082 0.023111628368496895
			vertex 10.415316581726074 13.462054252624512 0.1705513596534729
			vertex 10.232207298278809 12.518588066101074 0.06144355982542038
		endloop
	endfacet
	facet normal 0.01884186978497086 0.023691773512677143 -0.9995417369028821
		outer loop
			vertex 9.589682579040527 12.394902229309082 0.023111628368496895
			vertex 9.917813301086426 12.133942604064941 0.023111628368496895
			vertex 9.278799057006836 11.66711711883545 8.907265964808175e-7
		endloop
	endfacet
	facet normal 0.04788977931744286 0.06021662489494278 -0.9970358705298363
		outer loop
			vertex 9.589682579040527 12.394902229309082 0.023111628368496895
			vertex 10.232207298278809 12.518588066101074 0.06144355982542038
			vertex 9.917813301086426 12.133942604064941 0.023111628368496895
		endloop
	endfacet
	facet normal 0.018127436623328587 0.02399714178842239 -0.9995476643099386
		outer loop
			vertex 9.301186561584473 12.612832069396973 0.023111628368496895
			vertex 9.589682579040527 12.394902229309082 0.023111628368496895
			vertex 9.278799057006836 11.66711711883545 8.907265964808175e-7
		endloop
	endfacet
	facet normal 0.01723454359751365 0.02401678033958902 -0.9995629868943254
		outer loop
			vertex 8.974780082702637 12.847136497497559 0.023111628368496895
			vertex 9.278799057006836 11.66711711883545 8.907265964808175e-7
			vertex 8.08215618133545 12.525833129882812 8.907265964808175e-7
		endloop
	endfacet
	facet normal 0.017241198884567425 0.024018491947566476 -0.999562830994424
		outer loop
			vertex 8.974780082702637 12.847136497497559 0.023111628368496895
			vertex 9.301186561584473 12.612832069396973 0.023111628368496895
			vertex 9.278799057006836 11.66711711883545 8.907265964808175e-7
		endloop
	endfacet
	facet normal 0.01694670090266731 0.024815396844022664 -0.9995484007330456
		outer loop
			vertex 8.700178146362305 13.03466510772705 0.023111628368496895
			vertex 8.974780082702637 12.847136497497559 0.023111628368496895
			vertex 8.08215618133545 12.525833129882812 8.907265964808175e-7
		endloop
	endfacet
	facet normal 0.016579144921906607 0.025261598774824725 -0.9995433875430313
		outer loop
			vertex 8.496658325195312 13.168234825134277 0.023111628368496895
			vertex 8.700178146362305 13.03466510772705 0.023111628368496895
			vertex 8.08215618133545 12.525833129882812 8.907265964808175e-7
		endloop
	endfacet
	facet normal 0.10757351674076884 0.14240628870125027 -0.9839453172988628
		outer loop
			vertex 10.101982116699219 13.698746681213379 0.1705513596534729
			vertex 10.571220397949219 14.033276557922363 0.2702690660953522
			vertex 10.415316581726074 13.462054252624512 0.1705513596534729
		endloop
	endfacet
	facet normal 0.06548044165306569 0.08668329307112695 -0.9940816457732556
		outer loop
			vertex 10.101982116699219 13.698746681213379 0.1705513596534729
			vertex 10.415316581726074 13.462054252624512 0.1705513596534729
			vertex 9.589682579040527 12.394902229309082 0.023111628368496895
		endloop
	endfacet
	facet normal 0.0654805204993971 0.08668326181218215 -0.9940816433053822
		outer loop
			vertex 10.101982116699219 13.698746681213379 0.1705513596534729
			vertex 9.589682579040527 12.394902229309082 0.023111628368496895
			vertex 9.301186561584473 12.612832069396973 0.023111628368496895
		endloop
	endfacet
	facet normal 0.06335104283692353 0.08825352125660851 -0.9940814661572179
		outer loop
			vertex 9.747472763061523 13.953225135803223 0.1705513596534729
			vertex 9.301186561584473 12.612832069396973 0.023111628368496895
			vertex 8.974780082702637 12.847136497497559 0.023111628368496895
		endloop
	endfacet
	facet normal 0.06335123015131977 0.08825345819273758 -0.99408145981873
		outer loop
			vertex 9.747472763061523 13.953225135803223 0.1705513596534729
			vertex 10.101982116699219 13.698746681213379 0.1705513596534729
			vertex 9.301186561584473 12.612832069396973 0.023111628368496895
		endloop
	endfacet
	facet normal 0.10488102340636576 0.14610786550310428 -0.9836932766708127
		outer loop
			vertex 9.747472763061523 13.953225135803223 0.1705513596534729
			vertex 10.571220397949219 14.033276557922363 0.2702690660953522
			vertex 10.101982116699219 13.698746681213379 0.1705513596534729
		endloop
	endfacet
	facet normal 0.06126466749003892 0.08971109155783367 -0.994081767546733
		outer loop
			vertex 9.44922924041748 14.156898498535156 0.1705513596534729
			vertex 8.974780082702637 12.847136497497559 0.023111628368496895
			vertex 8.700178146362305 13.03466510772705 0.023111628368496895
		endloop
	endfacet
	facet normal 0.061264585505549016 0.08971112152034653 -0.9940817698954122
		outer loop
			vertex 9.44922924041748 14.156898498535156 0.1705513596534729
			vertex 9.747472763061523 13.953225135803223 0.1705513596534729
			vertex 8.974780082702637 12.847136497497559 0.023111628368496895
		endloop
	endfacet
	facet normal 0.05960428315933429 0.09081937962259397 -0.9940820739325446
		outer loop
			vertex 9.22818660736084 14.30196762084961 0.1705513596534729
			vertex 9.44922924041748 14.156898498535156 0.1705513596534729
			vertex 8.700178146362305 13.03466510772705 0.023111628368496895
		endloop
	endfacet
	facet normal 0.05960453680156497 0.0908192733058788 -0.994082068437442
		outer loop
			vertex 9.22818660736084 14.30196762084961 0.1705513596534729
			vertex 8.700178146362305 13.03466510772705 0.023111628368496895
			vertex 8.496658325195312 13.168234825134277 0.023111628368496895
		endloop
	endfacet
	facet normal 0.015003270117221936 0.02598642180826036 -0.999549702499777
		outer loop
			vertex 7.27918815612793 13.878365516662598 0.023111628368496895
			vertex 8.08215618133545 12.525833129882812 8.907265964808175e-7
			vertex 6.806612014770508 13.262269020080566 8.907265964808175e-7
		endloop
	endfacet
	facet normal 0.015239026769226244 0.02612626199442662 -0.9995424905912331
		outer loop
			vertex 7.27918815612793 13.878365516662598 0.023111628368496895
			vertex 8.496658325195312 13.168234825134277 0.023111628368496895
			vertex 8.08215618133545 12.525833129882812 8.907265964808175e-7
		endloop
	endfacet
	facet normal 0.12739731892965594 0.17747533120627512 -0.9758444701604649
		outer loop
			vertex 10.37868881225586 14.856791496276855 0.39490529894828796
			vertex 10.756155014038086 14.585834503173828 0.39490529894828796
			vertex 10.571220397949219 14.033276557922363 0.2702690660953522
		endloop
	endfacet
	facet normal 0.1524579023655014 0.21238686139283253 -0.9652193580290508
		outer loop
			vertex 10.37868881225586 14.856791496276855 0.39490529894828796
			vertex 10.967020988464355 15.161706924438477 0.554926872253418
			vertex 10.756155014038086 14.585834503173828 0.39490529894828796
		endloop
	endfacet
	facet normal 0.10188246495535744 0.17210809079410808 -0.9797952686239242
		outer loop
			vertex 10.37868881225586 14.856791496276855 0.39490529894828796
			vertex 10.571220397949219 14.033276557922363 0.2702690660953522
			vertex 9.747472763061523 13.953225135803223 0.1705513596534729
		endloop
	endfacet
	facet normal 0.013726374380757096 0.02696557874762136 -0.9995421172762884
		outer loop
			vertex 6.93826150894165 14.051908493041992 0.023111628368496895
			vertex 7.27918815612793 13.878365516662598 0.023111628368496895
			vertex 6.806612014770508 13.262269020080566 8.907265964808175e-7
		endloop
	endfacet
	facet normal 0.11249143678381404 0.16472376124044888 -0.9799039540348395
		outer loop
			vertex 10.061132431030273 15.073654174804688 0.39490529894828796
			vertex 9.747472763061523 13.953225135803223 0.1705513596534729
			vertex 9.44922924041748 14.156898498535156 0.1705513596534729
		endloop
	endfacet
	facet normal 0.1491315077286945 0.21837626576654992 -0.9644021982308126
		outer loop
			vertex 10.061132431030273 15.073654174804688 0.39490529894828796
			vertex 10.967020988464355 15.161706924438477 0.554926872253418
			vertex 10.37868881225586 14.856791496276855 0.39490529894828796
		endloop
	endfacet
	facet normal 0.1124916007667198 0.16472371318224907 -0.9799039432885212
		outer loop
			vertex 10.061132431030273 15.073654174804688 0.39490529894828796
			vertex 10.37868881225586 14.856791496276855 0.39490529894828796
			vertex 9.747472763061523 13.953225135803223 0.1705513596534729
		endloop
	endfacet
	facet normal 0.013017349982850297 0.027083971939702887 -0.9995484015611218
		outer loop
			vertex 6.638556957244873 14.195955276489258 0.023111628368496895
			vertex 6.93826150894165 14.051908493041992 0.023111628368496895
			vertex 6.806612014770508 13.262269020080566 8.907265964808175e-7
		endloop
	endfacet
	facet normal 0.10944292824768186 0.16675878581590942 -0.9799049713159826
		outer loop
			vertex 9.825775146484375 15.228117942810059 0.39490529894828796
			vertex 10.061132431030273 15.073654174804688 0.39490529894828796
			vertex 9.44922924041748 14.156898498535156 0.1705513596534729
		endloop
	endfacet
	facet normal 0.1094429197202 0.1667587889028633 -0.9799049717430606
		outer loop
			vertex 9.825775146484375 15.228117942810059 0.39490529894828796
			vertex 9.44922924041748 14.156898498535156 0.1705513596534729
			vertex 9.22818660736084 14.30196762084961 0.1705513596534729
		endloop
	endfacet
	facet normal 0.012164038818800803 0.026894532361681017 -0.999564265211928
		outer loop
			vertex 6.404239654541016 14.303192138671875 0.023111628368496895
			vertex 6.806612014770508 13.262269020080566 8.907265964808175e-7
			vertex 5.464620113372803 13.869234085083008 8.907265964808175e-7
		endloop
	endfacet
	facet normal 0.012339452264105768 0.026962250783172857 -0.9995602908031748
		outer loop
			vertex 6.404239654541016 14.303192138671875 0.023111628368496895
			vertex 6.638556957244873 14.195955276489258 0.023111628368496895
			vertex 6.806612014770508 13.262269020080566 8.907265964808175e-7
		endloop
	endfacet
	facet normal 0.054786022763796356 0.09392686563023772 -0.9940705385547869
		outer loop
			vertex 7.905897617340088 15.073237419128418 0.1705513596534729
			vertex 9.22818660736084 14.30196762084961 0.1705513596534729
			vertex 8.496658325195312 13.168234825134277 0.023111628368496895
		endloop
	endfacet
	facet normal 0.05478602440706412 0.09392686612917374 -0.9940705384170789
		outer loop
			vertex 7.905897617340088 15.073237419128418 0.1705513596534729
			vertex 8.496658325195312 13.168234825134277 0.023111628368496895
			vertex 7.27918815612793 13.878365516662598 0.023111628368496895
		endloop
	endfacet
	facet normal 0.0492820703448366 0.09681504466266849 -0.9940815482994804
		outer loop
			vertex 7.905897617340088 15.073237419128418 0.1705513596534729
			vertex 7.27918815612793 13.878365516662598 0.023111628368496895
			vertex 6.93826150894165 14.051908493041992 0.023111628368496895
		endloop
	endfacet
	facet normal 0.10059301968902666 0.1724598094007791 -0.9798666534438706
		outer loop
			vertex 7.905897617340088 15.073237419128418 0.1705513596534729
			vertex 9.825775146484375 15.228117942810059 0.39490529894828796
			vertex 9.22818660736084 14.30196762084961 0.1705513596534729
		endloop
	endfacet
	facet normal 0.011940853041915335 0.027377226630511967 -0.9995538522214065
		outer loop
			vertex 6.125707149505615 14.424676895141602 0.023111628368496895
			vertex 6.404239654541016 14.303192138671875 0.023111628368496895
			vertex 5.464620113372803 13.869234085083008 8.907265964808175e-7
		endloop
	endfacet
	facet normal 0.04928206641607385 0.09681504836101053 -0.9940815481340637
		outer loop
			vertex 7.535618782043457 15.26172161102295 0.1705513596534729
			vertex 7.905897617340088 15.073237419128418 0.1705513596534729
			vertex 6.93826150894165 14.051908493041992 0.023111628368496895
		endloop
	endfacet
	facet normal 0.011445480940197492 0.02796638010259101 -0.9995433370044569
		outer loop
			vertex 5.744879245758057 14.580533981323242 0.023111628368496895
			vertex 6.125707149505615 14.424676895141602 0.023111628368496895
			vertex 5.464620113372803 13.869234085083008 8.907265964808175e-7
		endloop
	endfacet
	facet normal 0.026782249335852715 0.07173233328138633 -0.997064282522707
		outer loop
			vertex 5.744879245758057 14.580533981323242 0.023111628368496895
			vertex 5.21648645401001 14.777816772460938 0.023111635819077492
			vertex 5.725311756134033 15.120645523071289 0.06144355982542038
		endloop
	endfacet
	facet normal 0.010570359900283027 0.028311184125388383 -0.9995432678703795
		outer loop
			vertex 5.744879245758057 14.580533981323242 0.023111628368496895
			vertex 5.464620113372803 13.869234085083008 8.907265964808175e-7
			vertex 5.21648645401001 14.777816772460938 0.023111635819077492
		endloop
	endfacet
	facet normal 0.029393466273667155 0.07182125894378372 -0.9969843182839682
		outer loop
			vertex 5.744879245758057 14.580533981323242 0.023111628368496895
			vertex 5.725311756134033 15.120645523071289 0.06144355982542038
			vertex 6.125707149505615 14.424676895141602 0.023111628368496895
		endloop
	endfacet
	facet normal 0.17789766625390707 0.260499724404256 -0.9489427347984284
		outer loop
			vertex 10.887445449829102 16.311641693115234 0.8556841015815735
			vertex 11.23108196258545 16.076969146728516 0.8556841015815735
			vertex 10.967020988464355 15.161706924438477 0.554926872253418
		endloop
	endfacet
	facet normal 0.21569729374340937 0.3158506053401807 -0.9239659477372589
		outer loop
			vertex 10.887445449829102 16.311641693115234 0.8556841015815735
			vertex 11.36510944366455 17.02728271484375 1.2118297815322876
			vertex 11.23108196258545 16.076969146728516 0.8556841015815735
		endloop
	endfacet
	facet normal 0.14345045115130506 0.25969417188115185 -0.9549769134149002
		outer loop
			vertex 10.887445449829102 16.311641693115234 0.8556841015815735
			vertex 10.967020988464355 15.161706924438477 0.554926872253418
			vertex 10.061132431030273 15.073654174804688 0.39490529894828796
		endloop
	endfacet
	facet normal 0.047059962282118735 0.0979122604457956 -0.9940817618306858
		outer loop
			vertex 7.210110664367676 15.418171882629395 0.1705513596534729
			vertex 7.535618782043457 15.26172161102295 0.1705513596534729
			vertex 6.93826150894165 14.051908493041992 0.023111628368496895
		endloop
	endfacet
	facet normal 0.047059540370723775 0.09791234564447954 -0.9940817734122743
		outer loop
			vertex 7.210110664367676 15.418171882629395 0.1705513596534729
			vertex 6.93826150894165 14.051908493041992 0.023111628368496895
			vertex 6.638556957244873 14.195955276489258 0.023111628368496895
		endloop
	endfacet
	facet normal 0.045206771070100696 0.09877880092256022 -0.9940820370259774
		outer loop
			vertex 7.210110664367676 15.418171882629395 0.1705513596534729
			vertex 6.638556957244873 14.195955276489258 0.023111628368496895
			vertex 6.404239654541016 14.303192138671875 0.023111628368496895
		endloop
	endfacet
	facet normal 0.16226581145309876 0.2472445104173738 -0.9552695737340015
		outer loop
			vertex 10.632758140563965 16.478792190551758 0.8556841015815735
			vertex 10.887445449829102 16.311641693115234 0.8556841015815735
			vertex 10.061132431030273 15.073654174804688 0.39490529894828796
		endloop
	endfacet
	facet normal 0.16226540621872398 0.24724468318064108 -0.9552695978537038
		outer loop
			vertex 10.632758140563965 16.478792190551758 0.8556841015815735
			vertex 10.061132431030273 15.073654174804688 0.39490529894828796
			vertex 9.825775146484375 15.228117942810059 0.39490529894828796
		endloop
	endfacet
	facet normal 0.04520641797880619 0.09877905491138134 -0.994082027844956
		outer loop
			vertex 6.9556193351745605 15.534640312194824 0.1705513596534729
			vertex 7.210110664367676 15.418171882629395 0.1705513596534729
			vertex 6.404239654541016 14.303192138671875 0.023111628368496895
		endloop
	endfacet
	facet normal 0.07522767261544355 0.1643775095744171 -0.9835246980218525
		outer loop
			vertex 6.9556193351745605 15.534640312194824 0.1705513596534729
			vertex 6.867563247680664 16.17158317565918 0.2702690660953522
			vertex 7.210110664367676 15.418171882629395 0.1705513596534729
		endloop
	endfacet
	facet normal 0.10059302656950206 0.17245974062313793 -0.9798666648426141
		outer loop
			vertex 8.417858123779297 16.049333572387695 0.39490529894828796
			vertex 9.825775146484375 15.228117942810059 0.39490529894828796
			vertex 7.905897617340088 15.073237419128418 0.1705513596534729
		endloop
	endfacet
	facet normal 0.14913716153688697 0.25568528031266563 -0.9551874917942311
		outer loop
			vertex 8.417858123779297 16.049333572387695 0.39490529894828796
			vertex 10.632758140563965 16.478792190551758 0.8556841015815735
			vertex 9.825775146484375 15.228117942810059 0.39490529894828796
		endloop
	endfacet
	facet normal 0.04343030995181904 0.09957424599487504 -0.9940818767647066
		outer loop
			vertex 6.653106212615967 15.666584968566895 0.1705513596534729
			vertex 6.404239654541016 14.303192138671875 0.023111628368496895
			vertex 6.125707149505615 14.424676895141602 0.023111628368496895
		endloop
	endfacet
	facet normal 0.048393301001704275 0.11602598735683113 -0.9920665595997232
		outer loop
			vertex 6.653106212615967 15.666584968566895 0.1705513596534729
			vertex 5.725311756134033 15.120645523071289 0.06144355982542038
			vertex 6.450822353363037 15.750955581665039 0.1705513596534729
		endloop
	endfacet
	facet normal 0.06883863179157164 0.1650449557394145 -0.983880788184239
		outer loop
			vertex 6.653106212615967 15.666584968566895 0.1705513596534729
			vertex 6.450822353363037 15.750955581665039 0.1705513596534729
			vertex 6.867563247680664 16.17158317565918 0.2702690660953522
		endloop
	endfacet
	facet normal 0.043430465917928686 0.09957421710174136 -0.9940818728448514
		outer loop
			vertex 6.653106212615967 15.666584968566895 0.1705513596534729
			vertex 6.9556193351745605 15.534640312194824 0.1705513596534729
			vertex 6.404239654541016 14.303192138671875 0.023111628368496895
		endloop
	endfacet
	facet normal 0.07149432783110614 0.16391700090094624 -0.9838799611251453
		outer loop
			vertex 6.653106212615967 15.666584968566895 0.1705513596534729
			vertex 6.867563247680664 16.17158317565918 0.2702690660953522
			vertex 6.9556193351745605 15.534640312194824 0.1705513596534729
		endloop
	endfacet
	facet normal 0.06325203620584567 0.09112650817584474 -0.993828526167111
		outer loop
			vertex 6.653106212615967 15.666584968566895 0.1705513596534729
			vertex 6.125707149505615 14.424676895141602 0.023111628368496895
			vertex 5.725311756134033 15.120645523071289 0.06144355982542038
		endloop
	endfacet
	facet normal 0.09048953271950294 0.17776747452997455 -0.9799032449519905
		outer loop
			vertex 8.023601531982422 16.250022888183594 0.39490529894828796
			vertex 7.905897617340088 15.073237419128418 0.1705513596534729
			vertex 7.535618782043457 15.26172161102295 0.1705513596534729
		endloop
	endfacet
	facet normal 0.09048938423480522 0.17776749141192352 -0.9799032556012444
		outer loop
			vertex 8.023601531982422 16.250022888183594 0.39490529894828796
			vertex 8.417858123779297 16.049333572387695 0.39490529894828796
			vertex 7.905897617340088 15.073237419128418 0.1705513596534729
		endloop
	endfacet
	facet normal 0.08640952544974177 0.17978237870469896 -0.9799039188710446
		outer loop
			vertex 7.6770148277282715 16.416603088378906 0.39490529894828796
			vertex 7.535618782043457 15.26172161102295 0.1705513596534729
			vertex 7.210110664367676 15.418171882629395 0.1705513596534729
		endloop
	endfacet
	facet normal 0.08640896180276669 0.17978245466225826 -0.9799039546383009
		outer loop
			vertex 7.6770148277282715 16.416603088378906 0.39490529894828796
			vertex 8.023601531982422 16.250022888183594 0.39490529894828796
			vertex 7.535618782043457 15.26172161102295 0.1705513596534729
		endloop
	endfacet
	facet normal 0.11455345047470768 0.23833986760983128 -0.9644022057689763
		outer loop
			vertex 7.6770148277282715 16.416603088378906 0.39490529894828796
			vertex 7.646913051605225 17.078571319580078 0.554926872253418
			vertex 8.023601531982422 16.250022888183594 0.39490529894828796
		endloop
	endfacet
	facet normal 0.09810864976687783 0.17428700745172226 -0.9797952499754443
		outer loop
			vertex 7.6770148277282715 16.416603088378906 0.39490529894828796
			vertex 7.210110664367676 15.418171882629395 0.1705513596534729
			vertex 6.867563247680664 16.17158317565918 0.2702690660953522
		endloop
	endfacet
	facet normal 0.2098518091258412 0.3197540068498832 -0.9239694763952199
		outer loop
			vertex 11.099248886108398 17.201765060424805 1.2118299007415771
			vertex 11.36510944366455 17.02728271484375 1.2118297815322876
			vertex 10.887445449829102 16.311641693115234 0.8556841015815735
		endloop
	endfacet
	facet normal 0.2438613685857236 0.37157470568611284 -0.8958034778933249
		outer loop
			vertex 11.099248886108398 17.201765060424805 1.2118299007415771
			vertex 11.365674018859863 17.962724685668945 1.600000023841858
			vertex 11.36510944366455 17.02728271484375 1.2118297815322876
		endloop
	endfacet
	facet normal 0.20985329012621404 0.319753579094064 -0.9239692880608853
		outer loop
			vertex 11.099248886108398 17.201765060424805 1.2118299007415771
			vertex 10.887445449829102 16.311641693115234 0.8556841015815735
			vertex 10.632758140563965 16.478792190551758 0.8556841015815735
		endloop
	endfacet
	facet normal 0.08857712099876143 0.20029044062964846 -0.9757242607560562
		outer loop
			vertex 7.406043529510498 16.54061508178711 0.39490529894828796
			vertex 6.867563247680664 16.17158317565918 0.2702690660953522
			vertex 7.253625869750977 16.608020782470703 0.39490529894828796
		endloop
	endfacet
	facet normal 0.10597118212625092 0.23962186310399847 -0.9650655269365566
		outer loop
			vertex 7.406043529510498 16.54061508178711 0.39490529894828796
			vertex 7.253625869750977 16.608020782470703 0.39490529894828796
			vertex 7.646913051605225 17.078571319580078 0.554926872253418
		endloop
	endfacet
	facet normal 0.10903637881039376 0.23824896533969375 -0.9650639867959441
		outer loop
			vertex 7.406043529510498 16.54061508178711 0.39490529894828796
			vertex 7.646913051605225 17.078571319580078 0.554926872253418
			vertex 7.6770148277282715 16.416603088378906 0.39490529894828796
		endloop
	endfacet
	facet normal 0.09046184791630847 0.19766285256277025 -0.9760871122949607
		outer loop
			vertex 7.406043529510498 16.54061508178711 0.39490529894828796
			vertex 7.6770148277282715 16.416603088378906 0.39490529894828796
			vertex 6.867563247680664 16.17158317565918 0.2702690660953522
		endloop
	endfacet
	facet normal 0.14913714049726565 0.2556853673501003 -0.9551874717809814
		outer loop
			vertex 9.109210968017578 17.36745262145996 0.8556841015815735
			vertex 10.632758140563965 16.478792190551758 0.8556841015815735
			vertex 8.417858123779297 16.049333572387695 0.39490529894828796
		endloop
	endfacet
	facet normal 0.13665000436630437 0.28431410694823184 -0.9489427089645183
		outer loop
			vertex 8.682574272155762 17.584625244140625 0.8556841015815735
			vertex 7.646913051605225 17.078571319580078 0.554926872253418
			vertex 8.30752182006836 17.7648868560791 0.8556841015815735
		endloop
	endfacet
	facet normal 0.1656853395500937 0.3447250482504571 -0.9239659135308457
		outer loop
			vertex 8.682574272155762 17.584625244140625 0.8556841015815735
			vertex 8.30752182006836 17.7648868560791 0.8556841015815735
			vertex 9.063504219055176 18.356115341186523 1.2118297815322876
		endloop
	endfacet
	facet normal 0.1531761843841882 0.25407883524790437 -0.9549769641287529
		outer loop
			vertex 8.682574272155762 17.584625244140625 0.8556841015815735
			vertex 8.023601531982422 16.250022888183594 0.39490529894828796
			vertex 7.646913051605225 17.078571319580078 0.554926872253418
		endloop
	endfacet
	facet normal 0.1341636916158485 0.26356619728150193 -0.9552659124571419
		outer loop
			vertex 8.682574272155762 17.584625244140625 0.8556841015815735
			vertex 8.417858123779297 16.049333572387695 0.39490529894828796
			vertex 8.023601531982422 16.250022888183594 0.39490529894828796
		endloop
	endfacet
	facet normal 0.13416413494196636 0.26356610943067865 -0.9552658744322701
		outer loop
			vertex 8.682574272155762 17.584625244140625 0.8556841015815735
			vertex 9.109210968017578 17.36745262145996 0.8556841015815735
			vertex 8.417858123779297 16.049333572387695 0.39490529894828796
		endloop
	endfacet
	facet normal 0.1928633171064262 0.3306508889622943 -0.9238364197968981
		outer loop
			vertex 9.508858680725098 18.129413604736328 1.2118299007415771
			vertex 10.632758140563965 16.478792190551758 0.8556841015815735
			vertex 9.109210968017578 17.36745262145996 0.8556841015815735
		endloop
	endfacet
	facet normal 0.20115478672839307 0.3951671315337163 -0.896314503916828
		outer loop
			vertex 9.508858680725098 18.129413604736328 1.2118299007415771
			vertex 9.063504219055176 18.356115341186523 1.2118297815322876
			vertex 9.87333869934082 18.824323654174805 1.600000023841858
		endloop
	endfacet
	facet normal 0.22184239616448828 0.3842428499387767 -0.8961826730834094
		outer loop
			vertex 9.508858680725098 18.129413604736328 1.2118299007415771
			vertex 9.87333869934082 18.824323654174805 1.600000023841858
			vertex 11.365674018859863 17.962724685668945 1.600000023841858
		endloop
	endfacet
	facet normal 0.17351054831241855 0.34086014471124476 -0.9239634469889776
		outer loop
			vertex 9.508858680725098 18.129413604736328 1.2118299007415771
			vertex 8.682574272155762 17.584625244140625 0.8556841015815735
			vertex 9.063504219055176 18.356115341186523 1.2118297815322876
		endloop
	endfacet
	facet normal 0.2218398699663946 0.38032933757246057 -0.8978511385942474
		outer loop
			vertex 9.508858680725098 18.129413604736328 1.2118299007415771
			vertex 11.365674018859863 17.962724685668945 1.600000023841858
			vertex 11.099248886108398 17.201765060424805 1.2118299007415771
		endloop
	endfacet
	facet normal 0.17350988197225348 0.3408610248855591 -0.923963247414063
		outer loop
			vertex 9.508858680725098 18.129413604736328 1.2118299007415771
			vertex 9.109210968017578 17.36745262145996 0.8556841015815735
			vertex 8.682574272155762 17.584625244140625 0.8556841015815735
		endloop
	endfacet
	facet normal 0.19286320713384103 0.33065082404901186 -0.9238364659883038
		outer loop
			vertex 9.508858680725098 18.129413604736328 1.2118299007415771
			vertex 11.099248886108398 17.201765060424805 1.2118299007415771
			vertex 10.632758140563965 16.478792190551758 0.8556841015815735
		endloop
	endfacet
	facet normal 0.8659743568484906 0.5000884054653171 0
		outer loop
			vertex -0.20846766233444214 16.16693115234375 0.06144355982542038
			vertex -0.5097400546073914 16.688627243041992 7.0774688720703125
			vertex -0.20846766233444214 16.16693115234375 7.138556480407715
		endloop
	endfacet
	facet normal 0.8934094778648273 0.4492428587550114 -0.0005989314832651647
		outer loop
			vertex -0.6746463179588318 17.007368087768555 0.1705513596534729
			vertex -0.7778366208076477 17.221677780151367 6.9925408363342285
			vertex -0.5097400546073914 16.688627243041992 7.0774688720703125
		endloop
	endfacet
	facet normal 0.8745613273978023 0.4849126138886225 0.0014971679592216888
		outer loop
			vertex -0.6746463179588318 17.007368087768555 0.1705513596534729
			vertex -0.5097400546073914 16.688627243041992 7.0774688720703125
			vertex -0.20846766233444214 16.16693115234375 0.06144355982542038
		endloop
	endfacet
	facet normal 0.9241798698618146 0.38195462851760903 -0.0014932836886500682
		outer loop
			vertex -0.922391414642334 17.545162200927734 0.2702690660953522
			vertex -1.1359012126922607 18.08732032775879 6.8050947189331055
			vertex -0.7778366208076477 17.221677780151367 6.9925408363342285
		endloop
	endfacet
	facet normal 0.9083015710112411 0.4183155491006207 0.0005978956077177203
		outer loop
			vertex -0.922391414642334 17.545162200927734 0.2702690660953522
			vertex -0.7778366208076477 17.221677780151367 6.9925408363342285
			vertex -0.6746463179588318 17.007368087768555 0.1705513596534729
		endloop
	endfacet
	facet normal 0.9304479772484223 0.366424018910223 0
		outer loop
			vertex -1.1359012126922607 18.08732032775879 0.39490529894828796
			vertex -1.1359012126922607 18.08732032775879 6.8050947189331055
			vertex -0.922391414642334 17.545162200927734 0.2702690660953522
		endloop
	endfacet
	facet normal 0.24179503989282738 0.37212859333069187 0.8961336221283891
		outer loop
			vertex 10.951478004455566 17.30811309814453 5.983592510223389
			vertex 11.3659029006958 17.038835525512695 5.983592510223389
			vertex 11.365674018859863 17.962724685668945 5.599999904632568
		endloop
	endfacet
	facet normal 0.21624308616156118 0.31690622901752835 0.9234767835182504
		outer loop
			vertex 10.895037651062012 16.332950592041016 6.336087226867676
			vertex 11.2360258102417 16.10027503967285 6.336087226867676
			vertex 11.3659029006958 17.038835525512695 5.983592510223389
		endloop
	endfacet
	facet normal 0.18803929010728068 0.2755733068409382 0.9427091693267337
		outer loop
			vertex 10.895037651062012 16.332950592041016 6.336087226867676
			vertex 11.119461059570312 15.629878044128418 6.49684476852417
			vertex 11.2360258102417 16.10027503967285 6.336087226867676
		endloop
	endfacet
	facet normal 0.20903643565805674 0.3217122848788506 0.9234744037196724
		outer loop
			vertex 10.895037651062012 16.332950592041016 6.336087226867676
			vertex 11.3659029006958 17.038835525512695 5.983592510223389
			vertex 10.951478004455566 17.30811309814453 5.983592510223389
		endloop
	endfacet
	facet normal 0.17556767723005068 0.24474164261141237 0.9535604433301083
		outer loop
			vertex 10.847427368164062 15.247498512268066 6.645072937011719
			vertex 10.967020988464355 15.161706924438477 6.645072937011719
			vertex 11.119461059570312 15.629878044128418 6.49684476852417
		endloop
	endfacet
	facet normal 0.15237961412564388 0.2124174429484334 0.9652249909374337
		outer loop
			vertex 10.847427368164062 15.247498512268066 6.645072937011719
			vertex 10.756155014038086 14.585834503173828 6.8050947189331055
			vertex 10.967020988464355 15.161706924438477 6.645072937011719
		endloop
	endfacet
	facet normal 0.20903716217246035 0.32171219473582197 0.9234742706698142
		outer loop
			vertex 10.497780799865723 16.591073989868164 6.336087226867676
			vertex 10.895037651062012 16.332950592041016 6.336087226867676
			vertex 10.951478004455566 17.30811309814453 5.983592510223389
		endloop
	endfacet
	facet normal 0.14697808295747422 0.21331709201910293 0.9658639973529708
		outer loop
			vertex 10.383981704711914 15.566818237304688 6.645072937011719
			vertex 10.756155014038086 14.585834503173828 6.8050947189331055
			vertex 10.847427368164062 15.247498512268066 6.645072937011719
		endloop
	endfacet
	facet normal 0.17091043272772957 0.2480513813461179 0.953551328559246
		outer loop
			vertex 10.383981704711914 15.566818237304688 6.645072937011719
			vertex 10.847427368164062 15.247498512268066 6.645072937011719
			vertex 11.119461059570312 15.629878044128418 6.49684476852417
		endloop
	endfacet
	facet normal 0.16788194017760508 0.27035138039415973 0.9480114900575707
		outer loop
			vertex 10.383981704711914 15.566818237304688 6.645072937011719
			vertex 11.119461059570312 15.629878044128418 6.49684476852417
			vertex 10.895037651062012 16.332950592041016 6.336087226867676
		endloop
	endfacet
	facet normal 0.2220258451060291 0.3845605932797007 0.8960009342636414
		outer loop
			vertex 9.513526916503906 18.138315200805664 5.983592510223389
			vertex 11.365674018859863 17.962724685668945 5.599999904632568
			vertex 9.87333869934082 18.824323654174805 5.599999904632568
		endloop
	endfacet
	facet normal 0.20137567909255585 0.395465600193806 0.8961332461935361
		outer loop
			vertex 9.513526916503906 18.138315200805664 5.983592510223389
			vertex 9.87333869934082 18.824323654174805 5.599999904632568
			vertex 9.073112487792969 18.362579345703125 5.983592510223389
		endloop
	endfacet
	facet normal 0.2220258402639433 0.38455973254892306 0.8960013048857635
		outer loop
			vertex 9.513526916503906 18.138315200805664 5.983592510223389
			vertex 10.951478004455566 17.30811309814453 5.983592510223389
			vertex 11.365674018859863 17.962724685668945 5.599999904632568
		endloop
	endfacet
	facet normal 0.17331928347803224 0.26674169558308236 0.9480555330844939
		outer loop
			vertex 10.005358695983887 15.812832832336426 6.645072937011719
			vertex 10.895037651062012 16.332950592041016 6.336087226867676
			vertex 10.497780799865723 16.591073989868164 6.336087226867676
		endloop
	endfacet
	facet normal 0.17331886571400967 0.2667423467193129 0.9480554262564416
		outer loop
			vertex 10.005358695983887 15.812832832336426 6.645072937011719
			vertex 10.383981704711914 15.566818237304688 6.645072937011719
			vertex 10.895037651062012 16.332950592041016 6.336087226867676
		endloop
	endfacet
	facet normal 0.12461796837767206 0.16591399573332785 0.9782345873956936
		outer loop
			vertex 10.231658935546875 13.874594688415527 6.9925408363342285
			vertex 10.474023818969727 13.692554473876953 6.9925408363342285
			vertex 10.756155014038086 14.585834503173828 6.8050947189331055
		endloop
	endfacet
	facet normal 0.09218536795872846 0.12273384765691725 0.9881489060731903
		outer loop
			vertex 10.231658935546875 13.874594688415527 6.9925408363342285
			vertex 10.336759567260742 13.111885070800781 7.0774688720703125
			vertex 10.474023818969727 13.692554473876953 6.9925408363342285
		endloop
	endfacet
	facet normal 0.191952607578376 0.33247211866167947 0.9233723445915392
		outer loop
			vertex 9.119400978088379 17.38688087463379 6.336087226867676
			vertex 10.497780799865723 16.591073989868164 6.336087226867676
			vertex 10.951478004455566 17.30811309814453 5.983592510223389
		endloop
	endfacet
	facet normal 0.19195262481702072 0.3324714365406461 0.9233725866141227
		outer loop
			vertex 9.119400978088379 17.38688087463379 6.336087226867676
			vertex 10.951478004455566 17.30811309814453 5.983592510223389
			vertex 9.513526916503906 18.138315200805664 5.983592510223389
		endloop
	endfacet
	facet normal 0.17409270449654143 0.3418867471152961 0.9234745163717306
		outer loop
			vertex 9.119400978088379 17.38688087463379 6.336087226867676
			vertex 9.513526916503906 18.138315200805664 5.983592510223389
			vertex 9.073112487792969 18.362579345703125 5.983592510223389
		endloop
	endfacet
	facet normal 0.1217254534577124 0.16804707460537674 0.9782346828328515
		outer loop
			vertex 9.993460655212402 14.047134399414062 6.9925408363342285
			vertex 10.231658935546875 13.874594688415527 6.9925408363342285
			vertex 10.756155014038086 14.585834503173828 6.8050947189331055
		endloop
	endfacet
	facet normal 0.07193084958935388 0.08960513982063092 0.9933765005248911
		outer loop
			vertex 10.009790420532227 12.697134017944336 7.138556480407715
			vertex 10.232207298278809 12.518588066101074 7.138556480407715
			vertex 10.336759567260742 13.111885070800781 7.0774688720703125
		endloop
	endfacet
	facet normal 0.009067228332606033 0.010311308472909638 0.999905726700243
		outer loop
			vertex 9.912496566772461 11.582585334777832 7.195124626159668
			vertex 9.278799057006836 11.66711711883545 7.1999993324279785
			vertex 10.38486099243164 10.694503784179688 7.1999993324279785
		endloop
	endfacet
	facet normal 0.028250853609503523 0.03206737361881279 0.9990863690490058
		outer loop
			vertex 9.912496566772461 11.582585334777832 7.195124626159668
			vertex 10.240861892700195 11.29330062866211 7.195124626159668
			vertex 10.18972110748291 11.90651798248291 7.176888465881348
		endloop
	endfacet
	facet normal 0.009098975161880771 0.010328191852092357 0.9999052640645864
		outer loop
			vertex 9.912496566772461 11.582585334777832 7.195124626159668
			vertex 10.38486099243164 10.694503784179688 7.1999993324279785
			vertex 10.240861892700195 11.29330062866211 7.195124626159668
		endloop
	endfacet
	facet normal 0.1663268338416816 0.34572511682274887 0.9234768691971111
		outer loop
			vertex 8.697232246398926 17.60185432434082 6.336087226867676
			vertex 9.073112487792969 18.362579345703125 5.983592510223389
			vertex 8.325234413146973 17.780820846557617 6.336087226867676
		endloop
	endfacet
	facet normal 0.14463384310146268 0.30063430625014037 0.9427088974520175
		outer loop
			vertex 8.697232246398926 17.60185432434082 6.336087226867676
			vertex 8.325234413146973 17.780820846557617 6.336087226867676
			vertex 7.976140975952148 17.44467544555664 6.49684476852417
		endloop
	endfacet
	facet normal 0.17409288563972977 0.34188674381345163 0.9234744834451397
		outer loop
			vertex 8.697232246398926 17.60185432434082 6.336087226867676
			vertex 9.119400978088379 17.38688087463379 6.336087226867676
			vertex 9.073112487792969 18.362579345703125 5.983592510223389
		endloop
	endfacet
	facet normal 0.11197056373668807 0.20122017136113177 0.9731253955651786
		outer loop
			vertex 9.566499710083008 14.341315269470215 6.9925408363342285
			vertex 10.756155014038086 14.585834503173828 6.8050947189331055
			vertex 10.383981704711914 15.566818237304688 6.645072937011719
		endloop
	endfacet
	facet normal 0.11867600363138042 0.1722410388716367 0.9778798651626406
		outer loop
			vertex 9.566499710083008 14.341315269470215 6.9925408363342285
			vertex 9.993460655212402 14.047134399414062 6.9925408363342285
			vertex 10.756155014038086 14.585834503173828 6.8050947189331055
		endloop
	endfacet
	facet normal 0.12508915812314494 0.1925155432413715 0.9732884814537376
		outer loop
			vertex 9.566499710083008 14.341315269470215 6.9925408363342285
			vertex 10.383981704711914 15.566818237304688 6.645072937011719
			vertex 10.005358695983887 15.812832832336426 6.645072937011719
		endloop
	endfacet
	facet normal 0.06571053285913539 0.11936674059234974 0.9906733604532462
		outer loop
			vertex 9.596034049987793 13.01265811920166 7.138556480407715
			vertex 10.336759567260742 13.111885070800781 7.0774688720703125
			vertex 10.231658935546875 13.874594688415527 6.9925408363342285
		endloop
	endfacet
	facet normal 0.06968281722413958 0.09137720202380853 0.9933753127262663
		outer loop
			vertex 9.596034049987793 13.01265811920166 7.138556480407715
			vertex 10.009790420532227 12.697134017944336 7.138556480407715
			vertex 10.336759567260742 13.111885070800781 7.0774688720703125
		endloop
	endfacet
	facet normal 0.022034726302105682 0.06096554679388363 0.9978966243759493
		outer loop
			vertex 9.64798641204834 11.803823471069336 7.195124626159668
			vertex 10.18972110748291 11.90651798248291 7.176888465881348
			vertex 10.232207298278809 12.518588066101074 7.138556480407715
		endloop
	endfacet
	facet normal 0.038289553671323376 0.04769776570102238 0.9981276637919526
		outer loop
			vertex 9.64798641204834 11.803823471069336 7.195124626159668
			vertex 10.232207298278809 12.518588066101074 7.138556480407715
			vertex 10.009790420532227 12.697134017944336 7.138556480407715
		endloop
	endfacet
	facet normal 0.009151175917870284 0.010941056539882253 0.9998982694560039
		outer loop
			vertex 9.64798641204834 11.803823471069336 7.195124626159668
			vertex 9.278799057006836 11.66711711883545 7.1999993324279785
			vertex 9.912496566772461 11.582585334777832 7.195124626159668
		endloop
	endfacet
	facet normal 0.02741773112520485 0.032780371520381456 0.9990864403358358
		outer loop
			vertex 9.64798641204834 11.803823471069336 7.195124626159668
			vertex 9.912496566772461 11.582585334777832 7.195124626159668
			vertex 10.18972110748291 11.90651798248291 7.176888465881348
		endloop
	endfacet
	facet normal 0.15915963359879368 0.2756729447731071 0.9479834590080257
		outer loop
			vertex 8.691635131835938 16.571311950683594 6.645072937011719
			vertex 10.497780799865723 16.591073989868164 6.336087226867676
			vertex 9.119400978088379 17.38688087463379 6.336087226867676
		endloop
	endfacet
	facet normal 0.15915966260197303 0.275672453155585 0.9479835971005025
		outer loop
			vertex 8.691635131835938 16.571311950683594 6.645072937011719
			vertex 10.005358695983887 15.812832832336426 6.645072937011719
			vertex 10.497780799865723 16.591073989868164 6.336087226867676
		endloop
	endfacet
	facet normal 0.14434627025950622 0.2834698048647708 0.9480553907826791
		outer loop
			vertex 8.691635131835938 16.571311950683594 6.645072937011719
			vertex 9.119400978088379 17.38688087463379 6.336087226867676
			vertex 8.697232246398926 17.60185432434082 6.336087226867676
		endloop
	endfacet
	facet normal 0.12508928525612267 0.19251550333160578 0.973288473008435
		outer loop
			vertex 9.217683792114258 14.567962646484375 6.9925408363342285
			vertex 9.566499710083008 14.341315269470215 6.9925408363342285
			vertex 10.005358695983887 15.812832832336426 6.645072937011719
		endloop
	endfacet
	facet normal 0.07925053598524481 0.10940867628687997 0.9908325257576096
		outer loop
			vertex 9.37263298034668 13.174478530883789 7.138556480407715
			vertex 10.231658935546875 13.874594688415527 6.9925408363342285
			vertex 9.993460655212402 14.047134399414062 6.9925408363342285
		endloop
	endfacet
	facet normal 0.07665561658040707 0.11125453024324757 0.9908311389671965
		outer loop
			vertex 9.37263298034668 13.174478530883789 7.138556480407715
			vertex 9.993460655212402 14.047134399414062 6.9925408363342285
			vertex 9.566499710083008 14.341315269470215 6.9925408363342285
		endloop
	endfacet
	facet normal 0.07925030397913949 0.10940895832783494 0.9908325131710364
		outer loop
			vertex 9.37263298034668 13.174478530883789 7.138556480407715
			vertex 9.596034049987793 13.01265811920166 7.138556480407715
			vertex 10.231658935546875 13.874594688415527 6.9925408363342285
		endloop
	endfacet
	facet normal 0.03828946650581085 0.047697801108941514 0.9981276654436908
		outer loop
			vertex 9.438268661499023 11.972174644470215 7.195124626159668
			vertex 9.64798641204834 11.803823471069336 7.195124626159668
			vertex 10.009790420532227 12.697134017944336 7.138556480407715
		endloop
	endfacet
	facet normal 0.009034916143782244 0.011254939611046538 0.9998958428879613
		outer loop
			vertex 9.438268661499023 11.972174644470215 7.195124626159668
			vertex 9.278799057006836 11.66711711883545 7.1999993324279785
			vertex 9.64798641204834 11.803823471069336 7.195124626159668
		endloop
	endfacet
	facet normal 0.14434613271992414 0.2834698113124804 0.9480554097958985
		outer loop
			vertex 8.28926944732666 16.776201248168945 6.645072937011719
			vertex 8.691635131835938 16.571311950683594 6.645072937011719
			vertex 8.697232246398926 17.60185432434082 6.336087226867676
		endloop
	endfacet
	facet normal 0.15019041748415102 0.28056565367292535 0.948011472754956
		outer loop
			vertex 8.28926944732666 16.776201248168945 6.645072937011719
			vertex 8.697232246398926 17.60185432434082 6.336087226867676
			vertex 7.976140975952148 17.44467544555664 6.49684476852417
		endloop
	endfacet
	facet normal 0.0766555643421919 0.11125453930094784 0.9908311419915676
		outer loop
			vertex 8.972195625305176 13.450384140014648 7.138556480407715
			vertex 9.37263298034668 13.174478530883789 7.138556480407715
			vertex 9.566499710083008 14.341315269470215 6.9925408363342285
		endloop
	endfacet
	facet normal 0.03588064997920957 0.049535009220712856 0.9981276781146656
		outer loop
			vertex 9.048135757446289 12.269682884216309 7.195124626159668
			vertex 9.596034049987793 13.01265811920166 7.138556480407715
			vertex 9.37263298034668 13.174478530883789 7.138556480407715
		endloop
	endfacet
	facet normal 0.00871167908141408 0.011423927828379272 0.9998967949346346
		outer loop
			vertex 9.048135757446289 12.269682884216309 7.195124626159668
			vertex 9.278799057006836 11.66711711883545 7.1999993324279785
			vertex 9.438268661499023 11.972174644470215 7.195124626159668
		endloop
	endfacet
	facet normal 0.037092841836319675 0.048641133830519934 0.9981273271402739
		outer loop
			vertex 9.048135757446289 12.269682884216309 7.195124626159668
			vertex 9.438268661499023 11.972174644470215 7.195124626159668
			vertex 10.009790420532227 12.697134017944336 7.138556480407715
		endloop
	endfacet
	facet normal 0.03709288683431835 0.04864103302545009 0.9981273303805049
		outer loop
			vertex 9.048135757446289 12.269682884216309 7.195124626159668
			vertex 10.009790420532227 12.697134017944336 7.138556480407715
			vertex 9.596034049987793 13.01265811920166 7.138556480407715
		endloop
	endfacet
	facet normal 0.12524602725474981 0.2734968429991611 0.9536838624651227
		outer loop
			vertex 7.934720993041992 16.9467716217041 6.645072937011719
			vertex 7.976140975952148 17.44467544555664 6.49684476852417
			vertex 7.646913051605225 17.078571319580078 6.645072937011719
		endloop
	endfacet
	facet normal 0.10871921402054541 0.23740762449486527 0.9653070767038125
		outer loop
			vertex 7.934720993041992 16.9467716217041 6.645072937011719
			vertex 7.646913051605225 17.078571319580078 6.645072937011719
			vertex 7.253625869750977 16.608020782470703 6.8050947189331055
		endloop
	endfacet
	facet normal 0.13124916360174727 0.27281518540829036 0.953071629870747
		outer loop
			vertex 7.934720993041992 16.9467716217041 6.645072937011719
			vertex 8.28926944732666 16.776201248168945 6.645072937011719
			vertex 7.976140975952148 17.44467544555664 6.49684476852417
		endloop
	endfacet
	facet normal 0.11162554152798061 0.23202542380126404 0.9662835718299412
		outer loop
			vertex 7.934720993041992 16.9467716217041 6.645072937011719
			vertex 7.253625869750977 16.608020782470703 6.8050947189331055
			vertex 8.28926944732666 16.776201248168945 6.645072937011719
		endloop
	endfacet
	facet normal 0.03588068059323439 0.0495349982066242 0.9981276775607598
		outer loop
			vertex 8.83749008178711 12.422264099121094 7.195124626159668
			vertex 9.048135757446289 12.269682884216309 7.195124626159668
			vertex 9.37263298034668 13.174478530883789 7.138556480407715
		endloop
	endfacet
	facet normal 0.007977394092874814 0.01111670410805363 0.9999063856548077
		outer loop
			vertex 8.83749008178711 12.422264099121094 7.195124626159668
			vertex 8.08215618133545 12.525833129882812 7.1999993324279785
			vertex 9.278799057006836 11.66711711883545 7.1999993324279785
		endloop
	endfacet
	facet normal 0.008107416941517773 0.011192677424690847 0.9999044923204432
		outer loop
			vertex 8.83749008178711 12.422264099121094 7.195124626159668
			vertex 9.278799057006836 11.66711711883545 7.1999993324279785
			vertex 9.048135757446289 12.269682884216309 7.195124626159668
		endloop
	endfacet
	facet normal 0.07360950052720441 0.11328656455048217 0.9908318705635608
		outer loop
			vertex 8.645050048828125 13.662951469421387 7.138556480407715
			vertex 8.972195625305176 13.450384140014648 7.138556480407715
			vertex 9.566499710083008 14.341315269470215 6.9925408363342285
		endloop
	endfacet
	facet normal 0.07360940434293639 0.11328669356455907 0.9908318629583366
		outer loop
			vertex 8.645050048828125 13.662951469421387 7.138556480407715
			vertex 9.566499710083008 14.341315269470215 6.9925408363342285
			vertex 9.217683792114258 14.567962646484375 6.9925408363342285
		endloop
	endfacet
	facet normal 0.1148743986852052 0.19896817304468611 0.9732499877431146
		outer loop
			vertex 8.007384300231934 15.266730308532715 6.9925408363342285
			vertex 10.005358695983887 15.812832832336426 6.645072937011719
			vertex 8.691635131835938 16.571311950683594 6.645072937011719
		endloop
	endfacet
	facet normal 0.11487442674483903 0.19896808033731514 0.9732500033839858
		outer loop
			vertex 8.007384300231934 15.266730308532715 6.9925408363342285
			vertex 9.217683792114258 14.567962646484375 6.9925408363342285
			vertex 10.005358695983887 15.812832832336426 6.645072937011719
		endloop
	endfacet
	facet normal 0.03332683186012026 0.05129069293697009 0.9981275404958091
		outer loop
			vertex 8.459916114807129 12.682416915893555 7.195124626159668
			vertex 8.972195625305176 13.450384140014648 7.138556480407715
			vertex 8.645050048828125 13.662951469421387 7.138556480407715
		endloop
	endfacet
	facet normal 0.034705963221100734 0.05037071975522545 0.9981273900200497
		outer loop
			vertex 8.459916114807129 12.682416915893555 7.195124626159668
			vertex 9.37263298034668 13.174478530883789 7.138556480407715
			vertex 8.972195625305176 13.450384140014648 7.138556480407715
		endloop
	endfacet
	facet normal 0.034705982345465194 0.05037068441037008 0.99812739113876
		outer loop
			vertex 8.459916114807129 12.682416915893555 7.195124626159668
			vertex 8.83749008178711 12.422264099121094 7.195124626159668
			vertex 9.37263298034668 13.174478530883789 7.138556480407715
		endloop
	endfacet
	facet normal 0.00805630682146777 0.011692557334291623 0.9998991849298522
		outer loop
			vertex 8.459916114807129 12.682416915893555 7.195124626159668
			vertex 8.08215618133545 12.525833129882812 7.1999993324279785
			vertex 8.83749008178711 12.422264099121094 7.195124626159668
		endloop
	endfacet
	facet normal 0.11827646761420192 0.1975794104974428 0.973125404948504
		outer loop
			vertex 7.636693954467773 15.455489158630371 6.9925408363342285
			vertex 8.28926944732666 16.776201248168945 6.645072937011719
			vertex 7.253625869750977 16.608020782470703 6.8050947189331055
		endloop
	endfacet
	facet normal 0.10417830198306058 0.20458850413235974 0.9732884594881468
		outer loop
			vertex 7.636693954467773 15.455489158630371 6.9925408363342285
			vertex 8.007384300231934 15.266730308532715 6.9925408363342285
			vertex 8.691635131835938 16.571311950683594 6.645072937011719
		endloop
	endfacet
	facet normal 0.10417867635241218 0.2045881602225011 0.9732884917074852
		outer loop
			vertex 7.636693954467773 15.455489158630371 6.9925408363342285
			vertex 8.691635131835938 16.571311950683594 6.645072937011719
			vertex 8.28926944732666 16.776201248168945 6.645072937011719
		endloop
	endfacet
	facet normal 0.033326729168088674 0.0512907124660861 0.9981275429210831
		outer loop
			vertex 8.151449203491211 12.88284683227539 7.195124626159668
			vertex 8.459916114807129 12.682416915893555 7.195124626159668
			vertex 8.645050048828125 13.662951469421387 7.138556480407715
		endloop
	endfacet
	facet normal 0.007877534269314224 0.01212373236843236 0.9998954743208385
		outer loop
			vertex 8.151449203491211 12.88284683227539 7.195124626159668
			vertex 8.08215618133545 12.525833129882812 7.1999993324279785
			vertex 8.459916114807129 12.682416915893555 7.195124626159668
		endloop
	endfacet
	facet normal 0.09106015747063312 0.18927627711491443 0.9776924560632253
		outer loop
			vertex 7.310057640075684 15.612632751464844 6.9925408363342285
			vertex 7.636693954467773 15.455489158630371 6.9925408363342285
			vertex 7.253625869750977 16.608020782470703 6.8050947189331055
		endloop
	endfacet
	facet normal 0.06760010027149373 0.11708681234399675 0.9908183006073342
		outer loop
			vertex 7.509937763214111 14.31830883026123 7.138556480407715
			vertex 8.645050048828125 13.662951469421387 7.138556480407715
			vertex 9.217683792114258 14.567962646484375 6.9925408363342285
		endloop
	endfacet
	facet normal 0.06130417470060278 0.12039099467281132 0.9908318760344608
		outer loop
			vertex 7.509937763214111 14.31830883026123 7.138556480407715
			vertex 8.007384300231934 15.266730308532715 6.9925408363342285
			vertex 7.636693954467773 15.455489158630371 6.9925408363342285
		endloop
	endfacet
	facet normal 0.030606366103764368 0.053011782972669494 0.9981247423142967
		outer loop
			vertex 7.509937763214111 14.31830883026123 7.138556480407715
			vertex 8.151449203491211 12.88284683227539 7.195124626159668
			vertex 8.645050048828125 13.662951469421387 7.138556480407715
		endloop
	endfacet
	facet normal 0.06760011973941046 0.11708668705698175 0.9908183140844934
		outer loop
			vertex 7.509937763214111 14.31830883026123 7.138556480407715
			vertex 9.217683792114258 14.567962646484375 6.9925408363342285
			vertex 8.007384300231934 15.266730308532715 6.9925408363342285
		endloop
	endfacet
	facet normal 0.08212716519531313 0.19021083921477858 0.9783020828875872
		outer loop
			vertex 7.044907569885254 15.73405647277832 6.9925408363342285
			vertex 7.253625869750977 16.608020782470703 6.8050947189331055
			vertex 6.62108850479126 15.917048454284668 6.9925408363342285
		endloop
	endfacet
	facet normal 0.06072787192108318 0.14064894915544973 0.9881953241507493
		outer loop
			vertex 7.044907569885254 15.73405647277832 6.9925408363342285
			vertex 6.62108850479126 15.917048454284668 6.9925408363342285
			vertex 6.186845779418945 15.50783920288086 7.0774688720703125
		endloop
	endfacet
	facet normal 0.0865998009988166 0.1891059099896403 0.9781305788461762
		outer loop
			vertex 7.044907569885254 15.73405647277832 6.9925408363342285
			vertex 7.310057640075684 15.612632751464844 6.9925408363342285
			vertex 7.253625869750977 16.608020782470703 6.8050947189331055
		endloop
	endfacet
	facet normal 0.061304213233313656 0.12039099014231316 0.9908318742008647
		outer loop
			vertex 7.162276268005371 14.495341300964355 7.138556480407715
			vertex 7.509937763214111 14.31830883026123 7.138556480407715
			vertex 7.636693954467773 15.455489158630371 6.9925408363342285
		endloop
	endfacet
	facet normal 0.05856975801018566 0.12174222025988225 0.9908321831939164
		outer loop
			vertex 6.855931758880615 14.642723083496094 7.138556480407715
			vertex 7.636693954467773 15.455489158630371 6.9925408363342285
			vertex 7.310057640075684 15.612632751464844 6.9925408363342285
		endloop
	endfacet
	facet normal 0.0585698961476384 0.12174208899239178 0.9908321911570211
		outer loop
			vertex 6.855931758880615 14.642723083496094 7.138556480407715
			vertex 7.162276268005371 14.495341300964355 7.138556480407715
			vertex 7.636693954467773 15.455489158630371 6.9925408363342285
		endloop
	endfacet
	facet normal 0.0070881270205674415 0.012276994091812004 0.9998995118867746
		outer loop
			vertex 7.081148147583008 13.500785827636719 7.195124626159668
			vertex 6.806612014770508 13.262269020080566 7.1999993324279785
			vertex 8.08215618133545 12.525833129882812 7.1999993324279785
		endloop
	endfacet
	facet normal 0.03060639370282161 0.05301179524771292 0.9981247408160577
		outer loop
			vertex 7.081148147583008 13.500785827636719 7.195124626159668
			vertex 8.151449203491211 12.88284683227539 7.195124626159668
			vertex 7.509937763214111 14.31830883026123 7.138556480407715
		endloop
	endfacet
	facet normal 0.007088135188853084 0.012277002477588455 0.9998995117259083
		outer loop
			vertex 7.081148147583008 13.500785827636719 7.195124626159668
			vertex 8.08215618133545 12.525833129882812 7.1999993324279785
			vertex 8.151449203491211 12.88284683227539 7.195124626159668
		endloop
	endfacet
	facet normal 0.027755589830202113 0.054507231483824255 0.9981275414240139
		outer loop
			vertex 7.081148147583008 13.500785827636719 7.195124626159668
			vertex 7.509937763214111 14.31830883026123 7.138556480407715
			vertex 7.162276268005371 14.495341300964355 7.138556480407715
		endloop
	endfacet
	facet normal 0.06694464470234979 0.11802772042131365 0.9907511654082595
		outer loop
			vertex 6.607253551483154 14.756603240966797 7.138556480407715
			vertex 7.044907569885254 15.73405647277832 6.9925408363342285
			vertex 6.186845779418945 15.50783920288086 7.0774688720703125
		endloop
	endfacet
	facet normal 0.05624871540507842 0.12282897177293753 0.9908325417084773
		outer loop
			vertex 6.607253551483154 14.756603240966797 7.138556480407715
			vertex 7.310057640075684 15.612632751464844 6.9925408363342285
			vertex 7.044907569885254 15.73405647277832 6.9925408363342285
		endloop
	endfacet
	facet normal 0.05624857750477996 0.12282908395296463 0.9908325356304992
		outer loop
			vertex 6.607253551483154 14.756603240966797 7.138556480407715
			vertex 6.855931758880615 14.642723083496094 7.138556480407715
			vertex 7.310057640075684 15.612632751464844 6.9925408363342285
		endloop
	endfacet
	facet normal 0.006560688310336057 0.012884000801863435 0.9998954744833243
		outer loop
			vertex 6.7533369064331055 13.66771125793457 7.195124626159668
			vertex 6.806612014770508 13.262269020080566 7.1999993324279785
			vertex 7.081148147583008 13.500785827636719 7.195124626159668
		endloop
	endfacet
	facet normal 0.02775573242898087 0.054507219662898294 0.9981275381042001
		outer loop
			vertex 6.7533369064331055 13.66771125793457 7.195124626159668
			vertex 7.081148147583008 13.500785827636719 7.195124626159668
			vertex 7.162276268005371 14.495341300964355 7.138556480407715
		endloop
	endfacet
	facet normal 0.04598376647918506 0.10650065788073314 0.9932487619379945
		outer loop
			vertex 6.209763526916504 14.928227424621582 7.138556480407715
			vertex 6.607253551483154 14.756603240966797 7.138556480407715
			vertex 6.186845779418945 15.50783920288086 7.0774688720703125
		endloop
	endfacet
	facet normal 0.006173980885342025 0.01283322490637143 0.9998985900072717
		outer loop
			vertex 6.464483261108398 13.806676864624023 7.195124626159668
			vertex 6.806612014770508 13.262269020080566 7.1999993324279785
			vertex 6.7533369064331055 13.66771125793457 7.195124626159668
		endloop
	endfacet
	facet normal 0.026517604087309476 0.05511890457385438 0.9981276085912297
		outer loop
			vertex 6.464483261108398 13.806676864624023 7.195124626159668
			vertex 7.162276268005371 14.495341300964355 7.138556480407715
			vertex 6.855931758880615 14.642723083496094 7.138556480407715
		endloop
	endfacet
	facet normal 0.026517430346388014 0.05511908020029189 0.9981276035085386
		outer loop
			vertex 6.464483261108398 13.806676864624023 7.195124626159668
			vertex 6.7533369064331055 13.66771125793457 7.195124626159668
			vertex 7.162276268005371 14.495341300964355 7.138556480407715
		endloop
	endfacet
	facet normal 0.04145402641749402 0.10730962393418336 0.9933610664329874
		outer loop
			vertex 5.9269914627075195 15.042736053466797 7.138556480407715
			vertex 6.186845779418945 15.50783920288086 7.0774688720703125
			vertex 5.725311756134033 15.120645523071289 7.138556480407715
		endloop
	endfacet
	facet normal 0.043087090449256515 0.10640093790280876 0.9933893209865005
		outer loop
			vertex 5.9269914627075195 15.042736053466797 7.138556480407715
			vertex 6.209763526916504 14.928227424621582 7.138556480407715
			vertex 6.186845779418945 15.50783920288086 7.0774688720703125
		endloop
	endfacet
	facet normal 0.005638348230976599 0.012466314948785787 0.9999063956295229
		outer loop
			vertex 6.230003833770752 13.914054870605469 7.195124626159668
			vertex 5.464620113372803 13.869234085083008 7.1999993324279785
			vertex 6.806612014770508 13.262269020080566 7.1999993324279785
		endloop
	endfacet
	facet normal 0.00575685273801953 0.012571136155305725 0.9999044080222457
		outer loop
			vertex 6.230003833770752 13.914054870605469 7.195124626159668
			vertex 6.806612014770508 13.262269020080566 7.1999993324279785
			vertex 6.464483261108398 13.806676864624023 7.195124626159668
		endloop
	endfacet
	facet normal 0.02546660652569424 0.055611005463663446 0.9981276812228914
		outer loop
			vertex 6.230003833770752 13.914054870605469 7.195124626159668
			vertex 6.855931758880615 14.642723083496094 7.138556480407715
			vertex 6.607253551483154 14.756603240966797 7.138556480407715
		endloop
	endfacet
	facet normal 0.02546661743713329 0.05561099610955507 0.99812768146566
		outer loop
			vertex 6.230003833770752 13.914054870605469 7.195124626159668
			vertex 6.464483261108398 13.806676864624023 7.195124626159668
			vertex 6.855931758880615 14.642723083496094 7.138556480407715
		endloop
	endfacet
	facet normal 0.024246938710402916 0.056157098949705046 0.9981274799346661
		outer loop
			vertex 5.855208873748779 14.07588005065918 7.195124626159668
			vertex 6.607253551483154 14.756603240966797 7.138556480407715
			vertex 6.209763526916504 14.928227424621582 7.138556480407715
		endloop
	endfacet
	facet normal 0.005607765606443168 0.01298785693043487 0.9998999292615526
		outer loop
			vertex 5.855208873748779 14.07588005065918 7.195124626159668
			vertex 5.464620113372803 13.869234085083008 7.1999993324279785
			vertex 6.230003833770752 13.914054870605469 7.195124626159668
		endloop
	endfacet
	facet normal 0.022957964294169818 0.05669329044428467 0.9981276484969585
		outer loop
			vertex 5.855208873748779 14.07588005065918 7.195124626159668
			vertex 6.209763526916504 14.928227424621582 7.138556480407715
			vertex 5.9269914627075195 15.042736053466797 7.138556480407715
		endloop
	endfacet
	facet normal 0.0242469427319851 0.05615709451936445 0.9981274800862338
		outer loop
			vertex 5.855208873748779 14.07588005065918 7.195124626159668
			vertex 6.230003833770752 13.914054870605469 7.195124626159668
			vertex 6.607253551483154 14.756603240966797 7.138556480407715
		endloop
	endfacet
	facet normal 0.038342336221557846 0.05465385552239914 0.9977689218098598
		outer loop
			vertex 5.588582515716553 14.18385124206543 7.195124626159668
			vertex 5.725311756134033 15.120645523071289 7.138556480407715
			vertex 5.21648645401001 14.777816772460938 7.176888465881348
		endloop
	endfacet
	facet normal 0.005410459044919242 0.013360702717464246 0.9998961038807077
		outer loop
			vertex 5.588582515716553 14.18385124206543 7.195124626159668
			vertex 5.464620113372803 13.869234085083008 7.1999993324279785
			vertex 5.855208873748779 14.07588005065918 7.195124626159668
		endloop
	endfacet
	facet normal 0.022958123364995038 0.05669327846009913 0.9981276455188501
		outer loop
			vertex 5.588582515716553 14.18385124206543 7.195124626159668
			vertex 5.855208873748779 14.07588005065918 7.195124626159668
			vertex 5.9269914627075195 15.042736053466797 7.138556480407715
		endloop
	endfacet
	facet normal 0.022040458993150186 0.057054852575035196 0.9981277282818128
		outer loop
			vertex 5.588582515716553 14.18385124206543 7.195124626159668
			vertex 5.9269914627075195 15.042736053466797 7.138556480407715
			vertex 5.725311756134033 15.120645523071289 7.138556480407715
		endloop
	endfacet
	facet normal 0.01364564550429761 0.040499674586681696 0.9990863689977678
		outer loop
			vertex 5.074565410614014 14.37576675415039 7.195124626159668
			vertex 5.21648645401001 14.777816772460938 7.176888465881348
			vertex 4.659854412078857 14.515496253967285 7.195124626159668
		endloop
	endfacet
	facet normal 0.004394976267269206 0.013044095904772948 0.9999052633853056
		outer loop
			vertex 5.074565410614014 14.37576675415039 7.195124626159668
			vertex 4.659854412078857 14.515496253967285 7.195124626159668
			vertex 4.069281101226807 14.340805053710938 7.1999993324279785
		endloop
	endfacet
	facet normal 0.0043962310848552014 0.013008079689373961 0.9999057270638285
		outer loop
			vertex 5.074565410614014 14.37576675415039 7.195124626159668
			vertex 4.069281101226807 14.340805053710938 7.1999993324279785
			vertex 5.464620113372803 13.869234085083008 7.1999993324279785
		endloop
	endfacet
	facet normal 0.014949305090608801 0.04003948634734431 0.9990862614461021
		outer loop
			vertex 5.074565410614014 14.37576675415039 7.195124626159668
			vertex 5.588582515716553 14.18385124206543 7.195124626159668
			vertex 5.21648645401001 14.777816772460938 7.176888465881348
		endloop
	endfacet
	facet normal 0.005042531585233192 0.013505669550475047 0.9998960794828659
		outer loop
			vertex 5.074565410614014 14.37576675415039 7.195124626159668
			vertex 5.464620113372803 13.869234085083008 7.1999993324279785
			vertex 5.588582515716553 14.18385124206543 7.195124626159668
		endloop
	endfacet
	facet normal -0.7490108700975578 0.6625577080343262 0
		outer loop
			vertex 6.867563247680664 16.17158317565918 0.2702690660953522
			vertex 7.253625869750977 16.608020782470703 6.8050947189331055
			vertex 7.253625869750977 16.608020782470703 0.39490529894828796
		endloop
	endfacet
	facet normal -0.7378089446887774 0.6750079490038833 -0.0014932912654360565
		outer loop
			vertex 6.867563247680664 16.17158317565918 0.2702690660953522
			vertex 6.62108850479126 15.917048454284668 6.9925408363342285
			vertex 7.253625869750977 16.608020782470703 6.8050947189331055
		endloop
	endfacet
	facet normal -0.6858799239357534 0.7277144846687027 -0.0005989534620482862
		outer loop
			vertex 6.450822353363037 15.750955581665039 0.1705513596534729
			vertex 6.186845779418945 15.50783920288086 7.0774688720703125
			vertex 6.62108850479126 15.917048454284668 6.9925408363342285
		endloop
	endfacet
	facet normal -0.7104519477255763 0.7037454600194076 0.0005978921369221512
		outer loop
			vertex 6.450822353363037 15.750955581665039 0.1705513596534729
			vertex 6.62108850479126 15.917048454284668 6.9925408363342285
			vertex 6.867563247680664 16.17158317565918 0.2702690660953522
		endloop
	endfacet
	facet normal -0.6427103141773398 0.7661092951074704 0
		outer loop
			vertex 5.725311756134033 15.120645523071289 0.06144355982542038
			vertex 5.725311756134033 15.120645523071289 7.138556480407715
			vertex 6.186845779418945 15.50783920288086 7.0774688720703125
		endloop
	endfacet
	facet normal -0.6559692443801602 0.7547861346856912 0.0014971017184633691
		outer loop
			vertex 5.725311756134033 15.120645523071289 0.06144355982542038
			vertex 6.186845779418945 15.50783920288086 7.0774688720703125
			vertex 6.450822353363037 15.750955581665039 0.1705513596534729
		endloop
	endfacet
	facet normal 0.9848253476062344 -0.17354836418779598 0
		outer loop
			vertex 10.232207298278809 12.518588066101074 0.06144355982542038
			vertex 10.336759567260742 13.111885070800781 7.0774688720703125
			vertex 10.232207298278809 12.518588066101074 7.138556480407715
		endloop
	endfacet
	facet normal 0.9731591500163403 -0.230132374987713 -0.0005989340437696926
		outer loop
			vertex 10.415316581726074 13.462054252624512 0.1705513596534729
			vertex 10.474023818969727 13.692554473876953 6.9925408363342285
			vertex 10.336759567260742 13.111885070800781 7.0774688720703125
		endloop
	endfacet
	facet normal 0.981648597723891 -0.1906929185060538 0.0014971367212413835
		outer loop
			vertex 10.415316581726074 13.462054252624512 0.1705513596534729
			vertex 10.336759567260742 13.111885070800781 7.0774688720703125
			vertex 10.232207298278809 12.518588066101074 0.06144355982542038
		endloop
	endfacet
	facet normal 0.9534784575253697 -0.301457461492182 -0.001493300281757208
		outer loop
			vertex 10.571220397949219 14.033276557922363 0.2702690660953522
			vertex 10.756155014038086 14.585834503173828 6.8050947189331055
			vertex 10.474023818969727 13.692554473876953 6.9925408363342285
		endloop
	endfacet
	facet normal 0.9646874207225656 -0.2633967023629779 0.0005978996173250798
		outer loop
			vertex 10.571220397949219 14.033276557922363 0.2702690660953522
			vertex 10.474023818969727 13.692554473876953 6.9925408363342285
			vertex 10.415316581726074 13.462054252624512 0.1705513596534729
		endloop
	endfacet
	facet normal 0.9482971526064351 -0.3173838533361892 0
		outer loop
			vertex 10.756155014038086 14.585834503173828 0.39490529894828796
			vertex 10.756155014038086 14.585834503173828 6.8050947189331055
			vertex 10.571220397949219 14.033276557922363 0.2702690660953522
		endloop
	endfacet
	facet normal -0.7672888203486065 -0.6413016966826487 0
		outer loop
			vertex 7.646913051605225 -17.078571319580078 0.554926872253418
			vertex 7.253625869750977 -16.608020782470703 6.8050947189331055
			vertex 7.253625869750977 -16.608020782470703 0.39490529894828796
		endloop
	endfacet
	facet normal -0.7672888203486065 -0.6413016966826487 0
		outer loop
			vertex 7.646913051605225 -17.078571319580078 0.554926872253418
			vertex 7.646913051605225 -17.078571319580078 6.645072937011719
			vertex 7.253625869750977 -16.608020782470703 6.8050947189331055
		endloop
	endfacet
	facet normal -0.49978363507325574 -0.8661502861010685 0
		outer loop
			vertex 9.87333869934082 -18.824323654174805 1.600000023841858
			vertex 9.87333869934082 -18.824323654174805 5.599999904632568
			vertex 9.073112487792969 -18.362579345703125 5.983592510223389
		endloop
	endfacet
	facet normal -0.6139412682062736 -0.789351690521016 0.00016692778889508458
		outer loop
			vertex 9.063504219055176 -18.356115341186523 1.2118297815322876
			vertex 9.073112487792969 -18.362579345703125 5.983592510223389
			vertex 8.325234413146973 -17.780820846557617 6.336087226867676
		endloop
	endfacet
	facet normal -0.5004618708701254 -0.865758562507856 -0.00016507424085910393
		outer loop
			vertex 9.063504219055176 -18.356115341186523 1.2118297815322876
			vertex 9.87333869934082 -18.824323654174805 1.600000023841858
			vertex 9.073112487792969 -18.362579345703125 5.983592510223389
		endloop
	endfacet
	facet normal -0.6935865346072936 -0.7203733041551048 0.00014721447756238173
		outer loop
			vertex 8.30752182006836 -17.7648868560791 0.8556841015815735
			vertex 8.325234413146973 -17.780820846557617 6.336087226867676
			vertex 7.976140975952148 -17.44467544555664 6.49684476852417
		endloop
	endfacet
	facet normal -0.6159557131761276 -0.7877807243154689 -0.0002996709586722784
		outer loop
			vertex 8.30752182006836 -17.7648868560791 0.8556841015815735
			vertex 9.063504219055176 -18.356115341186523 1.2118297815322876
			vertex 8.325234413146973 -17.780820846557617 6.336087226867676
		endloop
	endfacet
	facet normal -0.7435625057802829 -0.6686664340295142 0
		outer loop
			vertex 7.646913051605225 -17.078571319580078 0.554926872253418
			vertex 7.976140975952148 -17.44467544555664 6.49684476852417
			vertex 7.646913051605225 -17.078571319580078 6.645072937011719
		endloop
	endfacet
	facet normal -0.7198363358424081 -0.6941378336716169 -0.002884001846520931
		outer loop
			vertex 7.646913051605225 -17.078571319580078 0.554926872253418
			vertex 8.30752182006836 -17.7648868560791 0.8556841015815735
			vertex 7.976140975952148 -17.44467544555664 6.49684476852417
		endloop
	endfacet
	facet normal 0.4999994646848793 -0.8660257128485472 0
		outer loop
			vertex 11.365674018859863 -17.962724685668945 1.600000023841858
			vertex 9.87333869934082 -18.824323654174805 5.599999904632568
			vertex 9.87333869934082 -18.824323654174805 1.600000023841858
		endloop
	endfacet
	facet normal 0.4999994646848793 -0.8660257128485472 0
		outer loop
			vertex 11.365674018859863 -17.962724685668945 1.600000023841858
			vertex 11.365674018859863 -17.962724685668945 5.599999904632568
			vertex 9.87333869934082 -18.824323654174805 5.599999904632568
		endloop
	endfacet
	facet normal 0.9508640983535984 0.3096085697492854 0
		outer loop
			vertex 10.967020988464355 -15.161706924438477 0.554926872253418
			vertex 10.967020988464355 -15.161706924438477 6.645072937011719
			vertex 11.119461059570312 -15.629878044128418 6.49684476852417
		endloop
	endfacet
	facet normal 0.9706544076360192 0.24047868786632415 0.00014703353351306543
		outer loop
			vertex 11.23108196258545 -16.076969146728516 0.8556841015815735
			vertex 11.119461059570312 -15.629878044128418 6.49684476852417
			vertex 11.2360258102417 -16.10027503967285 6.336087226867676
		endloop
	endfacet
	facet normal 0.9610595683271936 0.27632623676199974 -0.002883921583473808
		outer loop
			vertex 11.23108196258545 -16.076969146728516 0.8556841015815735
			vertex 10.967020988464355 -15.161706924438477 0.554926872253418
			vertex 11.119461059570312 -15.629878044128418 6.49684476852417
		endloop
	endfacet
	facet normal 0.9905694673715003 0.13701132223958692 0.0001670015048562374
		outer loop
			vertex 11.36510944366455 -17.02728271484375 1.2118297815322876
			vertex 11.2360258102417 -16.10027503967285 6.336087226867676
			vertex 11.3659029006958 -17.038835525512695 5.983592510223389
		endloop
	endfacet
	facet normal 0.9902160026472421 0.13954274682051668 -0.000299851800632912
		outer loop
			vertex 11.36510944366455 -17.02728271484375 1.2118297815322876
			vertex 11.23108196258545 -16.076969146728516 0.8556841015815735
			vertex 11.2360258102417 -16.10027503967285 6.336087226867676
		endloop
	endfacet
	facet normal 0.9999999693131086 -0.0002477373247621165 0
		outer loop
			vertex 11.365674018859863 -17.962724685668945 1.600000023841858
			vertex 11.3659029006958 -17.038835525512695 5.983592510223389
			vertex 11.365674018859863 -17.962724685668945 5.599999904632568
		endloop
	endfacet
	facet normal 0.999999843236705 0.0005350757894121361 -0.00016498625818983181
		outer loop
			vertex 11.365674018859863 -17.962724685668945 1.600000023841858
			vertex 11.36510944366455 -17.02728271484375 1.2118297815322876
			vertex 11.3659029006958 -17.038835525512695 5.983592510223389
		endloop
	endfacet
	facet normal 0.9390276144564795 0.34384173581485633 0
		outer loop
			vertex 10.967020988464355 -15.161706924438477 0.554926872253418
			vertex 10.756155014038086 -14.585834503173828 6.8050947189331055
			vertex 10.967020988464355 -15.161706924438477 6.645072937011719
		endloop
	endfacet
	facet normal 0.9390276144564795 0.34384173581485633 0
		outer loop
			vertex 10.756155014038086 -14.585834503173828 0.39490529894828796
			vertex 10.756155014038086 -14.585834503173828 6.8050947189331055
			vertex 10.967020988464355 -15.161706924438477 0.554926872253418
		endloop
	endfacet
	facet normal -0.9999981197763986 0.001939186341635154 0
		outer loop
			vertex -5.12001895904541 -17.9982852935791 0.554926872253418
			vertex -5.118829727172852 -17.38502311706543 6.8050947189331055
			vertex -5.118829727172852 -17.38502311706543 0.39490529894828796
		endloop
	endfacet
	facet normal -0.9999981197763986 0.001939186341635154 0
		outer loop
			vertex -5.12001895904541 -17.9982852935791 0.554926872253418
			vertex -5.12001895904541 -17.9982852935791 6.645072937011719
			vertex -5.118829727172852 -17.38502311706543 6.8050947189331055
		endloop
	endfacet
	facet normal -0.9396075872775098 -0.34225368066762524 0
		outer loop
			vertex -4.53662633895874 -20.7667293548584 1.600000023841858
			vertex -4.53662633895874 -20.7667293548584 5.599999904632568
			vertex -4.85283088684082 -19.898635864257812 5.983592510223389
		endloop
	endfacet
	facet normal -0.9776915960708481 -0.21004550723360346 0.00016692338346125404
		outer loop
			vertex -4.856036186218262 -19.887508392333984 1.2118297815322876
			vertex -4.85283088684082 -19.898635864257812 5.983592510223389
			vertex -5.051792144775391 -18.972257614135742 6.336087226867676
		endloop
	endfacet
	facet normal -0.9398753332854349 -0.3415176871487625 -0.00016506408624434804
		outer loop
			vertex -4.856036186218262 -19.887508392333984 1.2118297815322876
			vertex -4.53662633895874 -20.7667293548584 1.600000023841858
			vertex -4.85283088684082 -19.898635864257812 5.983592510223389
		endloop
	endfacet
	facet normal -0.9943652830664927 -0.10600784022231684 0.00014711727812305458
		outer loop
			vertex -5.055118083953857 -18.948665618896484 0.8556841015815735
			vertex -5.051792144775391 -18.972257614135742 6.336087226867676
			vertex -5.103142738342285 -18.490360260009766 6.49684476852417
		endloop
	endfacet
	facet normal -0.9782250759204156 -0.20754664770037679 -0.00029978130833634115
		outer loop
			vertex -5.055118083953857 -18.948665618896484 0.8556841015815735
			vertex -4.856036186218262 -19.887508392333984 1.2118297815322876
			vertex -5.051792144775391 -18.972257614135742 6.336087226867676
		endloop
	endfacet
	facet normal -0.9994124092619028 -0.03427588384446358 0
		outer loop
			vertex -5.12001895904541 -17.9982852935791 0.554926872253418
			vertex -5.103142738342285 -18.490360260009766 6.49684476852417
			vertex -5.12001895904541 -17.9982852935791 6.645072937011719
		endloop
	endfacet
	facet normal -0.9976098060707044 -0.06903881137608157 -0.002883982550180041
		outer loop
			vertex -5.12001895904541 -17.9982852935791 0.554926872253418
			vertex -5.055118083953857 -18.948665618896484 0.8556841015815735
			vertex -5.103142738342285 -18.490360260009766 6.49684476852417
		endloop
	endfacet
	facet normal -0.17364814562233905 -0.9848077586625337 0
		outer loop
			vertex -2.8396050930023193 -21.065959930419922 1.600000023841858
			vertex -4.53662633895874 -20.7667293548584 5.599999904632568
			vertex -4.53662633895874 -20.7667293548584 1.600000023841858
		endloop
	endfacet
	facet normal -0.17364814562233905 -0.9848077586625337 0
		outer loop
			vertex -2.8396050930023193 -21.065959930419922 1.600000023841858
			vertex -2.8396050930023193 -21.065959930419922 5.599999904632568
			vertex -4.53662633895874 -20.7667293548584 5.599999904632568
		endloop
	endfacet
	facet normal 0.9274171961603511 -0.37402853402658043 0
		outer loop
			vertex -1.3445321321487427 -18.664005279541016 0.554926872253418
			vertex -1.3445321321487427 -18.664005279541016 6.645072937011719
			vertex -1.5286903381347656 -19.12063217163086 6.49684476852417
		endloop
	endfacet
	facet normal 0.8981411712337263 -0.43970719224189203 0.0001470566645649673
		outer loop
			vertex -1.7305680513381958 -19.53487205505371 0.8556841015815735
			vertex -1.5286903381347656 -19.12063217163086 6.49684476852417
			vertex -1.7417622804641724 -19.555904388427734 6.336087226867676
		endloop
	endfacet
	facet normal 0.9138337709142478 -0.4060782214258427 -0.0028839591312425903
		outer loop
			vertex -1.7305680513381958 -19.53487205505371 0.8556841015815735
			vertex -1.3445321321487427 -18.664005279541016 0.554926872253418
			vertex -1.5286903381347656 -19.12063217163086 6.49684476852417
		endloop
	endfacet
	facet normal 0.8468895326896478 -0.5317688327787711 0.00016705033131874552
		outer loop
			vertex -2.2387468814849854 -20.34900665283203 1.2118297815322876
			vertex -1.7417622804641724 -19.555904388427734 6.336087226867676
			vertex -2.2455649375915527 -20.358366012573242 5.983592510223389
		endloop
	endfacet
	facet normal 0.84824607356832 -0.5296022174847309 -0.00029985193670244647
		outer loop
			vertex -2.2387468814849854 -20.34900665283203 1.2118297815322876
			vertex -1.7305680513381958 -19.53487205505371 0.8556841015815735
			vertex -1.7417622804641724 -19.555904388427734 6.336087226867676
		endloop
	endfacet
	facet normal 0.76588540337598 -0.6429770982668144 0
		outer loop
			vertex -2.8396050930023193 -21.065959930419922 1.600000023841858
			vertex -2.2455649375915527 -20.358366012573242 5.983592510223389
			vertex -2.8396050930023193 -21.065959930419922 5.599999904632568
		endloop
	endfacet
	facet normal 0.7663882902075346 -0.642377584784673 -0.00016492113887117598
		outer loop
			vertex -2.8396050930023193 -21.065959930419922 1.600000023841858
			vertex -2.2387468814849854 -20.34900665283203 1.2118297815322876
			vertex -2.2455649375915527 -20.358366012573242 5.983592510223389
		endloop
	endfacet
	facet normal 0.9403539292922919 -0.3401977184881572 0
		outer loop
			vertex -1.3445321321487427 -18.664005279541016 0.554926872253418
			vertex -1.1359012126922607 -18.08732032775879 6.8050947189331055
			vertex -1.3445321321487427 -18.664005279541016 6.645072937011719
		endloop
	endfacet
	facet normal 0.9403539292922919 -0.3401977184881572 0
		outer loop
			vertex -1.1359012126922607 -18.08732032775879 0.39490529894828796
			vertex -1.1359012126922607 -18.08732032775879 6.8050947189331055
			vertex -1.3445321321487427 -18.664005279541016 0.554926872253418
		endloop
	endfacet
	facet normal -0.7647959335537654 0.6442725976010657 0
		outer loop
			vertex -15.49123764038086 -10.4964017868042 0.554926872253418
			vertex -15.096128463745117 -10.027379989624023 6.8050947189331055
			vertex -15.096128463745117 -10.027379989624023 0.39490529894828796
		endloop
	endfacet
	facet normal -0.7647959335537652 0.6442725976010656 0
		outer loop
			vertex -15.49123764038086 -10.4964017868042 0.554926872253418
			vertex -15.49123764038086 -10.4964017868042 6.645072937011719
			vertex -15.096128463745117 -10.027379989624023 6.8050947189331055
		endloop
	endfacet
	facet normal -0.9397769668742426 0.3417883153834387 0
		outer loop
			vertex -16.823854446411133 -12.99215030670166 1.600000023841858
			vertex -16.823854446411133 -12.99215030670166 5.599999904632568
			vertex -16.508079528808594 -12.123899459838867 5.983592510223389
		endloop
	endfacet
	facet normal -0.8839703249102615 0.46754297847634807 0.00016719901988720355
		outer loop
			vertex -16.50338363647461 -12.113314628601074 1.2118297815322876
			vertex -16.508079528808594 -12.123899459838867 5.983592510223389
			vertex -16.06502914428711 -11.286362648010254 6.336087226867676
		endloop
	endfacet
	facet normal -0.9395094465397064 0.3425229520929191 -0.0001647792670012313
		outer loop
			vertex -16.50338363647461 -12.113314628601074 1.2118297815322876
			vertex -16.823854446411133 -12.99215030670166 1.600000023841858
			vertex -16.508079528808594 -12.123899459838867 5.983592510223389
		endloop
	endfacet
	facet normal -0.8298687584621272 0.5579586204209119 0.00014705958093486806
		outer loop
			vertex -16.052412033081055 -11.266152381896973 0.8556841015815735
			vertex -16.06502914428711 -11.286362648010254 6.336087226867676
			vertex -15.794609069824219 -10.884201049804688 6.49684476852417
		endloop
	endfacet
	facet normal -0.8827719147497844 0.4698017205463443 -0.0002998344442362652
		outer loop
			vertex -16.052412033081055 -11.266152381896973 0.8556841015815735
			vertex -16.50338363647461 -12.113314628601074 1.2118297815322876
			vertex -16.06502914428711 -11.286362648010254 6.336087226867676
		endloop
	endfacet
	facet normal -0.7876268690590881 0.6161525096404123 0
		outer loop
			vertex -15.49123764038086 -10.4964017868042 0.554926872253418
			vertex -15.794609069824219 -10.884201049804688 6.49684476852417
			vertex -15.49123764038086 -10.4964017868042 6.645072937011719
		endloop
	endfacet
	facet normal -0.8085912540219757 0.588363719552749 -0.002883996051177073
		outer loop
			vertex -15.49123764038086 -10.4964017868042 0.554926872253418
			vertex -16.052412033081055 -11.266152381896973 0.8556841015815735
			vertex -15.794609069824219 -10.884201049804688 6.49684476852417
		endloop
	endfacet
	facet normal -0.7660442729587386 -0.6427878124755616 0
		outer loop
			vertex -15.716201782226562 -14.312198638916016 1.600000023841858
			vertex -16.823854446411133 -12.99215030670166 5.599999904632568
			vertex -16.823854446411133 -12.99215030670166 1.600000023841858
		endloop
	endfacet
	facet normal -0.7660442729587386 -0.6427878124755616 0
		outer loop
			vertex -15.716201782226562 -14.312198638916016 1.600000023841858
			vertex -15.716201782226562 -14.312198638916016 5.599999904632568
			vertex -16.823854446411133 -12.99215030670166 5.599999904632568
		endloop
	endfacet
	facet normal 0.4700227433103129 -0.8826543042273389 0
		outer loop
			vertex -13.026963233947754 -13.433209419250488 0.554926872253418
			vertex -13.026963233947754 -13.433209419250488 6.645072937011719
			vertex -13.46155071258545 -13.664631843566895 6.49684476852417
		endloop
	endfacet
	facet normal 0.40537673671967717 -0.914149703115431 0.00014703902548416384
		outer loop
			vertex -13.882466316223145 -13.852192878723145 0.8556841015815735
			vertex -13.46155071258545 -13.664631843566895 6.49684476852417
			vertex -13.904560089111328 -13.861108779907227 6.336087226867676
		endloop
	endfacet
	facet normal 0.4390151150478363 -0.8984750475122191 -0.0028840522622088833
		outer loop
			vertex -13.882466316223145 -13.852192878723145 0.8556841015815735
			vertex -13.026963233947754 -13.433209419250488 0.554926872253418
			vertex -13.46155071258545 -13.664631843566895 6.49684476852417
		endloop
	endfacet
	facet normal 0.3069411774694409 -0.9517284726962107 0.00016683228574740564
		outer loop
			vertex -14.795068740844727 -14.14920425415039 1.2118297815322876
			vertex -13.904560089111328 -13.861108779907227 6.336087226867676
			vertex -14.80630874633789 -14.151992797851562 5.983592510223389
		endloop
	endfacet
	facet normal 0.3093718815749992 -0.9509410859669958 -0.00029985105607929893
		outer loop
			vertex -14.795068740844727 -14.14920425415039 1.2118297815322876
			vertex -13.882466316223145 -13.852192878723145 0.8556841015815735
			vertex -13.904560089111328 -13.861108779907227 6.336087226867676
		endloop
	endfacet
	facet normal 0.1734037388797456 -0.9848508228876721 0
		outer loop
			vertex -15.716201782226562 -14.312198638916016 1.600000023841858
			vertex -14.80630874633789 -14.151992797851562 5.983592510223389
			vertex -15.716201782226562 -14.312198638916016 5.599999904632568
		endloop
	endfacet
	facet normal 0.17417552899764063 -0.9847146072923494 -0.0001651770755845986
		outer loop
			vertex -15.716201782226562 -14.312198638916016 1.600000023841858
			vertex -14.795068740844727 -14.14920425415039 1.2118297815322876
			vertex -14.80630874633789 -14.151992797851562 5.983592510223389
		endloop
	endfacet
	facet normal 0.5016777577150788 -0.8650545805982248 0
		outer loop
			vertex -13.026963233947754 -13.433209419250488 0.554926872253418
			vertex -12.496456146240234 -13.125548362731934 6.8050947189331055
			vertex -13.026963233947754 -13.433209419250488 6.645072937011719
		endloop
	endfacet
	facet normal 0.5016777577150788 -0.8650545805982248 0
		outer loop
			vertex -12.496456146240234 -13.125548362731934 0.39490529894828796
			vertex -12.496456146240234 -13.125548362731934 6.8050947189331055
			vertex -13.026963233947754 -13.433209419250488 0.554926872253418
		endloop
	endfacet
	facet normal -0.1717380823169238 0.9851426450428921 0
		outer loop
			vertex -18.613933563232422 1.9168649911880493 0.554926872253418
			vertex -18.009780883789062 2.022185802459717 6.8050947189331055
			vertex -18.009780883789062 2.022185802459717 0.39490529894828796
		endloop
	endfacet
	facet normal -0.1717380823169238 0.9851426450428921 0
		outer loop
			vertex -18.613933563232422 1.9168649911880493 0.554926872253418
			vertex -18.613933563232422 1.9168649911880493 6.645072937011719
			vertex -18.009780883789062 2.022185802459717 6.8050947189331055
		endloop
	endfacet
	facet normal -0.500215603421517 0.8659008893017999 0
		outer loop
			vertex -21.239011764526367 0.8616002798080444 1.600000023841858
			vertex -21.239011764526367 0.8616002798080444 5.599999904632568
			vertex -20.439016342163086 1.323743462562561 5.983592510223389
		endloop
	endfacet
	facet normal -0.3766286639444125 0.9263643028760343 0.00016689052061731716
		outer loop
			vertex -20.428613662719727 1.3288325071334839 1.2118297815322876
			vertex -20.439016342163086 1.323743462562561 5.983592510223389
			vertex -19.561260223388672 1.6805461645126343 6.336087226867676
		endloop
	endfacet
	facet normal -0.49953704635728846 0.8662925095205382 -0.00016512190897365186
		outer loop
			vertex -20.428613662719727 1.3288325071334839 1.2118297815322876
			vertex -21.239011764526367 0.8616002798080444 1.600000023841858
			vertex -20.439016342163086 1.323743462562561 5.983592510223389
		endloop
	endfacet
	facet normal -0.2770671192602259 0.9608505553789569 0.00014714887014118062
		outer loop
			vertex -19.538604736328125 1.6879183053970337 0.8556841015815735
			vertex -19.561260223388672 1.6805461645126343 6.336087226867676
			vertex -19.09560203552246 1.8147969245910645 6.49684476852417
		endloop
	endfacet
	facet normal -0.3742607773908068 0.9273234498610554 -0.0002997409212627739
		outer loop
			vertex -19.538604736328125 1.6879183053970337 0.8556841015815735
			vertex -20.428613662719727 1.3288325071334839 1.2118297815322876
			vertex -19.561260223388672 1.6805461645126343 6.336087226867676
		endloop
	endfacet
	facet normal -0.20730200780808195 0.9782769942908492 0
		outer loop
			vertex -18.613933563232422 1.9168649911880493 0.554926872253418
			vertex -19.09560203552246 1.8147969245910645 6.49684476852417
			vertex -18.613933563232422 1.9168649911880493 6.645072937011719
		endloop
	endfacet
	facet normal -0.24122325863077848 0.9704653638356544 -0.002883936698321302
		outer loop
			vertex -18.613933563232422 1.9168649911880493 0.554926872253418
			vertex -19.538604736328125 1.6879183053970337 0.8556841015815735
			vertex -19.09560203552246 1.8147969245910645 6.49684476852417
		endloop
	endfacet
	facet normal -1 0 0
		outer loop
			vertex -21.239011764526367 -0.8616002798080444 1.600000023841858
			vertex -21.239011764526367 0.8616002798080444 5.599999904632568
			vertex -21.239011764526367 0.8616002798080444 1.600000023841858
		endloop
	endfacet
	facet normal -1 0 0
		outer loop
			vertex -21.239011764526367 -0.8616002798080444 1.600000023841858
			vertex -21.239011764526367 -0.8616002798080444 5.599999904632568
			vertex -21.239011764526367 0.8616002798080444 5.599999904632568
		endloop
	endfacet
	facet normal -0.20730200780808195 -0.9782769942908492 0
		outer loop
			vertex -18.613933563232422 -1.9168649911880493 0.554926872253418
			vertex -18.613933563232422 -1.9168649911880493 6.645072937011719
			vertex -19.09560203552246 -1.8147969245910645 6.49684476852417
		endloop
	endfacet
	facet normal -0.2770671192602259 -0.9608505553789569 0.00014714887014118062
		outer loop
			vertex -19.538604736328125 -1.6879183053970337 0.8556841015815735
			vertex -19.09560203552246 -1.8147969245910645 6.49684476852417
			vertex -19.561260223388672 -1.6805461645126343 6.336087226867676
		endloop
	endfacet
	facet normal -0.24122325863077848 -0.9704653638356544 -0.002883936698321302
		outer loop
			vertex -19.538604736328125 -1.6879183053970337 0.8556841015815735
			vertex -18.613933563232422 -1.9168649911880493 0.554926872253418
			vertex -19.09560203552246 -1.8147969245910645 6.49684476852417
		endloop
	endfacet
	facet normal -0.3766286639444125 -0.9263643028760343 0.00016689052061731716
		outer loop
			vertex -20.428613662719727 -1.3288325071334839 1.2118297815322876
			vertex -19.561260223388672 -1.6805461645126343 6.336087226867676
			vertex -20.439016342163086 -1.323743462562561 5.983592510223389
		endloop
	endfacet
	facet normal -0.3742607773908068 -0.9273234498610554 -0.0002997409212627739
		outer loop
			vertex -20.428613662719727 -1.3288325071334839 1.2118297815322876
			vertex -19.538604736328125 -1.6879183053970337 0.8556841015815735
			vertex -19.561260223388672 -1.6805461645126343 6.336087226867676
		endloop
	endfacet
	facet normal -0.500215603421517 -0.8659008893017999 0
		outer loop
			vertex -21.239011764526367 -0.8616002798080444 1.600000023841858
			vertex -20.439016342163086 -1.323743462562561 5.983592510223389
			vertex -21.239011764526367 -0.8616002798080444 5.599999904632568
		endloop
	endfacet
	facet normal -0.49953704635728846 -0.8662925095205382 -0.00016512190897365186
		outer loop
			vertex -21.239011764526367 -0.8616002798080444 1.600000023841858
			vertex -20.428613662719727 -1.3288325071334839 1.2118297815322876
			vertex -20.439016342163086 -1.323743462562561 5.983592510223389
		endloop
	endfacet
	facet normal -0.1717380823169238 -0.9851426450428921 0
		outer loop
			vertex -18.613933563232422 -1.9168649911880493 0.554926872253418
			vertex -18.009780883789062 -2.022185802459717 6.8050947189331055
			vertex -18.613933563232422 -1.9168649911880493 6.645072937011719
		endloop
	endfacet
	facet normal -0.1717380823169238 -0.9851426450428921 0
		outer loop
			vertex -18.009780883789062 -2.022185802459717 0.39490529894828796
			vertex -18.009780883789062 -2.022185802459717 6.8050947189331055
			vertex -18.613933563232422 -1.9168649911880493 0.554926872253418
		endloop
	endfacet
	facet normal 0.5016777577150788 0.8650545805982248 0
		outer loop
			vertex -13.026963233947754 13.433209419250488 0.554926872253418
			vertex -12.496456146240234 13.125548362731934 6.8050947189331055
			vertex -12.496456146240234 13.125548362731934 0.39490529894828796
		endloop
	endfacet
	facet normal 0.5016777577150788 0.8650545805982248 0
		outer loop
			vertex -13.026963233947754 13.433209419250488 0.554926872253418
			vertex -13.026963233947754 13.433209419250488 6.645072937011719
			vertex -12.496456146240234 13.125548362731934 6.8050947189331055
		endloop
	endfacet
	facet normal 0.1734037388797456 0.9848508228876721 0
		outer loop
			vertex -15.716201782226562 14.312198638916016 1.600000023841858
			vertex -15.716201782226562 14.312198638916016 5.599999904632568
			vertex -14.80630874633789 14.151992797851562 5.983592510223389
		endloop
	endfacet
	facet normal 0.3069411774694409 0.9517284726962107 0.00016683228574740564
		outer loop
			vertex -14.795068740844727 14.14920425415039 1.2118297815322876
			vertex -14.80630874633789 14.151992797851562 5.983592510223389
			vertex -13.904560089111328 13.861108779907227 6.336087226867676
		endloop
	endfacet
	facet normal 0.17417552899764063 0.9847146072923494 -0.0001651770755845986
		outer loop
			vertex -14.795068740844727 14.14920425415039 1.2118297815322876
			vertex -15.716201782226562 14.312198638916016 1.600000023841858
			vertex -14.80630874633789 14.151992797851562 5.983592510223389
		endloop
	endfacet
	facet normal 0.40537673671967717 0.914149703115431 0.00014703902548416384
		outer loop
			vertex -13.882466316223145 13.852192878723145 0.8556841015815735
			vertex -13.904560089111328 13.861108779907227 6.336087226867676
			vertex -13.46155071258545 13.664631843566895 6.49684476852417
		endloop
	endfacet
	facet normal 0.3093718815749992 0.9509410859669958 -0.00029985105607929893
		outer loop
			vertex -13.882466316223145 13.852192878723145 0.8556841015815735
			vertex -14.795068740844727 14.14920425415039 1.2118297815322876
			vertex -13.904560089111328 13.861108779907227 6.336087226867676
		endloop
	endfacet
	facet normal 0.4700227433103129 0.8826543042273389 0
		outer loop
			vertex -13.026963233947754 13.433209419250488 0.554926872253418
			vertex -13.46155071258545 13.664631843566895 6.49684476852417
			vertex -13.026963233947754 13.433209419250488 6.645072937011719
		endloop
	endfacet
	facet normal 0.4390151150478363 0.8984750475122191 -0.0028840522622088833
		outer loop
			vertex -13.026963233947754 13.433209419250488 0.554926872253418
			vertex -13.882466316223145 13.852192878723145 0.8556841015815735
			vertex -13.46155071258545 13.664631843566895 6.49684476852417
		endloop
	endfacet
	facet normal -0.7660442729587386 0.6427878124755616 0
		outer loop
			vertex -15.716201782226562 14.312198638916016 1.600000023841858
			vertex -16.823854446411133 12.99215030670166 5.599999904632568
			vertex -15.716201782226562 14.312198638916016 5.599999904632568
		endloop
	endfacet
	facet normal -0.7660442729587386 0.6427878124755616 0
		outer loop
			vertex -16.823854446411133 12.99215030670166 1.600000023841858
			vertex -16.823854446411133 12.99215030670166 5.599999904632568
			vertex -15.716201782226562 14.312198638916016 1.600000023841858
		endloop
	endfacet
	facet normal -0.7876268690590881 -0.6161525096404123 0
		outer loop
			vertex -15.49123764038086 10.4964017868042 0.554926872253418
			vertex -15.49123764038086 10.4964017868042 6.645072937011719
			vertex -15.794609069824219 10.884201049804688 6.49684476852417
		endloop
	endfacet
	facet normal -0.8298687584621272 -0.5579586204209119 0.00014705958093486806
		outer loop
			vertex -16.052412033081055 11.266152381896973 0.8556841015815735
			vertex -15.794609069824219 10.884201049804688 6.49684476852417
			vertex -16.06502914428711 11.286362648010254 6.336087226867676
		endloop
	endfacet
	facet normal -0.8085912540219757 -0.588363719552749 -0.002883996051177073
		outer loop
			vertex -16.052412033081055 11.266152381896973 0.8556841015815735
			vertex -15.49123764038086 10.4964017868042 0.554926872253418
			vertex -15.794609069824219 10.884201049804688 6.49684476852417
		endloop
	endfacet
	facet normal -0.8839703249102615 -0.46754297847634807 0.00016719901988720355
		outer loop
			vertex -16.50338363647461 12.113314628601074 1.2118297815322876
			vertex -16.06502914428711 11.286362648010254 6.336087226867676
			vertex -16.508079528808594 12.123899459838867 5.983592510223389
		endloop
	endfacet
	facet normal -0.8827719147497844 -0.4698017205463443 -0.0002998344442362652
		outer loop
			vertex -16.50338363647461 12.113314628601074 1.2118297815322876
			vertex -16.052412033081055 11.266152381896973 0.8556841015815735
			vertex -16.06502914428711 11.286362648010254 6.336087226867676
		endloop
	endfacet
	facet normal -0.9397769668742426 -0.3417883153834387 0
		outer loop
			vertex -16.823854446411133 12.99215030670166 1.600000023841858
			vertex -16.508079528808594 12.123899459838867 5.983592510223389
			vertex -16.823854446411133 12.99215030670166 5.599999904632568
		endloop
	endfacet
	facet normal -0.9395094465397064 -0.3425229520929191 -0.0001647792670012313
		outer loop
			vertex -16.823854446411133 12.99215030670166 1.600000023841858
			vertex -16.50338363647461 12.113314628601074 1.2118297815322876
			vertex -16.508079528808594 12.123899459838867 5.983592510223389
		endloop
	endfacet
	facet normal -0.7647959335537652 -0.6442725976010656 0
		outer loop
			vertex -15.49123764038086 10.4964017868042 0.554926872253418
			vertex -15.096128463745117 10.027379989624023 6.8050947189331055
			vertex -15.49123764038086 10.4964017868042 6.645072937011719
		endloop
	endfacet
	facet normal -0.7647959335537654 -0.6442725976010657 0
		outer loop
			vertex -15.096128463745117 10.027379989624023 0.39490529894828796
			vertex -15.096128463745117 10.027379989624023 6.8050947189331055
			vertex -15.49123764038086 10.4964017868042 0.554926872253418
		endloop
	endfacet
	facet normal 0.9403539292922919 0.3401977184881572 0
		outer loop
			vertex -1.3445321321487427 18.664005279541016 0.554926872253418
			vertex -1.1359012126922607 18.08732032775879 6.8050947189331055
			vertex -1.1359012126922607 18.08732032775879 0.39490529894828796
		endloop
	endfacet
	facet normal 0.9403539292922919 0.3401977184881572 0
		outer loop
			vertex -1.3445321321487427 18.664005279541016 0.554926872253418
			vertex -1.3445321321487427 18.664005279541016 6.645072937011719
			vertex -1.1359012126922607 18.08732032775879 6.8050947189331055
		endloop
	endfacet
	facet normal 0.76588540337598 0.6429770982668144 0
		outer loop
			vertex -2.8396050930023193 21.065959930419922 1.600000023841858
			vertex -2.8396050930023193 21.065959930419922 5.599999904632568
			vertex -2.2455649375915527 20.358366012573242 5.983592510223389
		endloop
	endfacet
	facet normal 0.8468895326896478 0.5317688327787711 0.00016705033131874552
		outer loop
			vertex -2.2387468814849854 20.34900665283203 1.2118297815322876
			vertex -2.2455649375915527 20.358366012573242 5.983592510223389
			vertex -1.7417622804641724 19.555904388427734 6.336087226867676
		endloop
	endfacet
	facet normal 0.7663882902075346 0.642377584784673 -0.00016492113887117598
		outer loop
			vertex -2.2387468814849854 20.34900665283203 1.2118297815322876
			vertex -2.8396050930023193 21.065959930419922 1.600000023841858
			vertex -2.2455649375915527 20.358366012573242 5.983592510223389
		endloop
	endfacet
	facet normal 0.8981411712337263 0.43970719224189203 0.0001470566645649673
		outer loop
			vertex -1.7305680513381958 19.53487205505371 0.8556841015815735
			vertex -1.7417622804641724 19.555904388427734 6.336087226867676
			vertex -1.5286903381347656 19.12063217163086 6.49684476852417
		endloop
	endfacet
	facet normal 0.84824607356832 0.5296022174847309 -0.00029985193670244647
		outer loop
			vertex -1.7305680513381958 19.53487205505371 0.8556841015815735
			vertex -2.2387468814849854 20.34900665283203 1.2118297815322876
			vertex -1.7417622804641724 19.555904388427734 6.336087226867676
		endloop
	endfacet
	facet normal 0.9274171961603511 0.37402853402658043 0
		outer loop
			vertex -1.3445321321487427 18.664005279541016 0.554926872253418
			vertex -1.5286903381347656 19.12063217163086 6.49684476852417
			vertex -1.3445321321487427 18.664005279541016 6.645072937011719
		endloop
	endfacet
	facet normal 0.9138337709142478 0.4060782214258427 -0.0028839591312425903
		outer loop
			vertex -1.3445321321487427 18.664005279541016 0.554926872253418
			vertex -1.7305680513381958 19.53487205505371 0.8556841015815735
			vertex -1.5286903381347656 19.12063217163086 6.49684476852417
		endloop
	endfacet
	facet normal -0.17364814562233905 0.9848077586625337 0
		outer loop
			vertex -4.53662633895874 20.7667293548584 1.600000023841858
			vertex -2.8396050930023193 21.065959930419922 5.599999904632568
			vertex -2.8396050930023193 21.065959930419922 1.600000023841858
		endloop
	endfacet
	facet normal -0.17364814562233905 0.9848077586625337 0
		outer loop
			vertex -4.53662633895874 20.7667293548584 1.600000023841858
			vertex -4.53662633895874 20.7667293548584 5.599999904632568
			vertex -2.8396050930023193 21.065959930419922 5.599999904632568
		endloop
	endfacet
	facet normal -0.9994124092619028 0.03427588384446358 0
		outer loop
			vertex -5.12001895904541 17.9982852935791 0.554926872253418
			vertex -5.12001895904541 17.9982852935791 6.645072937011719
			vertex -5.103142738342285 18.490360260009766 6.49684476852417
		endloop
	endfacet
	facet normal -0.9943652830664927 0.10600784022231684 0.00014711727812305458
		outer loop
			vertex -5.055118083953857 18.948665618896484 0.8556841015815735
			vertex -5.103142738342285 18.490360260009766 6.49684476852417
			vertex -5.051792144775391 18.972257614135742 6.336087226867676
		endloop
	endfacet
	facet normal -0.9976098060707044 0.06903881137608157 -0.002883982550180041
		outer loop
			vertex -5.055118083953857 18.948665618896484 0.8556841015815735
			vertex -5.12001895904541 17.9982852935791 0.554926872253418
			vertex -5.103142738342285 18.490360260009766 6.49684476852417
		endloop
	endfacet
	facet normal -0.9776915960708481 0.21004550723360346 0.00016692338346125404
		outer loop
			vertex -4.856036186218262 19.887508392333984 1.2118297815322876
			vertex -5.051792144775391 18.972257614135742 6.336087226867676
			vertex -4.85283088684082 19.898635864257812 5.983592510223389
		endloop
	endfacet
	facet normal -0.9782250759204156 0.20754664770037679 -0.00029978130833634115
		outer loop
			vertex -4.856036186218262 19.887508392333984 1.2118297815322876
			vertex -5.055118083953857 18.948665618896484 0.8556841015815735
			vertex -5.051792144775391 18.972257614135742 6.336087226867676
		endloop
	endfacet
	facet normal -0.9396075872775098 0.34225368066762524 0
		outer loop
			vertex -4.53662633895874 20.7667293548584 1.600000023841858
			vertex -4.85283088684082 19.898635864257812 5.983592510223389
			vertex -4.53662633895874 20.7667293548584 5.599999904632568
		endloop
	endfacet
	facet normal -0.9398753332854349 0.3415176871487625 -0.00016506408624434804
		outer loop
			vertex -4.53662633895874 20.7667293548584 1.600000023841858
			vertex -4.856036186218262 19.887508392333984 1.2118297815322876
			vertex -4.85283088684082 19.898635864257812 5.983592510223389
		endloop
	endfacet
	facet normal -0.9999981197763986 -0.001939186341635154 0
		outer loop
			vertex -5.12001895904541 17.9982852935791 0.554926872253418
			vertex -5.118829727172852 17.38502311706543 6.8050947189331055
			vertex -5.12001895904541 17.9982852935791 6.645072937011719
		endloop
	endfacet
	facet normal -0.9999981197763986 -0.001939186341635154 0
		outer loop
			vertex -5.118829727172852 17.38502311706543 0.39490529894828796
			vertex -5.118829727172852 17.38502311706543 6.8050947189331055
			vertex -5.12001895904541 17.9982852935791 0.554926872253418
		endloop
	endfacet
	facet normal 0.9390276144564795 -0.34384173581485633 0
		outer loop
			vertex 10.967020988464355 15.161706924438477 0.554926872253418
			vertex 10.756155014038086 14.585834503173828 6.8050947189331055
			vertex 10.756155014038086 14.585834503173828 0.39490529894828796
		endloop
	endfacet
	facet normal 0.9390276144564795 -0.34384173581485633 0
		outer loop
			vertex 10.967020988464355 15.161706924438477 0.554926872253418
			vertex 10.967020988464355 15.161706924438477 6.645072937011719
			vertex 10.756155014038086 14.585834503173828 6.8050947189331055
		endloop
	endfacet
	facet normal 0.9999999693131086 0.0002477373247621165 0
		outer loop
			vertex 11.365674018859863 17.962724685668945 1.600000023841858
			vertex 11.365674018859863 17.962724685668945 5.599999904632568
			vertex 11.3659029006958 17.038835525512695 5.983592510223389
		endloop
	endfacet
	facet normal 0.9905694673715003 -0.13701132223958692 0.0001670015048562374
		outer loop
			vertex 11.36510944366455 17.02728271484375 1.2118297815322876
			vertex 11.3659029006958 17.038835525512695 5.983592510223389
			vertex 11.2360258102417 16.10027503967285 6.336087226867676
		endloop
	endfacet
	facet normal 0.999999843236705 -0.0005350757894121361 -0.00016498625818983181
		outer loop
			vertex 11.36510944366455 17.02728271484375 1.2118297815322876
			vertex 11.365674018859863 17.962724685668945 1.600000023841858
			vertex 11.3659029006958 17.038835525512695 5.983592510223389
		endloop
	endfacet
	facet normal 0.9706544076360192 -0.24047868786632415 0.00014703353351306543
		outer loop
			vertex 11.23108196258545 16.076969146728516 0.8556841015815735
			vertex 11.2360258102417 16.10027503967285 6.336087226867676
			vertex 11.119461059570312 15.629878044128418 6.49684476852417
		endloop
	endfacet
	facet normal 0.9902160026472421 -0.13954274682051668 -0.000299851800632912
		outer loop
			vertex 11.23108196258545 16.076969146728516 0.8556841015815735
			vertex 11.36510944366455 17.02728271484375 1.2118297815322876
			vertex 11.2360258102417 16.10027503967285 6.336087226867676
		endloop
	endfacet
	facet normal 0.9508640983535984 -0.3096085697492854 0
		outer loop
			vertex 10.967020988464355 15.161706924438477 0.554926872253418
			vertex 11.119461059570312 15.629878044128418 6.49684476852417
			vertex 10.967020988464355 15.161706924438477 6.645072937011719
		endloop
	endfacet
	facet normal 0.9610595683271936 -0.27632623676199974 -0.002883921583473808
		outer loop
			vertex 10.967020988464355 15.161706924438477 0.554926872253418
			vertex 11.23108196258545 16.076969146728516 0.8556841015815735
			vertex 11.119461059570312 15.629878044128418 6.49684476852417
		endloop
	endfacet
	facet normal 0.4999994646848793 0.8660257128485472 0
		outer loop
			vertex 9.87333869934082 18.824323654174805 1.600000023841858
			vertex 11.365674018859863 17.962724685668945 5.599999904632568
			vertex 11.365674018859863 17.962724685668945 1.600000023841858
		endloop
	endfacet
	facet normal 0.4999994646848793 0.8660257128485472 0
		outer loop
			vertex 9.87333869934082 18.824323654174805 1.600000023841858
			vertex 9.87333869934082 18.824323654174805 5.599999904632568
			vertex 11.365674018859863 17.962724685668945 5.599999904632568
		endloop
	endfacet
	facet normal -0.7435625057802829 0.6686664340295142 0
		outer loop
			vertex 7.646913051605225 17.078571319580078 0.554926872253418
			vertex 7.646913051605225 17.078571319580078 6.645072937011719
			vertex 7.976140975952148 17.44467544555664 6.49684476852417
		endloop
	endfacet
	facet normal -0.6935865346072936 0.7203733041551048 0.00014721447756238173
		outer loop
			vertex 8.30752182006836 17.7648868560791 0.8556841015815735
			vertex 7.976140975952148 17.44467544555664 6.49684476852417
			vertex 8.325234413146973 17.780820846557617 6.336087226867676
		endloop
	endfacet
	facet normal -0.7198363358424081 0.6941378336716169 -0.002884001846520931
		outer loop
			vertex 8.30752182006836 17.7648868560791 0.8556841015815735
			vertex 7.646913051605225 17.078571319580078 0.554926872253418
			vertex 7.976140975952148 17.44467544555664 6.49684476852417
		endloop
	endfacet
	facet normal -0.6139412682062736 0.789351690521016 0.00016692778889508458
		outer loop
			vertex 9.063504219055176 18.356115341186523 1.2118297815322876
			vertex 8.325234413146973 17.780820846557617 6.336087226867676
			vertex 9.073112487792969 18.362579345703125 5.983592510223389
		endloop
	endfacet
	facet normal -0.6159557131761276 0.7877807243154689 -0.0002996709586722784
		outer loop
			vertex 9.063504219055176 18.356115341186523 1.2118297815322876
			vertex 8.30752182006836 17.7648868560791 0.8556841015815735
			vertex 8.325234413146973 17.780820846557617 6.336087226867676
		endloop
	endfacet
	facet normal -0.49978363507325574 0.8661502861010685 0
		outer loop
			vertex 9.87333869934082 18.824323654174805 1.600000023841858
			vertex 9.073112487792969 18.362579345703125 5.983592510223389
			vertex 9.87333869934082 18.824323654174805 5.599999904632568
		endloop
	endfacet
	facet normal -0.5004618708701254 0.865758562507856 -0.00016507424085910393
		outer loop
			vertex 9.87333869934082 18.824323654174805 1.600000023841858
			vertex 9.063504219055176 18.356115341186523 1.2118297815322876
			vertex 9.073112487792969 18.362579345703125 5.983592510223389
		endloop
	endfacet
	facet normal -0.7672888203486065 0.6413016966826487 0
		outer loop
			vertex 7.646913051605225 17.078571319580078 0.554926872253418
			vertex 7.253625869750977 16.608020782470703 6.8050947189331055
			vertex 7.646913051605225 17.078571319580078 6.645072937011719
		endloop
	endfacet
	facet normal -0.7672888203486065 0.6413016966826487 0
		outer loop
			vertex 7.253625869750977 16.608020782470703 0.39490529894828796
			vertex 7.253625869750977 16.608020782470703 6.8050947189331055
			vertex 7.646913051605225 17.078571319580078 0.554926872253418
		endloop
	endfacet
endsolid exported
